method,game,seed,agent_steps,return
Constraint suite (seed 0; training episodes),alien,0,828,290.0
Constraint suite (seed 0; training episodes),alien,0,1636,230.0
Constraint suite (seed 0; training episodes),alien,0,2250,130.0
Constraint suite (seed 0; training episodes),alien,0,2874,240.0
Constraint suite (seed 0; training episodes),alien,0,3492,110.0
Constraint suite (seed 0; training episodes),alien,0,4302,270.0
Constraint suite (seed 0; training episodes),alien,0,4886,200.0
Constraint suite (seed 0; training episodes),alien,0,5467,110.0
Constraint suite (seed 0; training episodes),alien,0,6116,130.0
Constraint suite (seed 0; training episodes),alien,0,6844,90.0
Constraint suite (seed 0; training episodes),alien,0,7671,260.0
Constraint suite (seed 0; training episodes),alien,0,8298,140.0
Constraint suite (seed 0; training episodes),alien,0,8989,150.0
Constraint suite (seed 0; training episodes),alien,0,9537,100.0
Constraint suite (seed 0; training episodes),alien,0,10049,170.0
Constraint suite (seed 0; training episodes),alien,0,10488,210.0
Constraint suite (seed 0; training episodes),alien,0,11209,330.0
Constraint suite (seed 0; training episodes),alien,0,11899,260.0
Constraint suite (seed 0; training episodes),alien,0,12599,210.0
Constraint suite (seed 0; training episodes),alien,0,13597,240.0
Constraint suite (seed 0; training episodes),alien,0,14137,190.0
Constraint suite (seed 0; training episodes),alien,0,14643,180.0
Constraint suite (seed 0; training episodes),alien,0,15198,220.0
Constraint suite (seed 0; training episodes),alien,0,16139,250.0
Constraint suite (seed 0; training episodes),alien,0,16577,160.0
Constraint suite (seed 0; training episodes),alien,0,17060,200.0
Constraint suite (seed 0; training episodes),alien,0,17508,160.0
Constraint suite (seed 0; training episodes),alien,0,18073,220.0
Constraint suite (seed 0; training episodes),alien,0,18796,170.0
Constraint suite (seed 0; training episodes),alien,0,19662,820.0
Constraint suite (seed 0; training episodes),alien,0,20399,340.0
Constraint suite (seed 0; training episodes),alien,0,20988,170.0
Constraint suite (seed 0; training episodes),alien,0,21753,430.0
Constraint suite (seed 0; training episodes),alien,0,22317,80.0
Constraint suite (seed 0; training episodes),alien,0,22778,90.0
Constraint suite (seed 0; training episodes),alien,0,23179,260.0
Constraint suite (seed 0; training episodes),alien,0,23751,290.0
Constraint suite (seed 0; training episodes),alien,0,24229,170.0
Constraint suite (seed 0; training episodes),alien,0,24774,140.0
Constraint suite (seed 0; training episodes),alien,0,25316,140.0
Constraint suite (seed 0; training episodes),alien,0,25958,190.0
Constraint suite (seed 0; training episodes),alien,0,26703,330.0
Constraint suite (seed 0; training episodes),alien,0,27376,270.0
Constraint suite (seed 0; training episodes),alien,0,27988,270.0
Constraint suite (seed 0; training episodes),alien,0,28961,500.0
Constraint suite (seed 0; training episodes),alien,0,29375,230.0
Constraint suite (seed 0; training episodes),alien,0,29941,180.0
Constraint suite (seed 0; training episodes),alien,0,30471,320.0
Constraint suite (seed 0; training episodes),alien,0,30842,240.0
Constraint suite (seed 0; training episodes),alien,0,31274,160.0
Constraint suite (seed 0; training episodes),alien,0,32247,430.0
Constraint suite (seed 0; training episodes),alien,0,33030,320.0
Constraint suite (seed 0; training episodes),alien,0,33534,310.0
Constraint suite (seed 0; training episodes),alien,0,34270,330.0
Constraint suite (seed 0; training episodes),alien,0,34988,320.0
Constraint suite (seed 0; training episodes),alien,0,35530,330.0
Constraint suite (seed 0; training episodes),alien,0,36112,330.0
Constraint suite (seed 0; training episodes),alien,0,36835,340.0
Constraint suite (seed 0; training episodes),alien,0,37354,300.0
Constraint suite (seed 0; training episodes),alien,0,38208,360.0
Constraint suite (seed 0; training episodes),alien,0,38873,270.0
Constraint suite (seed 0; training episodes),alien,0,39508,330.0
Constraint suite (seed 0; training episodes),alien,0,40020,250.0
Constraint suite (seed 0; training episodes),alien,0,40562,140.0
Constraint suite (seed 0; training episodes),alien,0,41203,270.0
Constraint suite (seed 0; training episodes),alien,0,41786,150.0
Constraint suite (seed 0; training episodes),alien,0,42406,270.0
Constraint suite (seed 0; training episodes),alien,0,43290,310.0
Constraint suite (seed 0; training episodes),alien,0,43856,370.0
Constraint suite (seed 0; training episodes),alien,0,44329,260.0
Constraint suite (seed 0; training episodes),alien,0,44854,340.0
Constraint suite (seed 0; training episodes),alien,0,45301,310.0
Constraint suite (seed 0; training episodes),alien,0,45749,200.0
Constraint suite (seed 0; training episodes),alien,0,46142,190.0
Constraint suite (seed 0; training episodes),alien,0,46819,340.0
Constraint suite (seed 0; training episodes),alien,0,47503,900.0
Constraint suite (seed 0; training episodes),alien,0,47904,360.0
Constraint suite (seed 0; training episodes),alien,0,48343,270.0
Constraint suite (seed 0; training episodes),alien,0,48905,290.0
Constraint suite (seed 0; training episodes),alien,0,49531,350.0
Constraint suite (seed 0; training episodes),alien,0,50109,300.0
Constraint suite (seed 0; training episodes),alien,0,50959,380.0
Constraint suite (seed 0; training episodes),alien,0,51470,450.0
Constraint suite (seed 0; training episodes),alien,0,52113,320.0
Constraint suite (seed 0; training episodes),alien,0,52625,300.0
Constraint suite (seed 0; training episodes),alien,0,53260,360.0
Constraint suite (seed 0; training episodes),alien,0,53698,320.0
Constraint suite (seed 0; training episodes),alien,0,54306,960.0
Constraint suite (seed 0; training episodes),alien,0,55059,460.0
Constraint suite (seed 0; training episodes),alien,0,55655,420.0
Constraint suite (seed 0; training episodes),alien,0,56038,280.0
Constraint suite (seed 0; training episodes),alien,0,56612,340.0
Constraint suite (seed 0; training episodes),alien,0,57119,320.0
Constraint suite (seed 0; training episodes),alien,0,57533,370.0
Constraint suite (seed 0; training episodes),alien,0,57962,210.0
Constraint suite (seed 0; training episodes),alien,0,58720,950.0
Constraint suite (seed 0; training episodes),alien,0,59246,420.0
Constraint suite (seed 0; training episodes),alien,0,59918,410.0
Constraint suite (seed 0; training episodes),alien,0,60317,400.0
Constraint suite (seed 0; training episodes),alien,0,60662,260.0
Constraint suite (seed 0; training episodes),alien,0,61140,360.0
Constraint suite (seed 0; training episodes),alien,0,61554,260.0
Constraint suite (seed 0; training episodes),alien,0,62088,330.0
Constraint suite (seed 0; training episodes),alien,0,62780,310.0
Constraint suite (seed 0; training episodes),alien,0,63354,410.0
Constraint suite (seed 0; training episodes),alien,0,64006,480.0
Constraint suite (seed 0; training episodes),alien,0,64643,460.0
Constraint suite (seed 0; training episodes),alien,0,65261,210.0
Constraint suite (seed 0; training episodes),alien,0,65975,950.0
Constraint suite (seed 0; training episodes),alien,0,66620,440.0
Constraint suite (seed 0; training episodes),alien,0,67139,380.0
Constraint suite (seed 0; training episodes),alien,0,67776,570.0
Constraint suite (seed 0; training episodes),alien,0,68305,330.0
Constraint suite (seed 0; training episodes),alien,0,68872,380.0
Constraint suite (seed 0; training episodes),alien,0,69468,260.0
Constraint suite (seed 0; training episodes),alien,0,69969,410.0
Constraint suite (seed 0; training episodes),alien,0,70491,520.0
Constraint suite (seed 0; training episodes),alien,0,71116,470.0
Constraint suite (seed 0; training episodes),alien,0,71610,410.0
Constraint suite (seed 0; training episodes),alien,0,72376,2070.0
Constraint suite (seed 0; training episodes),alien,0,72931,400.0
Constraint suite (seed 0; training episodes),alien,0,73554,500.0
Constraint suite (seed 0; training episodes),alien,0,74176,400.0
Constraint suite (seed 0; training episodes),alien,0,74741,1530.0
Constraint suite (seed 0; training episodes),alien,0,75195,440.0
Constraint suite (seed 0; training episodes),alien,0,75676,250.0
Constraint suite (seed 0; training episodes),alien,0,76088,200.0
Constraint suite (seed 0; training episodes),alien,0,76929,480.0
Constraint suite (seed 0; training episodes),alien,0,77342,900.0
Constraint suite (seed 0; training episodes),alien,0,77810,390.0
Constraint suite (seed 0; training episodes),alien,0,78228,470.0
Constraint suite (seed 0; training episodes),alien,0,78830,540.0
Constraint suite (seed 0; training episodes),alien,0,79304,340.0
Constraint suite (seed 0; training episodes),alien,0,79806,430.0
Constraint suite (seed 0; training episodes),alien,0,80466,450.0
Constraint suite (seed 0; training episodes),alien,0,81163,370.0
Constraint suite (seed 0; training episodes),alien,0,81830,550.0
Constraint suite (seed 0; training episodes),alien,0,82440,370.0
Constraint suite (seed 0; training episodes),alien,0,83140,1050.0
Constraint suite (seed 0; training episodes),alien,0,83927,690.0
Constraint suite (seed 0; training episodes),alien,0,84829,640.0
Constraint suite (seed 0; training episodes),alien,0,85822,610.0
Constraint suite (seed 0; training episodes),alien,0,86543,380.0
Constraint suite (seed 0; training episodes),alien,0,86936,360.0
Constraint suite (seed 0; training episodes),alien,0,87505,450.0
Constraint suite (seed 0; training episodes),alien,0,87950,380.0
Constraint suite (seed 0; training episodes),alien,0,88749,490.0
Constraint suite (seed 0; training episodes),alien,0,89471,510.0
Constraint suite (seed 0; training episodes),alien,0,90368,660.0
Constraint suite (seed 0; training episodes),alien,0,91108,1030.0
Constraint suite (seed 0; training episodes),alien,0,92122,630.0
Constraint suite (seed 0; training episodes),alien,0,92944,510.0
Constraint suite (seed 0; training episodes),alien,0,93600,550.0
Constraint suite (seed 0; training episodes),alien,0,94501,960.0
Constraint suite (seed 0; training episodes),alien,0,95310,630.0
Constraint suite (seed 0; training episodes),alien,0,95933,490.0
Constraint suite (seed 0; training episodes),alien,0,96722,1030.0
Constraint suite (seed 0; training episodes),alien,0,97173,420.0
Constraint suite (seed 0; training episodes),alien,0,98047,1080.0
Constraint suite (seed 0; training episodes),alien,0,98828,1060.0
Constraint suite (seed 0; training episodes),alien,0,99935,680.0
Constraint suite (seed 0; training episodes),alien,0,100614,550.0
Constraint suite (seed 0; training episodes),alien,0,101105,410.0
Constraint suite (seed 0; training episodes),alien,0,101807,1000.0
Constraint suite (seed 0; training episodes),alien,0,102562,510.0
Constraint suite (seed 0; training episodes),alien,0,103173,450.0
Constraint suite (seed 0; training episodes),alien,0,103922,540.0
Constraint suite (seed 0; training episodes),alien,0,104590,540.0
Constraint suite (seed 0; training episodes),alien,0,105387,550.0
Constraint suite (seed 0; training episodes),alien,0,106123,520.0
Constraint suite (seed 0; training episodes),alien,0,107035,500.0
Constraint suite (seed 0; training episodes),alien,0,107883,1070.0
Constraint suite (seed 0; training episodes),alien,0,108665,470.0
Constraint suite (seed 0; training episodes),alien,0,109490,560.0
Constraint suite (seed 0; training episodes),amidar,0,582,5.0
Constraint suite (seed 0; training episodes),amidar,0,1152,0.0
Constraint suite (seed 0; training episodes),amidar,0,1715,0.0
Constraint suite (seed 0; training episodes),amidar,0,2293,1.0
Constraint suite (seed 0; training episodes),amidar,0,2880,1.0
Constraint suite (seed 0; training episodes),amidar,0,3464,3.0
Constraint suite (seed 0; training episodes),amidar,0,4012,0.0
Constraint suite (seed 0; training episodes),amidar,0,4592,1.0
Constraint suite (seed 0; training episodes),amidar,0,5154,1.0
Constraint suite (seed 0; training episodes),amidar,0,5743,5.0
Constraint suite (seed 0; training episodes),amidar,0,6288,1.0
Constraint suite (seed 0; training episodes),amidar,0,6872,0.0
Constraint suite (seed 0; training episodes),amidar,0,7474,2.0
Constraint suite (seed 0; training episodes),amidar,0,8089,2.0
Constraint suite (seed 0; training episodes),amidar,0,8679,2.0
Constraint suite (seed 0; training episodes),amidar,0,9230,2.0
Constraint suite (seed 0; training episodes),amidar,0,9811,2.0
Constraint suite (seed 0; training episodes),amidar,0,10403,9.0
Constraint suite (seed 0; training episodes),amidar,0,11001,2.0
Constraint suite (seed 0; training episodes),amidar,0,11530,8.0
Constraint suite (seed 0; training episodes),amidar,0,12063,8.0
Constraint suite (seed 0; training episodes),amidar,0,12614,22.0
Constraint suite (seed 0; training episodes),amidar,0,13260,14.0
Constraint suite (seed 0; training episodes),amidar,0,13946,2.0
Constraint suite (seed 0; training episodes),amidar,0,14512,8.0
Constraint suite (seed 0; training episodes),amidar,0,15406,72.0
Constraint suite (seed 0; training episodes),amidar,0,16268,33.0
Constraint suite (seed 0; training episodes),amidar,0,16873,50.0
Constraint suite (seed 0; training episodes),amidar,0,17808,66.0
Constraint suite (seed 0; training episodes),amidar,0,18602,70.0
Constraint suite (seed 0; training episodes),amidar,0,19346,78.0
Constraint suite (seed 0; training episodes),amidar,0,19933,45.0
Constraint suite (seed 0; training episodes),amidar,0,20710,62.0
Constraint suite (seed 0; training episodes),amidar,0,21253,48.0
Constraint suite (seed 0; training episodes),amidar,0,21841,45.0
Constraint suite (seed 0; training episodes),amidar,0,22441,31.0
Constraint suite (seed 0; training episodes),amidar,0,23184,64.0
Constraint suite (seed 0; training episodes),amidar,0,23759,46.0
Constraint suite (seed 0; training episodes),amidar,0,24333,46.0
Constraint suite (seed 0; training episodes),amidar,0,24917,45.0
Constraint suite (seed 0; training episodes),amidar,0,25530,59.0
Constraint suite (seed 0; training episodes),amidar,0,26072,48.0
Constraint suite (seed 0; training episodes),amidar,0,26768,65.0
Constraint suite (seed 0; training episodes),amidar,0,27301,48.0
Constraint suite (seed 0; training episodes),amidar,0,28002,33.0
Constraint suite (seed 0; training episodes),amidar,0,28533,48.0
Constraint suite (seed 0; training episodes),amidar,0,29237,115.0
Constraint suite (seed 0; training episodes),amidar,0,29777,48.0
Constraint suite (seed 0; training episodes),amidar,0,30370,59.0
Constraint suite (seed 0; training episodes),amidar,0,31041,70.0
Constraint suite (seed 0; training episodes),amidar,0,31584,45.0
Constraint suite (seed 0; training episodes),amidar,0,32220,52.0
Constraint suite (seed 0; training episodes),amidar,0,32776,44.0
Constraint suite (seed 0; training episodes),amidar,0,33289,42.0
Constraint suite (seed 0; training episodes),amidar,0,34100,48.0
Constraint suite (seed 0; training episodes),amidar,0,34678,55.0
Constraint suite (seed 0; training episodes),amidar,0,35260,55.0
Constraint suite (seed 0; training episodes),amidar,0,35890,60.0
Constraint suite (seed 0; training episodes),amidar,0,36408,43.0
Constraint suite (seed 0; training episodes),amidar,0,36992,56.0
Constraint suite (seed 0; training episodes),amidar,0,37653,52.0
Constraint suite (seed 0; training episodes),amidar,0,38386,62.0
Constraint suite (seed 0; training episodes),amidar,0,38947,44.0
Constraint suite (seed 0; training episodes),amidar,0,39472,44.0
Constraint suite (seed 0; training episodes),amidar,0,40085,61.0
Constraint suite (seed 0; training episodes),amidar,0,40619,52.0
Constraint suite (seed 0; training episodes),amidar,0,41157,45.0
Constraint suite (seed 0; training episodes),amidar,0,41762,46.0
Constraint suite (seed 0; training episodes),amidar,0,42352,46.0
Constraint suite (seed 0; training episodes),amidar,0,42913,46.0
Constraint suite (seed 0; training episodes),amidar,0,43447,48.0
Constraint suite (seed 0; training episodes),amidar,0,43963,56.0
Constraint suite (seed 0; training episodes),amidar,0,44588,51.0
Constraint suite (seed 0; training episodes),amidar,0,45155,57.0
Constraint suite (seed 0; training episodes),amidar,0,45778,64.0
Constraint suite (seed 0; training episodes),amidar,0,46358,58.0
Constraint suite (seed 0; training episodes),amidar,0,46940,45.0
Constraint suite (seed 0; training episodes),amidar,0,47534,47.0
Constraint suite (seed 0; training episodes),amidar,0,48266,46.0
Constraint suite (seed 0; training episodes),amidar,0,48810,50.0
Constraint suite (seed 0; training episodes),amidar,0,49785,75.0
Constraint suite (seed 0; training episodes),amidar,0,50353,46.0
Constraint suite (seed 0; training episodes),amidar,0,50996,47.0
Constraint suite (seed 0; training episodes),amidar,0,51691,45.0
Constraint suite (seed 0; training episodes),amidar,0,52290,44.0
Constraint suite (seed 0; training episodes),amidar,0,52799,56.0
Constraint suite (seed 0; training episodes),amidar,0,53398,67.0
Constraint suite (seed 0; training episodes),amidar,0,53971,43.0
Constraint suite (seed 0; training episodes),amidar,0,54464,56.0
Constraint suite (seed 0; training episodes),amidar,0,55094,55.0
Constraint suite (seed 0; training episodes),amidar,0,55686,100.0
Constraint suite (seed 0; training episodes),amidar,0,56263,106.0
Constraint suite (seed 0; training episodes),amidar,0,56858,49.0
Constraint suite (seed 0; training episodes),amidar,0,57566,55.0
Constraint suite (seed 0; training episodes),amidar,0,58084,53.0
Constraint suite (seed 0; training episodes),amidar,0,58683,57.0
Constraint suite (seed 0; training episodes),amidar,0,59581,63.0
Constraint suite (seed 0; training episodes),amidar,0,60187,57.0
Constraint suite (seed 0; training episodes),amidar,0,60781,48.0
Constraint suite (seed 0; training episodes),amidar,0,61399,61.0
Constraint suite (seed 0; training episodes),amidar,0,61911,56.0
Constraint suite (seed 0; training episodes),amidar,0,62821,154.0
Constraint suite (seed 0; training episodes),amidar,0,63440,55.0
Constraint suite (seed 0; training episodes),amidar,0,64177,82.0
Constraint suite (seed 0; training episodes),amidar,0,65095,86.0
Constraint suite (seed 0; training episodes),amidar,0,65883,68.0
Constraint suite (seed 0; training episodes),amidar,0,66623,79.0
Constraint suite (seed 0; training episodes),amidar,0,67390,83.0
Constraint suite (seed 0; training episodes),amidar,0,68048,60.0
Constraint suite (seed 0; training episodes),amidar,0,68885,87.0
Constraint suite (seed 0; training episodes),amidar,0,69820,94.0
Constraint suite (seed 0; training episodes),amidar,0,70395,99.0
Constraint suite (seed 0; training episodes),amidar,0,71212,151.0
Constraint suite (seed 0; training episodes),amidar,0,71786,99.0
Constraint suite (seed 0; training episodes),amidar,0,72514,135.0
Constraint suite (seed 0; training episodes),amidar,0,73160,89.0
Constraint suite (seed 0; training episodes),amidar,0,73842,92.0
Constraint suite (seed 0; training episodes),amidar,0,74470,77.0
Constraint suite (seed 0; training episodes),amidar,0,75132,88.0
Constraint suite (seed 0; training episodes),amidar,0,75797,61.0
Constraint suite (seed 0; training episodes),amidar,0,76568,147.0
Constraint suite (seed 0; training episodes),amidar,0,77234,58.0
Constraint suite (seed 0; training episodes),amidar,0,77980,138.0
Constraint suite (seed 0; training episodes),amidar,0,78717,72.0
Constraint suite (seed 0; training episodes),amidar,0,79612,92.0
Constraint suite (seed 0; training episodes),amidar,0,80400,80.0
Constraint suite (seed 0; training episodes),amidar,0,81174,132.0
Constraint suite (seed 0; training episodes),amidar,0,81975,150.0
Constraint suite (seed 0; training episodes),amidar,0,82956,92.0
Constraint suite (seed 0; training episodes),amidar,0,83702,66.0
Constraint suite (seed 0; training episodes),amidar,0,84503,129.0
Constraint suite (seed 0; training episodes),amidar,0,85280,86.0
Constraint suite (seed 0; training episodes),amidar,0,85902,121.0
Constraint suite (seed 0; training episodes),amidar,0,86683,80.0
Constraint suite (seed 0; training episodes),amidar,0,87458,84.0
Constraint suite (seed 0; training episodes),amidar,0,88257,82.0
Constraint suite (seed 0; training episodes),amidar,0,89113,76.0
Constraint suite (seed 0; training episodes),amidar,0,89700,98.0
Constraint suite (seed 0; training episodes),amidar,0,90466,97.0
Constraint suite (seed 0; training episodes),amidar,0,91244,139.0
Constraint suite (seed 0; training episodes),amidar,0,92141,90.0
Constraint suite (seed 0; training episodes),amidar,0,92833,158.0
Constraint suite (seed 0; training episodes),amidar,0,93623,144.0
Constraint suite (seed 0; training episodes),amidar,0,94484,85.0
Constraint suite (seed 0; training episodes),amidar,0,95251,100.0
Constraint suite (seed 0; training episodes),amidar,0,95952,47.0
Constraint suite (seed 0; training episodes),amidar,0,96684,84.0
Constraint suite (seed 0; training episodes),amidar,0,97410,142.0
Constraint suite (seed 0; training episodes),amidar,0,98180,137.0
Constraint suite (seed 0; training episodes),amidar,0,98954,138.0
Constraint suite (seed 0; training episodes),amidar,0,99699,136.0
Constraint suite (seed 0; training episodes),amidar,0,100508,143.0
Constraint suite (seed 0; training episodes),amidar,0,101379,113.0
Constraint suite (seed 0; training episodes),amidar,0,102110,139.0
Constraint suite (seed 0; training episodes),amidar,0,102800,133.0
Constraint suite (seed 0; training episodes),amidar,0,103483,133.0
Constraint suite (seed 0; training episodes),amidar,0,104249,137.0
Constraint suite (seed 0; training episodes),amidar,0,105084,187.0
Constraint suite (seed 0; training episodes),amidar,0,106010,105.0
Constraint suite (seed 0; training episodes),amidar,0,106914,121.0
Constraint suite (seed 0; training episodes),amidar,0,107835,208.0
Constraint suite (seed 0; training episodes),amidar,0,108629,143.0
Constraint suite (seed 0; training episodes),amidar,0,109334,165.0
Constraint suite (seed 0; training episodes),assault,0,218,84.0
Constraint suite (seed 0; training episodes),assault,0,715,168.0
Constraint suite (seed 0; training episodes),assault,0,1473,294.0
Constraint suite (seed 0; training episodes),assault,0,2175,336.0
Constraint suite (seed 0; training episodes),assault,0,2859,399.0
Constraint suite (seed 0; training episodes),assault,0,3595,399.0
Constraint suite (seed 0; training episodes),assault,0,4331,189.0
Constraint suite (seed 0; training episodes),assault,0,4978,231.0
Constraint suite (seed 0; training episodes),assault,0,5728,252.0
Constraint suite (seed 0; training episodes),assault,0,6203,168.0
Constraint suite (seed 0; training episodes),assault,0,6845,189.0
Constraint suite (seed 0; training episodes),assault,0,7260,189.0
Constraint suite (seed 0; training episodes),assault,0,7991,231.0
Constraint suite (seed 0; training episodes),assault,0,8633,462.0
Constraint suite (seed 0; training episodes),assault,0,9330,357.0
Constraint suite (seed 0; training episodes),assault,0,10928,588.0
Constraint suite (seed 0; training episodes),assault,0,11504,252.0
Constraint suite (seed 0; training episodes),assault,0,12370,525.0
Constraint suite (seed 0; training episodes),assault,0,13424,546.0
Constraint suite (seed 0; training episodes),assault,0,14220,483.0
Constraint suite (seed 0; training episodes),assault,0,15229,609.0
Constraint suite (seed 0; training episodes),assault,0,16028,525.0
Constraint suite (seed 0; training episodes),assault,0,16881,651.0
Constraint suite (seed 0; training episodes),assault,0,17902,525.0
Constraint suite (seed 0; training episodes),assault,0,19374,672.0
Constraint suite (seed 0; training episodes),assault,0,21445,651.0
Constraint suite (seed 0; training episodes),assault,0,22309,525.0
Constraint suite (seed 0; training episodes),assault,0,23681,693.0
Constraint suite (seed 0; training episodes),assault,0,24458,420.0
Constraint suite (seed 0; training episodes),assault,0,25613,651.0
Constraint suite (seed 0; training episodes),assault,0,26654,651.0
Constraint suite (seed 0; training episodes),assault,0,27788,693.0
Constraint suite (seed 0; training episodes),assault,0,29137,630.0
Constraint suite (seed 0; training episodes),assault,0,29999,483.0
Constraint suite (seed 0; training episodes),assault,0,31728,651.0
Constraint suite (seed 0; training episodes),assault,0,32267,378.0
Constraint suite (seed 0; training episodes),assault,0,32837,315.0
Constraint suite (seed 0; training episodes),assault,0,33636,378.0
Constraint suite (seed 0; training episodes),assault,0,34532,525.0
Constraint suite (seed 0; training episodes),assault,0,35423,567.0
Constraint suite (seed 0; training episodes),assault,0,36479,504.0
Constraint suite (seed 0; training episodes),assault,0,37278,504.0
Constraint suite (seed 0; training episodes),assault,0,37941,441.0
Constraint suite (seed 0; training episodes),assault,0,39844,651.0
Constraint suite (seed 0; training episodes),assault,0,40415,273.0
Constraint suite (seed 0; training episodes),assault,0,41342,441.0
Constraint suite (seed 0; training episodes),assault,0,42046,483.0
Constraint suite (seed 0; training episodes),assault,0,43087,630.0
Constraint suite (seed 0; training episodes),assault,0,44262,735.0
Constraint suite (seed 0; training episodes),assault,0,45446,651.0
Constraint suite (seed 0; training episodes),assault,0,46500,546.0
Constraint suite (seed 0; training episodes),assault,0,47430,588.0
Constraint suite (seed 0; training episodes),assault,0,47992,420.0
Constraint suite (seed 0; training episodes),assault,0,49049,588.0
Constraint suite (seed 0; training episodes),assault,0,49686,441.0
Constraint suite (seed 0; training episodes),assault,0,50416,315.0
Constraint suite (seed 0; training episodes),assault,0,50892,336.0
Constraint suite (seed 0; training episodes),assault,0,51596,462.0
Constraint suite (seed 0; training episodes),assault,0,52495,651.0
Constraint suite (seed 0; training episodes),assault,0,53390,588.0
Constraint suite (seed 0; training episodes),assault,0,54483,630.0
Constraint suite (seed 0; training episodes),assault,0,55359,504.0
Constraint suite (seed 0; training episodes),assault,0,56384,609.0
Constraint suite (seed 0; training episodes),assault,0,57439,693.0
Constraint suite (seed 0; training episodes),assault,0,57982,420.0
Constraint suite (seed 0; training episodes),assault,0,58619,462.0
Constraint suite (seed 0; training episodes),assault,0,59769,651.0
Constraint suite (seed 0; training episodes),assault,0,60757,588.0
Constraint suite (seed 0; training episodes),assault,0,61830,651.0
Constraint suite (seed 0; training episodes),assault,0,62755,588.0
Constraint suite (seed 0; training episodes),assault,0,64109,672.0
Constraint suite (seed 0; training episodes),assault,0,65098,672.0
Constraint suite (seed 0; training episodes),assault,0,65771,525.0
Constraint suite (seed 0; training episodes),assault,0,66859,630.0
Constraint suite (seed 0; training episodes),assault,0,67880,672.0
Constraint suite (seed 0; training episodes),assault,0,68778,693.0
Constraint suite (seed 0; training episodes),assault,0,69542,462.0
Constraint suite (seed 0; training episodes),assault,0,70498,630.0
Constraint suite (seed 0; training episodes),assault,0,71106,546.0
Constraint suite (seed 0; training episodes),assault,0,71679,399.0
Constraint suite (seed 0; training episodes),assault,0,72444,525.0
Constraint suite (seed 0; training episodes),assault,0,72892,315.0
Constraint suite (seed 0; training episodes),assault,0,73534,546.0
Constraint suite (seed 0; training episodes),assault,0,74693,693.0
Constraint suite (seed 0; training episodes),assault,0,75861,672.0
Constraint suite (seed 0; training episodes),assault,0,76818,609.0
Constraint suite (seed 0; training episodes),assault,0,77849,714.0
Constraint suite (seed 0; training episodes),assault,0,78136,189.0
Constraint suite (seed 0; training episodes),assault,0,78734,420.0
Constraint suite (seed 0; training episodes),assault,0,79371,441.0
Constraint suite (seed 0; training episodes),assault,0,79914,462.0
Constraint suite (seed 0; training episodes),assault,0,80938,630.0
Constraint suite (seed 0; training episodes),assault,0,82031,672.0
Constraint suite (seed 0; training episodes),assault,0,82762,462.0
Constraint suite (seed 0; training episodes),assault,0,83823,651.0
Constraint suite (seed 0; training episodes),assault,0,84661,630.0
Constraint suite (seed 0; training episodes),assault,0,85813,630.0
Constraint suite (seed 0; training episodes),assault,0,86814,672.0
Constraint suite (seed 0; training episodes),assault,0,88064,651.0
Constraint suite (seed 0; training episodes),assault,0,89322,777.0
Constraint suite (seed 0; training episodes),assault,0,90226,735.0
Constraint suite (seed 0; training episodes),assault,0,90866,441.0
Constraint suite (seed 0; training episodes),assault,0,91600,525.0
Constraint suite (seed 0; training episodes),assault,0,92528,714.0
Constraint suite (seed 0; training episodes),assault,0,93330,630.0
Constraint suite (seed 0; training episodes),assault,0,94423,735.0
Constraint suite (seed 0; training episodes),assault,0,94871,357.0
Constraint suite (seed 0; training episodes),assault,0,95704,672.0
Constraint suite (seed 0; training episodes),assault,0,96468,672.0
Constraint suite (seed 0; training episodes),assault,0,97047,504.0
Constraint suite (seed 0; training episodes),assault,0,97751,609.0
Constraint suite (seed 0; training episodes),assault,0,98456,609.0
Constraint suite (seed 0; training episodes),assault,0,99486,672.0
Constraint suite (seed 0; training episodes),assault,0,100274,546.0
Constraint suite (seed 0; training episodes),assault,0,101145,672.0
Constraint suite (seed 0; training episodes),assault,0,101942,609.0
Constraint suite (seed 0; training episodes),assault,0,103172,714.0
Constraint suite (seed 0; training episodes),assault,0,103904,630.0
Constraint suite (seed 0; training episodes),assault,0,104992,693.0
Constraint suite (seed 0; training episodes),assault,0,105864,672.0
Constraint suite (seed 0; training episodes),assault,0,106769,714.0
Constraint suite (seed 0; training episodes),assault,0,107743,672.0
Constraint suite (seed 0; training episodes),assault,0,108635,672.0
Constraint suite (seed 0; training episodes),assault,0,109274,399.0
Constraint suite (seed 0; training episodes),asterix,0,216,150.0
Constraint suite (seed 0; training episodes),asterix,0,476,250.0
Constraint suite (seed 0; training episodes),asterix,0,721,100.0
Constraint suite (seed 0; training episodes),asterix,0,935,200.0
Constraint suite (seed 0; training episodes),asterix,0,1143,50.0
Constraint suite (seed 0; training episodes),asterix,0,1432,200.0
Constraint suite (seed 0; training episodes),asterix,0,1982,950.0
Constraint suite (seed 0; training episodes),asterix,0,2246,350.0
Constraint suite (seed 0; training episodes),asterix,0,2496,300.0
Constraint suite (seed 0; training episodes),asterix,0,2882,650.0
Constraint suite (seed 0; training episodes),asterix,0,3178,350.0
Constraint suite (seed 0; training episodes),asterix,0,3429,200.0
Constraint suite (seed 0; training episodes),asterix,0,3622,100.0
Constraint suite (seed 0; training episodes),asterix,0,3849,200.0
Constraint suite (seed 0; training episodes),asterix,0,4132,250.0
Constraint suite (seed 0; training episodes),asterix,0,4329,150.0
Constraint suite (seed 0; training episodes),asterix,0,4702,650.0
Constraint suite (seed 0; training episodes),asterix,0,4915,150.0
Constraint suite (seed 0; training episodes),asterix,0,5182,300.0
Constraint suite (seed 0; training episodes),asterix,0,5384,150.0
Constraint suite (seed 0; training episodes),asterix,0,5590,100.0
Constraint suite (seed 0; training episodes),asterix,0,5812,250.0
Constraint suite (seed 0; training episodes),asterix,0,6021,100.0
Constraint suite (seed 0; training episodes),asterix,0,6225,100.0
Constraint suite (seed 0; training episodes),asterix,0,6533,200.0
Constraint suite (seed 0; training episodes),asterix,0,6742,50.0
Constraint suite (seed 0; training episodes),asterix,0,6944,100.0
Constraint suite (seed 0; training episodes),asterix,0,7523,650.0
Constraint suite (seed 0; training episodes),asterix,0,7791,150.0
Constraint suite (seed 0; training episodes),asterix,0,8004,150.0
Constraint suite (seed 0; training episodes),asterix,0,8657,700.0
Constraint suite (seed 0; training episodes),asterix,0,9375,500.0
Constraint suite (seed 0; training episodes),asterix,0,9643,200.0
Constraint suite (seed 0; training episodes),asterix,0,10131,400.0
Constraint suite (seed 0; training episodes),asterix,0,10471,150.0
Constraint suite (seed 0; training episodes),asterix,0,10970,300.0
Constraint suite (seed 0; training episodes),asterix,0,11330,200.0
Constraint suite (seed 0; training episodes),asterix,0,11626,150.0
Constraint suite (seed 0; training episodes),asterix,0,12128,200.0
Constraint suite (seed 0; training episodes),asterix,0,12519,200.0
Constraint suite (seed 0; training episodes),asterix,0,12915,200.0
Constraint suite (seed 0; training episodes),asterix,0,13496,250.0
Constraint suite (seed 0; training episodes),asterix,0,13852,200.0
Constraint suite (seed 0; training episodes),asterix,0,14212,100.0
Constraint suite (seed 0; training episodes),asterix,0,15158,450.0
Constraint suite (seed 0; training episodes),asterix,0,15565,150.0
Constraint suite (seed 0; training episodes),asterix,0,16122,200.0
Constraint suite (seed 0; training episodes),asterix,0,16845,600.0
Constraint suite (seed 0; training episodes),asterix,0,17253,150.0
Constraint suite (seed 0; training episodes),asterix,0,17946,500.0
Constraint suite (seed 0; training episodes),asterix,0,19279,900.0
Constraint suite (seed 0; training episodes),asterix,0,19572,200.0
Constraint suite (seed 0; training episodes),asterix,0,19778,50.0
Constraint suite (seed 0; training episodes),asterix,0,20074,250.0
Constraint suite (seed 0; training episodes),asterix,0,20300,200.0
Constraint suite (seed 0; training episodes),asterix,0,20677,350.0
Constraint suite (seed 0; training episodes),asterix,0,20916,250.0
Constraint suite (seed 0; training episodes),asterix,0,21320,300.0
Constraint suite (seed 0; training episodes),asterix,0,22143,700.0
Constraint suite (seed 0; training episodes),asterix,0,22551,200.0
Constraint suite (seed 0; training episodes),asterix,0,22918,350.0
Constraint suite (seed 0; training episodes),asterix,0,23123,250.0
Constraint suite (seed 0; training episodes),asterix,0,23474,400.0
Constraint suite (seed 0; training episodes),asterix,0,23697,50.0
Constraint suite (seed 0; training episodes),asterix,0,23897,50.0
Constraint suite (seed 0; training episodes),asterix,0,24104,150.0
Constraint suite (seed 0; training episodes),asterix,0,24366,300.0
Constraint suite (seed 0; training episodes),asterix,0,24844,500.0
Constraint suite (seed 0; training episodes),asterix,0,25014,100.0
Constraint suite (seed 0; training episodes),asterix,0,25209,200.0
Constraint suite (seed 0; training episodes),asterix,0,25533,300.0
Constraint suite (seed 0; training episodes),asterix,0,25696,150.0
Constraint suite (seed 0; training episodes),asterix,0,25984,250.0
Constraint suite (seed 0; training episodes),asterix,0,26225,250.0
Constraint suite (seed 0; training episodes),asterix,0,26462,250.0
Constraint suite (seed 0; training episodes),asterix,0,26761,250.0
Constraint suite (seed 0; training episodes),asterix,0,26922,150.0
Constraint suite (seed 0; training episodes),asterix,0,27184,200.0
Constraint suite (seed 0; training episodes),asterix,0,27565,500.0
Constraint suite (seed 0; training episodes),asterix,0,27860,500.0
Constraint suite (seed 0; training episodes),asterix,0,28124,300.0
Constraint suite (seed 0; training episodes),asterix,0,28658,650.0
Constraint suite (seed 0; training episodes),asterix,0,29075,400.0
Constraint suite (seed 0; training episodes),asterix,0,29280,200.0
Constraint suite (seed 0; training episodes),asterix,0,29558,250.0
Constraint suite (seed 0; training episodes),asterix,0,29956,500.0
Constraint suite (seed 0; training episodes),asterix,0,30181,300.0
Constraint suite (seed 0; training episodes),asterix,0,30402,150.0
Constraint suite (seed 0; training episodes),asterix,0,30626,150.0
Constraint suite (seed 0; training episodes),asterix,0,30939,450.0
Constraint suite (seed 0; training episodes),asterix,0,31174,350.0
Constraint suite (seed 0; training episodes),asterix,0,31385,100.0
Constraint suite (seed 0; training episodes),asterix,0,31792,600.0
Constraint suite (seed 0; training episodes),asterix,0,32589,700.0
Constraint suite (seed 0; training episodes),asterix,0,32911,250.0
Constraint suite (seed 0; training episodes),asterix,0,33110,250.0
Constraint suite (seed 0; training episodes),asterix,0,33331,200.0
Constraint suite (seed 0; training episodes),asterix,0,33527,150.0
Constraint suite (seed 0; training episodes),asterix,0,33730,250.0
Constraint suite (seed 0; training episodes),asterix,0,33965,100.0
Constraint suite (seed 0; training episodes),asterix,0,34271,250.0
Constraint suite (seed 0; training episodes),asterix,0,34808,450.0
Constraint suite (seed 0; training episodes),asterix,0,35256,350.0
Constraint suite (seed 0; training episodes),asterix,0,35454,200.0
Constraint suite (seed 0; training episodes),asterix,0,36002,550.0
Constraint suite (seed 0; training episodes),asterix,0,36341,300.0
Constraint suite (seed 0; training episodes),asterix,0,37093,550.0
Constraint suite (seed 0; training episodes),asterix,0,37318,250.0
Constraint suite (seed 0; training episodes),asterix,0,37608,250.0
Constraint suite (seed 0; training episodes),asterix,0,37940,250.0
Constraint suite (seed 0; training episodes),asterix,0,38141,150.0
Constraint suite (seed 0; training episodes),asterix,0,38350,300.0
Constraint suite (seed 0; training episodes),asterix,0,38572,300.0
Constraint suite (seed 0; training episodes),asterix,0,38797,250.0
Constraint suite (seed 0; training episodes),asterix,0,39016,200.0
Constraint suite (seed 0; training episodes),asterix,0,39295,200.0
Constraint suite (seed 0; training episodes),asterix,0,40374,850.0
Constraint suite (seed 0; training episodes),asterix,0,40595,100.0
Constraint suite (seed 0; training episodes),asterix,0,40848,50.0
Constraint suite (seed 0; training episodes),asterix,0,41984,600.0
Constraint suite (seed 0; training episodes),asterix,0,42372,250.0
Constraint suite (seed 0; training episodes),asterix,0,42734,350.0
Constraint suite (seed 0; training episodes),asterix,0,43444,500.0
Constraint suite (seed 0; training episodes),asterix,0,43749,200.0
Constraint suite (seed 0; training episodes),asterix,0,44069,350.0
Constraint suite (seed 0; training episodes),asterix,0,44613,450.0
Constraint suite (seed 0; training episodes),asterix,0,44916,250.0
Constraint suite (seed 0; training episodes),asterix,0,45689,750.0
Constraint suite (seed 0; training episodes),asterix,0,46607,800.0
Constraint suite (seed 0; training episodes),asterix,0,46842,350.0
Constraint suite (seed 0; training episodes),asterix,0,47313,600.0
Constraint suite (seed 0; training episodes),asterix,0,47607,200.0
Constraint suite (seed 0; training episodes),asterix,0,48159,450.0
Constraint suite (seed 0; training episodes),asterix,0,49521,950.0
Constraint suite (seed 0; training episodes),asterix,0,49854,500.0
Constraint suite (seed 0; training episodes),asterix,0,51315,900.0
Constraint suite (seed 0; training episodes),asterix,0,51573,300.0
Constraint suite (seed 0; training episodes),asterix,0,51822,250.0
Constraint suite (seed 0; training episodes),asterix,0,52181,450.0
Constraint suite (seed 0; training episodes),asterix,0,52400,200.0
Constraint suite (seed 0; training episodes),asterix,0,52626,300.0
Constraint suite (seed 0; training episodes),asterix,0,53348,650.0
Constraint suite (seed 0; training episodes),asterix,0,53658,450.0
Constraint suite (seed 0; training episodes),asterix,0,53958,250.0
Constraint suite (seed 0; training episodes),asterix,0,54281,300.0
Constraint suite (seed 0; training episodes),asterix,0,54958,450.0
Constraint suite (seed 0; training episodes),asterix,0,55329,250.0
Constraint suite (seed 0; training episodes),asterix,0,55535,250.0
Constraint suite (seed 0; training episodes),asterix,0,56165,550.0
Constraint suite (seed 0; training episodes),asterix,0,56646,450.0
Constraint suite (seed 0; training episodes),asterix,0,57393,950.0
Constraint suite (seed 0; training episodes),asterix,0,58037,550.0
Constraint suite (seed 0; training episodes),asterix,0,58267,200.0
Constraint suite (seed 0; training episodes),asterix,0,58636,300.0
Constraint suite (seed 0; training episodes),asterix,0,58827,300.0
Constraint suite (seed 0; training episodes),asterix,0,59114,200.0
Constraint suite (seed 0; training episodes),asterix,0,59822,500.0
Constraint suite (seed 0; training episodes),asterix,0,60130,300.0
Constraint suite (seed 0; training episodes),asterix,0,61028,850.0
Constraint suite (seed 0; training episodes),asterix,0,61260,300.0
Constraint suite (seed 0; training episodes),asterix,0,61464,200.0
Constraint suite (seed 0; training episodes),asterix,0,61923,500.0
Constraint suite (seed 0; training episodes),asterix,0,63080,800.0
Constraint suite (seed 0; training episodes),asterix,0,63849,800.0
Constraint suite (seed 0; training episodes),asterix,0,64542,700.0
Constraint suite (seed 0; training episodes),asterix,0,64953,300.0
Constraint suite (seed 0; training episodes),asterix,0,65155,150.0
Constraint suite (seed 0; training episodes),asterix,0,65758,800.0
Constraint suite (seed 0; training episodes),asterix,0,65960,250.0
Constraint suite (seed 0; training episodes),asterix,0,66428,400.0
Constraint suite (seed 0; training episodes),asterix,0,67151,1000.0
Constraint suite (seed 0; training episodes),asterix,0,67687,700.0
Constraint suite (seed 0; training episodes),asterix,0,68290,650.0
Constraint suite (seed 0; training episodes),asterix,0,68710,350.0
Constraint suite (seed 0; training episodes),asterix,0,68917,300.0
Constraint suite (seed 0; training episodes),asterix,0,69241,400.0
Constraint suite (seed 0; training episodes),asterix,0,71036,1250.0
Constraint suite (seed 0; training episodes),asterix,0,72018,850.0
Constraint suite (seed 0; training episodes),asterix,0,72315,400.0
Constraint suite (seed 0; training episodes),asterix,0,73127,850.0
Constraint suite (seed 0; training episodes),asterix,0,73725,750.0
Constraint suite (seed 0; training episodes),asterix,0,74046,350.0
Constraint suite (seed 0; training episodes),asterix,0,74645,550.0
Constraint suite (seed 0; training episodes),asterix,0,75498,550.0
Constraint suite (seed 0; training episodes),asterix,0,76003,550.0
Constraint suite (seed 0; training episodes),asterix,0,76534,650.0
Constraint suite (seed 0; training episodes),asterix,0,76859,400.0
Constraint suite (seed 0; training episodes),asterix,0,77162,450.0
Constraint suite (seed 0; training episodes),asterix,0,77607,450.0
Constraint suite (seed 0; training episodes),asterix,0,78013,500.0
Constraint suite (seed 0; training episodes),asterix,0,79276,1450.0
Constraint suite (seed 0; training episodes),asterix,0,79997,750.0
Constraint suite (seed 0; training episodes),asterix,0,80852,850.0
Constraint suite (seed 0; training episodes),asterix,0,81133,500.0
Constraint suite (seed 0; training episodes),asterix,0,81446,400.0
Constraint suite (seed 0; training episodes),asterix,0,81897,500.0
Constraint suite (seed 0; training episodes),asterix,0,82198,350.0
Constraint suite (seed 0; training episodes),asterix,0,83057,650.0
Constraint suite (seed 0; training episodes),asterix,0,83657,750.0
Constraint suite (seed 0; training episodes),asterix,0,84051,500.0
Constraint suite (seed 0; training episodes),asterix,0,84370,350.0
Constraint suite (seed 0; training episodes),asterix,0,84662,500.0
Constraint suite (seed 0; training episodes),asterix,0,84863,250.0
Constraint suite (seed 0; training episodes),asterix,0,85172,500.0
Constraint suite (seed 0; training episodes),asterix,0,85549,500.0
Constraint suite (seed 0; training episodes),asterix,0,85770,200.0
Constraint suite (seed 0; training episodes),asterix,0,86896,1050.0
Constraint suite (seed 0; training episodes),asterix,0,87213,400.0
Constraint suite (seed 0; training episodes),asterix,0,87535,350.0
Constraint suite (seed 0; training episodes),asterix,0,87948,550.0
Constraint suite (seed 0; training episodes),asterix,0,88534,850.0
Constraint suite (seed 0; training episodes),asterix,0,89445,850.0
Constraint suite (seed 0; training episodes),asterix,0,89943,750.0
Constraint suite (seed 0; training episodes),asterix,0,90164,200.0
Constraint suite (seed 0; training episodes),asterix,0,90493,450.0
Constraint suite (seed 0; training episodes),asterix,0,91064,800.0
Constraint suite (seed 0; training episodes),asterix,0,91461,400.0
Constraint suite (seed 0; training episodes),asterix,0,91662,200.0
Constraint suite (seed 0; training episodes),asterix,0,91984,550.0
Constraint suite (seed 0; training episodes),asterix,0,92191,350.0
Constraint suite (seed 0; training episodes),asterix,0,92485,650.0
Constraint suite (seed 0; training episodes),asterix,0,93602,850.0
Constraint suite (seed 0; training episodes),asterix,0,94029,700.0
Constraint suite (seed 0; training episodes),asterix,0,94389,600.0
Constraint suite (seed 0; training episodes),asterix,0,95101,950.0
Constraint suite (seed 0; training episodes),asterix,0,96133,800.0
Constraint suite (seed 0; training episodes),asterix,0,96365,400.0
Constraint suite (seed 0; training episodes),asterix,0,96581,250.0
Constraint suite (seed 0; training episodes),asterix,0,97098,400.0
Constraint suite (seed 0; training episodes),asterix,0,97462,500.0
Constraint suite (seed 0; training episodes),asterix,0,98068,900.0
Constraint suite (seed 0; training episodes),asterix,0,98853,800.0
Constraint suite (seed 0; training episodes),asterix,0,99324,650.0
Constraint suite (seed 0; training episodes),asterix,0,99545,350.0
Constraint suite (seed 0; training episodes),asterix,0,99858,500.0
Constraint suite (seed 0; training episodes),asterix,0,100276,500.0
Constraint suite (seed 0; training episodes),asterix,0,100585,450.0
Constraint suite (seed 0; training episodes),asterix,0,100970,550.0
Constraint suite (seed 0; training episodes),asterix,0,101292,550.0
Constraint suite (seed 0; training episodes),asterix,0,102042,800.0
Constraint suite (seed 0; training episodes),asterix,0,103179,1000.0
Constraint suite (seed 0; training episodes),asterix,0,103795,650.0
Constraint suite (seed 0; training episodes),asterix,0,104010,200.0
Constraint suite (seed 0; training episodes),asterix,0,105264,1150.0
Constraint suite (seed 0; training episodes),asterix,0,105855,850.0
Constraint suite (seed 0; training episodes),asterix,0,106514,750.0
Constraint suite (seed 0; training episodes),asterix,0,107051,550.0
Constraint suite (seed 0; training episodes),asterix,0,107275,250.0
Constraint suite (seed 0; training episodes),asterix,0,107731,800.0
Constraint suite (seed 0; training episodes),asterix,0,108247,950.0
Constraint suite (seed 0; training episodes),asterix,0,109302,900.0
Constraint suite (seed 0; training episodes),asterix,0,109778,900.0
Constraint suite (seed 0; training episodes),bank_heist,0,492,20.0
Constraint suite (seed 0; training episodes),bank_heist,0,1017,20.0
Constraint suite (seed 0; training episodes),bank_heist,0,1648,10.0
Constraint suite (seed 0; training episodes),bank_heist,0,2126,10.0
Constraint suite (seed 0; training episodes),bank_heist,0,2787,20.0
Constraint suite (seed 0; training episodes),bank_heist,0,3526,10.0
Constraint suite (seed 0; training episodes),bank_heist,0,3964,10.0
Constraint suite (seed 0; training episodes),bank_heist,0,4320,10.0
Constraint suite (seed 0; training episodes),bank_heist,0,4729,10.0
Constraint suite (seed 0; training episodes),bank_heist,0,5135,0.0
Constraint suite (seed 0; training episodes),bank_heist,0,5718,10.0
Constraint suite (seed 0; training episodes),bank_heist,0,6203,10.0
Constraint suite (seed 0; training episodes),bank_heist,0,6809,40.0
Constraint suite (seed 0; training episodes),bank_heist,0,7435,30.0
Constraint suite (seed 0; training episodes),bank_heist,0,7870,0.0
Constraint suite (seed 0; training episodes),bank_heist,0,8370,10.0
Constraint suite (seed 0; training episodes),bank_heist,0,9061,0.0
Constraint suite (seed 0; training episodes),bank_heist,0,9751,0.0
Constraint suite (seed 0; training episodes),bank_heist,0,10336,20.0
Constraint suite (seed 0; training episodes),bank_heist,0,10786,20.0
Constraint suite (seed 0; training episodes),bank_heist,0,11649,20.0
Constraint suite (seed 0; training episodes),bank_heist,0,13958,0.0
Constraint suite (seed 0; training episodes),bank_heist,0,14715,10.0
Constraint suite (seed 0; training episodes),bank_heist,0,15095,0.0
Constraint suite (seed 0; training episodes),bank_heist,0,15991,10.0
Constraint suite (seed 0; training episodes),bank_heist,0,16744,0.0
Constraint suite (seed 0; training episodes),bank_heist,0,17566,10.0
Constraint suite (seed 0; training episodes),bank_heist,0,18099,10.0
Constraint suite (seed 0; training episodes),bank_heist,0,19240,0.0
Constraint suite (seed 0; training episodes),bank_heist,0,19805,0.0
Constraint suite (seed 0; training episodes),bank_heist,0,20705,30.0
Constraint suite (seed 0; training episodes),bank_heist,0,21392,20.0
Constraint suite (seed 0; training episodes),bank_heist,0,21974,0.0
Constraint suite (seed 0; training episodes),bank_heist,0,22405,0.0
Constraint suite (seed 0; training episodes),bank_heist,0,22922,10.0
Constraint suite (seed 0; training episodes),bank_heist,0,23314,10.0
Constraint suite (seed 0; training episodes),bank_heist,0,24144,10.0
Constraint suite (seed 0; training episodes),bank_heist,0,24582,10.0
Constraint suite (seed 0; training episodes),bank_heist,0,25351,0.0
Constraint suite (seed 0; training episodes),bank_heist,0,26061,0.0
Constraint suite (seed 0; training episodes),bank_heist,0,26873,0.0
Constraint suite (seed 0; training episodes),bank_heist,0,27753,20.0
Constraint suite (seed 0; training episodes),bank_heist,0,28224,10.0
Constraint suite (seed 0; training episodes),bank_heist,0,28943,20.0
Constraint suite (seed 0; training episodes),bank_heist,0,29572,10.0
Constraint suite (seed 0; training episodes),bank_heist,0,30124,50.0
Constraint suite (seed 0; training episodes),bank_heist,0,30908,10.0
Constraint suite (seed 0; training episodes),bank_heist,0,31785,20.0
Constraint suite (seed 0; training episodes),bank_heist,0,32502,50.0
Constraint suite (seed 0; training episodes),bank_heist,0,33189,10.0
Constraint suite (seed 0; training episodes),bank_heist,0,33920,10.0
Constraint suite (seed 0; training episodes),bank_heist,0,34900,10.0
Constraint suite (seed 0; training episodes),bank_heist,0,35650,0.0
Constraint suite (seed 0; training episodes),bank_heist,0,36378,0.0
Constraint suite (seed 0; training episodes),bank_heist,0,37159,20.0
Constraint suite (seed 0; training episodes),bank_heist,0,37884,0.0
Constraint suite (seed 0; training episodes),bank_heist,0,38377,20.0
Constraint suite (seed 0; training episodes),bank_heist,0,38882,10.0
Constraint suite (seed 0; training episodes),bank_heist,0,39540,10.0
Constraint suite (seed 0; training episodes),bank_heist,0,40009,0.0
Constraint suite (seed 0; training episodes),bank_heist,0,40879,10.0
Constraint suite (seed 0; training episodes),bank_heist,0,41474,10.0
Constraint suite (seed 0; training episodes),bank_heist,0,42577,30.0
Constraint suite (seed 0; training episodes),bank_heist,0,43359,10.0
Constraint suite (seed 0; training episodes),bank_heist,0,44047,20.0
Constraint suite (seed 0; training episodes),bank_heist,0,44722,20.0
Constraint suite (seed 0; training episodes),bank_heist,0,45525,20.0
Constraint suite (seed 0; training episodes),bank_heist,0,46430,10.0
Constraint suite (seed 0; training episodes),bank_heist,0,47083,20.0
Constraint suite (seed 0; training episodes),bank_heist,0,47487,10.0
Constraint suite (seed 0; training episodes),bank_heist,0,48075,10.0
Constraint suite (seed 0; training episodes),bank_heist,0,48920,30.0
Constraint suite (seed 0; training episodes),bank_heist,0,49490,70.0
Constraint suite (seed 0; training episodes),bank_heist,0,49946,10.0
Constraint suite (seed 0; training episodes),bank_heist,0,50385,10.0
Constraint suite (seed 0; training episodes),bank_heist,0,51036,80.0
Constraint suite (seed 0; training episodes),bank_heist,0,51551,10.0
Constraint suite (seed 0; training episodes),bank_heist,0,52085,30.0
Constraint suite (seed 0; training episodes),bank_heist,0,52550,20.0
Constraint suite (seed 0; training episodes),bank_heist,0,53332,30.0
Constraint suite (seed 0; training episodes),bank_heist,0,53982,80.0
Constraint suite (seed 0; training episodes),bank_heist,0,54630,30.0
Constraint suite (seed 0; training episodes),bank_heist,0,55438,10.0
Constraint suite (seed 0; training episodes),bank_heist,0,56153,30.0
Constraint suite (seed 0; training episodes),bank_heist,0,56869,30.0
Constraint suite (seed 0; training episodes),bank_heist,0,57543,20.0
Constraint suite (seed 0; training episodes),bank_heist,0,58034,10.0
Constraint suite (seed 0; training episodes),bank_heist,0,58846,10.0
Constraint suite (seed 0; training episodes),bank_heist,0,59538,30.0
Constraint suite (seed 0; training episodes),bank_heist,0,60124,70.0
Constraint suite (seed 0; training episodes),bank_heist,0,60470,10.0
Constraint suite (seed 0; training episodes),bank_heist,0,61171,30.0
Constraint suite (seed 0; training episodes),bank_heist,0,61836,30.0
Constraint suite (seed 0; training episodes),bank_heist,0,62548,10.0
Constraint suite (seed 0; training episodes),bank_heist,0,63178,30.0
Constraint suite (seed 0; training episodes),bank_heist,0,63913,30.0
Constraint suite (seed 0; training episodes),bank_heist,0,64787,10.0
Constraint suite (seed 0; training episodes),bank_heist,0,65245,20.0
Constraint suite (seed 0; training episodes),bank_heist,0,65859,60.0
Constraint suite (seed 0; training episodes),bank_heist,0,66534,20.0
Constraint suite (seed 0; training episodes),bank_heist,0,67351,30.0
Constraint suite (seed 0; training episodes),bank_heist,0,67919,30.0
Constraint suite (seed 0; training episodes),bank_heist,0,68564,50.0
Constraint suite (seed 0; training episodes),bank_heist,0,68925,10.0
Constraint suite (seed 0; training episodes),bank_heist,0,69638,20.0
Constraint suite (seed 0; training episodes),bank_heist,0,70110,20.0
Constraint suite (seed 0; training episodes),bank_heist,0,70588,20.0
Constraint suite (seed 0; training episodes),bank_heist,0,71099,40.0
Constraint suite (seed 0; training episodes),bank_heist,0,71568,20.0
Constraint suite (seed 0; training episodes),bank_heist,0,72241,30.0
Constraint suite (seed 0; training episodes),bank_heist,0,72765,30.0
Constraint suite (seed 0; training episodes),bank_heist,0,73442,20.0
Constraint suite (seed 0; training episodes),bank_heist,0,73869,20.0
Constraint suite (seed 0; training episodes),bank_heist,0,74309,10.0
Constraint suite (seed 0; training episodes),bank_heist,0,74850,20.0
Constraint suite (seed 0; training episodes),bank_heist,0,75384,20.0
Constraint suite (seed 0; training episodes),bank_heist,0,76021,30.0
Constraint suite (seed 0; training episodes),bank_heist,0,76518,30.0
Constraint suite (seed 0; training episodes),bank_heist,0,77123,20.0
Constraint suite (seed 0; training episodes),bank_heist,0,77741,30.0
Constraint suite (seed 0; training episodes),bank_heist,0,78184,80.0
Constraint suite (seed 0; training episodes),bank_heist,0,78832,20.0
Constraint suite (seed 0; training episodes),bank_heist,0,79376,30.0
Constraint suite (seed 0; training episodes),bank_heist,0,80145,30.0
Constraint suite (seed 0; training episodes),bank_heist,0,80808,40.0
Constraint suite (seed 0; training episodes),bank_heist,0,81317,10.0
Constraint suite (seed 0; training episodes),bank_heist,0,81810,30.0
Constraint suite (seed 0; training episodes),bank_heist,0,82408,20.0
Constraint suite (seed 0; training episodes),bank_heist,0,83100,40.0
Constraint suite (seed 0; training episodes),bank_heist,0,83765,50.0
Constraint suite (seed 0; training episodes),bank_heist,0,84414,50.0
Constraint suite (seed 0; training episodes),bank_heist,0,84924,40.0
Constraint suite (seed 0; training episodes),bank_heist,0,85495,60.0
Constraint suite (seed 0; training episodes),bank_heist,0,86228,30.0
Constraint suite (seed 0; training episodes),bank_heist,0,86900,80.0
Constraint suite (seed 0; training episodes),bank_heist,0,87618,30.0
Constraint suite (seed 0; training episodes),bank_heist,0,88273,60.0
Constraint suite (seed 0; training episodes),bank_heist,0,88922,40.0
Constraint suite (seed 0; training episodes),bank_heist,0,89395,30.0
Constraint suite (seed 0; training episodes),bank_heist,0,90052,30.0
Constraint suite (seed 0; training episodes),bank_heist,0,90676,20.0
Constraint suite (seed 0; training episodes),bank_heist,0,91246,30.0
Constraint suite (seed 0; training episodes),bank_heist,0,91917,80.0
Constraint suite (seed 0; training episodes),bank_heist,0,92418,50.0
Constraint suite (seed 0; training episodes),bank_heist,0,92977,30.0
Constraint suite (seed 0; training episodes),bank_heist,0,93732,30.0
Constraint suite (seed 0; training episodes),bank_heist,0,94553,40.0
Constraint suite (seed 0; training episodes),bank_heist,0,95102,30.0
Constraint suite (seed 0; training episodes),bank_heist,0,95755,30.0
Constraint suite (seed 0; training episodes),bank_heist,0,96508,30.0
Constraint suite (seed 0; training episodes),bank_heist,0,97140,30.0
Constraint suite (seed 0; training episodes),bank_heist,0,97636,20.0
Constraint suite (seed 0; training episodes),bank_heist,0,98197,30.0
Constraint suite (seed 0; training episodes),bank_heist,0,98675,50.0
Constraint suite (seed 0; training episodes),bank_heist,0,99373,50.0
Constraint suite (seed 0; training episodes),bank_heist,0,100132,30.0
Constraint suite (seed 0; training episodes),bank_heist,0,100806,50.0
Constraint suite (seed 0; training episodes),bank_heist,0,101731,20.0
Constraint suite (seed 0; training episodes),bank_heist,0,102213,20.0
Constraint suite (seed 0; training episodes),bank_heist,0,102794,50.0
Constraint suite (seed 0; training episodes),bank_heist,0,103404,40.0
Constraint suite (seed 0; training episodes),bank_heist,0,104018,80.0
Constraint suite (seed 0; training episodes),bank_heist,0,104741,70.0
Constraint suite (seed 0; training episodes),bank_heist,0,105265,50.0
Constraint suite (seed 0; training episodes),bank_heist,0,105767,30.0
Constraint suite (seed 0; training episodes),bank_heist,0,106365,60.0
Constraint suite (seed 0; training episodes),bank_heist,0,107080,80.0
Constraint suite (seed 0; training episodes),bank_heist,0,107536,30.0
Constraint suite (seed 0; training episodes),bank_heist,0,108294,40.0
Constraint suite (seed 0; training episodes),bank_heist,0,108750,20.0
Constraint suite (seed 0; training episodes),bank_heist,0,109159,30.0
Constraint suite (seed 0; training episodes),bank_heist,0,109743,30.0
Constraint suite (seed 0; training episodes),battle_zone,0,862,1000.0
Constraint suite (seed 0; training episodes),battle_zone,0,2091,3000.0
Constraint suite (seed 0; training episodes),battle_zone,0,3316,6000.0
Constraint suite (seed 0; training episodes),battle_zone,0,4401,0.0
Constraint suite (seed 0; training episodes),battle_zone,0,5157,1000.0
Constraint suite (seed 0; training episodes),battle_zone,0,5884,2000.0
Constraint suite (seed 0; training episodes),battle_zone,0,6671,1000.0
Constraint suite (seed 0; training episodes),battle_zone,0,8176,3000.0
Constraint suite (seed 0; training episodes),battle_zone,0,9460,1000.0
Constraint suite (seed 0; training episodes),battle_zone,0,10221,1000.0
Constraint suite (seed 0; training episodes),battle_zone,0,11520,9000.0
Constraint suite (seed 0; training episodes),battle_zone,0,12387,2000.0
Constraint suite (seed 0; training episodes),battle_zone,0,13988,11000.0
Constraint suite (seed 0; training episodes),battle_zone,0,15143,0.0
Constraint suite (seed 0; training episodes),battle_zone,0,19043,3000.0
Constraint suite (seed 0; training episodes),battle_zone,0,20309,1000.0
Constraint suite (seed 0; training episodes),battle_zone,0,22488,6000.0
Constraint suite (seed 0; training episodes),battle_zone,0,24188,3000.0
Constraint suite (seed 0; training episodes),battle_zone,0,25278,9000.0
Constraint suite (seed 0; training episodes),battle_zone,0,29337,4000.0
Constraint suite (seed 0; training episodes),battle_zone,0,32471,7000.0
Constraint suite (seed 0; training episodes),battle_zone,0,33251,1000.0
Constraint suite (seed 0; training episodes),battle_zone,0,34051,1000.0
Constraint suite (seed 0; training episodes),battle_zone,0,40402,7000.0
Constraint suite (seed 0; training episodes),battle_zone,0,41887,9000.0
Constraint suite (seed 0; training episodes),battle_zone,0,43143,6000.0
Constraint suite (seed 0; training episodes),battle_zone,0,44645,7000.0
Constraint suite (seed 0; training episodes),battle_zone,0,46135,7000.0
Constraint suite (seed 0; training episodes),battle_zone,0,46844,1000.0
Constraint suite (seed 0; training episodes),battle_zone,0,48547,11000.0
Constraint suite (seed 0; training episodes),battle_zone,0,49678,0.0
Constraint suite (seed 0; training episodes),battle_zone,0,51730,6000.0
Constraint suite (seed 0; training episodes),battle_zone,0,53102,1000.0
Constraint suite (seed 0; training episodes),battle_zone,0,54233,0.0
Constraint suite (seed 0; training episodes),battle_zone,0,55646,1000.0
Constraint suite (seed 0; training episodes),battle_zone,0,56869,1000.0
Constraint suite (seed 0; training episodes),battle_zone,0,58121,1000.0
Constraint suite (seed 0; training episodes),battle_zone,0,59397,1000.0
Constraint suite (seed 0; training episodes),battle_zone,0,60590,1000.0
Constraint suite (seed 0; training episodes),battle_zone,0,62267,11000.0
Constraint suite (seed 0; training episodes),battle_zone,0,63447,2000.0
Constraint suite (seed 0; training episodes),battle_zone,0,64578,0.0
Constraint suite (seed 0; training episodes),battle_zone,0,65711,1000.0
Constraint suite (seed 0; training episodes),battle_zone,0,67880,8000.0
Constraint suite (seed 0; training episodes),battle_zone,0,69011,0.0
Constraint suite (seed 0; training episodes),battle_zone,0,70738,4000.0
Constraint suite (seed 0; training episodes),battle_zone,0,72044,2000.0
Constraint suite (seed 0; training episodes),battle_zone,0,73251,2000.0
Constraint suite (seed 0; training episodes),battle_zone,0,74379,2000.0
Constraint suite (seed 0; training episodes),battle_zone,0,76181,0.0
Constraint suite (seed 0; training episodes),battle_zone,0,81617,8000.0
Constraint suite (seed 0; training episodes),battle_zone,0,82596,2000.0
Constraint suite (seed 0; training episodes),battle_zone,0,84226,8000.0
Constraint suite (seed 0; training episodes),battle_zone,0,87441,8000.0
Constraint suite (seed 0; training episodes),battle_zone,0,88477,8000.0
Constraint suite (seed 0; training episodes),battle_zone,0,89733,4000.0
Constraint suite (seed 0; training episodes),battle_zone,0,91137,9000.0
Constraint suite (seed 0; training episodes),battle_zone,0,93037,3000.0
Constraint suite (seed 0; training episodes),battle_zone,0,94052,1000.0
Constraint suite (seed 0; training episodes),battle_zone,0,95342,7000.0
Constraint suite (seed 0; training episodes),battle_zone,0,97045,11000.0
Constraint suite (seed 0; training episodes),battle_zone,0,98657,4000.0
Constraint suite (seed 0; training episodes),battle_zone,0,101094,10000.0
Constraint suite (seed 0; training episodes),battle_zone,0,103200,12000.0
Constraint suite (seed 0; training episodes),battle_zone,0,104196,5000.0
Constraint suite (seed 0; training episodes),battle_zone,0,106311,7000.0
Constraint suite (seed 0; training episodes),battle_zone,0,107863,14000.0
Constraint suite (seed 0; training episodes),battle_zone,0,109172,9000.0
Constraint suite (seed 0; training episodes),boxing,0,1779,-1.0
Constraint suite (seed 0; training episodes),boxing,0,3559,0.0
Constraint suite (seed 0; training episodes),boxing,0,5344,2.0
Constraint suite (seed 0; training episodes),boxing,0,7127,-10.0
Constraint suite (seed 0; training episodes),boxing,0,8910,-1.0
Constraint suite (seed 0; training episodes),boxing,0,10694,-10.0
Constraint suite (seed 0; training episodes),boxing,0,12478,-20.0
Constraint suite (seed 0; training episodes),boxing,0,14256,5.0
Constraint suite (seed 0; training episodes),boxing,0,16041,5.0
Constraint suite (seed 0; training episodes),boxing,0,17820,-9.0
Constraint suite (seed 0; training episodes),boxing,0,19601,1.0
Constraint suite (seed 0; training episodes),boxing,0,21384,-2.0
Constraint suite (seed 0; training episodes),boxing,0,23166,0.0
Constraint suite (seed 0; training episodes),boxing,0,24947,0.0
Constraint suite (seed 0; training episodes),boxing,0,26727,-15.0
Constraint suite (seed 0; training episodes),boxing,0,28508,7.0
Constraint suite (seed 0; training episodes),boxing,0,30287,-13.0
Constraint suite (seed 0; training episodes),boxing,0,32072,-19.0
Constraint suite (seed 0; training episodes),boxing,0,33853,-20.0
Constraint suite (seed 0; training episodes),boxing,0,35632,-4.0
Constraint suite (seed 0; training episodes),boxing,0,37412,25.0
Constraint suite (seed 0; training episodes),boxing,0,39194,12.0
Constraint suite (seed 0; training episodes),boxing,0,40977,-28.0
Constraint suite (seed 0; training episodes),boxing,0,42757,-38.0
Constraint suite (seed 0; training episodes),boxing,0,44540,-27.0
Constraint suite (seed 0; training episodes),boxing,0,46325,-8.0
Constraint suite (seed 0; training episodes),boxing,0,48108,-17.0
Constraint suite (seed 0; training episodes),boxing,0,49887,-6.0
Constraint suite (seed 0; training episodes),boxing,0,51667,-4.0
Constraint suite (seed 0; training episodes),boxing,0,53450,2.0
Constraint suite (seed 0; training episodes),boxing,0,55230,28.0
Constraint suite (seed 0; training episodes),boxing,0,57011,2.0
Constraint suite (seed 0; training episodes),boxing,0,58793,13.0
Constraint suite (seed 0; training episodes),boxing,0,60574,24.0
Constraint suite (seed 0; training episodes),boxing,0,62356,25.0
Constraint suite (seed 0; training episodes),boxing,0,64136,10.0
Constraint suite (seed 0; training episodes),boxing,0,65915,20.0
Constraint suite (seed 0; training episodes),boxing,0,67699,11.0
Constraint suite (seed 0; training episodes),boxing,0,69482,1.0
Constraint suite (seed 0; training episodes),boxing,0,71260,16.0
Constraint suite (seed 0; training episodes),boxing,0,73043,12.0
Constraint suite (seed 0; training episodes),boxing,0,74811,18.0
Constraint suite (seed 0; training episodes),boxing,0,76412,35.0
Constraint suite (seed 0; training episodes),boxing,0,77803,13.0
Constraint suite (seed 0; training episodes),boxing,0,79583,-18.0
Constraint suite (seed 0; training episodes),boxing,0,81365,-1.0
Constraint suite (seed 0; training episodes),boxing,0,83148,9.0
Constraint suite (seed 0; training episodes),boxing,0,84932,14.0
Constraint suite (seed 0; training episodes),boxing,0,86713,16.0
Constraint suite (seed 0; training episodes),boxing,0,88105,28.0
Constraint suite (seed 0; training episodes),boxing,0,89241,33.0
Constraint suite (seed 0; training episodes),boxing,0,90602,16.0
Constraint suite (seed 0; training episodes),boxing,0,91889,21.0
Constraint suite (seed 0; training episodes),boxing,0,92741,56.0
Constraint suite (seed 0; training episodes),boxing,0,93568,61.0
Constraint suite (seed 0; training episodes),boxing,0,94994,55.0
Constraint suite (seed 0; training episodes),boxing,0,96104,36.0
Constraint suite (seed 0; training episodes),boxing,0,96909,57.0
Constraint suite (seed 0; training episodes),boxing,0,97628,63.0
Constraint suite (seed 0; training episodes),boxing,0,98316,66.0
Constraint suite (seed 0; training episodes),boxing,0,98994,66.0
Constraint suite (seed 0; training episodes),boxing,0,99851,53.0
Constraint suite (seed 0; training episodes),boxing,0,100730,52.0
Constraint suite (seed 0; training episodes),boxing,0,101362,70.0
Constraint suite (seed 0; training episodes),boxing,0,101920,72.0
Constraint suite (seed 0; training episodes),boxing,0,102927,38.0
Constraint suite (seed 0; training episodes),boxing,0,103932,40.0
Constraint suite (seed 0; training episodes),boxing,0,104641,64.0
Constraint suite (seed 0; training episodes),boxing,0,105390,62.0
Constraint suite (seed 0; training episodes),boxing,0,105928,71.0
Constraint suite (seed 0; training episodes),boxing,0,106847,40.0
Constraint suite (seed 0; training episodes),boxing,0,107515,66.0
Constraint suite (seed 0; training episodes),boxing,0,108550,34.0
Constraint suite (seed 0; training episodes),boxing,0,109475,55.0
Constraint suite (seed 0; training episodes),breakout,0,197,2.0
Constraint suite (seed 0; training episodes),breakout,0,406,2.0
Constraint suite (seed 0; training episodes),breakout,0,589,1.0
Constraint suite (seed 0; training episodes),breakout,0,727,0.0
Constraint suite (seed 0; training episodes),breakout,0,900,1.0
Constraint suite (seed 0; training episodes),breakout,0,1030,0.0
Constraint suite (seed 0; training episodes),breakout,0,1244,2.0
Constraint suite (seed 0; training episodes),breakout,0,1387,0.0
Constraint suite (seed 0; training episodes),breakout,0,1575,1.0
Constraint suite (seed 0; training episodes),breakout,0,1855,3.0
Constraint suite (seed 0; training episodes),breakout,0,2050,1.0
Constraint suite (seed 0; training episodes),breakout,0,2234,1.0
Constraint suite (seed 0; training episodes),breakout,0,2472,3.0
Constraint suite (seed 0; training episodes),breakout,0,2606,0.0
Constraint suite (seed 0; training episodes),breakout,0,2836,2.0
Constraint suite (seed 0; training episodes),breakout,0,2962,0.0
Constraint suite (seed 0; training episodes),breakout,0,3137,1.0
Constraint suite (seed 0; training episodes),breakout,0,3263,0.0
Constraint suite (seed 0; training episodes),breakout,0,3435,1.0
Constraint suite (seed 0; training episodes),breakout,0,3627,1.0
Constraint suite (seed 0; training episodes),breakout,0,3795,1.0
Constraint suite (seed 0; training episodes),breakout,0,4137,5.0
Constraint suite (seed 0; training episodes),breakout,0,4309,1.0
Constraint suite (seed 0; training episodes),breakout,0,4442,0.0
Constraint suite (seed 0; training episodes),breakout,0,4637,1.0
Constraint suite (seed 0; training episodes),breakout,0,4770,0.0
Constraint suite (seed 0; training episodes),breakout,0,5023,3.0
Constraint suite (seed 0; training episodes),breakout,0,5153,0.0
Constraint suite (seed 0; training episodes),breakout,0,5277,0.0
Constraint suite (seed 0; training episodes),breakout,0,5483,2.0
Constraint suite (seed 0; training episodes),breakout,0,5852,5.0
Constraint suite (seed 0; training episodes),breakout,0,5978,0.0
Constraint suite (seed 0; training episodes),breakout,0,6108,0.0
Constraint suite (seed 0; training episodes),breakout,0,6318,2.0
Constraint suite (seed 0; training episodes),breakout,0,6445,0.0
Constraint suite (seed 0; training episodes),breakout,0,6571,0.0
Constraint suite (seed 0; training episodes),breakout,0,6879,4.0
Constraint suite (seed 0; training episodes),breakout,0,7008,0.0
Constraint suite (seed 0; training episodes),breakout,0,7140,0.0
Constraint suite (seed 0; training episodes),breakout,0,7270,0.0
Constraint suite (seed 0; training episodes),breakout,0,7394,0.0
Constraint suite (seed 0; training episodes),breakout,0,7596,2.0
Constraint suite (seed 0; training episodes),breakout,0,7738,0.0
Constraint suite (seed 0; training episodes),breakout,0,8044,4.0
Constraint suite (seed 0; training episodes),breakout,0,8275,0.0
Constraint suite (seed 0; training episodes),breakout,0,8566,7.0
Constraint suite (seed 0; training episodes),breakout,0,8770,2.0
Constraint suite (seed 0; training episodes),breakout,0,9092,0.0
Constraint suite (seed 0; training episodes),breakout,0,9323,2.0
Constraint suite (seed 0; training episodes),breakout,0,9619,0.0
Constraint suite (seed 0; training episodes),breakout,0,10019,3.0
Constraint suite (seed 0; training episodes),breakout,0,10253,1.0
Constraint suite (seed 0; training episodes),breakout,0,10707,0.0
Constraint suite (seed 0; training episodes),breakout,0,10860,0.0
Constraint suite (seed 0; training episodes),breakout,0,10982,0.0
Constraint suite (seed 0; training episodes),breakout,0,11153,1.0
Constraint suite (seed 0; training episodes),breakout,0,11454,0.0
Constraint suite (seed 0; training episodes),breakout,0,11985,0.0
Constraint suite (seed 0; training episodes),breakout,0,13272,2.0
Constraint suite (seed 0; training episodes),breakout,0,13639,5.0
Constraint suite (seed 0; training episodes),breakout,0,13894,3.0
Constraint suite (seed 0; training episodes),breakout,0,14415,0.0
Constraint suite (seed 0; training episodes),breakout,0,14721,0.0
Constraint suite (seed 0; training episodes),breakout,0,15124,3.0
Constraint suite (seed 0; training episodes),breakout,0,15522,2.0
Constraint suite (seed 0; training episodes),breakout,0,15800,3.0
Constraint suite (seed 0; training episodes),breakout,0,16314,0.0
Constraint suite (seed 0; training episodes),breakout,0,16591,1.0
Constraint suite (seed 0; training episodes),breakout,0,17250,0.0
Constraint suite (seed 0; training episodes),breakout,0,17491,3.0
Constraint suite (seed 0; training episodes),breakout,0,18028,0.0
Constraint suite (seed 0; training episodes),breakout,0,18509,4.0
Constraint suite (seed 0; training episodes),breakout,0,18724,1.0
Constraint suite (seed 0; training episodes),breakout,0,19057,1.0
Constraint suite (seed 0; training episodes),breakout,0,19341,0.0
Constraint suite (seed 0; training episodes),breakout,0,19782,0.0
Constraint suite (seed 0; training episodes),breakout,0,21084,3.0
Constraint suite (seed 0; training episodes),breakout,0,21550,3.0
Constraint suite (seed 0; training episodes),breakout,0,22222,2.0
Constraint suite (seed 0; training episodes),breakout,0,22481,1.0
Constraint suite (seed 0; training episodes),breakout,0,22691,0.0
Constraint suite (seed 0; training episodes),breakout,0,22981,0.0
Constraint suite (seed 0; training episodes),breakout,0,23317,0.0
Constraint suite (seed 0; training episodes),breakout,0,24060,0.0
Constraint suite (seed 0; training episodes),breakout,0,24656,2.0
Constraint suite (seed 0; training episodes),breakout,0,24882,0.0
Constraint suite (seed 0; training episodes),breakout,0,25123,1.0
Constraint suite (seed 0; training episodes),breakout,0,25354,0.0
Constraint suite (seed 0; training episodes),breakout,0,26309,0.0
Constraint suite (seed 0; training episodes),breakout,0,26545,0.0
Constraint suite (seed 0; training episodes),breakout,0,26685,0.0
Constraint suite (seed 0; training episodes),breakout,0,26827,0.0
Constraint suite (seed 0; training episodes),breakout,0,27104,3.0
Constraint suite (seed 0; training episodes),breakout,0,27444,5.0
Constraint suite (seed 0; training episodes),breakout,0,27813,5.0
Constraint suite (seed 0; training episodes),breakout,0,28012,2.0
Constraint suite (seed 0; training episodes),breakout,0,28210,2.0
Constraint suite (seed 0; training episodes),breakout,0,28418,2.0
Constraint suite (seed 0; training episodes),breakout,0,28735,4.0
Constraint suite (seed 0; training episodes),breakout,0,29022,3.0
Constraint suite (seed 0; training episodes),breakout,0,29567,3.0
Constraint suite (seed 0; training episodes),breakout,0,30043,2.0
Constraint suite (seed 0; training episodes),breakout,0,30298,3.0
Constraint suite (seed 0; training episodes),breakout,0,30558,2.0
Constraint suite (seed 0; training episodes),breakout,0,31017,0.0
Constraint suite (seed 0; training episodes),breakout,0,31326,3.0
Constraint suite (seed 0; training episodes),breakout,0,31650,4.0
Constraint suite (seed 0; training episodes),breakout,0,31856,2.0
Constraint suite (seed 0; training episodes),breakout,0,32060,2.0
Constraint suite (seed 0; training episodes),breakout,0,32308,3.0
Constraint suite (seed 0; training episodes),breakout,0,32525,2.0
Constraint suite (seed 0; training episodes),breakout,0,32724,2.0
Constraint suite (seed 0; training episodes),breakout,0,32994,3.0
Constraint suite (seed 0; training episodes),breakout,0,33193,2.0
Constraint suite (seed 0; training episodes),breakout,0,33393,2.0
Constraint suite (seed 0; training episodes),breakout,0,33594,2.0
Constraint suite (seed 0; training episodes),breakout,0,33794,2.0
Constraint suite (seed 0; training episodes),breakout,0,33996,2.0
Constraint suite (seed 0; training episodes),breakout,0,34194,2.0
Constraint suite (seed 0; training episodes),breakout,0,34394,2.0
Constraint suite (seed 0; training episodes),breakout,0,34593,2.0
Constraint suite (seed 0; training episodes),breakout,0,34918,2.0
Constraint suite (seed 0; training episodes),breakout,0,35083,0.0
Constraint suite (seed 0; training episodes),breakout,0,35344,3.0
Constraint suite (seed 0; training episodes),breakout,0,35543,2.0
Constraint suite (seed 0; training episodes),breakout,0,35797,3.0
Constraint suite (seed 0; training episodes),breakout,0,35997,2.0
Constraint suite (seed 0; training episodes),breakout,0,36294,4.0
Constraint suite (seed 0; training episodes),breakout,0,36494,2.0
Constraint suite (seed 0; training episodes),breakout,0,36744,3.0
Constraint suite (seed 0; training episodes),breakout,0,36944,2.0
Constraint suite (seed 0; training episodes),breakout,0,37217,3.0
Constraint suite (seed 0; training episodes),breakout,0,37556,2.0
Constraint suite (seed 0; training episodes),breakout,0,37797,2.0
Constraint suite (seed 0; training episodes),breakout,0,38347,4.0
Constraint suite (seed 0; training episodes),breakout,0,38547,2.0
Constraint suite (seed 0; training episodes),breakout,0,38930,4.0
Constraint suite (seed 0; training episodes),breakout,0,39178,3.0
Constraint suite (seed 0; training episodes),breakout,0,39380,2.0
Constraint suite (seed 0; training episodes),breakout,0,39580,2.0
Constraint suite (seed 0; training episodes),breakout,0,39873,2.0
Constraint suite (seed 0; training episodes),breakout,0,40215,2.0
Constraint suite (seed 0; training episodes),breakout,0,40415,2.0
Constraint suite (seed 0; training episodes),breakout,0,40664,3.0
Constraint suite (seed 0; training episodes),breakout,0,40911,3.0
Constraint suite (seed 0; training episodes),breakout,0,41111,2.0
Constraint suite (seed 0; training episodes),breakout,0,41310,2.0
Constraint suite (seed 0; training episodes),breakout,0,41510,2.0
Constraint suite (seed 0; training episodes),breakout,0,41711,2.0
Constraint suite (seed 0; training episodes),breakout,0,41967,3.0
Constraint suite (seed 0; training episodes),breakout,0,42166,2.0
Constraint suite (seed 0; training episodes),breakout,0,42365,2.0
Constraint suite (seed 0; training episodes),breakout,0,42565,2.0
Constraint suite (seed 0; training episodes),breakout,0,42861,3.0
Constraint suite (seed 0; training episodes),breakout,0,43061,2.0
Constraint suite (seed 0; training episodes),breakout,0,43309,3.0
Constraint suite (seed 0; training episodes),breakout,0,43511,2.0
Constraint suite (seed 0; training episodes),breakout,0,43861,5.0
Constraint suite (seed 0; training episodes),breakout,0,44189,2.0
Constraint suite (seed 0; training episodes),breakout,0,44535,4.0
Constraint suite (seed 0; training episodes),breakout,0,44735,2.0
Constraint suite (seed 0; training episodes),breakout,0,44935,2.0
Constraint suite (seed 0; training episodes),breakout,0,45391,4.0
Constraint suite (seed 0; training episodes),breakout,0,45591,2.0
Constraint suite (seed 0; training episodes),breakout,0,45840,3.0
Constraint suite (seed 0; training episodes),breakout,0,46041,2.0
Constraint suite (seed 0; training episodes),breakout,0,46295,3.0
Constraint suite (seed 0; training episodes),breakout,0,46582,3.0
Constraint suite (seed 0; training episodes),breakout,0,47128,5.0
Constraint suite (seed 0; training episodes),breakout,0,47328,2.0
Constraint suite (seed 0; training episodes),breakout,0,47578,3.0
Constraint suite (seed 0; training episodes),breakout,0,47778,2.0
Constraint suite (seed 0; training episodes),breakout,0,48015,2.0
Constraint suite (seed 0; training episodes),breakout,0,48296,3.0
Constraint suite (seed 0; training episodes),breakout,0,48653,2.0
Constraint suite (seed 0; training episodes),breakout,0,48973,3.0
Constraint suite (seed 0; training episodes),breakout,0,49225,2.0
Constraint suite (seed 0; training episodes),breakout,0,49505,2.0
Constraint suite (seed 0; training episodes),breakout,0,49801,3.0
Constraint suite (seed 0; training episodes),breakout,0,50160,2.0
Constraint suite (seed 0; training episodes),breakout,0,50499,4.0
Constraint suite (seed 0; training episodes),breakout,0,51040,2.0
Constraint suite (seed 0; training episodes),breakout,0,51384,3.0
Constraint suite (seed 0; training episodes),breakout,0,51585,2.0
Constraint suite (seed 0; training episodes),breakout,0,51808,2.0
Constraint suite (seed 0; training episodes),breakout,0,52048,2.0
Constraint suite (seed 0; training episodes),breakout,0,52249,2.0
Constraint suite (seed 0; training episodes),breakout,0,52520,3.0
Constraint suite (seed 0; training episodes),breakout,0,52722,2.0
Constraint suite (seed 0; training episodes),breakout,0,53093,3.0
Constraint suite (seed 0; training episodes),breakout,0,53458,2.0
Constraint suite (seed 0; training episodes),breakout,0,53659,2.0
Constraint suite (seed 0; training episodes),breakout,0,53859,2.0
Constraint suite (seed 0; training episodes),breakout,0,54059,2.0
Constraint suite (seed 0; training episodes),breakout,0,54532,3.0
Constraint suite (seed 0; training episodes),breakout,0,54880,3.0
Constraint suite (seed 0; training episodes),breakout,0,55534,2.0
Constraint suite (seed 0; training episodes),breakout,0,55835,3.0
Constraint suite (seed 0; training episodes),breakout,0,56104,3.0
Constraint suite (seed 0; training episodes),breakout,0,56394,2.0
Constraint suite (seed 0; training episodes),breakout,0,56594,2.0
Constraint suite (seed 0; training episodes),breakout,0,56823,3.0
Constraint suite (seed 0; training episodes),breakout,0,57149,2.0
Constraint suite (seed 0; training episodes),breakout,0,57507,4.0
Constraint suite (seed 0; training episodes),breakout,0,57782,3.0
Constraint suite (seed 0; training episodes),breakout,0,58080,4.0
Constraint suite (seed 0; training episodes),breakout,0,58747,5.0
Constraint suite (seed 0; training episodes),breakout,0,59075,2.0
Constraint suite (seed 0; training episodes),breakout,0,59398,2.0
Constraint suite (seed 0; training episodes),breakout,0,59793,3.0
Constraint suite (seed 0; training episodes),breakout,0,60151,2.0
Constraint suite (seed 0; training episodes),breakout,0,60557,4.0
Constraint suite (seed 0; training episodes),breakout,0,60899,3.0
Constraint suite (seed 0; training episodes),breakout,0,61414,4.0
Constraint suite (seed 0; training episodes),breakout,0,61724,3.0
Constraint suite (seed 0; training episodes),breakout,0,62350,2.0
Constraint suite (seed 0; training episodes),breakout,0,63020,3.0
Constraint suite (seed 0; training episodes),breakout,0,63548,2.0
Constraint suite (seed 0; training episodes),breakout,0,63826,3.0
Constraint suite (seed 0; training episodes),breakout,0,64254,5.0
Constraint suite (seed 0; training episodes),breakout,0,65304,3.0
Constraint suite (seed 0; training episodes),breakout,0,65740,5.0
Constraint suite (seed 0; training episodes),breakout,0,66277,2.0
Constraint suite (seed 0; training episodes),breakout,0,67055,3.0
Constraint suite (seed 0; training episodes),breakout,0,67399,3.0
Constraint suite (seed 0; training episodes),breakout,0,68384,6.0
Constraint suite (seed 0; training episodes),breakout,0,68906,4.0
Constraint suite (seed 0; training episodes),breakout,0,69531,3.0
Constraint suite (seed 0; training episodes),breakout,0,69850,3.0
Constraint suite (seed 0; training episodes),breakout,0,70489,2.0
Constraint suite (seed 0; training episodes),breakout,0,70989,5.0
Constraint suite (seed 0; training episodes),breakout,0,71333,2.0
Constraint suite (seed 0; training episodes),breakout,0,71753,3.0
Constraint suite (seed 0; training episodes),breakout,0,71958,2.0
Constraint suite (seed 0; training episodes),breakout,0,72423,3.0
Constraint suite (seed 0; training episodes),breakout,0,72933,2.0
Constraint suite (seed 0; training episodes),breakout,0,73766,3.0
Constraint suite (seed 0; training episodes),breakout,0,74362,11.0
Constraint suite (seed 0; training episodes),breakout,0,74630,2.0
Constraint suite (seed 0; training episodes),breakout,0,75239,3.0
Constraint suite (seed 0; training episodes),breakout,0,75743,3.0
Constraint suite (seed 0; training episodes),breakout,0,76037,3.0
Constraint suite (seed 0; training episodes),breakout,0,76301,3.0
Constraint suite (seed 0; training episodes),breakout,0,76609,4.0
Constraint suite (seed 0; training episodes),breakout,0,76897,7.0
Constraint suite (seed 0; training episodes),breakout,0,77102,1.0
Constraint suite (seed 0; training episodes),breakout,0,77460,2.0
Constraint suite (seed 0; training episodes),breakout,0,77902,4.0
Constraint suite (seed 0; training episodes),breakout,0,78354,5.0
Constraint suite (seed 0; training episodes),breakout,0,78657,4.0
Constraint suite (seed 0; training episodes),breakout,0,79071,4.0
Constraint suite (seed 0; training episodes),breakout,0,79334,3.0
Constraint suite (seed 0; training episodes),breakout,0,79660,5.0
Constraint suite (seed 0; training episodes),breakout,0,80063,7.0
Constraint suite (seed 0; training episodes),breakout,0,80351,3.0
Constraint suite (seed 0; training episodes),breakout,0,80777,2.0
Constraint suite (seed 0; training episodes),breakout,0,81313,9.0
Constraint suite (seed 0; training episodes),breakout,0,81723,4.0
Constraint suite (seed 0; training episodes),breakout,0,82069,4.0
Constraint suite (seed 0; training episodes),breakout,0,82440,6.0
Constraint suite (seed 0; training episodes),breakout,0,82653,2.0
Constraint suite (seed 0; training episodes),breakout,0,83001,4.0
Constraint suite (seed 0; training episodes),breakout,0,83374,6.0
Constraint suite (seed 0; training episodes),breakout,0,83730,3.0
Constraint suite (seed 0; training episodes),breakout,0,84249,5.0
Constraint suite (seed 0; training episodes),breakout,0,84512,3.0
Constraint suite (seed 0; training episodes),breakout,0,84896,6.0
Constraint suite (seed 0; training episodes),breakout,0,85204,4.0
Constraint suite (seed 0; training episodes),breakout,0,85480,4.0
Constraint suite (seed 0; training episodes),breakout,0,85830,5.0
Constraint suite (seed 0; training episodes),breakout,0,86356,10.0
Constraint suite (seed 0; training episodes),breakout,0,86682,4.0
Constraint suite (seed 0; training episodes),breakout,0,87072,6.0
Constraint suite (seed 0; training episodes),breakout,0,87461,6.0
Constraint suite (seed 0; training episodes),breakout,0,87769,4.0
Constraint suite (seed 0; training episodes),breakout,0,88032,3.0
Constraint suite (seed 0; training episodes),breakout,0,88416,6.0
Constraint suite (seed 0; training episodes),breakout,0,88733,4.0
Constraint suite (seed 0; training episodes),breakout,0,89095,6.0
Constraint suite (seed 0; training episodes),breakout,0,89486,5.0
Constraint suite (seed 0; training episodes),breakout,0,89967,5.0
Constraint suite (seed 0; training episodes),breakout,0,90304,6.0
Constraint suite (seed 0; training episodes),breakout,0,90705,7.0
Constraint suite (seed 0; training episodes),breakout,0,91008,4.0
Constraint suite (seed 0; training episodes),breakout,0,91263,3.0
Constraint suite (seed 0; training episodes),breakout,0,91496,3.0
Constraint suite (seed 0; training episodes),breakout,0,91944,8.0
Constraint suite (seed 0; training episodes),breakout,0,92292,5.0
Constraint suite (seed 0; training episodes),breakout,0,92853,9.0
Constraint suite (seed 0; training episodes),breakout,0,93150,4.0
Constraint suite (seed 0; training episodes),breakout,0,93503,5.0
Constraint suite (seed 0; training episodes),breakout,0,93980,7.0
Constraint suite (seed 0; training episodes),breakout,0,94445,7.0
Constraint suite (seed 0; training episodes),breakout,0,94953,7.0
Constraint suite (seed 0; training episodes),breakout,0,95510,10.0
Constraint suite (seed 0; training episodes),breakout,0,95936,6.0
Constraint suite (seed 0; training episodes),breakout,0,96320,4.0
Constraint suite (seed 0; training episodes),breakout,0,96871,7.0
Constraint suite (seed 0; training episodes),breakout,0,97158,4.0
Constraint suite (seed 0; training episodes),breakout,0,97579,7.0
Constraint suite (seed 0; training episodes),breakout,0,97934,6.0
Constraint suite (seed 0; training episodes),breakout,0,98308,5.0
Constraint suite (seed 0; training episodes),breakout,0,98629,5.0
Constraint suite (seed 0; training episodes),breakout,0,99054,8.0
Constraint suite (seed 0; training episodes),breakout,0,99407,5.0
Constraint suite (seed 0; training episodes),breakout,0,99786,5.0
Constraint suite (seed 0; training episodes),breakout,0,100181,7.0
Constraint suite (seed 0; training episodes),breakout,0,100488,5.0
Constraint suite (seed 0; training episodes),breakout,0,100925,5.0
Constraint suite (seed 0; training episodes),breakout,0,101204,4.0
Constraint suite (seed 0; training episodes),breakout,0,101577,6.0
Constraint suite (seed 0; training episodes),breakout,0,102058,11.0
Constraint suite (seed 0; training episodes),breakout,0,102328,4.0
Constraint suite (seed 0; training episodes),breakout,0,102640,4.0
Constraint suite (seed 0; training episodes),breakout,0,102975,6.0
Constraint suite (seed 0; training episodes),breakout,0,103455,8.0
Constraint suite (seed 0; training episodes),breakout,0,103773,4.0
Constraint suite (seed 0; training episodes),breakout,0,104195,7.0
Constraint suite (seed 0; training episodes),breakout,0,104563,4.0
Constraint suite (seed 0; training episodes),breakout,0,104882,3.0
Constraint suite (seed 0; training episodes),breakout,0,105359,7.0
Constraint suite (seed 0; training episodes),breakout,0,105677,5.0
Constraint suite (seed 0; training episodes),breakout,0,106052,6.0
Constraint suite (seed 0; training episodes),breakout,0,106480,10.0
Constraint suite (seed 0; training episodes),breakout,0,107038,7.0
Constraint suite (seed 0; training episodes),breakout,0,107443,7.0
Constraint suite (seed 0; training episodes),breakout,0,107777,8.0
Constraint suite (seed 0; training episodes),breakout,0,108295,10.0
Constraint suite (seed 0; training episodes),breakout,0,108918,14.0
Constraint suite (seed 0; training episodes),breakout,0,109130,2.0
Constraint suite (seed 0; training episodes),breakout,0,109531,6.0
Constraint suite (seed 0; training episodes),breakout,0,109815,4.0
Constraint suite (seed 0; training episodes),chopper_command,0,720,600.0
Constraint suite (seed 0; training episodes),chopper_command,0,1991,1200.0
Constraint suite (seed 0; training episodes),chopper_command,0,2584,500.0
Constraint suite (seed 0; training episodes),chopper_command,0,3787,700.0
Constraint suite (seed 0; training episodes),chopper_command,0,4289,500.0
Constraint suite (seed 0; training episodes),chopper_command,0,4911,200.0
Constraint suite (seed 0; training episodes),chopper_command,0,5714,400.0
Constraint suite (seed 0; training episodes),chopper_command,0,6257,700.0
Constraint suite (seed 0; training episodes),chopper_command,0,6935,800.0
Constraint suite (seed 0; training episodes),chopper_command,0,7699,700.0
Constraint suite (seed 0; training episodes),chopper_command,0,8936,1100.0
Constraint suite (seed 0; training episodes),chopper_command,0,9551,700.0
Constraint suite (seed 0; training episodes),chopper_command,0,9951,600.0
Constraint suite (seed 0; training episodes),chopper_command,0,10416,800.0
Constraint suite (seed 0; training episodes),chopper_command,0,11060,900.0
Constraint suite (seed 0; training episodes),chopper_command,0,11355,300.0
Constraint suite (seed 0; training episodes),chopper_command,0,12298,700.0
Constraint suite (seed 0; training episodes),chopper_command,0,12750,500.0
Constraint suite (seed 0; training episodes),chopper_command,0,13315,300.0
Constraint suite (seed 0; training episodes),chopper_command,0,13820,600.0
Constraint suite (seed 0; training episodes),chopper_command,0,14754,1100.0
Constraint suite (seed 0; training episodes),chopper_command,0,15039,300.0
Constraint suite (seed 0; training episodes),chopper_command,0,15279,400.0
Constraint suite (seed 0; training episodes),chopper_command,0,15609,500.0
Constraint suite (seed 0; training episodes),chopper_command,0,16297,500.0
Constraint suite (seed 0; training episodes),chopper_command,0,16851,900.0
Constraint suite (seed 0; training episodes),chopper_command,0,17596,500.0
Constraint suite (seed 0; training episodes),chopper_command,0,18099,200.0
Constraint suite (seed 0; training episodes),chopper_command,0,19506,600.0
Constraint suite (seed 0; training episodes),chopper_command,0,19913,500.0
Constraint suite (seed 0; training episodes),chopper_command,0,20354,700.0
Constraint suite (seed 0; training episodes),chopper_command,0,20956,700.0
Constraint suite (seed 0; training episodes),chopper_command,0,21374,900.0
Constraint suite (seed 0; training episodes),chopper_command,0,21781,500.0
Constraint suite (seed 0; training episodes),chopper_command,0,22991,600.0
Constraint suite (seed 0; training episodes),chopper_command,0,23356,800.0
Constraint suite (seed 0; training episodes),chopper_command,0,24339,700.0
Constraint suite (seed 0; training episodes),chopper_command,0,24780,300.0
Constraint suite (seed 0; training episodes),chopper_command,0,25735,700.0
Constraint suite (seed 0; training episodes),chopper_command,0,26240,600.0
Constraint suite (seed 0; training episodes),chopper_command,0,27262,900.0
Constraint suite (seed 0; training episodes),chopper_command,0,29766,900.0
Constraint suite (seed 0; training episodes),chopper_command,0,30174,500.0
Constraint suite (seed 0; training episodes),chopper_command,0,30670,700.0
Constraint suite (seed 0; training episodes),chopper_command,0,30974,600.0
Constraint suite (seed 0; training episodes),chopper_command,0,31914,800.0
Constraint suite (seed 0; training episodes),chopper_command,0,32284,600.0
Constraint suite (seed 0; training episodes),chopper_command,0,33464,700.0
Constraint suite (seed 0; training episodes),chopper_command,0,34594,800.0
Constraint suite (seed 0; training episodes),chopper_command,0,34882,500.0
Constraint suite (seed 0; training episodes),chopper_command,0,35133,700.0
Constraint suite (seed 0; training episodes),chopper_command,0,35522,500.0
Constraint suite (seed 0; training episodes),chopper_command,0,35932,800.0
Constraint suite (seed 0; training episodes),chopper_command,0,36396,900.0
Constraint suite (seed 0; training episodes),chopper_command,0,37023,600.0
Constraint suite (seed 0; training episodes),chopper_command,0,37281,500.0
Constraint suite (seed 0; training episodes),chopper_command,0,37736,500.0
Constraint suite (seed 0; training episodes),chopper_command,0,37965,400.0
Constraint suite (seed 0; training episodes),chopper_command,0,38584,500.0
Constraint suite (seed 0; training episodes),chopper_command,0,39008,1000.0
Constraint suite (seed 0; training episodes),chopper_command,0,39234,400.0
Constraint suite (seed 0; training episodes),chopper_command,0,39451,300.0
Constraint suite (seed 0; training episodes),chopper_command,0,40189,600.0
Constraint suite (seed 0; training episodes),chopper_command,0,40447,800.0
Constraint suite (seed 0; training episodes),chopper_command,0,40728,600.0
Constraint suite (seed 0; training episodes),chopper_command,0,40969,500.0
Constraint suite (seed 0; training episodes),chopper_command,0,41431,1000.0
Constraint suite (seed 0; training episodes),chopper_command,0,41807,600.0
Constraint suite (seed 0; training episodes),chopper_command,0,42602,1300.0
Constraint suite (seed 0; training episodes),chopper_command,0,43262,900.0
Constraint suite (seed 0; training episodes),chopper_command,0,44876,1100.0
Constraint suite (seed 0; training episodes),chopper_command,0,45958,1000.0
Constraint suite (seed 0; training episodes),chopper_command,0,47202,1000.0
Constraint suite (seed 0; training episodes),chopper_command,0,47555,800.0
Constraint suite (seed 0; training episodes),chopper_command,0,47876,500.0
Constraint suite (seed 0; training episodes),chopper_command,0,48115,700.0
Constraint suite (seed 0; training episodes),chopper_command,0,48366,700.0
Constraint suite (seed 0; training episodes),chopper_command,0,48564,500.0
Constraint suite (seed 0; training episodes),chopper_command,0,49082,1300.0
Constraint suite (seed 0; training episodes),chopper_command,0,50172,900.0
Constraint suite (seed 0; training episodes),chopper_command,0,50589,900.0
Constraint suite (seed 0; training episodes),chopper_command,0,50939,700.0
Constraint suite (seed 0; training episodes),chopper_command,0,51245,1100.0
Constraint suite (seed 0; training episodes),chopper_command,0,51741,1000.0
Constraint suite (seed 0; training episodes),chopper_command,0,51920,500.0
Constraint suite (seed 0; training episodes),chopper_command,0,52179,700.0
Constraint suite (seed 0; training episodes),chopper_command,0,52423,500.0
Constraint suite (seed 0; training episodes),chopper_command,0,52748,800.0
Constraint suite (seed 0; training episodes),chopper_command,0,53162,800.0
Constraint suite (seed 0; training episodes),chopper_command,0,53658,1100.0
Constraint suite (seed 0; training episodes),chopper_command,0,55403,1700.0
Constraint suite (seed 0; training episodes),chopper_command,0,55780,500.0
Constraint suite (seed 0; training episodes),chopper_command,0,56185,600.0
Constraint suite (seed 0; training episodes),chopper_command,0,57963,1200.0
Constraint suite (seed 0; training episodes),chopper_command,0,58613,800.0
Constraint suite (seed 0; training episodes),chopper_command,0,58913,500.0
Constraint suite (seed 0; training episodes),chopper_command,0,59805,600.0
Constraint suite (seed 0; training episodes),chopper_command,0,60168,500.0
Constraint suite (seed 0; training episodes),chopper_command,0,60587,1000.0
Constraint suite (seed 0; training episodes),chopper_command,0,60848,600.0
Constraint suite (seed 0; training episodes),chopper_command,0,61106,700.0
Constraint suite (seed 0; training episodes),chopper_command,0,61530,1000.0
Constraint suite (seed 0; training episodes),chopper_command,0,62165,1000.0
Constraint suite (seed 0; training episodes),chopper_command,0,62456,600.0
Constraint suite (seed 0; training episodes),chopper_command,0,63500,1200.0
Constraint suite (seed 0; training episodes),chopper_command,0,63745,700.0
Constraint suite (seed 0; training episodes),chopper_command,0,64533,1300.0
Constraint suite (seed 0; training episodes),chopper_command,0,64830,400.0
Constraint suite (seed 0; training episodes),chopper_command,0,65039,600.0
Constraint suite (seed 0; training episodes),chopper_command,0,65541,1100.0
Constraint suite (seed 0; training episodes),chopper_command,0,65847,600.0
Constraint suite (seed 0; training episodes),chopper_command,0,66167,800.0
Constraint suite (seed 0; training episodes),chopper_command,0,66382,500.0
Constraint suite (seed 0; training episodes),chopper_command,0,66635,700.0
Constraint suite (seed 0; training episodes),chopper_command,0,67278,1100.0
Constraint suite (seed 0; training episodes),chopper_command,0,67890,800.0
Constraint suite (seed 0; training episodes),chopper_command,0,68156,200.0
Constraint suite (seed 0; training episodes),chopper_command,0,68644,700.0
Constraint suite (seed 0; training episodes),chopper_command,0,68941,500.0
Constraint suite (seed 0; training episodes),chopper_command,0,69183,800.0
Constraint suite (seed 0; training episodes),chopper_command,0,69439,800.0
Constraint suite (seed 0; training episodes),chopper_command,0,69900,1000.0
Constraint suite (seed 0; training episodes),chopper_command,0,70145,600.0
Constraint suite (seed 0; training episodes),chopper_command,0,70399,700.0
Constraint suite (seed 0; training episodes),chopper_command,0,70641,700.0
Constraint suite (seed 0; training episodes),chopper_command,0,70952,1000.0
Constraint suite (seed 0; training episodes),chopper_command,0,71367,700.0
Constraint suite (seed 0; training episodes),chopper_command,0,71645,800.0
Constraint suite (seed 0; training episodes),chopper_command,0,72245,1000.0
Constraint suite (seed 0; training episodes),chopper_command,0,72806,900.0
Constraint suite (seed 0; training episodes),chopper_command,0,73355,600.0
Constraint suite (seed 0; training episodes),chopper_command,0,74028,900.0
Constraint suite (seed 0; training episodes),chopper_command,0,74282,400.0
Constraint suite (seed 0; training episodes),chopper_command,0,74711,400.0
Constraint suite (seed 0; training episodes),chopper_command,0,75171,1100.0
Constraint suite (seed 0; training episodes),chopper_command,0,75556,700.0
Constraint suite (seed 0; training episodes),chopper_command,0,76496,1300.0
Constraint suite (seed 0; training episodes),chopper_command,0,77354,1300.0
Constraint suite (seed 0; training episodes),chopper_command,0,77940,1200.0
Constraint suite (seed 0; training episodes),chopper_command,0,78241,900.0
Constraint suite (seed 0; training episodes),chopper_command,0,78861,1000.0
Constraint suite (seed 0; training episodes),chopper_command,0,79398,800.0
Constraint suite (seed 0; training episodes),chopper_command,0,79719,1000.0
Constraint suite (seed 0; training episodes),chopper_command,0,80049,400.0
Constraint suite (seed 0; training episodes),chopper_command,0,80297,700.0
Constraint suite (seed 0; training episodes),chopper_command,0,80948,1000.0
Constraint suite (seed 0; training episodes),chopper_command,0,82663,1100.0
Constraint suite (seed 0; training episodes),chopper_command,0,83036,500.0
Constraint suite (seed 0; training episodes),chopper_command,0,83322,600.0
Constraint suite (seed 0; training episodes),chopper_command,0,83547,600.0
Constraint suite (seed 0; training episodes),chopper_command,0,83804,600.0
Constraint suite (seed 0; training episodes),chopper_command,0,84111,900.0
Constraint suite (seed 0; training episodes),chopper_command,0,84733,700.0
Constraint suite (seed 0; training episodes),chopper_command,0,85156,1000.0
Constraint suite (seed 0; training episodes),chopper_command,0,85417,600.0
Constraint suite (seed 0; training episodes),chopper_command,0,85864,800.0
Constraint suite (seed 0; training episodes),chopper_command,0,86251,400.0
Constraint suite (seed 0; training episodes),chopper_command,0,86620,800.0
Constraint suite (seed 0; training episodes),chopper_command,0,86859,800.0
Constraint suite (seed 0; training episodes),chopper_command,0,87400,700.0
Constraint suite (seed 0; training episodes),chopper_command,0,87978,1400.0
Constraint suite (seed 0; training episodes),chopper_command,0,88232,700.0
Constraint suite (seed 0; training episodes),chopper_command,0,88675,300.0
Constraint suite (seed 0; training episodes),chopper_command,0,89133,800.0
Constraint suite (seed 0; training episodes),chopper_command,0,89504,1000.0
Constraint suite (seed 0; training episodes),chopper_command,0,89790,700.0
Constraint suite (seed 0; training episodes),chopper_command,0,90217,1000.0
Constraint suite (seed 0; training episodes),chopper_command,0,90542,400.0
Constraint suite (seed 0; training episodes),chopper_command,0,91063,1000.0
Constraint suite (seed 0; training episodes),chopper_command,0,91647,800.0
Constraint suite (seed 0; training episodes),chopper_command,0,92006,500.0
Constraint suite (seed 0; training episodes),chopper_command,0,92534,1000.0
Constraint suite (seed 0; training episodes),chopper_command,0,93025,1000.0
Constraint suite (seed 0; training episodes),chopper_command,0,93396,1100.0
Constraint suite (seed 0; training episodes),chopper_command,0,93783,800.0
Constraint suite (seed 0; training episodes),chopper_command,0,94078,700.0
Constraint suite (seed 0; training episodes),chopper_command,0,94334,800.0
Constraint suite (seed 0; training episodes),chopper_command,0,94589,600.0
Constraint suite (seed 0; training episodes),chopper_command,0,95095,1100.0
Constraint suite (seed 0; training episodes),chopper_command,0,95482,900.0
Constraint suite (seed 0; training episodes),chopper_command,0,96002,1200.0
Constraint suite (seed 0; training episodes),chopper_command,0,96613,1000.0
Constraint suite (seed 0; training episodes),chopper_command,0,96914,900.0
Constraint suite (seed 0; training episodes),chopper_command,0,97330,1000.0
Constraint suite (seed 0; training episodes),chopper_command,0,97685,800.0
Constraint suite (seed 0; training episodes),chopper_command,0,98099,900.0
Constraint suite (seed 0; training episodes),chopper_command,0,98467,600.0
Constraint suite (seed 0; training episodes),chopper_command,0,99117,700.0
Constraint suite (seed 0; training episodes),chopper_command,0,99889,1100.0
Constraint suite (seed 0; training episodes),chopper_command,0,100134,500.0
Constraint suite (seed 0; training episodes),chopper_command,0,100420,800.0
Constraint suite (seed 0; training episodes),chopper_command,0,100741,800.0
Constraint suite (seed 0; training episodes),chopper_command,0,101319,600.0
Constraint suite (seed 0; training episodes),chopper_command,0,101580,700.0
Constraint suite (seed 0; training episodes),chopper_command,0,103054,1500.0
Constraint suite (seed 0; training episodes),chopper_command,0,103387,700.0
Constraint suite (seed 0; training episodes),chopper_command,0,103686,1100.0
Constraint suite (seed 0; training episodes),chopper_command,0,104325,800.0
Constraint suite (seed 0; training episodes),chopper_command,0,104623,700.0
Constraint suite (seed 0; training episodes),chopper_command,0,105144,900.0
Constraint suite (seed 0; training episodes),chopper_command,0,105400,500.0
Constraint suite (seed 0; training episodes),chopper_command,0,106014,1100.0
Constraint suite (seed 0; training episodes),chopper_command,0,106262,900.0
Constraint suite (seed 0; training episodes),chopper_command,0,106601,900.0
Constraint suite (seed 0; training episodes),chopper_command,0,106994,800.0
Constraint suite (seed 0; training episodes),chopper_command,0,107388,600.0
Constraint suite (seed 0; training episodes),chopper_command,0,108152,1100.0
Constraint suite (seed 0; training episodes),chopper_command,0,108395,800.0
Constraint suite (seed 0; training episodes),chopper_command,0,108694,1000.0
Constraint suite (seed 0; training episodes),chopper_command,0,109155,1200.0
Constraint suite (seed 0; training episodes),chopper_command,0,109433,1000.0
Constraint suite (seed 0; training episodes),chopper_command,0,109902,800.0
Constraint suite (seed 0; training episodes),crazy_climber,0,2253,4800.0
Constraint suite (seed 0; training episodes),crazy_climber,0,5379,8600.0
Constraint suite (seed 0; training episodes),crazy_climber,0,8745,6100.0
Constraint suite (seed 0; training episodes),crazy_climber,0,10961,11000.0
Constraint suite (seed 0; training episodes),crazy_climber,0,13416,11000.0
Constraint suite (seed 0; training episodes),crazy_climber,0,15934,28800.0
Constraint suite (seed 0; training episodes),crazy_climber,0,19370,29500.0
Constraint suite (seed 0; training episodes),crazy_climber,0,22307,28300.0
Constraint suite (seed 0; training episodes),crazy_climber,0,25384,52900.0
Constraint suite (seed 0; training episodes),crazy_climber,0,27881,29500.0
Constraint suite (seed 0; training episodes),crazy_climber,0,30150,37600.0
Constraint suite (seed 0; training episodes),crazy_climber,0,32630,38900.0
Constraint suite (seed 0; training episodes),crazy_climber,0,35356,32500.0
Constraint suite (seed 0; training episodes),crazy_climber,0,39533,81400.0
Constraint suite (seed 0; training episodes),crazy_climber,0,42076,42900.0
Constraint suite (seed 0; training episodes),crazy_climber,0,44787,38700.0
Constraint suite (seed 0; training episodes),crazy_climber,0,47378,50000.0
Constraint suite (seed 0; training episodes),crazy_climber,0,50654,50900.0
Constraint suite (seed 0; training episodes),crazy_climber,0,52979,39500.0
Constraint suite (seed 0; training episodes),crazy_climber,0,56198,66100.0
Constraint suite (seed 0; training episodes),crazy_climber,0,58775,33300.0
Constraint suite (seed 0; training episodes),crazy_climber,0,63078,87500.0
Constraint suite (seed 0; training episodes),crazy_climber,0,65528,28900.0
Constraint suite (seed 0; training episodes),crazy_climber,0,69530,77300.0
Constraint suite (seed 0; training episodes),crazy_climber,0,71734,37600.0
Constraint suite (seed 0; training episodes),crazy_climber,0,75782,100000.0
Constraint suite (seed 0; training episodes),crazy_climber,0,78624,55300.0
Constraint suite (seed 0; training episodes),crazy_climber,0,81068,32100.0
Constraint suite (seed 0; training episodes),crazy_climber,0,83248,38000.0
Constraint suite (seed 0; training episodes),crazy_climber,0,85436,38900.0
Constraint suite (seed 0; training episodes),crazy_climber,0,88223,58400.0
Constraint suite (seed 0; training episodes),crazy_climber,0,92376,87600.0
Constraint suite (seed 0; training episodes),crazy_climber,0,94647,28900.0
Constraint suite (seed 0; training episodes),crazy_climber,0,96915,44900.0
Constraint suite (seed 0; training episodes),crazy_climber,0,99482,51000.0
Constraint suite (seed 0; training episodes),crazy_climber,0,103092,96100.0
Constraint suite (seed 0; training episodes),crazy_climber,0,107293,69500.0
Constraint suite (seed 0; training episodes),demon_attack,0,217,30.0
Constraint suite (seed 0; training episodes),demon_attack,0,801,70.0
Constraint suite (seed 0; training episodes),demon_attack,0,2021,150.0
Constraint suite (seed 0; training episodes),demon_attack,0,2399,60.0
Constraint suite (seed 0; training episodes),demon_attack,0,4114,250.0
Constraint suite (seed 0; training episodes),demon_attack,0,9891,235.0
Constraint suite (seed 0; training episodes),demon_attack,0,10935,265.0
Constraint suite (seed 0; training episodes),demon_attack,0,11925,235.0
Constraint suite (seed 0; training episodes),demon_attack,0,13001,205.0
Constraint suite (seed 0; training episodes),demon_attack,0,14110,220.0
Constraint suite (seed 0; training episodes),demon_attack,0,14865,140.0
Constraint suite (seed 0; training episodes),demon_attack,0,15477,100.0
Constraint suite (seed 0; training episodes),demon_attack,0,15773,70.0
Constraint suite (seed 0; training episodes),demon_attack,0,16196,80.0
Constraint suite (seed 0; training episodes),demon_attack,0,18528,310.0
Constraint suite (seed 0; training episodes),demon_attack,0,19910,220.0
Constraint suite (seed 0; training episodes),demon_attack,0,20304,90.0
Constraint suite (seed 0; training episodes),demon_attack,0,21887,325.0
Constraint suite (seed 0; training episodes),demon_attack,0,22916,175.0
Constraint suite (seed 0; training episodes),demon_attack,0,23759,110.0
Constraint suite (seed 0; training episodes),demon_attack,0,24815,220.0
Constraint suite (seed 0; training episodes),demon_attack,0,26011,205.0
Constraint suite (seed 0; training episodes),demon_attack,0,26517,110.0
Constraint suite (seed 0; training episodes),demon_attack,0,27170,140.0
Constraint suite (seed 0; training episodes),demon_attack,0,28263,220.0
Constraint suite (seed 0; training episodes),demon_attack,0,31228,325.0
Constraint suite (seed 0; training episodes),demon_attack,0,32182,175.0
Constraint suite (seed 0; training episodes),demon_attack,0,33078,175.0
Constraint suite (seed 0; training episodes),demon_attack,0,33870,160.0
Constraint suite (seed 0; training episodes),demon_attack,0,35455,370.0
Constraint suite (seed 0; training episodes),demon_attack,0,37444,920.0
Constraint suite (seed 0; training episodes),demon_attack,0,38261,205.0
Constraint suite (seed 0; training episodes),demon_attack,0,39131,250.0
Constraint suite (seed 0; training episodes),demon_attack,0,39508,60.0
Constraint suite (seed 0; training episodes),demon_attack,0,40417,250.0
Constraint suite (seed 0; training episodes),demon_attack,0,40970,130.0
Constraint suite (seed 0; training episodes),demon_attack,0,41465,110.0
Constraint suite (seed 0; training episodes),demon_attack,0,42212,100.0
Constraint suite (seed 0; training episodes),demon_attack,0,42487,50.0
Constraint suite (seed 0; training episodes),demon_attack,0,42848,100.0
Constraint suite (seed 0; training episodes),demon_attack,0,43705,205.0
Constraint suite (seed 0; training episodes),demon_attack,0,44459,80.0
Constraint suite (seed 0; training episodes),demon_attack,0,45317,220.0
Constraint suite (seed 0; training episodes),demon_attack,0,45685,130.0
Constraint suite (seed 0; training episodes),demon_attack,0,46707,280.0
Constraint suite (seed 0; training episodes),demon_attack,0,47031,50.0
Constraint suite (seed 0; training episodes),demon_attack,0,48141,295.0
Constraint suite (seed 0; training episodes),demon_attack,0,49154,250.0
Constraint suite (seed 0; training episodes),demon_attack,0,49907,220.0
Constraint suite (seed 0; training episodes),demon_attack,0,50212,80.0
Constraint suite (seed 0; training episodes),demon_attack,0,51198,150.0
Constraint suite (seed 0; training episodes),demon_attack,0,51733,140.0
Constraint suite (seed 0; training episodes),demon_attack,0,53482,960.0
Constraint suite (seed 0; training episodes),demon_attack,0,53885,80.0
Constraint suite (seed 0; training episodes),demon_attack,0,54612,160.0
Constraint suite (seed 0; training episodes),demon_attack,0,55360,205.0
Constraint suite (seed 0; training episodes),demon_attack,0,55849,120.0
Constraint suite (seed 0; training episodes),demon_attack,0,56364,100.0
Constraint suite (seed 0; training episodes),demon_attack,0,57142,175.0
Constraint suite (seed 0; training episodes),demon_attack,0,58379,310.0
Constraint suite (seed 0; training episodes),demon_attack,0,59016,130.0
Constraint suite (seed 0; training episodes),demon_attack,0,59577,100.0
Constraint suite (seed 0; training episodes),demon_attack,0,60156,110.0
Constraint suite (seed 0; training episodes),demon_attack,0,60412,50.0
Constraint suite (seed 0; training episodes),demon_attack,0,61573,295.0
Constraint suite (seed 0; training episodes),demon_attack,0,62112,150.0
Constraint suite (seed 0; training episodes),demon_attack,0,62529,90.0
Constraint suite (seed 0; training episodes),demon_attack,0,63416,150.0
Constraint suite (seed 0; training episodes),demon_attack,0,64410,235.0
Constraint suite (seed 0; training episodes),demon_attack,0,64693,70.0
Constraint suite (seed 0; training episodes),demon_attack,0,65638,205.0
Constraint suite (seed 0; training episodes),demon_attack,0,66421,175.0
Constraint suite (seed 0; training episodes),demon_attack,0,66723,60.0
Constraint suite (seed 0; training episodes),demon_attack,0,67183,110.0
Constraint suite (seed 0; training episodes),demon_attack,0,67605,100.0
Constraint suite (seed 0; training episodes),demon_attack,0,68082,100.0
Constraint suite (seed 0; training episodes),demon_attack,0,68787,160.0
Constraint suite (seed 0; training episodes),demon_attack,0,69179,120.0
Constraint suite (seed 0; training episodes),demon_attack,0,69650,110.0
Constraint suite (seed 0; training episodes),demon_attack,0,70771,235.0
Constraint suite (seed 0; training episodes),demon_attack,0,71482,120.0
Constraint suite (seed 0; training episodes),demon_attack,0,71949,110.0
Constraint suite (seed 0; training episodes),demon_attack,0,72300,70.0
Constraint suite (seed 0; training episodes),demon_attack,0,73808,370.0
Constraint suite (seed 0; training episodes),demon_attack,0,74442,120.0
Constraint suite (seed 0; training episodes),demon_attack,0,75564,235.0
Constraint suite (seed 0; training episodes),demon_attack,0,75915,80.0
Constraint suite (seed 0; training episodes),demon_attack,0,77601,420.0
Constraint suite (seed 0; training episodes),demon_attack,0,78435,220.0
Constraint suite (seed 0; training episodes),demon_attack,0,78786,100.0
Constraint suite (seed 0; training episodes),demon_attack,0,79189,90.0
Constraint suite (seed 0; training episodes),demon_attack,0,79527,90.0
Constraint suite (seed 0; training episodes),demon_attack,0,80326,120.0
Constraint suite (seed 0; training episodes),demon_attack,0,80594,30.0
Constraint suite (seed 0; training episodes),demon_attack,0,81440,205.0
Constraint suite (seed 0; training episodes),demon_attack,0,83181,500.0
Constraint suite (seed 0; training episodes),demon_attack,0,83637,90.0
Constraint suite (seed 0; training episodes),demon_attack,0,83901,60.0
Constraint suite (seed 0; training episodes),demon_attack,0,84559,140.0
Constraint suite (seed 0; training episodes),demon_attack,0,85091,120.0
Constraint suite (seed 0; training episodes),demon_attack,0,85482,90.0
Constraint suite (seed 0; training episodes),demon_attack,0,86297,190.0
Constraint suite (seed 0; training episodes),demon_attack,0,87154,160.0
Constraint suite (seed 0; training episodes),demon_attack,0,87980,235.0
Constraint suite (seed 0; training episodes),demon_attack,0,89310,325.0
Constraint suite (seed 0; training episodes),demon_attack,0,89789,120.0
Constraint suite (seed 0; training episodes),demon_attack,0,90416,120.0
Constraint suite (seed 0; training episodes),demon_attack,0,91084,110.0
Constraint suite (seed 0; training episodes),demon_attack,0,91703,150.0
Constraint suite (seed 0; training episodes),demon_attack,0,92084,70.0
Constraint suite (seed 0; training episodes),demon_attack,0,93682,400.0
Constraint suite (seed 0; training episodes),demon_attack,0,94264,90.0
Constraint suite (seed 0; training episodes),demon_attack,0,95847,740.0
Constraint suite (seed 0; training episodes),demon_attack,0,96274,110.0
Constraint suite (seed 0; training episodes),demon_attack,0,97131,160.0
Constraint suite (seed 0; training episodes),demon_attack,0,97620,40.0
Constraint suite (seed 0; training episodes),demon_attack,0,98246,140.0
Constraint suite (seed 0; training episodes),demon_attack,0,99915,385.0
Constraint suite (seed 0; training episodes),demon_attack,0,100263,100.0
Constraint suite (seed 0; training episodes),demon_attack,0,100743,110.0
Constraint suite (seed 0; training episodes),demon_attack,0,101062,80.0
Constraint suite (seed 0; training episodes),demon_attack,0,101598,90.0
Constraint suite (seed 0; training episodes),demon_attack,0,102056,90.0
Constraint suite (seed 0; training episodes),demon_attack,0,103190,265.0
Constraint suite (seed 0; training episodes),demon_attack,0,103875,110.0
Constraint suite (seed 0; training episodes),demon_attack,0,104873,265.0
Constraint suite (seed 0; training episodes),demon_attack,0,105564,190.0
Constraint suite (seed 0; training episodes),demon_attack,0,106365,140.0
Constraint suite (seed 0; training episodes),demon_attack,0,106942,130.0
Constraint suite (seed 0; training episodes),demon_attack,0,107347,90.0
Constraint suite (seed 0; training episodes),demon_attack,0,108057,175.0
Constraint suite (seed 0; training episodes),demon_attack,0,108954,190.0
Constraint suite (seed 0; training episodes),demon_attack,0,109631,150.0
Constraint suite (seed 0; training episodes),freeway,0,2041,0.0
Constraint suite (seed 0; training episodes),freeway,0,4084,0.0
Constraint suite (seed 0; training episodes),freeway,0,6131,0.0
Constraint suite (seed 0; training episodes),freeway,0,8176,0.0
Constraint suite (seed 0; training episodes),freeway,0,10221,0.0
Constraint suite (seed 0; training episodes),freeway,0,12268,0.0
Constraint suite (seed 0; training episodes),freeway,0,14315,0.0
Constraint suite (seed 0; training episodes),freeway,0,16356,0.0
Constraint suite (seed 0; training episodes),freeway,0,18404,0.0
Constraint suite (seed 0; training episodes),freeway,0,20446,0.0
Constraint suite (seed 0; training episodes),freeway,0,22490,0.0
Constraint suite (seed 0; training episodes),freeway,0,24536,0.0
Constraint suite (seed 0; training episodes),freeway,0,26580,0.0
Constraint suite (seed 0; training episodes),freeway,0,28623,0.0
Constraint suite (seed 0; training episodes),freeway,0,30666,0.0
Constraint suite (seed 0; training episodes),freeway,0,32710,0.0
Constraint suite (seed 0; training episodes),freeway,0,34752,0.0
Constraint suite (seed 0; training episodes),freeway,0,36800,0.0
Constraint suite (seed 0; training episodes),freeway,0,38844,0.0
Constraint suite (seed 0; training episodes),freeway,0,40886,0.0
Constraint suite (seed 0; training episodes),freeway,0,42929,0.0
Constraint suite (seed 0; training episodes),freeway,0,44973,0.0
Constraint suite (seed 0; training episodes),freeway,0,47019,0.0
Constraint suite (seed 0; training episodes),freeway,0,49061,0.0
Constraint suite (seed 0; training episodes),freeway,0,51107,0.0
Constraint suite (seed 0; training episodes),freeway,0,53155,0.0
Constraint suite (seed 0; training episodes),freeway,0,55200,0.0
Constraint suite (seed 0; training episodes),freeway,0,57242,0.0
Constraint suite (seed 0; training episodes),freeway,0,59284,0.0
Constraint suite (seed 0; training episodes),freeway,0,61330,0.0
Constraint suite (seed 0; training episodes),freeway,0,63373,0.0
Constraint suite (seed 0; training episodes),freeway,0,65417,0.0
Constraint suite (seed 0; training episodes),freeway,0,67462,0.0
Constraint suite (seed 0; training episodes),freeway,0,69505,0.0
Constraint suite (seed 0; training episodes),freeway,0,71550,0.0
Constraint suite (seed 0; training episodes),freeway,0,73593,0.0
Constraint suite (seed 0; training episodes),freeway,0,75635,0.0
Constraint suite (seed 0; training episodes),freeway,0,77682,0.0
Constraint suite (seed 0; training episodes),freeway,0,79728,0.0
Constraint suite (seed 0; training episodes),freeway,0,81769,0.0
Constraint suite (seed 0; training episodes),freeway,0,83815,0.0
Constraint suite (seed 0; training episodes),freeway,0,85859,0.0
Constraint suite (seed 0; training episodes),freeway,0,87900,0.0
Constraint suite (seed 0; training episodes),freeway,0,89945,0.0
Constraint suite (seed 0; training episodes),freeway,0,91988,0.0
Constraint suite (seed 0; training episodes),freeway,0,94032,0.0
Constraint suite (seed 0; training episodes),freeway,0,96078,0.0
Constraint suite (seed 0; training episodes),freeway,0,98125,0.0
Constraint suite (seed 0; training episodes),freeway,0,100169,0.0
Constraint suite (seed 0; training episodes),freeway,0,102210,0.0
Constraint suite (seed 0; training episodes),freeway,0,104253,0.0
Constraint suite (seed 0; training episodes),freeway,0,106300,0.0
Constraint suite (seed 0; training episodes),freeway,0,108344,0.0
Constraint suite (seed 0; training episodes),frostbite,0,327,50.0
Constraint suite (seed 0; training episodes),frostbite,0,674,40.0
Constraint suite (seed 0; training episodes),frostbite,0,1016,50.0
Constraint suite (seed 0; training episodes),frostbite,0,1344,40.0
Constraint suite (seed 0; training episodes),frostbite,0,1829,100.0
Constraint suite (seed 0; training episodes),frostbite,0,2078,0.0
Constraint suite (seed 0; training episodes),frostbite,0,2417,60.0
Constraint suite (seed 0; training episodes),frostbite,0,2751,70.0
Constraint suite (seed 0; training episodes),frostbite,0,3212,70.0
Constraint suite (seed 0; training episodes),frostbite,0,3496,30.0
Constraint suite (seed 0; training episodes),frostbite,0,3884,50.0
Constraint suite (seed 0; training episodes),frostbite,0,4142,10.0
Constraint suite (seed 0; training episodes),frostbite,0,4526,60.0
Constraint suite (seed 0; training episodes),frostbite,0,4905,40.0
Constraint suite (seed 0; training episodes),frostbite,0,5358,90.0
Constraint suite (seed 0; training episodes),frostbite,0,5739,40.0
Constraint suite (seed 0; training episodes),frostbite,0,6033,20.0
Constraint suite (seed 0; training episodes),frostbite,0,6394,90.0
Constraint suite (seed 0; training episodes),frostbite,0,6825,90.0
Constraint suite (seed 0; training episodes),frostbite,0,7336,100.0
Constraint suite (seed 0; training episodes),frostbite,0,7684,60.0
Constraint suite (seed 0; training episodes),frostbite,0,8025,80.0
Constraint suite (seed 0; training episodes),frostbite,0,8559,180.0
Constraint suite (seed 0; training episodes),frostbite,0,8967,160.0
Constraint suite (seed 0; training episodes),frostbite,0,9490,180.0
Constraint suite (seed 0; training episodes),frostbite,0,9972,170.0
Constraint suite (seed 0; training episodes),frostbite,0,10522,220.0
Constraint suite (seed 0; training episodes),frostbite,0,11020,230.0
Constraint suite (seed 0; training episodes),frostbite,0,11420,160.0
Constraint suite (seed 0; training episodes),frostbite,0,11912,200.0
Constraint suite (seed 0; training episodes),frostbite,0,12315,160.0
Constraint suite (seed 0; training episodes),frostbite,0,12649,120.0
Constraint suite (seed 0; training episodes),frostbite,0,13068,130.0
Constraint suite (seed 0; training episodes),frostbite,0,13517,200.0
Constraint suite (seed 0; training episodes),frostbite,0,13900,160.0
Constraint suite (seed 0; training episodes),frostbite,0,14307,180.0
Constraint suite (seed 0; training episodes),frostbite,0,14637,110.0
Constraint suite (seed 0; training episodes),frostbite,0,15040,190.0
Constraint suite (seed 0; training episodes),frostbite,0,15433,190.0
Constraint suite (seed 0; training episodes),frostbite,0,15862,210.0
Constraint suite (seed 0; training episodes),frostbite,0,16358,230.0
Constraint suite (seed 0; training episodes),frostbite,0,16812,210.0
Constraint suite (seed 0; training episodes),frostbite,0,17251,200.0
Constraint suite (seed 0; training episodes),frostbite,0,17703,230.0
Constraint suite (seed 0; training episodes),frostbite,0,18220,220.0
Constraint suite (seed 0; training episodes),frostbite,0,18746,180.0
Constraint suite (seed 0; training episodes),frostbite,0,19315,260.0
Constraint suite (seed 0; training episodes),frostbite,0,19851,220.0
Constraint suite (seed 0; training episodes),frostbite,0,20329,210.0
Constraint suite (seed 0; training episodes),frostbite,0,20852,180.0
Constraint suite (seed 0; training episodes),frostbite,0,21200,130.0
Constraint suite (seed 0; training episodes),frostbite,0,21580,160.0
Constraint suite (seed 0; training episodes),frostbite,0,21934,120.0
Constraint suite (seed 0; training episodes),frostbite,0,22363,200.0
Constraint suite (seed 0; training episodes),frostbite,0,22728,160.0
Constraint suite (seed 0; training episodes),frostbite,0,23262,250.0
Constraint suite (seed 0; training episodes),frostbite,0,23723,200.0
Constraint suite (seed 0; training episodes),frostbite,0,24213,180.0
Constraint suite (seed 0; training episodes),frostbite,0,24579,130.0
Constraint suite (seed 0; training episodes),frostbite,0,25010,190.0
Constraint suite (seed 0; training episodes),frostbite,0,25457,180.0
Constraint suite (seed 0; training episodes),frostbite,0,25851,160.0
Constraint suite (seed 0; training episodes),frostbite,0,26376,240.0
Constraint suite (seed 0; training episodes),frostbite,0,26798,170.0
Constraint suite (seed 0; training episodes),frostbite,0,27263,200.0
Constraint suite (seed 0; training episodes),frostbite,0,27671,180.0
Constraint suite (seed 0; training episodes),frostbite,0,28265,200.0
Constraint suite (seed 0; training episodes),frostbite,0,28800,240.0
Constraint suite (seed 0; training episodes),frostbite,0,29308,210.0
Constraint suite (seed 0; training episodes),frostbite,0,29815,180.0
Constraint suite (seed 0; training episodes),frostbite,0,30257,190.0
Constraint suite (seed 0; training episodes),frostbite,0,30827,200.0
Constraint suite (seed 0; training episodes),frostbite,0,31227,140.0
Constraint suite (seed 0; training episodes),frostbite,0,31832,260.0
Constraint suite (seed 0; training episodes),frostbite,0,32299,210.0
Constraint suite (seed 0; training episodes),frostbite,0,32630,120.0
Constraint suite (seed 0; training episodes),frostbite,0,33098,210.0
Constraint suite (seed 0; training episodes),frostbite,0,33543,210.0
Constraint suite (seed 0; training episodes),frostbite,0,33948,200.0
Constraint suite (seed 0; training episodes),frostbite,0,34385,190.0
Constraint suite (seed 0; training episodes),frostbite,0,34666,60.0
Constraint suite (seed 0; training episodes),frostbite,0,35113,200.0
Constraint suite (seed 0; training episodes),frostbite,0,35446,120.0
Constraint suite (seed 0; training episodes),frostbite,0,35880,180.0
Constraint suite (seed 0; training episodes),frostbite,0,36320,200.0
Constraint suite (seed 0; training episodes),frostbite,0,36657,120.0
Constraint suite (seed 0; training episodes),frostbite,0,37006,140.0
Constraint suite (seed 0; training episodes),frostbite,0,37382,160.0
Constraint suite (seed 0; training episodes),frostbite,0,37858,220.0
Constraint suite (seed 0; training episodes),frostbite,0,38354,220.0
Constraint suite (seed 0; training episodes),frostbite,0,38868,240.0
Constraint suite (seed 0; training episodes),frostbite,0,39362,220.0
Constraint suite (seed 0; training episodes),frostbite,0,39726,150.0
Constraint suite (seed 0; training episodes),frostbite,0,40239,260.0
Constraint suite (seed 0; training episodes),frostbite,0,40780,240.0
Constraint suite (seed 0; training episodes),frostbite,0,41350,250.0
Constraint suite (seed 0; training episodes),frostbite,0,41916,260.0
Constraint suite (seed 0; training episodes),frostbite,0,42443,260.0
Constraint suite (seed 0; training episodes),frostbite,0,42999,260.0
Constraint suite (seed 0; training episodes),frostbite,0,43561,260.0
Constraint suite (seed 0; training episodes),frostbite,0,44058,220.0
Constraint suite (seed 0; training episodes),frostbite,0,44502,220.0
Constraint suite (seed 0; training episodes),frostbite,0,44967,230.0
Constraint suite (seed 0; training episodes),frostbite,0,45673,970.0
Constraint suite (seed 0; training episodes),frostbite,0,46601,1810.0
Constraint suite (seed 0; training episodes),frostbite,0,47582,1440.0
Constraint suite (seed 0; training episodes),frostbite,0,48290,1000.0
Constraint suite (seed 0; training episodes),frostbite,0,49018,910.0
Constraint suite (seed 0; training episodes),frostbite,0,49725,1130.0
Constraint suite (seed 0; training episodes),frostbite,0,50339,790.0
Constraint suite (seed 0; training episodes),frostbite,0,51288,1210.0
Constraint suite (seed 0; training episodes),frostbite,0,52230,1840.0
Constraint suite (seed 0; training episodes),frostbite,0,52640,220.0
Constraint suite (seed 0; training episodes),frostbite,0,53338,1250.0
Constraint suite (seed 0; training episodes),frostbite,0,54462,2480.0
Constraint suite (seed 0; training episodes),frostbite,0,55299,1230.0
Constraint suite (seed 0; training episodes),frostbite,0,56209,1280.0
Constraint suite (seed 0; training episodes),frostbite,0,57051,1020.0
Constraint suite (seed 0; training episodes),frostbite,0,57957,2290.0
Constraint suite (seed 0; training episodes),frostbite,0,58974,2220.0
Constraint suite (seed 0; training episodes),frostbite,0,59864,950.0
Constraint suite (seed 0; training episodes),frostbite,0,60289,90.0
Constraint suite (seed 0; training episodes),frostbite,0,60799,210.0
Constraint suite (seed 0; training episodes),frostbite,0,61703,1360.0
Constraint suite (seed 0; training episodes),frostbite,0,62635,1670.0
Constraint suite (seed 0; training episodes),frostbite,0,63578,2330.0
Constraint suite (seed 0; training episodes),frostbite,0,64409,1030.0
Constraint suite (seed 0; training episodes),frostbite,0,65420,1720.0
Constraint suite (seed 0; training episodes),frostbite,0,66548,2480.0
Constraint suite (seed 0; training episodes),frostbite,0,67429,1690.0
Constraint suite (seed 0; training episodes),frostbite,0,68480,2080.0
Constraint suite (seed 0; training episodes),frostbite,0,69390,2320.0
Constraint suite (seed 0; training episodes),frostbite,0,70372,2110.0
Constraint suite (seed 0; training episodes),frostbite,0,71558,3000.0
Constraint suite (seed 0; training episodes),frostbite,0,72455,1970.0
Constraint suite (seed 0; training episodes),frostbite,0,73545,2140.0
Constraint suite (seed 0; training episodes),frostbite,0,74475,1870.0
Constraint suite (seed 0; training episodes),frostbite,0,75369,2230.0
Constraint suite (seed 0; training episodes),frostbite,0,76363,2520.0
Constraint suite (seed 0; training episodes),frostbite,0,77393,2310.0
Constraint suite (seed 0; training episodes),frostbite,0,78440,3250.0
Constraint suite (seed 0; training episodes),frostbite,0,79295,1650.0
Constraint suite (seed 0; training episodes),frostbite,0,80457,3360.0
Constraint suite (seed 0; training episodes),frostbite,0,81570,3240.0
Constraint suite (seed 0; training episodes),frostbite,0,82427,2280.0
Constraint suite (seed 0; training episodes),frostbite,0,83425,3090.0
Constraint suite (seed 0; training episodes),frostbite,0,84367,1620.0
Constraint suite (seed 0; training episodes),frostbite,0,85400,1900.0
Constraint suite (seed 0; training episodes),frostbite,0,86253,1920.0
Constraint suite (seed 0; training episodes),frostbite,0,87229,2340.0
Constraint suite (seed 0; training episodes),frostbite,0,88071,1700.0
Constraint suite (seed 0; training episodes),frostbite,0,89214,3330.0
Constraint suite (seed 0; training episodes),frostbite,0,90298,2680.0
Constraint suite (seed 0; training episodes),frostbite,0,91307,2550.0
Constraint suite (seed 0; training episodes),frostbite,0,92331,2400.0
Constraint suite (seed 0; training episodes),frostbite,0,93401,2680.0
Constraint suite (seed 0; training episodes),frostbite,0,94319,2360.0
Constraint suite (seed 0; training episodes),frostbite,0,95507,2780.0
Constraint suite (seed 0; training episodes),frostbite,0,96427,2180.0
Constraint suite (seed 0; training episodes),frostbite,0,97446,2000.0
Constraint suite (seed 0; training episodes),frostbite,0,98324,1790.0
Constraint suite (seed 0; training episodes),frostbite,0,99368,3420.0
Constraint suite (seed 0; training episodes),frostbite,0,100654,2770.0
Constraint suite (seed 0; training episodes),frostbite,0,101813,2960.0
Constraint suite (seed 0; training episodes),frostbite,0,103055,3120.0
Constraint suite (seed 0; training episodes),frostbite,0,104128,3930.0
Constraint suite (seed 0; training episodes),frostbite,0,105219,3310.0
Constraint suite (seed 0; training episodes),frostbite,0,106201,2400.0
Constraint suite (seed 0; training episodes),frostbite,0,107267,2980.0
Constraint suite (seed 0; training episodes),frostbite,0,108197,1980.0
Constraint suite (seed 0; training episodes),frostbite,0,109250,3110.0
Constraint suite (seed 0; training episodes),gopher,0,1371,720.0
Constraint suite (seed 0; training episodes),gopher,0,2418,180.0
Constraint suite (seed 0; training episodes),gopher,0,3170,140.0
Constraint suite (seed 0; training episodes),gopher,0,4938,1060.0
Constraint suite (seed 0; training episodes),gopher,0,5845,180.0
Constraint suite (seed 0; training episodes),gopher,0,6833,240.0
Constraint suite (seed 0; training episodes),gopher,0,7998,440.0
Constraint suite (seed 0; training episodes),gopher,0,9202,420.0
Constraint suite (seed 0; training episodes),gopher,0,10412,720.0
Constraint suite (seed 0; training episodes),gopher,0,11147,200.0
Constraint suite (seed 0; training episodes),gopher,0,11641,80.0
Constraint suite (seed 0; training episodes),gopher,0,12396,180.0
Constraint suite (seed 0; training episodes),gopher,0,13222,160.0
Constraint suite (seed 0; training episodes),gopher,0,14527,1060.0
Constraint suite (seed 0; training episodes),gopher,0,15582,520.0
Constraint suite (seed 0; training episodes),gopher,0,16406,300.0
Constraint suite (seed 0; training episodes),gopher,0,17152,160.0
Constraint suite (seed 0; training episodes),gopher,0,17926,180.0
Constraint suite (seed 0; training episodes),gopher,0,18932,900.0
Constraint suite (seed 0; training episodes),gopher,0,19597,100.0
Constraint suite (seed 0; training episodes),gopher,0,20888,400.0
Constraint suite (seed 0; training episodes),gopher,0,21635,240.0
Constraint suite (seed 0; training episodes),gopher,0,22318,160.0
Constraint suite (seed 0; training episodes),gopher,0,23151,280.0
Constraint suite (seed 0; training episodes),gopher,0,24729,840.0
Constraint suite (seed 0; training episodes),gopher,0,25485,160.0
Constraint suite (seed 0; training episodes),gopher,0,26361,280.0
Constraint suite (seed 0; training episodes),gopher,0,27408,520.0
Constraint suite (seed 0; training episodes),gopher,0,28598,720.0
Constraint suite (seed 0; training episodes),gopher,0,29448,560.0
Constraint suite (seed 0; training episodes),gopher,0,30725,460.0
Constraint suite (seed 0; training episodes),gopher,0,31568,280.0
Constraint suite (seed 0; training episodes),gopher,0,32464,520.0
Constraint suite (seed 0; training episodes),gopher,0,33098,80.0
Constraint suite (seed 0; training episodes),gopher,0,34376,740.0
Constraint suite (seed 0; training episodes),gopher,0,35713,1160.0
Constraint suite (seed 0; training episodes),gopher,0,37173,720.0
Constraint suite (seed 0; training episodes),gopher,0,38041,560.0
Constraint suite (seed 0; training episodes),gopher,0,39066,660.0
Constraint suite (seed 0; training episodes),gopher,0,39754,300.0
Constraint suite (seed 0; training episodes),gopher,0,41214,920.0
Constraint suite (seed 0; training episodes),gopher,0,42065,520.0
Constraint suite (seed 0; training episodes),gopher,0,43018,420.0
Constraint suite (seed 0; training episodes),gopher,0,43862,160.0
Constraint suite (seed 0; training episodes),gopher,0,45686,1540.0
Constraint suite (seed 0; training episodes),gopher,0,46371,620.0
Constraint suite (seed 0; training episodes),gopher,0,47679,1380.0
Constraint suite (seed 0; training episodes),gopher,0,48557,680.0
Constraint suite (seed 0; training episodes),gopher,0,49404,420.0
Constraint suite (seed 0; training episodes),gopher,0,50313,480.0
Constraint suite (seed 0; training episodes),gopher,0,51920,1020.0
Constraint suite (seed 0; training episodes),gopher,0,53009,700.0
Constraint suite (seed 0; training episodes),gopher,0,53893,800.0
Constraint suite (seed 0; training episodes),gopher,0,54725,660.0
Constraint suite (seed 0; training episodes),gopher,0,55939,1140.0
Constraint suite (seed 0; training episodes),gopher,0,56979,480.0
Constraint suite (seed 0; training episodes),gopher,0,57695,380.0
Constraint suite (seed 0; training episodes),gopher,0,59267,1560.0
Constraint suite (seed 0; training episodes),gopher,0,60604,1160.0
Constraint suite (seed 0; training episodes),gopher,0,61862,1380.0
Constraint suite (seed 0; training episodes),gopher,0,62798,580.0
Constraint suite (seed 0; training episodes),gopher,0,64020,1120.0
Constraint suite (seed 0; training episodes),gopher,0,65358,1060.0
Constraint suite (seed 0; training episodes),gopher,0,67371,2360.0
Constraint suite (seed 0; training episodes),gopher,0,69321,2340.0
Constraint suite (seed 0; training episodes),gopher,0,70774,1140.0
Constraint suite (seed 0; training episodes),gopher,0,71895,580.0
Constraint suite (seed 0; training episodes),gopher,0,73723,2120.0
Constraint suite (seed 0; training episodes),gopher,0,75042,1480.0
Constraint suite (seed 0; training episodes),gopher,0,76191,1180.0
Constraint suite (seed 0; training episodes),gopher,0,77298,1240.0
Constraint suite (seed 0; training episodes),gopher,0,78106,820.0
Constraint suite (seed 0; training episodes),gopher,0,79663,1540.0
Constraint suite (seed 0; training episodes),gopher,0,81718,2940.0
Constraint suite (seed 0; training episodes),gopher,0,84094,3700.0
Constraint suite (seed 0; training episodes),gopher,0,85559,2220.0
Constraint suite (seed 0; training episodes),gopher,0,87736,3200.0
Constraint suite (seed 0; training episodes),gopher,0,89088,1340.0
Constraint suite (seed 0; training episodes),gopher,0,91088,2880.0
Constraint suite (seed 0; training episodes),gopher,0,92206,1380.0
Constraint suite (seed 0; training episodes),gopher,0,93193,620.0
Constraint suite (seed 0; training episodes),gopher,0,94904,2100.0
Constraint suite (seed 0; training episodes),gopher,0,96415,1880.0
Constraint suite (seed 0; training episodes),gopher,0,98014,1980.0
Constraint suite (seed 0; training episodes),gopher,0,99523,2180.0
Constraint suite (seed 0; training episodes),gopher,0,101520,3980.0
Constraint suite (seed 0; training episodes),gopher,0,103180,2300.0
Constraint suite (seed 0; training episodes),gopher,0,104777,1940.0
Constraint suite (seed 0; training episodes),gopher,0,106236,2400.0
Constraint suite (seed 0; training episodes),gopher,0,108312,2740.0
Constraint suite (seed 0; training episodes),hero,0,1474,0.0
Constraint suite (seed 0; training episodes),hero,0,1844,0.0
Constraint suite (seed 0; training episodes),hero,0,2159,75.0
Constraint suite (seed 0; training episodes),hero,0,2664,2475.0
Constraint suite (seed 0; training episodes),hero,0,2998,75.0
Constraint suite (seed 0; training episodes),hero,0,3335,0.0
Constraint suite (seed 0; training episodes),hero,0,3961,2360.0
Constraint suite (seed 0; training episodes),hero,0,5419,125.0
Constraint suite (seed 0; training episodes),hero,0,6673,1885.0
Constraint suite (seed 0; training episodes),hero,0,8406,0.0
Constraint suite (seed 0; training episodes),hero,0,8764,75.0
Constraint suite (seed 0; training episodes),hero,0,9165,75.0
Constraint suite (seed 0; training episodes),hero,0,11938,200.0
Constraint suite (seed 0; training episodes),hero,0,13880,1850.0
Constraint suite (seed 0; training episodes),hero,0,14832,2930.0
Constraint suite (seed 0; training episodes),hero,0,15674,2935.0
Constraint suite (seed 0; training episodes),hero,0,16135,2910.0
Constraint suite (seed 0; training episodes),hero,0,16555,2940.0
Constraint suite (seed 0; training episodes),hero,0,17237,2990.0
Constraint suite (seed 0; training episodes),hero,0,17781,2960.0
Constraint suite (seed 0; training episodes),hero,0,18201,2870.0
Constraint suite (seed 0; training episodes),hero,0,18789,2920.0
Constraint suite (seed 0; training episodes),hero,0,19239,2920.0
Constraint suite (seed 0; training episodes),hero,0,19691,3010.0
Constraint suite (seed 0; training episodes),hero,0,20099,3010.0
Constraint suite (seed 0; training episodes),hero,0,20513,3010.0
Constraint suite (seed 0; training episodes),hero,0,20951,3060.0
Constraint suite (seed 0; training episodes),hero,0,21367,3060.0
Constraint suite (seed 0; training episodes),hero,0,21817,2960.0
Constraint suite (seed 0; training episodes),hero,0,22254,75.0
Constraint suite (seed 0; training episodes),hero,0,22727,3060.0
Constraint suite (seed 0; training episodes),hero,0,23167,3040.0
Constraint suite (seed 0; training episodes),hero,0,23564,3010.0
Constraint suite (seed 0; training episodes),hero,0,24028,3010.0
Constraint suite (seed 0; training episodes),hero,0,24538,3060.0
Constraint suite (seed 0; training episodes),hero,0,25040,3010.0
Constraint suite (seed 0; training episodes),hero,0,25540,3095.0
Constraint suite (seed 0; training episodes),hero,0,26175,2935.0
Constraint suite (seed 0; training episodes),hero,0,26748,3115.0
Constraint suite (seed 0; training episodes),hero,0,27182,3010.0
Constraint suite (seed 0; training episodes),hero,0,27775,2935.0
Constraint suite (seed 0; training episodes),hero,0,28260,3135.0
Constraint suite (seed 0; training episodes),hero,0,28706,3085.0
Constraint suite (seed 0; training episodes),hero,0,29114,3010.0
Constraint suite (seed 0; training episodes),hero,0,29576,3135.0
Constraint suite (seed 0; training episodes),hero,0,30060,3135.0
Constraint suite (seed 0; training episodes),hero,0,30571,3010.0
Constraint suite (seed 0; training episodes),hero,0,31031,3135.0
Constraint suite (seed 0; training episodes),hero,0,31558,3185.0
Constraint suite (seed 0; training episodes),hero,0,31981,3060.0
Constraint suite (seed 0; training episodes),hero,0,32442,3115.0
Constraint suite (seed 0; training episodes),hero,0,32853,3060.0
Constraint suite (seed 0; training episodes),hero,0,33312,3135.0
Constraint suite (seed 0; training episodes),hero,0,34319,3060.0
Constraint suite (seed 0; training episodes),hero,0,34783,3135.0
Constraint suite (seed 0; training episodes),hero,0,35222,3135.0
Constraint suite (seed 0; training episodes),hero,0,35695,3075.0
Constraint suite (seed 0; training episodes),hero,0,36107,3060.0
Constraint suite (seed 0; training episodes),hero,0,36543,3135.0
Constraint suite (seed 0; training episodes),hero,0,36986,3135.0
Constraint suite (seed 0; training episodes),hero,0,37392,3135.0
Constraint suite (seed 0; training episodes),hero,0,38042,3060.0
Constraint suite (seed 0; training episodes),hero,0,38444,3135.0
Constraint suite (seed 0; training episodes),hero,0,38882,3135.0
Constraint suite (seed 0; training episodes),hero,0,39306,3135.0
Constraint suite (seed 0; training episodes),hero,0,39717,3060.0
Constraint suite (seed 0; training episodes),hero,0,40239,3185.0
Constraint suite (seed 0; training episodes),hero,0,40645,3010.0
Constraint suite (seed 0; training episodes),hero,0,41012,2990.0
Constraint suite (seed 0; training episodes),hero,0,41382,3010.0
Constraint suite (seed 0; training episodes),hero,0,41787,3135.0
Constraint suite (seed 0; training episodes),hero,0,42176,3010.0
Constraint suite (seed 0; training episodes),hero,0,42615,3135.0
Constraint suite (seed 0; training episodes),hero,0,43081,3135.0
Constraint suite (seed 0; training episodes),hero,0,43575,3135.0
Constraint suite (seed 0; training episodes),hero,0,45183,4730.0
Constraint suite (seed 0; training episodes),hero,0,45709,3010.0
Constraint suite (seed 0; training episodes),hero,0,46131,3135.0
Constraint suite (seed 0; training episodes),hero,0,46570,3115.0
Constraint suite (seed 0; training episodes),hero,0,47809,5570.0
Constraint suite (seed 0; training episodes),hero,0,48868,6050.0
Constraint suite (seed 0; training episodes),hero,0,49298,3115.0
Constraint suite (seed 0; training episodes),hero,0,49930,3060.0
Constraint suite (seed 0; training episodes),hero,0,50333,3135.0
Constraint suite (seed 0; training episodes),hero,0,50875,3115.0
Constraint suite (seed 0; training episodes),hero,0,51305,3185.0
Constraint suite (seed 0; training episodes),hero,0,51775,3135.0
Constraint suite (seed 0; training episodes),hero,0,53254,3060.0
Constraint suite (seed 0; training episodes),hero,0,53629,3065.0
Constraint suite (seed 0; training episodes),hero,0,54045,3135.0
Constraint suite (seed 0; training episodes),hero,0,54512,3185.0
Constraint suite (seed 0; training episodes),hero,0,54927,3185.0
Constraint suite (seed 0; training episodes),hero,0,55309,3135.0
Constraint suite (seed 0; training episodes),hero,0,55693,3135.0
Constraint suite (seed 0; training episodes),hero,0,56113,3135.0
Constraint suite (seed 0; training episodes),hero,0,56601,3095.0
Constraint suite (seed 0; training episodes),hero,0,57483,3090.0
Constraint suite (seed 0; training episodes),hero,0,57916,3135.0
Constraint suite (seed 0; training episodes),hero,0,58413,3185.0
Constraint suite (seed 0; training episodes),hero,0,58803,3135.0
Constraint suite (seed 0; training episodes),hero,0,59228,3135.0
Constraint suite (seed 0; training episodes),hero,0,59653,3135.0
Constraint suite (seed 0; training episodes),hero,0,60099,3135.0
Constraint suite (seed 0; training episodes),hero,0,60527,3135.0
Constraint suite (seed 0; training episodes),hero,0,60963,3135.0
Constraint suite (seed 0; training episodes),hero,0,62232,5310.0
Constraint suite (seed 0; training episodes),hero,0,62629,3135.0
Constraint suite (seed 0; training episodes),hero,0,63062,3185.0
Constraint suite (seed 0; training episodes),hero,0,64665,3135.0
Constraint suite (seed 0; training episodes),hero,0,67201,2990.0
Constraint suite (seed 0; training episodes),hero,0,67733,3135.0
Constraint suite (seed 0; training episodes),hero,0,69061,3010.0
Constraint suite (seed 0; training episodes),hero,0,69548,3010.0
Constraint suite (seed 0; training episodes),hero,0,70307,3075.0
Constraint suite (seed 0; training episodes),hero,0,70816,2970.0
Constraint suite (seed 0; training episodes),hero,0,71480,3135.0
Constraint suite (seed 0; training episodes),hero,0,72879,3135.0
Constraint suite (seed 0; training episodes),hero,0,74450,3135.0
Constraint suite (seed 0; training episodes),hero,0,74846,3135.0
Constraint suite (seed 0; training episodes),hero,0,75546,3095.0
Constraint suite (seed 0; training episodes),hero,0,76091,7480.0
Constraint suite (seed 0; training episodes),hero,0,76686,7270.0
Constraint suite (seed 0; training episodes),hero,0,78480,7520.0
Constraint suite (seed 0; training episodes),hero,0,79616,7400.0
Constraint suite (seed 0; training episodes),hero,0,81028,7520.0
Constraint suite (seed 0; training episodes),hero,0,81605,7520.0
Constraint suite (seed 0; training episodes),hero,0,81972,3085.0
Constraint suite (seed 0; training episodes),hero,0,82544,7560.0
Constraint suite (seed 0; training episodes),hero,0,83060,7560.0
Constraint suite (seed 0; training episodes),hero,0,84296,7520.0
Constraint suite (seed 0; training episodes),hero,0,84833,7520.0
Constraint suite (seed 0; training episodes),hero,0,85358,7470.0
Constraint suite (seed 0; training episodes),hero,0,85964,7620.0
Constraint suite (seed 0; training episodes),hero,0,86522,7520.0
Constraint suite (seed 0; training episodes),hero,0,87212,7540.0
Constraint suite (seed 0; training episodes),hero,0,87868,7580.0
Constraint suite (seed 0; training episodes),hero,0,88414,7520.0
Constraint suite (seed 0; training episodes),hero,0,89129,7640.0
Constraint suite (seed 0; training episodes),hero,0,89712,7600.0
Constraint suite (seed 0; training episodes),hero,0,90499,7220.0
Constraint suite (seed 0; training episodes),hero,0,91143,7420.0
Constraint suite (seed 0; training episodes),hero,0,91750,7540.0
Constraint suite (seed 0; training episodes),hero,0,92334,7520.0
Constraint suite (seed 0; training episodes),hero,0,93017,7500.0
Constraint suite (seed 0; training episodes),hero,0,93660,7540.0
Constraint suite (seed 0; training episodes),hero,0,94254,7590.0
Constraint suite (seed 0; training episodes),hero,0,94929,7540.0
Constraint suite (seed 0; training episodes),hero,0,95530,7540.0
Constraint suite (seed 0; training episodes),hero,0,96126,7540.0
Constraint suite (seed 0; training episodes),hero,0,96779,7560.0
Constraint suite (seed 0; training episodes),hero,0,97381,7590.0
Constraint suite (seed 0; training episodes),hero,0,98000,7540.0
Constraint suite (seed 0; training episodes),hero,0,98637,7465.0
Constraint suite (seed 0; training episodes),hero,0,99256,7540.0
Constraint suite (seed 0; training episodes),hero,0,101055,7540.0
Constraint suite (seed 0; training episodes),hero,0,102361,7500.0
Constraint suite (seed 0; training episodes),hero,0,104070,7500.0
Constraint suite (seed 0; training episodes),hero,0,104796,7590.0
Constraint suite (seed 0; training episodes),hero,0,105639,7660.0
Constraint suite (seed 0; training episodes),hero,0,106530,7425.0
Constraint suite (seed 0; training episodes),hero,0,107486,7500.0
Constraint suite (seed 0; training episodes),hero,0,108192,7450.0
Constraint suite (seed 0; training episodes),hero,0,108850,7500.0
Constraint suite (seed 0; training episodes),hero,0,109469,7520.0
Constraint suite (seed 0; training episodes),jamesbond,0,472,0.0
Constraint suite (seed 0; training episodes),jamesbond,0,1093,50.0
Constraint suite (seed 0; training episodes),jamesbond,0,1617,50.0
Constraint suite (seed 0; training episodes),jamesbond,0,2090,0.0
Constraint suite (seed 0; training episodes),jamesbond,0,2620,150.0
Constraint suite (seed 0; training episodes),jamesbond,0,3121,0.0
Constraint suite (seed 0; training episodes),jamesbond,0,3589,0.0
Constraint suite (seed 0; training episodes),jamesbond,0,4066,0.0
Constraint suite (seed 0; training episodes),jamesbond,0,4548,0.0
Constraint suite (seed 0; training episodes),jamesbond,0,5017,0.0
Constraint suite (seed 0; training episodes),jamesbond,0,5490,0.0
Constraint suite (seed 0; training episodes),jamesbond,0,5955,0.0
Constraint suite (seed 0; training episodes),jamesbond,0,6426,0.0
Constraint suite (seed 0; training episodes),jamesbond,0,7033,50.0
Constraint suite (seed 0; training episodes),jamesbond,0,7496,0.0
Constraint suite (seed 0; training episodes),jamesbond,0,8107,50.0
Constraint suite (seed 0; training episodes),jamesbond,0,8584,0.0
Constraint suite (seed 0; training episodes),jamesbond,0,9123,50.0
Constraint suite (seed 0; training episodes),jamesbond,0,9522,0.0
Constraint suite (seed 0; training episodes),jamesbond,0,9990,0.0
Constraint suite (seed 0; training episodes),jamesbond,0,10486,0.0
Constraint suite (seed 0; training episodes),jamesbond,0,11138,0.0
Constraint suite (seed 0; training episodes),jamesbond,0,11612,0.0
Constraint suite (seed 0; training episodes),jamesbond,0,12080,0.0
Constraint suite (seed 0; training episodes),jamesbond,0,12629,100.0
Constraint suite (seed 0; training episodes),jamesbond,0,13223,100.0
Constraint suite (seed 0; training episodes),jamesbond,0,13756,50.0
Constraint suite (seed 0; training episodes),jamesbond,0,14361,100.0
Constraint suite (seed 0; training episodes),jamesbond,0,14917,100.0
Constraint suite (seed 0; training episodes),jamesbond,0,15480,50.0
Constraint suite (seed 0; training episodes),jamesbond,0,16092,0.0
Constraint suite (seed 0; training episodes),jamesbond,0,16631,0.0
Constraint suite (seed 0; training episodes),jamesbond,0,17243,0.0
Constraint suite (seed 0; training episodes),jamesbond,0,17856,0.0
Constraint suite (seed 0; training episodes),jamesbond,0,18463,0.0
Constraint suite (seed 0; training episodes),jamesbond,0,19016,0.0
Constraint suite (seed 0; training episodes),jamesbond,0,19569,0.0
Constraint suite (seed 0; training episodes),jamesbond,0,20130,0.0
Constraint suite (seed 0; training episodes),jamesbond,0,20748,0.0
Constraint suite (seed 0; training episodes),jamesbond,0,21275,0.0
Constraint suite (seed 0; training episodes),jamesbond,0,21855,0.0
Constraint suite (seed 0; training episodes),jamesbond,0,22343,0.0
Constraint suite (seed 0; training episodes),jamesbond,0,22871,0.0
Constraint suite (seed 0; training episodes),jamesbond,0,23400,0.0
Constraint suite (seed 0; training episodes),jamesbond,0,23891,100.0
Constraint suite (seed 0; training episodes),jamesbond,0,24384,50.0
Constraint suite (seed 0; training episodes),jamesbond,0,24830,0.0
Constraint suite (seed 0; training episodes),jamesbond,0,25222,0.0
Constraint suite (seed 0; training episodes),jamesbond,0,25578,50.0
Constraint suite (seed 0; training episodes),jamesbond,0,25930,0.0
Constraint suite (seed 0; training episodes),jamesbond,0,26357,0.0
Constraint suite (seed 0; training episodes),jamesbond,0,26715,50.0
Constraint suite (seed 0; training episodes),jamesbond,0,27072,0.0
Constraint suite (seed 0; training episodes),jamesbond,0,27427,50.0
Constraint suite (seed 0; training episodes),jamesbond,0,27777,50.0
Constraint suite (seed 0; training episodes),jamesbond,0,28129,0.0
Constraint suite (seed 0; training episodes),jamesbond,0,28488,0.0
Constraint suite (seed 0; training episodes),jamesbond,0,28861,0.0
Constraint suite (seed 0; training episodes),jamesbond,0,29290,0.0
Constraint suite (seed 0; training episodes),jamesbond,0,29844,100.0
Constraint suite (seed 0; training episodes),jamesbond,0,30296,50.0
Constraint suite (seed 0; training episodes),jamesbond,0,30680,0.0
Constraint suite (seed 0; training episodes),jamesbond,0,31039,0.0
Constraint suite (seed 0; training episodes),jamesbond,0,31388,50.0
Constraint suite (seed 0; training episodes),jamesbond,0,31744,0.0
Constraint suite (seed 0; training episodes),jamesbond,0,32167,0.0
Constraint suite (seed 0; training episodes),jamesbond,0,32591,0.0
Constraint suite (seed 0; training episodes),jamesbond,0,32929,0.0
Constraint suite (seed 0; training episodes),jamesbond,0,33340,50.0
Constraint suite (seed 0; training episodes),jamesbond,0,33762,0.0
Constraint suite (seed 0; training episodes),jamesbond,0,34165,0.0
Constraint suite (seed 0; training episodes),jamesbond,0,34578,50.0
Constraint suite (seed 0; training episodes),jamesbond,0,34928,50.0
Constraint suite (seed 0; training episodes),jamesbond,0,35321,50.0
Constraint suite (seed 0; training episodes),jamesbond,0,35841,150.0
Constraint suite (seed 0; training episodes),jamesbond,0,36325,50.0
Constraint suite (seed 0; training episodes),jamesbond,0,36831,50.0
Constraint suite (seed 0; training episodes),jamesbond,0,37357,150.0
Constraint suite (seed 0; training episodes),jamesbond,0,37819,100.0
Constraint suite (seed 0; training episodes),jamesbond,0,38333,0.0
Constraint suite (seed 0; training episodes),jamesbond,0,38978,150.0
Constraint suite (seed 0; training episodes),jamesbond,0,39493,50.0
Constraint suite (seed 0; training episodes),jamesbond,0,40190,50.0
Constraint suite (seed 0; training episodes),jamesbond,0,40744,100.0
Constraint suite (seed 0; training episodes),jamesbond,0,41370,0.0
Constraint suite (seed 0; training episodes),jamesbond,0,42135,200.0
Constraint suite (seed 0; training episodes),jamesbond,0,42666,100.0
Constraint suite (seed 0; training episodes),jamesbond,0,43216,150.0
Constraint suite (seed 0; training episodes),jamesbond,0,43739,50.0
Constraint suite (seed 0; training episodes),jamesbond,0,44216,0.0
Constraint suite (seed 0; training episodes),jamesbond,0,44802,50.0
Constraint suite (seed 0; training episodes),jamesbond,0,45329,50.0
Constraint suite (seed 0; training episodes),jamesbond,0,45835,50.0
Constraint suite (seed 0; training episodes),jamesbond,0,46444,150.0
Constraint suite (seed 0; training episodes),jamesbond,0,47034,50.0
Constraint suite (seed 0; training episodes),jamesbond,0,47534,50.0
Constraint suite (seed 0; training episodes),jamesbond,0,48100,200.0
Constraint suite (seed 0; training episodes),jamesbond,0,48725,50.0
Constraint suite (seed 0; training episodes),jamesbond,0,49600,50.0
Constraint suite (seed 0; training episodes),jamesbond,0,50128,150.0
Constraint suite (seed 0; training episodes),jamesbond,0,50691,50.0
Constraint suite (seed 0; training episodes),jamesbond,0,51282,150.0
Constraint suite (seed 0; training episodes),jamesbond,0,51983,150.0
Constraint suite (seed 0; training episodes),jamesbond,0,52542,100.0
Constraint suite (seed 0; training episodes),jamesbond,0,53076,150.0
Constraint suite (seed 0; training episodes),jamesbond,0,53560,100.0
Constraint suite (seed 0; training episodes),jamesbond,0,54114,100.0
Constraint suite (seed 0; training episodes),jamesbond,0,54673,100.0
Constraint suite (seed 0; training episodes),jamesbond,0,55264,100.0
Constraint suite (seed 0; training episodes),jamesbond,0,55833,0.0
Constraint suite (seed 0; training episodes),jamesbond,0,56389,0.0
Constraint suite (seed 0; training episodes),jamesbond,0,56940,150.0
Constraint suite (seed 0; training episodes),jamesbond,0,57442,150.0
Constraint suite (seed 0; training episodes),jamesbond,0,57948,100.0
Constraint suite (seed 0; training episodes),jamesbond,0,58453,150.0
Constraint suite (seed 0; training episodes),jamesbond,0,58911,50.0
Constraint suite (seed 0; training episodes),jamesbond,0,59588,100.0
Constraint suite (seed 0; training episodes),jamesbond,0,60082,150.0
Constraint suite (seed 0; training episodes),jamesbond,0,60552,0.0
Constraint suite (seed 0; training episodes),jamesbond,0,61072,0.0
Constraint suite (seed 0; training episodes),jamesbond,0,61568,100.0
Constraint suite (seed 0; training episodes),jamesbond,0,62092,250.0
Constraint suite (seed 0; training episodes),jamesbond,0,62605,100.0
Constraint suite (seed 0; training episodes),jamesbond,0,63075,100.0
Constraint suite (seed 0; training episodes),jamesbond,0,63988,200.0
Constraint suite (seed 0; training episodes),jamesbond,0,64453,0.0
Constraint suite (seed 0; training episodes),jamesbond,0,65099,250.0
Constraint suite (seed 0; training episodes),jamesbond,0,65640,100.0
Constraint suite (seed 0; training episodes),jamesbond,0,66147,200.0
Constraint suite (seed 0; training episodes),jamesbond,0,66822,350.0
Constraint suite (seed 0; training episodes),jamesbond,0,67346,100.0
Constraint suite (seed 0; training episodes),jamesbond,0,67972,200.0
Constraint suite (seed 0; training episodes),jamesbond,0,68521,150.0
Constraint suite (seed 0; training episodes),jamesbond,0,69172,250.0
Constraint suite (seed 0; training episodes),jamesbond,0,69855,250.0
Constraint suite (seed 0; training episodes),jamesbond,0,70325,50.0
Constraint suite (seed 0; training episodes),jamesbond,0,70972,150.0
Constraint suite (seed 0; training episodes),jamesbond,0,71542,100.0
Constraint suite (seed 0; training episodes),jamesbond,0,72031,250.0
Constraint suite (seed 0; training episodes),jamesbond,0,72536,200.0
Constraint suite (seed 0; training episodes),jamesbond,0,73025,100.0
Constraint suite (seed 0; training episodes),jamesbond,0,73665,100.0
Constraint suite (seed 0; training episodes),jamesbond,0,74133,150.0
Constraint suite (seed 0; training episodes),jamesbond,0,74693,150.0
Constraint suite (seed 0; training episodes),jamesbond,0,75084,150.0
Constraint suite (seed 0; training episodes),jamesbond,0,75681,100.0
Constraint suite (seed 0; training episodes),jamesbond,0,76155,100.0
Constraint suite (seed 0; training episodes),jamesbond,0,76624,100.0
Constraint suite (seed 0; training episodes),jamesbond,0,77140,100.0
Constraint suite (seed 0; training episodes),jamesbond,0,77807,300.0
Constraint suite (seed 0; training episodes),jamesbond,0,78310,200.0
Constraint suite (seed 0; training episodes),jamesbond,0,78802,250.0
Constraint suite (seed 0; training episodes),jamesbond,0,79240,150.0
Constraint suite (seed 0; training episodes),jamesbond,0,79713,150.0
Constraint suite (seed 0; training episodes),jamesbond,0,80703,200.0
Constraint suite (seed 0; training episodes),jamesbond,0,81167,200.0
Constraint suite (seed 0; training episodes),jamesbond,0,81905,200.0
Constraint suite (seed 0; training episodes),jamesbond,0,82452,100.0
Constraint suite (seed 0; training episodes),jamesbond,0,83709,450.0
Constraint suite (seed 0; training episodes),jamesbond,0,84438,200.0
Constraint suite (seed 0; training episodes),jamesbond,0,85727,400.0
Constraint suite (seed 0; training episodes),jamesbond,0,86358,300.0
Constraint suite (seed 0; training episodes),jamesbond,0,86858,100.0
Constraint suite (seed 0; training episodes),jamesbond,0,87382,150.0
Constraint suite (seed 0; training episodes),jamesbond,0,87920,200.0
Constraint suite (seed 0; training episodes),jamesbond,0,88464,200.0
Constraint suite (seed 0; training episodes),jamesbond,0,89305,300.0
Constraint suite (seed 0; training episodes),jamesbond,0,90269,200.0
Constraint suite (seed 0; training episodes),jamesbond,0,91386,300.0
Constraint suite (seed 0; training episodes),jamesbond,0,91995,0.0
Constraint suite (seed 0; training episodes),jamesbond,0,92647,150.0
Constraint suite (seed 0; training episodes),jamesbond,0,93475,200.0
Constraint suite (seed 0; training episodes),jamesbond,0,93971,150.0
Constraint suite (seed 0; training episodes),jamesbond,0,94622,100.0
Constraint suite (seed 0; training episodes),jamesbond,0,95146,200.0
Constraint suite (seed 0; training episodes),jamesbond,0,95674,150.0
Constraint suite (seed 0; training episodes),jamesbond,0,96577,300.0
Constraint suite (seed 0; training episodes),jamesbond,0,97220,150.0
Constraint suite (seed 0; training episodes),jamesbond,0,97764,100.0
Constraint suite (seed 0; training episodes),jamesbond,0,98362,150.0
Constraint suite (seed 0; training episodes),jamesbond,0,98829,200.0
Constraint suite (seed 0; training episodes),jamesbond,0,99672,300.0
Constraint suite (seed 0; training episodes),jamesbond,0,100275,300.0
Constraint suite (seed 0; training episodes),jamesbond,0,101097,300.0
Constraint suite (seed 0; training episodes),jamesbond,0,101631,250.0
Constraint suite (seed 0; training episodes),jamesbond,0,102278,300.0
Constraint suite (seed 0; training episodes),jamesbond,0,103651,350.0
Constraint suite (seed 0; training episodes),jamesbond,0,104510,350.0
Constraint suite (seed 0; training episodes),jamesbond,0,105422,300.0
Constraint suite (seed 0; training episodes),jamesbond,0,105949,250.0
Constraint suite (seed 0; training episodes),jamesbond,0,107141,350.0
Constraint suite (seed 0; training episodes),jamesbond,0,107668,200.0
Constraint suite (seed 0; training episodes),jamesbond,0,108205,150.0
Constraint suite (seed 0; training episodes),jamesbond,0,109188,250.0
Constraint suite (seed 0; training episodes),jamesbond,0,109712,250.0
Constraint suite (seed 0; training episodes),kangaroo,0,535,0.0
Constraint suite (seed 0; training episodes),kangaroo,0,941,0.0
Constraint suite (seed 0; training episodes),kangaroo,0,1612,200.0
Constraint suite (seed 0; training episodes),kangaroo,0,1898,0.0
Constraint suite (seed 0; training episodes),kangaroo,0,2439,0.0
Constraint suite (seed 0; training episodes),kangaroo,0,2985,200.0
Constraint suite (seed 0; training episodes),kangaroo,0,3352,0.0
Constraint suite (seed 0; training episodes),kangaroo,0,3875,0.0
Constraint suite (seed 0; training episodes),kangaroo,0,4422,200.0
Constraint suite (seed 0; training episodes),kangaroo,0,4702,0.0
Constraint suite (seed 0; training episodes),kangaroo,0,5109,0.0
Constraint suite (seed 0; training episodes),kangaroo,0,5653,0.0
Constraint suite (seed 0; training episodes),kangaroo,0,6062,0.0
Constraint suite (seed 0; training episodes),kangaroo,0,6539,0.0
Constraint suite (seed 0; training episodes),kangaroo,0,6885,0.0
Constraint suite (seed 0; training episodes),kangaroo,0,7248,0.0
Constraint suite (seed 0; training episodes),kangaroo,0,7796,200.0
Constraint suite (seed 0; training episodes),kangaroo,0,8336,0.0
Constraint suite (seed 0; training episodes),kangaroo,0,8868,0.0
Constraint suite (seed 0; training episodes),kangaroo,0,9339,0.0
Constraint suite (seed 0; training episodes),kangaroo,0,9881,0.0
Constraint suite (seed 0; training episodes),kangaroo,0,10422,0.0
Constraint suite (seed 0; training episodes),kangaroo,0,10841,0.0
Constraint suite (seed 0; training episodes),kangaroo,0,11309,200.0
Constraint suite (seed 0; training episodes),kangaroo,0,11774,0.0
Constraint suite (seed 0; training episodes),kangaroo,0,12179,0.0
Constraint suite (seed 0; training episodes),kangaroo,0,12516,0.0
Constraint suite (seed 0; training episodes),kangaroo,0,12854,0.0
Constraint suite (seed 0; training episodes),kangaroo,0,13124,0.0
Constraint suite (seed 0; training episodes),kangaroo,0,13397,0.0
Constraint suite (seed 0; training episodes),kangaroo,0,13737,200.0
Constraint suite (seed 0; training episodes),kangaroo,0,14111,0.0
Constraint suite (seed 0; training episodes),kangaroo,0,14678,0.0
Constraint suite (seed 0; training episodes),kangaroo,0,15205,200.0
Constraint suite (seed 0; training episodes),kangaroo,0,15729,0.0
Constraint suite (seed 0; training episodes),kangaroo,0,16194,0.0
Constraint suite (seed 0; training episodes),kangaroo,0,16730,0.0
Constraint suite (seed 0; training episodes),kangaroo,0,17137,0.0
Constraint suite (seed 0; training episodes),kangaroo,0,17611,0.0
Constraint suite (seed 0; training episodes),kangaroo,0,17888,0.0
Constraint suite (seed 0; training episodes),kangaroo,0,18169,0.0
Constraint suite (seed 0; training episodes),kangaroo,0,18445,0.0
Constraint suite (seed 0; training episodes),kangaroo,0,18723,0.0
Constraint suite (seed 0; training episodes),kangaroo,0,19070,0.0
Constraint suite (seed 0; training episodes),kangaroo,0,19350,0.0
Constraint suite (seed 0; training episodes),kangaroo,0,19630,0.0
Constraint suite (seed 0; training episodes),kangaroo,0,19914,0.0
Constraint suite (seed 0; training episodes),kangaroo,0,20265,200.0
Constraint suite (seed 0; training episodes),kangaroo,0,20541,0.0
Constraint suite (seed 0; training episodes),kangaroo,0,20814,0.0
Constraint suite (seed 0; training episodes),kangaroo,0,21090,0.0
Constraint suite (seed 0; training episodes),kangaroo,0,21374,0.0
Constraint suite (seed 0; training episodes),kangaroo,0,21653,0.0
Constraint suite (seed 0; training episodes),kangaroo,0,21929,0.0
Constraint suite (seed 0; training episodes),kangaroo,0,22199,0.0
Constraint suite (seed 0; training episodes),kangaroo,0,22468,0.0
Constraint suite (seed 0; training episodes),kangaroo,0,22740,0.0
Constraint suite (seed 0; training episodes),kangaroo,0,23013,0.0
Constraint suite (seed 0; training episodes),kangaroo,0,23349,0.0
Constraint suite (seed 0; training episodes),kangaroo,0,23622,0.0
Constraint suite (seed 0; training episodes),kangaroo,0,23960,0.0
Constraint suite (seed 0; training episodes),kangaroo,0,24234,0.0
Constraint suite (seed 0; training episodes),kangaroo,0,24510,0.0
Constraint suite (seed 0; training episodes),kangaroo,0,24780,0.0
Constraint suite (seed 0; training episodes),kangaroo,0,25053,0.0
Constraint suite (seed 0; training episodes),kangaroo,0,25323,0.0
Constraint suite (seed 0; training episodes),kangaroo,0,25595,0.0
Constraint suite (seed 0; training episodes),kangaroo,0,25864,0.0
Constraint suite (seed 0; training episodes),kangaroo,0,26146,0.0
Constraint suite (seed 0; training episodes),kangaroo,0,26426,0.0
Constraint suite (seed 0; training episodes),kangaroo,0,26705,0.0
Constraint suite (seed 0; training episodes),kangaroo,0,26982,0.0
Constraint suite (seed 0; training episodes),kangaroo,0,27261,0.0
Constraint suite (seed 0; training episodes),kangaroo,0,27550,0.0
Constraint suite (seed 0; training episodes),kangaroo,0,27830,0.0
Constraint suite (seed 0; training episodes),kangaroo,0,28110,0.0
Constraint suite (seed 0; training episodes),kangaroo,0,28390,0.0
Constraint suite (seed 0; training episodes),kangaroo,0,28669,0.0
Constraint suite (seed 0; training episodes),kangaroo,0,28958,0.0
Constraint suite (seed 0; training episodes),kangaroo,0,29241,0.0
Constraint suite (seed 0; training episodes),kangaroo,0,29522,0.0
Constraint suite (seed 0; training episodes),kangaroo,0,29931,0.0
Constraint suite (seed 0; training episodes),kangaroo,0,30401,200.0
Constraint suite (seed 0; training episodes),kangaroo,0,30687,0.0
Constraint suite (seed 0; training episodes),kangaroo,0,31085,0.0
Constraint suite (seed 0; training episodes),kangaroo,0,31466,200.0
Constraint suite (seed 0; training episodes),kangaroo,0,31867,0.0
Constraint suite (seed 0; training episodes),kangaroo,0,32241,0.0
Constraint suite (seed 0; training episodes),kangaroo,0,32661,0.0
Constraint suite (seed 0; training episodes),kangaroo,0,32955,0.0
Constraint suite (seed 0; training episodes),kangaroo,0,33553,200.0
Constraint suite (seed 0; training episodes),kangaroo,0,34221,600.0
Constraint suite (seed 0; training episodes),kangaroo,0,34583,200.0
Constraint suite (seed 0; training episodes),kangaroo,0,34962,200.0
Constraint suite (seed 0; training episodes),kangaroo,0,35392,200.0
Constraint suite (seed 0; training episodes),kangaroo,0,35901,400.0
Constraint suite (seed 0; training episodes),kangaroo,0,36198,0.0
Constraint suite (seed 0; training episodes),kangaroo,0,36654,400.0
Constraint suite (seed 0; training episodes),kangaroo,0,37176,600.0
Constraint suite (seed 0; training episodes),kangaroo,0,37725,400.0
Constraint suite (seed 0; training episodes),kangaroo,0,38152,400.0
Constraint suite (seed 0; training episodes),kangaroo,0,38710,200.0
Constraint suite (seed 0; training episodes),kangaroo,0,39126,400.0
Constraint suite (seed 0; training episodes),kangaroo,0,39614,600.0
Constraint suite (seed 0; training episodes),kangaroo,0,40153,200.0
Constraint suite (seed 0; training episodes),kangaroo,0,40705,400.0
Constraint suite (seed 0; training episodes),kangaroo,0,41009,0.0
Constraint suite (seed 0; training episodes),kangaroo,0,41508,400.0
Constraint suite (seed 0; training episodes),kangaroo,0,41972,600.0
Constraint suite (seed 0; training episodes),kangaroo,0,42569,800.0
Constraint suite (seed 0; training episodes),kangaroo,0,42942,200.0
Constraint suite (seed 0; training episodes),kangaroo,0,43439,400.0
Constraint suite (seed 0; training episodes),kangaroo,0,43915,200.0
Constraint suite (seed 0; training episodes),kangaroo,0,44386,400.0
Constraint suite (seed 0; training episodes),kangaroo,0,45033,1200.0
Constraint suite (seed 0; training episodes),kangaroo,0,45776,1000.0
Constraint suite (seed 0; training episodes),kangaroo,0,46455,600.0
Constraint suite (seed 0; training episodes),kangaroo,0,47004,200.0
Constraint suite (seed 0; training episodes),kangaroo,0,47503,600.0
Constraint suite (seed 0; training episodes),kangaroo,0,48217,1000.0
Constraint suite (seed 0; training episodes),kangaroo,0,48585,200.0
Constraint suite (seed 0; training episodes),kangaroo,0,49115,600.0
Constraint suite (seed 0; training episodes),kangaroo,0,49687,400.0
Constraint suite (seed 0; training episodes),kangaroo,0,50148,200.0
Constraint suite (seed 0; training episodes),kangaroo,0,50518,200.0
Constraint suite (seed 0; training episodes),kangaroo,0,51023,600.0
Constraint suite (seed 0; training episodes),kangaroo,0,51583,800.0
Constraint suite (seed 0; training episodes),kangaroo,0,52267,1200.0
Constraint suite (seed 0; training episodes),kangaroo,0,52960,600.0
Constraint suite (seed 0; training episodes),kangaroo,0,53651,1000.0
Constraint suite (seed 0; training episodes),kangaroo,0,54274,800.0
Constraint suite (seed 0; training episodes),kangaroo,0,54861,800.0
Constraint suite (seed 0; training episodes),kangaroo,0,55472,1200.0
Constraint suite (seed 0; training episodes),kangaroo,0,56026,600.0
Constraint suite (seed 0; training episodes),kangaroo,0,56626,1200.0
Constraint suite (seed 0; training episodes),kangaroo,0,57242,1200.0
Constraint suite (seed 0; training episodes),kangaroo,0,57886,1000.0
Constraint suite (seed 0; training episodes),kangaroo,0,58519,1000.0
Constraint suite (seed 0; training episodes),kangaroo,0,59255,1600.0
Constraint suite (seed 0; training episodes),kangaroo,0,59848,800.0
Constraint suite (seed 0; training episodes),kangaroo,0,60406,400.0
Constraint suite (seed 0; training episodes),kangaroo,0,60887,400.0
Constraint suite (seed 0; training episodes),kangaroo,0,61536,800.0
Constraint suite (seed 0; training episodes),kangaroo,0,62141,800.0
Constraint suite (seed 0; training episodes),kangaroo,0,62875,1400.0
Constraint suite (seed 0; training episodes),kangaroo,0,63543,400.0
Constraint suite (seed 0; training episodes),kangaroo,0,64126,1400.0
Constraint suite (seed 0; training episodes),kangaroo,0,64671,600.0
Constraint suite (seed 0; training episodes),kangaroo,0,65334,400.0
Constraint suite (seed 0; training episodes),kangaroo,0,65901,600.0
Constraint suite (seed 0; training episodes),kangaroo,0,66509,1000.0
Constraint suite (seed 0; training episodes),kangaroo,0,67108,1000.0
Constraint suite (seed 0; training episodes),kangaroo,0,67614,1000.0
Constraint suite (seed 0; training episodes),kangaroo,0,68209,800.0
Constraint suite (seed 0; training episodes),kangaroo,0,68723,600.0
Constraint suite (seed 0; training episodes),kangaroo,0,69184,800.0
Constraint suite (seed 0; training episodes),kangaroo,0,69702,800.0
Constraint suite (seed 0; training episodes),kangaroo,0,70162,800.0
Constraint suite (seed 0; training episodes),kangaroo,0,70772,1400.0
Constraint suite (seed 0; training episodes),kangaroo,0,71307,400.0
Constraint suite (seed 0; training episodes),kangaroo,0,71888,800.0
Constraint suite (seed 0; training episodes),kangaroo,0,72513,1200.0
Constraint suite (seed 0; training episodes),kangaroo,0,73032,600.0
Constraint suite (seed 0; training episodes),kangaroo,0,73554,1000.0
Constraint suite (seed 0; training episodes),kangaroo,0,74132,1200.0
Constraint suite (seed 0; training episodes),kangaroo,0,74699,800.0
Constraint suite (seed 0; training episodes),kangaroo,0,75164,800.0
Constraint suite (seed 0; training episodes),kangaroo,0,75776,1000.0
Constraint suite (seed 0; training episodes),kangaroo,0,76256,800.0
Constraint suite (seed 0; training episodes),kangaroo,0,76896,1400.0
Constraint suite (seed 0; training episodes),kangaroo,0,77506,1000.0
Constraint suite (seed 0; training episodes),kangaroo,0,78197,800.0
Constraint suite (seed 0; training episodes),kangaroo,0,78729,600.0
Constraint suite (seed 0; training episodes),kangaroo,0,79288,800.0
Constraint suite (seed 0; training episodes),kangaroo,0,79846,800.0
Constraint suite (seed 0; training episodes),kangaroo,0,80475,1400.0
Constraint suite (seed 0; training episodes),kangaroo,0,81133,1400.0
Constraint suite (seed 0; training episodes),kangaroo,0,81831,1200.0
Constraint suite (seed 0; training episodes),kangaroo,0,82239,400.0
Constraint suite (seed 0; training episodes),kangaroo,0,82775,600.0
Constraint suite (seed 0; training episodes),kangaroo,0,83314,1000.0
Constraint suite (seed 0; training episodes),kangaroo,0,83875,1000.0
Constraint suite (seed 0; training episodes),kangaroo,0,84580,1200.0
Constraint suite (seed 0; training episodes),kangaroo,0,85173,1000.0
Constraint suite (seed 0; training episodes),kangaroo,0,85881,1400.0
Constraint suite (seed 0; training episodes),kangaroo,0,86292,400.0
Constraint suite (seed 0; training episodes),kangaroo,0,86856,600.0
Constraint suite (seed 0; training episodes),kangaroo,0,87498,1400.0
Constraint suite (seed 0; training episodes),kangaroo,0,88051,1200.0
Constraint suite (seed 0; training episodes),kangaroo,0,88526,800.0
Constraint suite (seed 0; training episodes),kangaroo,0,89198,1200.0
Constraint suite (seed 0; training episodes),kangaroo,0,89791,1200.0
Constraint suite (seed 0; training episodes),kangaroo,0,90409,1400.0
Constraint suite (seed 0; training episodes),kangaroo,0,91028,1200.0
Constraint suite (seed 0; training episodes),kangaroo,0,91663,1200.0
Constraint suite (seed 0; training episodes),kangaroo,0,92233,800.0
Constraint suite (seed 0; training episodes),kangaroo,0,92778,1000.0
Constraint suite (seed 0; training episodes),kangaroo,0,93396,1200.0
Constraint suite (seed 0; training episodes),kangaroo,0,94031,1400.0
Constraint suite (seed 0; training episodes),kangaroo,0,94689,1200.0
Constraint suite (seed 0; training episodes),kangaroo,0,95152,600.0
Constraint suite (seed 0; training episodes),kangaroo,0,95641,800.0
Constraint suite (seed 0; training episodes),kangaroo,0,96295,1400.0
Constraint suite (seed 0; training episodes),kangaroo,0,96941,1400.0
Constraint suite (seed 0; training episodes),kangaroo,0,97581,1400.0
Constraint suite (seed 0; training episodes),kangaroo,0,98100,1000.0
Constraint suite (seed 0; training episodes),kangaroo,0,98672,1000.0
Constraint suite (seed 0; training episodes),kangaroo,0,99206,800.0
Constraint suite (seed 0; training episodes),kangaroo,0,99853,1600.0
Constraint suite (seed 0; training episodes),kangaroo,0,100482,1000.0
Constraint suite (seed 0; training episodes),kangaroo,0,101069,1400.0
Constraint suite (seed 0; training episodes),kangaroo,0,101626,600.0
Constraint suite (seed 0; training episodes),kangaroo,0,102312,1200.0
Constraint suite (seed 0; training episodes),kangaroo,0,102953,1400.0
Constraint suite (seed 0; training episodes),kangaroo,0,103549,1000.0
Constraint suite (seed 0; training episodes),kangaroo,0,104257,1200.0
Constraint suite (seed 0; training episodes),kangaroo,0,104900,1600.0
Constraint suite (seed 0; training episodes),kangaroo,0,105541,1600.0
Constraint suite (seed 0; training episodes),kangaroo,0,106153,1400.0
Constraint suite (seed 0; training episodes),kangaroo,0,106797,1400.0
Constraint suite (seed 0; training episodes),kangaroo,0,107352,600.0
Constraint suite (seed 0; training episodes),kangaroo,0,107876,800.0
Constraint suite (seed 0; training episodes),kangaroo,0,108501,800.0
Constraint suite (seed 0; training episodes),kangaroo,0,109170,1400.0
Constraint suite (seed 0; training episodes),kangaroo,0,109813,1600.0
Constraint suite (seed 0; training episodes),krull,0,1270,1500.0
Constraint suite (seed 0; training episodes),krull,0,2703,1800.0
Constraint suite (seed 0; training episodes),krull,0,4191,2390.0
Constraint suite (seed 0; training episodes),krull,0,5690,1840.0
Constraint suite (seed 0; training episodes),krull,0,7598,2640.0
Constraint suite (seed 0; training episodes),krull,0,8936,1490.0
Constraint suite (seed 0; training episodes),krull,0,10037,1070.0
Constraint suite (seed 0; training episodes),krull,0,11126,720.0
Constraint suite (seed 0; training episodes),krull,0,12584,1990.0
Constraint suite (seed 0; training episodes),krull,0,13747,930.0
Constraint suite (seed 0; training episodes),krull,0,14834,1880.0
Constraint suite (seed 0; training episodes),krull,0,16040,1570.0
Constraint suite (seed 0; training episodes),krull,0,17464,3070.0
Constraint suite (seed 0; training episodes),krull,0,18923,3890.0
Constraint suite (seed 0; training episodes),krull,0,19999,2830.0
Constraint suite (seed 0; training episodes),krull,0,21169,2870.0
Constraint suite (seed 0; training episodes),krull,0,22450,2190.0
Constraint suite (seed 0; training episodes),krull,0,23674,4250.0
Constraint suite (seed 0; training episodes),krull,0,25725,5750.0
Constraint suite (seed 0; training episodes),krull,0,27218,6910.0
Constraint suite (seed 0; training episodes),krull,0,28658,7540.0
Constraint suite (seed 0; training episodes),krull,0,30052,7380.0
Constraint suite (seed 0; training episodes),krull,0,31481,6550.0
Constraint suite (seed 0; training episodes),krull,0,32889,8130.0
Constraint suite (seed 0; training episodes),krull,0,33972,5460.0
Constraint suite (seed 0; training episodes),krull,0,35290,7140.0
Constraint suite (seed 0; training episodes),krull,0,36644,7360.0
Constraint suite (seed 0; training episodes),krull,0,37568,4330.0
Constraint suite (seed 0; training episodes),krull,0,38632,4870.0
Constraint suite (seed 0; training episodes),krull,0,39449,3430.0
Constraint suite (seed 0; training episodes),krull,0,40761,7340.0
Constraint suite (seed 0; training episodes),krull,0,41483,3260.0
Constraint suite (seed 0; training episodes),krull,0,42582,5810.0
Constraint suite (seed 0; training episodes),krull,0,43699,6460.0
Constraint suite (seed 0; training episodes),krull,0,44879,6200.0
Constraint suite (seed 0; training episodes),krull,0,46823,10980.0
Constraint suite (seed 0; training episodes),krull,0,48718,10020.0
Constraint suite (seed 0; training episodes),krull,0,50023,7480.0
Constraint suite (seed 0; training episodes),krull,0,51518,8940.0
Constraint suite (seed 0; training episodes),krull,0,53008,9180.0
Constraint suite (seed 0; training episodes),krull,0,54484,8530.0
Constraint suite (seed 0; training episodes),krull,0,55589,5940.0
Constraint suite (seed 0; training episodes),krull,0,57104,8700.0
Constraint suite (seed 0; training episodes),krull,0,58581,8470.0
Constraint suite (seed 0; training episodes),krull,0,60019,8400.0
Constraint suite (seed 0; training episodes),krull,0,62002,10880.0
Constraint suite (seed 0; training episodes),krull,0,63251,7030.0
Constraint suite (seed 0; training episodes),krull,0,64315,5740.0
Constraint suite (seed 0; training episodes),krull,0,65389,6000.0
Constraint suite (seed 0; training episodes),krull,0,66273,4120.0
Constraint suite (seed 0; training episodes),krull,0,68319,11510.0
Constraint suite (seed 0; training episodes),krull,0,69174,4120.0
Constraint suite (seed 0; training episodes),krull,0,70654,9210.0
Constraint suite (seed 0; training episodes),krull,0,72106,8590.0
Constraint suite (seed 0; training episodes),krull,0,73577,9140.0
Constraint suite (seed 0; training episodes),krull,0,75952,13720.0
Constraint suite (seed 0; training episodes),krull,0,77780,9870.0
Constraint suite (seed 0; training episodes),krull,0,79239,8670.0
Constraint suite (seed 0; training episodes),krull,0,81285,11710.0
Constraint suite (seed 0; training episodes),krull,0,82614,6910.0
Constraint suite (seed 0; training episodes),krull,0,83986,7780.0
Constraint suite (seed 0; training episodes),krull,0,85112,6140.0
Constraint suite (seed 0; training episodes),krull,0,86563,8370.0
Constraint suite (seed 0; training episodes),krull,0,88636,11890.0
Constraint suite (seed 0; training episodes),krull,0,90667,11910.0
Constraint suite (seed 0; training episodes),krull,0,92118,8810.0
Constraint suite (seed 0; training episodes),krull,0,93301,7040.0
Constraint suite (seed 0; training episodes),krull,0,94717,8470.0
Constraint suite (seed 0; training episodes),krull,0,96147,8740.0
Constraint suite (seed 0; training episodes),krull,0,98087,9120.0
Constraint suite (seed 0; training episodes),krull,0,100122,11310.0
Constraint suite (seed 0; training episodes),krull,0,101212,6160.0
Constraint suite (seed 0; training episodes),krull,0,102723,9010.0
Constraint suite (seed 0; training episodes),krull,0,104008,7850.0
Constraint suite (seed 0; training episodes),krull,0,105250,6920.0
Constraint suite (seed 0; training episodes),krull,0,106460,6600.0
Constraint suite (seed 0; training episodes),krull,0,107907,9150.0
Constraint suite (seed 0; training episodes),krull,0,109964,11570.0
Constraint suite (seed 0; training episodes),kung_fu_master,0,851,0.0
Constraint suite (seed 0; training episodes),kung_fu_master,0,1833,300.0
Constraint suite (seed 0; training episodes),kung_fu_master,0,2762,0.0
Constraint suite (seed 0; training episodes),kung_fu_master,0,3777,300.0
Constraint suite (seed 0; training episodes),kung_fu_master,0,4956,100.0
Constraint suite (seed 0; training episodes),kung_fu_master,0,5910,200.0
Constraint suite (seed 0; training episodes),kung_fu_master,0,6886,0.0
Constraint suite (seed 0; training episodes),kung_fu_master,0,7764,300.0
Constraint suite (seed 0; training episodes),kung_fu_master,0,8762,400.0
Constraint suite (seed 0; training episodes),kung_fu_master,0,9719,900.0
Constraint suite (seed 0; training episodes),kung_fu_master,0,10668,1200.0
Constraint suite (seed 0; training episodes),kung_fu_master,0,12287,2700.0
Constraint suite (seed 0; training episodes),kung_fu_master,0,13685,3000.0
Constraint suite (seed 0; training episodes),kung_fu_master,0,14402,200.0
Constraint suite (seed 0; training episodes),kung_fu_master,0,15636,2400.0
Constraint suite (seed 0; training episodes),kung_fu_master,0,18778,16400.0
Constraint suite (seed 0; training episodes),kung_fu_master,0,21869,21000.0
Constraint suite (seed 0; training episodes),kung_fu_master,0,23930,12600.0
Constraint suite (seed 0; training episodes),kung_fu_master,0,25623,11400.0
Constraint suite (seed 0; training episodes),kung_fu_master,0,27314,9200.0
Constraint suite (seed 0; training episodes),kung_fu_master,0,30567,25800.0
Constraint suite (seed 0; training episodes),kung_fu_master,0,34633,32800.0
Constraint suite (seed 0; training episodes),kung_fu_master,0,37044,14000.0
Constraint suite (seed 0; training episodes),kung_fu_master,0,40696,31800.0
Constraint suite (seed 0; training episodes),kung_fu_master,0,43870,28400.0
Constraint suite (seed 0; training episodes),kung_fu_master,0,46395,21600.0
Constraint suite (seed 0; training episodes),kung_fu_master,0,48738,15700.0
Constraint suite (seed 0; training episodes),kung_fu_master,0,51885,23600.0
Constraint suite (seed 0; training episodes),kung_fu_master,0,55514,28200.0
Constraint suite (seed 0; training episodes),kung_fu_master,0,58990,25800.0
Constraint suite (seed 0; training episodes),kung_fu_master,0,61076,16600.0
Constraint suite (seed 0; training episodes),kung_fu_master,0,64821,27200.0
Constraint suite (seed 0; training episodes),kung_fu_master,0,67526,20900.0
Constraint suite (seed 0; training episodes),kung_fu_master,0,70237,20800.0
Constraint suite (seed 0; training episodes),kung_fu_master,0,73624,26600.0
Constraint suite (seed 0; training episodes),kung_fu_master,0,76945,26500.0
Constraint suite (seed 0; training episodes),kung_fu_master,0,80299,22900.0
Constraint suite (seed 0; training episodes),kung_fu_master,0,84377,35100.0
Constraint suite (seed 0; training episodes),kung_fu_master,0,87718,24400.0
Constraint suite (seed 0; training episodes),kung_fu_master,0,90761,24100.0
Constraint suite (seed 0; training episodes),kung_fu_master,0,93692,21500.0
Constraint suite (seed 0; training episodes),kung_fu_master,0,97318,26600.0
Constraint suite (seed 0; training episodes),kung_fu_master,0,100250,23300.0
Constraint suite (seed 0; training episodes),kung_fu_master,0,103189,23800.0
Constraint suite (seed 0; training episodes),kung_fu_master,0,105710,18600.0
Constraint suite (seed 0; training episodes),kung_fu_master,0,107727,13000.0
Constraint suite (seed 0; training episodes),ms_pacman,0,446,190.0
Constraint suite (seed 0; training episodes),ms_pacman,0,965,240.0
Constraint suite (seed 0; training episodes),ms_pacman,0,1471,120.0
Constraint suite (seed 0; training episodes),ms_pacman,0,1957,190.0
Constraint suite (seed 0; training episodes),ms_pacman,0,2465,210.0
Constraint suite (seed 0; training episodes),ms_pacman,0,2898,140.0
Constraint suite (seed 0; training episodes),ms_pacman,0,3329,120.0
Constraint suite (seed 0; training episodes),ms_pacman,0,3780,170.0
Constraint suite (seed 0; training episodes),ms_pacman,0,4234,290.0
Constraint suite (seed 0; training episodes),ms_pacman,0,4674,230.0
Constraint suite (seed 0; training episodes),ms_pacman,0,5182,360.0
Constraint suite (seed 0; training episodes),ms_pacman,0,5682,240.0
Constraint suite (seed 0; training episodes),ms_pacman,0,6269,320.0
Constraint suite (seed 0; training episodes),ms_pacman,0,6831,520.0
Constraint suite (seed 0; training episodes),ms_pacman,0,7282,390.0
Constraint suite (seed 0; training episodes),ms_pacman,0,7690,210.0
Constraint suite (seed 0; training episodes),ms_pacman,0,8224,680.0
Constraint suite (seed 0; training episodes),ms_pacman,0,8894,450.0
Constraint suite (seed 0; training episodes),ms_pacman,0,9768,670.0
Constraint suite (seed 0; training episodes),ms_pacman,0,10368,360.0
Constraint suite (seed 0; training episodes),ms_pacman,0,11059,300.0
Constraint suite (seed 0; training episodes),ms_pacman,0,11954,390.0
Constraint suite (seed 0; training episodes),ms_pacman,0,12482,440.0
Constraint suite (seed 0; training episodes),ms_pacman,0,12899,270.0
Constraint suite (seed 0; training episodes),ms_pacman,0,13709,1260.0
Constraint suite (seed 0; training episodes),ms_pacman,0,14573,1910.0
Constraint suite (seed 0; training episodes),ms_pacman,0,15491,1040.0
Constraint suite (seed 0; training episodes),ms_pacman,0,16091,520.0
Constraint suite (seed 0; training episodes),ms_pacman,0,16506,230.0
Constraint suite (seed 0; training episodes),ms_pacman,0,17114,420.0
Constraint suite (seed 0; training episodes),ms_pacman,0,17769,970.0
Constraint suite (seed 0; training episodes),ms_pacman,0,18353,450.0
Constraint suite (seed 0; training episodes),ms_pacman,0,19114,580.0
Constraint suite (seed 0; training episodes),ms_pacman,0,19874,740.0
Constraint suite (seed 0; training episodes),ms_pacman,0,20637,700.0
Constraint suite (seed 0; training episodes),ms_pacman,0,21606,320.0
Constraint suite (seed 0; training episodes),ms_pacman,0,22180,1060.0
Constraint suite (seed 0; training episodes),ms_pacman,0,22685,300.0
Constraint suite (seed 0; training episodes),ms_pacman,0,23279,670.0
Constraint suite (seed 0; training episodes),ms_pacman,0,23844,590.0
Constraint suite (seed 0; training episodes),ms_pacman,0,24406,400.0
Constraint suite (seed 0; training episodes),ms_pacman,0,25123,420.0
Constraint suite (seed 0; training episodes),ms_pacman,0,25742,490.0
Constraint suite (seed 0; training episodes),ms_pacman,0,26277,340.0
Constraint suite (seed 0; training episodes),ms_pacman,0,26680,280.0
Constraint suite (seed 0; training episodes),ms_pacman,0,27433,750.0
Constraint suite (seed 0; training episodes),ms_pacman,0,28029,510.0
Constraint suite (seed 0; training episodes),ms_pacman,0,28738,770.0
Constraint suite (seed 0; training episodes),ms_pacman,0,29308,450.0
Constraint suite (seed 0; training episodes),ms_pacman,0,29921,390.0
Constraint suite (seed 0; training episodes),ms_pacman,0,30507,410.0
Constraint suite (seed 0; training episodes),ms_pacman,0,31247,330.0
Constraint suite (seed 0; training episodes),ms_pacman,0,31767,370.0
Constraint suite (seed 0; training episodes),ms_pacman,0,32274,410.0
Constraint suite (seed 0; training episodes),ms_pacman,0,32767,320.0
Constraint suite (seed 0; training episodes),ms_pacman,0,33455,480.0
Constraint suite (seed 0; training episodes),ms_pacman,0,33843,260.0
Constraint suite (seed 0; training episodes),ms_pacman,0,34537,570.0
Constraint suite (seed 0; training episodes),ms_pacman,0,35279,460.0
Constraint suite (seed 0; training episodes),ms_pacman,0,35892,630.0
Constraint suite (seed 0; training episodes),ms_pacman,0,36564,610.0
Constraint suite (seed 0; training episodes),ms_pacman,0,37628,1030.0
Constraint suite (seed 0; training episodes),ms_pacman,0,38283,700.0
Constraint suite (seed 0; training episodes),ms_pacman,0,39005,1340.0
Constraint suite (seed 0; training episodes),ms_pacman,0,39499,410.0
Constraint suite (seed 0; training episodes),ms_pacman,0,40196,1410.0
Constraint suite (seed 0; training episodes),ms_pacman,0,40954,1380.0
Constraint suite (seed 0; training episodes),ms_pacman,0,41696,1450.0
Constraint suite (seed 0; training episodes),ms_pacman,0,42452,1070.0
Constraint suite (seed 0; training episodes),ms_pacman,0,43149,1030.0
Constraint suite (seed 0; training episodes),ms_pacman,0,43727,580.0
Constraint suite (seed 0; training episodes),ms_pacman,0,44464,630.0
Constraint suite (seed 0; training episodes),ms_pacman,0,44961,540.0
Constraint suite (seed 0; training episodes),ms_pacman,0,45623,2070.0
Constraint suite (seed 0; training episodes),ms_pacman,0,46396,980.0
Constraint suite (seed 0; training episodes),ms_pacman,0,47018,1260.0
Constraint suite (seed 0; training episodes),ms_pacman,0,47540,1130.0
Constraint suite (seed 0; training episodes),ms_pacman,0,48307,760.0
Constraint suite (seed 0; training episodes),ms_pacman,0,49123,640.0
Constraint suite (seed 0; training episodes),ms_pacman,0,49746,840.0
Constraint suite (seed 0; training episodes),ms_pacman,0,50554,1320.0
Constraint suite (seed 0; training episodes),ms_pacman,0,51151,730.0
Constraint suite (seed 0; training episodes),ms_pacman,0,51713,750.0
Constraint suite (seed 0; training episodes),ms_pacman,0,52391,1170.0
Constraint suite (seed 0; training episodes),ms_pacman,0,53210,1130.0
Constraint suite (seed 0; training episodes),ms_pacman,0,54035,910.0
Constraint suite (seed 0; training episodes),ms_pacman,0,54736,950.0
Constraint suite (seed 0; training episodes),ms_pacman,0,55518,750.0
Constraint suite (seed 0; training episodes),ms_pacman,0,56708,1900.0
Constraint suite (seed 0; training episodes),ms_pacman,0,57503,960.0
Constraint suite (seed 0; training episodes),ms_pacman,0,58114,750.0
Constraint suite (seed 0; training episodes),ms_pacman,0,59012,1230.0
Constraint suite (seed 0; training episodes),ms_pacman,0,59683,1140.0
Constraint suite (seed 0; training episodes),ms_pacman,0,60316,1500.0
Constraint suite (seed 0; training episodes),ms_pacman,0,60989,920.0
Constraint suite (seed 0; training episodes),ms_pacman,0,61746,780.0
Constraint suite (seed 0; training episodes),ms_pacman,0,62438,680.0
Constraint suite (seed 0; training episodes),ms_pacman,0,63070,930.0
Constraint suite (seed 0; training episodes),ms_pacman,0,63938,1410.0
Constraint suite (seed 0; training episodes),ms_pacman,0,64761,760.0
Constraint suite (seed 0; training episodes),ms_pacman,0,65519,910.0
Constraint suite (seed 0; training episodes),ms_pacman,0,66615,1280.0
Constraint suite (seed 0; training episodes),ms_pacman,0,67315,970.0
Constraint suite (seed 0; training episodes),ms_pacman,0,68055,1570.0
Constraint suite (seed 0; training episodes),ms_pacman,0,68879,740.0
Constraint suite (seed 0; training episodes),ms_pacman,0,69541,750.0
Constraint suite (seed 0; training episodes),ms_pacman,0,70285,1660.0
Constraint suite (seed 0; training episodes),ms_pacman,0,70951,1630.0
Constraint suite (seed 0; training episodes),ms_pacman,0,71813,2020.0
Constraint suite (seed 0; training episodes),ms_pacman,0,72526,820.0
Constraint suite (seed 0; training episodes),ms_pacman,0,73446,1880.0
Constraint suite (seed 0; training episodes),ms_pacman,0,73981,760.0
Constraint suite (seed 0; training episodes),ms_pacman,0,74656,1050.0
Constraint suite (seed 0; training episodes),ms_pacman,0,75250,990.0
Constraint suite (seed 0; training episodes),ms_pacman,0,76193,1030.0
Constraint suite (seed 0; training episodes),ms_pacman,0,76898,980.0
Constraint suite (seed 0; training episodes),ms_pacman,0,77712,1150.0
Constraint suite (seed 0; training episodes),ms_pacman,0,78330,800.0
Constraint suite (seed 0; training episodes),ms_pacman,0,78981,760.0
Constraint suite (seed 0; training episodes),ms_pacman,0,79583,1130.0
Constraint suite (seed 0; training episodes),ms_pacman,0,80487,1290.0
Constraint suite (seed 0; training episodes),ms_pacman,0,81638,1910.0
Constraint suite (seed 0; training episodes),ms_pacman,0,82442,1490.0
Constraint suite (seed 0; training episodes),ms_pacman,0,83167,1540.0
Constraint suite (seed 0; training episodes),ms_pacman,0,83961,1090.0
Constraint suite (seed 0; training episodes),ms_pacman,0,84798,1420.0
Constraint suite (seed 0; training episodes),ms_pacman,0,85633,1130.0
Constraint suite (seed 0; training episodes),ms_pacman,0,86339,1300.0
Constraint suite (seed 0; training episodes),ms_pacman,0,87711,1490.0
Constraint suite (seed 0; training episodes),ms_pacman,0,88327,1040.0
Constraint suite (seed 0; training episodes),ms_pacman,0,89162,980.0
Constraint suite (seed 0; training episodes),ms_pacman,0,90362,1980.0
Constraint suite (seed 0; training episodes),ms_pacman,0,91021,1490.0
Constraint suite (seed 0; training episodes),ms_pacman,0,91765,1450.0
Constraint suite (seed 0; training episodes),ms_pacman,0,92488,1320.0
Constraint suite (seed 0; training episodes),ms_pacman,0,93319,1260.0
Constraint suite (seed 0; training episodes),ms_pacman,0,93893,1030.0
Constraint suite (seed 0; training episodes),ms_pacman,0,94675,1200.0
Constraint suite (seed 0; training episodes),ms_pacman,0,95283,1780.0
Constraint suite (seed 0; training episodes),ms_pacman,0,95993,1270.0
Constraint suite (seed 0; training episodes),ms_pacman,0,96592,1050.0
Constraint suite (seed 0; training episodes),ms_pacman,0,97459,1710.0
Constraint suite (seed 0; training episodes),ms_pacman,0,98199,1240.0
Constraint suite (seed 0; training episodes),ms_pacman,0,99089,1390.0
Constraint suite (seed 0; training episodes),ms_pacman,0,99843,1180.0
Constraint suite (seed 0; training episodes),ms_pacman,0,100479,1450.0
Constraint suite (seed 0; training episodes),ms_pacman,0,101191,770.0
Constraint suite (seed 0; training episodes),ms_pacman,0,102074,1070.0
Constraint suite (seed 0; training episodes),ms_pacman,0,102844,1140.0
Constraint suite (seed 0; training episodes),ms_pacman,0,103660,1240.0
Constraint suite (seed 0; training episodes),ms_pacman,0,104112,500.0
Constraint suite (seed 0; training episodes),ms_pacman,0,104789,770.0
Constraint suite (seed 0; training episodes),ms_pacman,0,105685,1400.0
Constraint suite (seed 0; training episodes),ms_pacman,0,106546,1840.0
Constraint suite (seed 0; training episodes),ms_pacman,0,107292,1430.0
Constraint suite (seed 0; training episodes),ms_pacman,0,108230,1690.0
Constraint suite (seed 0; training episodes),ms_pacman,0,109162,1690.0
Constraint suite (seed 0; training episodes),ms_pacman,0,109915,1830.0
Constraint suite (seed 0; training episodes),pong,0,785,-21.0
Constraint suite (seed 0; training episodes),pong,0,1761,-20.0
Constraint suite (seed 0; training episodes),pong,0,2525,-21.0
Constraint suite (seed 0; training episodes),pong,0,3434,-21.0
Constraint suite (seed 0; training episodes),pong,0,4286,-21.0
Constraint suite (seed 0; training episodes),pong,0,5290,-21.0
Constraint suite (seed 0; training episodes),pong,0,6376,-19.0
Constraint suite (seed 0; training episodes),pong,0,7250,-21.0
Constraint suite (seed 0; training episodes),pong,0,8103,-21.0
Constraint suite (seed 0; training episodes),pong,0,8922,-21.0
Constraint suite (seed 0; training episodes),pong,0,9743,-21.0
Constraint suite (seed 0; training episodes),pong,0,10505,-21.0
Constraint suite (seed 0; training episodes),pong,0,11293,-21.0
Constraint suite (seed 0; training episodes),pong,0,12052,-21.0
Constraint suite (seed 0; training episodes),pong,0,12811,-21.0
Constraint suite (seed 0; training episodes),pong,0,13571,-21.0
Constraint suite (seed 0; training episodes),pong,0,14389,-21.0
Constraint suite (seed 0; training episodes),pong,0,15452,-19.0
Constraint suite (seed 0; training episodes),pong,0,16385,-19.0
Constraint suite (seed 0; training episodes),pong,0,17143,-21.0
Constraint suite (seed 0; training episodes),pong,0,18029,-20.0
Constraint suite (seed 0; training episodes),pong,0,18789,-21.0
Constraint suite (seed 0; training episodes),pong,0,19551,-21.0
Constraint suite (seed 0; training episodes),pong,0,20310,-21.0
Constraint suite (seed 0; training episodes),pong,0,21072,-21.0
Constraint suite (seed 0; training episodes),pong,0,22124,-18.0
Constraint suite (seed 0; training episodes),pong,0,22913,-21.0
Constraint suite (seed 0; training episodes),pong,0,23671,-21.0
Constraint suite (seed 0; training episodes),pong,0,24429,-21.0
Constraint suite (seed 0; training episodes),pong,0,25279,-21.0
Constraint suite (seed 0; training episodes),pong,0,26201,-20.0
Constraint suite (seed 0; training episodes),pong,0,27122,-20.0
Constraint suite (seed 0; training episodes),pong,0,27962,-20.0
Constraint suite (seed 0; training episodes),pong,0,28839,-21.0
Constraint suite (seed 0; training episodes),pong,0,29646,-21.0
Constraint suite (seed 0; training episodes),pong,0,30527,-21.0
Constraint suite (seed 0; training episodes),pong,0,31479,-20.0
Constraint suite (seed 0; training episodes),pong,0,32534,-20.0
Constraint suite (seed 0; training episodes),pong,0,33601,-20.0
Constraint suite (seed 0; training episodes),pong,0,34553,-21.0
Constraint suite (seed 0; training episodes),pong,0,35816,-18.0
Constraint suite (seed 0; training episodes),pong,0,37143,-18.0
Constraint suite (seed 0; training episodes),pong,0,38500,-20.0
Constraint suite (seed 0; training episodes),pong,0,39864,-18.0
Constraint suite (seed 0; training episodes),pong,0,41722,-17.0
Constraint suite (seed 0; training episodes),pong,0,43589,-16.0
Constraint suite (seed 0; training episodes),pong,0,45501,-13.0
Constraint suite (seed 0; training episodes),pong,0,47342,-16.0
Constraint suite (seed 0; training episodes),pong,0,49258,-18.0
Constraint suite (seed 0; training episodes),pong,0,50921,-19.0
Constraint suite (seed 0; training episodes),pong,0,52770,-17.0
Constraint suite (seed 0; training episodes),pong,0,55528,-17.0
Constraint suite (seed 0; training episodes),pong,0,57782,-13.0
Constraint suite (seed 0; training episodes),pong,0,60469,-13.0
Constraint suite (seed 0; training episodes),pong,0,62755,-13.0
Constraint suite (seed 0; training episodes),pong,0,64448,-19.0
Constraint suite (seed 0; training episodes),pong,0,66518,-14.0
Constraint suite (seed 0; training episodes),pong,0,69249,-12.0
Constraint suite (seed 0; training episodes),pong,0,71997,-11.0
Constraint suite (seed 0; training episodes),pong,0,74515,-11.0
Constraint suite (seed 0; training episodes),pong,0,77117,-12.0
Constraint suite (seed 0; training episodes),pong,0,80397,-11.0
Constraint suite (seed 0; training episodes),pong,0,83332,-15.0
Constraint suite (seed 0; training episodes),pong,0,85883,-14.0
Constraint suite (seed 0; training episodes),pong,0,88872,-8.0
Constraint suite (seed 0; training episodes),pong,0,92275,-9.0
Constraint suite (seed 0; training episodes),pong,0,95272,-12.0
Constraint suite (seed 0; training episodes),pong,0,99081,-7.0
Constraint suite (seed 0; training episodes),pong,0,102443,-9.0
Constraint suite (seed 0; training episodes),pong,0,105931,8.0
Constraint suite (seed 0; training episodes),pong,0,108311,-13.0
Constraint suite (seed 0; training episodes),private_eye,0,2691,100.0
Constraint suite (seed 0; training episodes),private_eye,0,5384,100.0
Constraint suite (seed 0; training episodes),private_eye,0,8081,-1000.0
Constraint suite (seed 0; training episodes),private_eye,0,10776,-1000.0
Constraint suite (seed 0; training episodes),private_eye,0,13471,0.0
Constraint suite (seed 0; training episodes),private_eye,0,16167,0.0
Constraint suite (seed 0; training episodes),private_eye,0,18864,100.0
Constraint suite (seed 0; training episodes),private_eye,0,21554,0.0
Constraint suite (seed 0; training episodes),private_eye,0,24251,0.0
Constraint suite (seed 0; training episodes),private_eye,0,26942,100.0
Constraint suite (seed 0; training episodes),private_eye,0,29635,0.0
Constraint suite (seed 0; training episodes),private_eye,0,32331,100.0
Constraint suite (seed 0; training episodes),private_eye,0,35025,100.0
Constraint suite (seed 0; training episodes),private_eye,0,37718,100.0
Constraint suite (seed 0; training episodes),private_eye,0,40411,100.0
Constraint suite (seed 0; training episodes),private_eye,0,43104,100.0
Constraint suite (seed 0; training episodes),private_eye,0,45795,100.0
Constraint suite (seed 0; training episodes),private_eye,0,48492,100.0
Constraint suite (seed 0; training episodes),private_eye,0,51186,100.0
Constraint suite (seed 0; training episodes),private_eye,0,53878,100.0
Constraint suite (seed 0; training episodes),private_eye,0,56570,100.0
Constraint suite (seed 0; training episodes),private_eye,0,59264,-300.0
Constraint suite (seed 0; training episodes),private_eye,0,61959,-1000.0
Constraint suite (seed 0; training episodes),private_eye,0,64651,100.0
Constraint suite (seed 0; training episodes),private_eye,0,67346,3593.0
Constraint suite (seed 0; training episodes),private_eye,0,70043,100.0
Constraint suite (seed 0; training episodes),private_eye,0,72738,0.0
Constraint suite (seed 0; training episodes),private_eye,0,75429,100.0
Constraint suite (seed 0; training episodes),private_eye,0,78121,100.0
Constraint suite (seed 0; training episodes),private_eye,0,80816,100.0
Constraint suite (seed 0; training episodes),private_eye,0,83509,100.0
Constraint suite (seed 0; training episodes),private_eye,0,86202,100.0
Constraint suite (seed 0; training episodes),private_eye,0,88896,100.0
Constraint suite (seed 0; training episodes),private_eye,0,91589,-587.0
Constraint suite (seed 0; training episodes),private_eye,0,94283,100.0
Constraint suite (seed 0; training episodes),private_eye,0,96975,-666.0
Constraint suite (seed 0; training episodes),private_eye,0,99667,100.0
Constraint suite (seed 0; training episodes),private_eye,0,102363,100.0
Constraint suite (seed 0; training episodes),private_eye,0,105058,-1000.0
Constraint suite (seed 0; training episodes),private_eye,0,107748,70.0
Constraint suite (seed 0; training episodes),qbert,0,292,125.0
Constraint suite (seed 0; training episodes),qbert,0,570,0.0
Constraint suite (seed 0; training episodes),qbert,0,858,0.0
Constraint suite (seed 0; training episodes),qbert,0,1104,25.0
Constraint suite (seed 0; training episodes),qbert,0,1399,25.0
Constraint suite (seed 0; training episodes),qbert,0,1711,75.0
Constraint suite (seed 0; training episodes),qbert,0,2246,625.0
Constraint suite (seed 0; training episodes),qbert,0,2609,225.0
Constraint suite (seed 0; training episodes),qbert,0,2941,150.0
Constraint suite (seed 0; training episodes),qbert,0,3260,250.0
Constraint suite (seed 0; training episodes),qbert,0,3564,150.0
Constraint suite (seed 0; training episodes),qbert,0,3897,275.0
Constraint suite (seed 0; training episodes),qbert,0,4187,175.0
Constraint suite (seed 0; training episodes),qbert,0,4483,100.0
Constraint suite (seed 0; training episodes),qbert,0,4824,125.0
Constraint suite (seed 0; training episodes),qbert,0,5170,200.0
Constraint suite (seed 0; training episodes),qbert,0,5457,150.0
Constraint suite (seed 0; training episodes),qbert,0,5814,125.0
Constraint suite (seed 0; training episodes),qbert,0,6124,50.0
Constraint suite (seed 0; training episodes),qbert,0,6408,25.0
Constraint suite (seed 0; training episodes),qbert,0,6750,175.0
Constraint suite (seed 0; training episodes),qbert,0,7042,125.0
Constraint suite (seed 0; training episodes),qbert,0,7323,0.0
Constraint suite (seed 0; training episodes),qbert,0,7623,50.0
Constraint suite (seed 0; training episodes),qbert,0,8039,500.0
Constraint suite (seed 0; training episodes),qbert,0,8424,125.0
Constraint suite (seed 0; training episodes),qbert,0,8723,50.0
Constraint suite (seed 0; training episodes),qbert,0,9010,25.0
Constraint suite (seed 0; training episodes),qbert,0,9304,175.0
Constraint suite (seed 0; training episodes),qbert,0,9630,150.0
Constraint suite (seed 0; training episodes),qbert,0,10049,225.0
Constraint suite (seed 0; training episodes),qbert,0,10370,150.0
Constraint suite (seed 0; training episodes),qbert,0,10692,150.0
Constraint suite (seed 0; training episodes),qbert,0,11066,150.0
Constraint suite (seed 0; training episodes),qbert,0,11388,150.0
Constraint suite (seed 0; training episodes),qbert,0,11708,150.0
Constraint suite (seed 0; training episodes),qbert,0,12005,275.0
Constraint suite (seed 0; training episodes),qbert,0,12329,150.0
Constraint suite (seed 0; training episodes),qbert,0,12652,150.0
Constraint suite (seed 0; training episodes),qbert,0,12970,150.0
Constraint suite (seed 0; training episodes),qbert,0,13293,150.0
Constraint suite (seed 0; training episodes),qbert,0,13603,150.0
Constraint suite (seed 0; training episodes),qbert,0,13924,200.0
Constraint suite (seed 0; training episodes),qbert,0,14311,300.0
Constraint suite (seed 0; training episodes),qbert,0,14610,275.0
Constraint suite (seed 0; training episodes),qbert,0,14991,400.0
Constraint suite (seed 0; training episodes),qbert,0,15390,300.0
Constraint suite (seed 0; training episodes),qbert,0,15709,375.0
Constraint suite (seed 0; training episodes),qbert,0,16083,325.0
Constraint suite (seed 0; training episodes),qbert,0,16378,350.0
Constraint suite (seed 0; training episodes),qbert,0,16741,350.0
Constraint suite (seed 0; training episodes),qbert,0,17123,250.0
Constraint suite (seed 0; training episodes),qbert,0,17483,325.0
Constraint suite (seed 0; training episodes),qbert,0,17846,250.0
Constraint suite (seed 0; training episodes),qbert,0,18205,275.0
Constraint suite (seed 0; training episodes),qbert,0,18501,350.0
Constraint suite (seed 0; training episodes),qbert,0,18862,375.0
Constraint suite (seed 0; training episodes),qbert,0,19191,250.0
Constraint suite (seed 0; training episodes),qbert,0,19489,350.0
Constraint suite (seed 0; training episodes),qbert,0,19780,325.0
Constraint suite (seed 0; training episodes),qbert,0,20072,350.0
Constraint suite (seed 0; training episodes),qbert,0,20373,350.0
Constraint suite (seed 0; training episodes),qbert,0,20707,300.0
Constraint suite (seed 0; training episodes),qbert,0,21004,350.0
Constraint suite (seed 0; training episodes),qbert,0,21365,275.0
Constraint suite (seed 0; training episodes),qbert,0,21661,350.0
Constraint suite (seed 0; training episodes),qbert,0,21968,350.0
Constraint suite (seed 0; training episodes),qbert,0,22264,350.0
Constraint suite (seed 0; training episodes),qbert,0,22562,325.0
Constraint suite (seed 0; training episodes),qbert,0,22859,350.0
Constraint suite (seed 0; training episodes),qbert,0,23140,225.0
Constraint suite (seed 0; training episodes),qbert,0,23500,350.0
Constraint suite (seed 0; training episodes),qbert,0,23785,275.0
Constraint suite (seed 0; training episodes),qbert,0,24085,325.0
Constraint suite (seed 0; training episodes),qbert,0,24405,325.0
Constraint suite (seed 0; training episodes),qbert,0,24701,275.0
Constraint suite (seed 0; training episodes),qbert,0,24996,325.0
Constraint suite (seed 0; training episodes),qbert,0,25292,350.0
Constraint suite (seed 0; training episodes),qbert,0,25654,400.0
Constraint suite (seed 0; training episodes),qbert,0,25952,325.0
Constraint suite (seed 0; training episodes),qbert,0,26250,325.0
Constraint suite (seed 0; training episodes),qbert,0,26592,350.0
Constraint suite (seed 0; training episodes),qbert,0,26955,425.0
Constraint suite (seed 0; training episodes),qbert,0,27253,300.0
Constraint suite (seed 0; training episodes),qbert,0,27591,350.0
Constraint suite (seed 0; training episodes),qbert,0,27889,375.0
Constraint suite (seed 0; training episodes),qbert,0,28221,350.0
Constraint suite (seed 0; training episodes),qbert,0,28583,400.0
Constraint suite (seed 0; training episodes),qbert,0,28926,350.0
Constraint suite (seed 0; training episodes),qbert,0,29212,175.0
Constraint suite (seed 0; training episodes),qbert,0,29512,325.0
Constraint suite (seed 0; training episodes),qbert,0,29812,300.0
Constraint suite (seed 0; training episodes),qbert,0,30175,400.0
Constraint suite (seed 0; training episodes),qbert,0,30532,425.0
Constraint suite (seed 0; training episodes),qbert,0,30834,375.0
Constraint suite (seed 0; training episodes),qbert,0,31137,325.0
Constraint suite (seed 0; training episodes),qbert,0,31433,275.0
Constraint suite (seed 0; training episodes),qbert,0,31790,350.0
Constraint suite (seed 0; training episodes),qbert,0,32091,325.0
Constraint suite (seed 0; training episodes),qbert,0,32392,300.0
Constraint suite (seed 0; training episodes),qbert,0,32811,375.0
Constraint suite (seed 0; training episodes),qbert,0,33116,275.0
Constraint suite (seed 0; training episodes),qbert,0,33446,300.0
Constraint suite (seed 0; training episodes),qbert,0,33933,425.0
Constraint suite (seed 0; training episodes),qbert,0,34225,300.0
Constraint suite (seed 0; training episodes),qbert,0,34622,350.0
Constraint suite (seed 0; training episodes),qbert,0,35050,425.0
Constraint suite (seed 0; training episodes),qbert,0,35603,425.0
Constraint suite (seed 0; training episodes),qbert,0,35957,325.0
Constraint suite (seed 0; training episodes),qbert,0,36363,375.0
Constraint suite (seed 0; training episodes),qbert,0,36826,450.0
Constraint suite (seed 0; training episodes),qbert,0,37266,950.0
Constraint suite (seed 0; training episodes),qbert,0,37554,250.0
Constraint suite (seed 0; training episodes),qbert,0,37930,325.0
Constraint suite (seed 0; training episodes),qbert,0,38270,300.0
Constraint suite (seed 0; training episodes),qbert,0,38614,275.0
Constraint suite (seed 0; training episodes),qbert,0,39034,375.0
Constraint suite (seed 0; training episodes),qbert,0,39406,425.0
Constraint suite (seed 0; training episodes),qbert,0,39778,275.0
Constraint suite (seed 0; training episodes),qbert,0,40156,425.0
Constraint suite (seed 0; training episodes),qbert,0,40521,375.0
Constraint suite (seed 0; training episodes),qbert,0,40905,450.0
Constraint suite (seed 0; training episodes),qbert,0,41286,450.0
Constraint suite (seed 0; training episodes),qbert,0,41660,450.0
Constraint suite (seed 0; training episodes),qbert,0,42169,475.0
Constraint suite (seed 0; training episodes),qbert,0,42559,375.0
Constraint suite (seed 0; training episodes),qbert,0,42904,350.0
Constraint suite (seed 0; training episodes),qbert,0,43450,475.0
Constraint suite (seed 0; training episodes),qbert,0,43954,350.0
Constraint suite (seed 0; training episodes),qbert,0,44499,500.0
Constraint suite (seed 0; training episodes),qbert,0,44920,425.0
Constraint suite (seed 0; training episodes),qbert,0,45220,350.0
Constraint suite (seed 0; training episodes),qbert,0,45561,400.0
Constraint suite (seed 0; training episodes),qbert,0,46036,525.0
Constraint suite (seed 0; training episodes),qbert,0,46422,450.0
Constraint suite (seed 0; training episodes),qbert,0,46758,325.0
Constraint suite (seed 0; training episodes),qbert,0,47163,425.0
Constraint suite (seed 0; training episodes),qbert,0,47560,350.0
Constraint suite (seed 0; training episodes),qbert,0,47923,400.0
Constraint suite (seed 0; training episodes),qbert,0,48459,425.0
Constraint suite (seed 0; training episodes),qbert,0,48891,400.0
Constraint suite (seed 0; training episodes),qbert,0,49386,725.0
Constraint suite (seed 0; training episodes),qbert,0,49915,425.0
Constraint suite (seed 0; training episodes),qbert,0,50252,250.0
Constraint suite (seed 0; training episodes),qbert,0,50637,350.0
Constraint suite (seed 0; training episodes),qbert,0,51113,400.0
Constraint suite (seed 0; training episodes),qbert,0,51609,775.0
Constraint suite (seed 0; training episodes),qbert,0,51945,300.0
Constraint suite (seed 0; training episodes),qbert,0,52499,700.0
Constraint suite (seed 0; training episodes),qbert,0,52962,475.0
Constraint suite (seed 0; training episodes),qbert,0,53478,400.0
Constraint suite (seed 0; training episodes),qbert,0,53967,450.0
Constraint suite (seed 0; training episodes),qbert,0,54502,775.0
Constraint suite (seed 0; training episodes),qbert,0,54984,725.0
Constraint suite (seed 0; training episodes),qbert,0,55447,650.0
Constraint suite (seed 0; training episodes),qbert,0,55952,700.0
Constraint suite (seed 0; training episodes),qbert,0,56418,625.0
Constraint suite (seed 0; training episodes),qbert,0,57155,800.0
Constraint suite (seed 0; training episodes),qbert,0,57825,725.0
Constraint suite (seed 0; training episodes),qbert,0,58335,725.0
Constraint suite (seed 0; training episodes),qbert,0,58875,650.0
Constraint suite (seed 0; training episodes),qbert,0,59334,775.0
Constraint suite (seed 0; training episodes),qbert,0,59857,650.0
Constraint suite (seed 0; training episodes),qbert,0,60446,650.0
Constraint suite (seed 0; training episodes),qbert,0,61087,775.0
Constraint suite (seed 0; training episodes),qbert,0,61464,650.0
Constraint suite (seed 0; training episodes),qbert,0,62104,725.0
Constraint suite (seed 0; training episodes),qbert,0,62510,600.0
Constraint suite (seed 0; training episodes),qbert,0,62991,725.0
Constraint suite (seed 0; training episodes),qbert,0,63399,700.0
Constraint suite (seed 0; training episodes),qbert,0,64137,725.0
Constraint suite (seed 0; training episodes),qbert,0,64663,800.0
Constraint suite (seed 0; training episodes),qbert,0,65393,825.0
Constraint suite (seed 0; training episodes),qbert,0,65997,750.0
Constraint suite (seed 0; training episodes),qbert,0,66681,1225.0
Constraint suite (seed 0; training episodes),qbert,0,67060,700.0
Constraint suite (seed 0; training episodes),qbert,0,67586,800.0
Constraint suite (seed 0; training episodes),qbert,0,67989,625.0
Constraint suite (seed 0; training episodes),qbert,0,68657,725.0
Constraint suite (seed 0; training episodes),qbert,0,69224,725.0
Constraint suite (seed 0; training episodes),qbert,0,69809,1275.0
Constraint suite (seed 0; training episodes),qbert,0,70285,700.0
Constraint suite (seed 0; training episodes),qbert,0,70902,775.0
Constraint suite (seed 0; training episodes),qbert,0,71488,825.0
Constraint suite (seed 0; training episodes),qbert,0,71945,675.0
Constraint suite (seed 0; training episodes),qbert,0,72482,775.0
Constraint suite (seed 0; training episodes),qbert,0,73028,750.0
Constraint suite (seed 0; training episodes),qbert,0,73613,775.0
Constraint suite (seed 0; training episodes),qbert,0,74094,700.0
Constraint suite (seed 0; training episodes),qbert,0,74795,1300.0
Constraint suite (seed 0; training episodes),qbert,0,75253,725.0
Constraint suite (seed 0; training episodes),qbert,0,75705,675.0
Constraint suite (seed 0; training episodes),qbert,0,76024,350.0
Constraint suite (seed 0; training episodes),qbert,0,76532,700.0
Constraint suite (seed 0; training episodes),qbert,0,77063,725.0
Constraint suite (seed 0; training episodes),qbert,0,77585,650.0
Constraint suite (seed 0; training episodes),qbert,0,78256,1275.0
Constraint suite (seed 0; training episodes),qbert,0,78721,725.0
Constraint suite (seed 0; training episodes),qbert,0,79192,725.0
Constraint suite (seed 0; training episodes),qbert,0,79678,750.0
Constraint suite (seed 0; training episodes),qbert,0,80500,875.0
Constraint suite (seed 0; training episodes),qbert,0,80974,750.0
Constraint suite (seed 0; training episodes),qbert,0,81697,725.0
Constraint suite (seed 0; training episodes),qbert,0,82224,775.0
Constraint suite (seed 0; training episodes),qbert,0,82740,700.0
Constraint suite (seed 0; training episodes),qbert,0,83280,750.0
Constraint suite (seed 0; training episodes),qbert,0,83968,1300.0
Constraint suite (seed 0; training episodes),qbert,0,84456,725.0
Constraint suite (seed 0; training episodes),qbert,0,85170,1250.0
Constraint suite (seed 0; training episodes),qbert,0,85710,700.0
Constraint suite (seed 0; training episodes),qbert,0,86122,725.0
Constraint suite (seed 0; training episodes),qbert,0,86625,700.0
Constraint suite (seed 0; training episodes),qbert,0,87171,750.0
Constraint suite (seed 0; training episodes),qbert,0,87883,1200.0
Constraint suite (seed 0; training episodes),qbert,0,88628,1325.0
Constraint suite (seed 0; training episodes),qbert,0,89141,750.0
Constraint suite (seed 0; training episodes),qbert,0,89743,800.0
Constraint suite (seed 0; training episodes),qbert,0,90211,650.0
Constraint suite (seed 0; training episodes),qbert,0,90892,775.0
Constraint suite (seed 0; training episodes),qbert,0,91532,950.0
Constraint suite (seed 0; training episodes),qbert,0,92103,700.0
Constraint suite (seed 0; training episodes),qbert,0,92702,1300.0
Constraint suite (seed 0; training episodes),qbert,0,93228,700.0
Constraint suite (seed 0; training episodes),qbert,0,93820,800.0
Constraint suite (seed 0; training episodes),qbert,0,94409,800.0
Constraint suite (seed 0; training episodes),qbert,0,94935,700.0
Constraint suite (seed 0; training episodes),qbert,0,95600,800.0
Constraint suite (seed 0; training episodes),qbert,0,96180,750.0
Constraint suite (seed 0; training episodes),qbert,0,97098,900.0
Constraint suite (seed 0; training episodes),qbert,0,97825,1300.0
Constraint suite (seed 0; training episodes),qbert,0,98403,750.0
Constraint suite (seed 0; training episodes),qbert,0,98988,825.0
Constraint suite (seed 0; training episodes),qbert,0,99509,725.0
Constraint suite (seed 0; training episodes),qbert,0,100175,775.0
Constraint suite (seed 0; training episodes),qbert,0,100868,725.0
Constraint suite (seed 0; training episodes),qbert,0,101474,700.0
Constraint suite (seed 0; training episodes),qbert,0,102296,800.0
Constraint suite (seed 0; training episodes),qbert,0,102874,750.0
Constraint suite (seed 0; training episodes),qbert,0,103474,800.0
Constraint suite (seed 0; training episodes),qbert,0,104211,1325.0
Constraint suite (seed 0; training episodes),qbert,0,104986,825.0
Constraint suite (seed 0; training episodes),qbert,0,105622,1225.0
Constraint suite (seed 0; training episodes),qbert,0,106293,800.0
Constraint suite (seed 0; training episodes),qbert,0,107025,1275.0
Constraint suite (seed 0; training episodes),qbert,0,107560,775.0
Constraint suite (seed 0; training episodes),qbert,0,108224,750.0
Constraint suite (seed 0; training episodes),qbert,0,109088,1300.0
Constraint suite (seed 0; training episodes),qbert,0,109727,800.0
Constraint suite (seed 0; training episodes),road_runner,0,82,0.0
Constraint suite (seed 0; training episodes),road_runner,0,250,0.0
Constraint suite (seed 0; training episodes),road_runner,0,418,0.0
Constraint suite (seed 0; training episodes),road_runner,0,515,0.0
Constraint suite (seed 0; training episodes),road_runner,0,604,0.0
Constraint suite (seed 0; training episodes),road_runner,0,755,0.0
Constraint suite (seed 0; training episodes),road_runner,0,833,0.0
Constraint suite (seed 0; training episodes),road_runner,0,1086,100.0
Constraint suite (seed 0; training episodes),road_runner,0,1475,0.0
Constraint suite (seed 0; training episodes),road_runner,0,1669,0.0
Constraint suite (seed 0; training episodes),road_runner,0,1767,0.0
Constraint suite (seed 0; training episodes),road_runner,0,1872,0.0
Constraint suite (seed 0; training episodes),road_runner,0,2046,0.0
Constraint suite (seed 0; training episodes),road_runner,0,2154,0.0
Constraint suite (seed 0; training episodes),road_runner,0,2398,0.0
Constraint suite (seed 0; training episodes),road_runner,0,2541,0.0
Constraint suite (seed 0; training episodes),road_runner,0,2714,0.0
Constraint suite (seed 0; training episodes),road_runner,0,2941,0.0
Constraint suite (seed 0; training episodes),road_runner,0,3253,0.0
Constraint suite (seed 0; training episodes),road_runner,0,3377,0.0
Constraint suite (seed 0; training episodes),road_runner,0,3504,0.0
Constraint suite (seed 0; training episodes),road_runner,0,3648,0.0
Constraint suite (seed 0; training episodes),road_runner,0,3923,0.0
Constraint suite (seed 0; training episodes),road_runner,0,4213,0.0
Constraint suite (seed 0; training episodes),road_runner,0,4419,0.0
Constraint suite (seed 0; training episodes),road_runner,0,4639,0.0
Constraint suite (seed 0; training episodes),road_runner,0,4933,0.0
Constraint suite (seed 0; training episodes),road_runner,0,5487,100.0
Constraint suite (seed 0; training episodes),road_runner,0,5924,0.0
Constraint suite (seed 0; training episodes),road_runner,0,6197,0.0
Constraint suite (seed 0; training episodes),road_runner,0,6960,2500.0
Constraint suite (seed 0; training episodes),road_runner,0,7414,300.0
Constraint suite (seed 0; training episodes),road_runner,0,7836,100.0
Constraint suite (seed 0; training episodes),road_runner,0,8144,1000.0
Constraint suite (seed 0; training episodes),road_runner,0,8580,1100.0
Constraint suite (seed 0; training episodes),road_runner,0,8941,1400.0
Constraint suite (seed 0; training episodes),road_runner,0,9490,700.0
Constraint suite (seed 0; training episodes),road_runner,0,9855,400.0
Constraint suite (seed 0; training episodes),road_runner,0,10699,1400.0
Constraint suite (seed 0; training episodes),road_runner,0,11381,1300.0
Constraint suite (seed 0; training episodes),road_runner,0,11685,1400.0
Constraint suite (seed 0; training episodes),road_runner,0,12589,3000.0
Constraint suite (seed 0; training episodes),road_runner,0,12918,1500.0
Constraint suite (seed 0; training episodes),road_runner,0,13221,2500.0
Constraint suite (seed 0; training episodes),road_runner,0,14038,5500.0
Constraint suite (seed 0; training episodes),road_runner,0,14494,6100.0
Constraint suite (seed 0; training episodes),road_runner,0,15145,7900.0
Constraint suite (seed 0; training episodes),road_runner,0,15797,3200.0
Constraint suite (seed 0; training episodes),road_runner,0,16481,7000.0
Constraint suite (seed 0; training episodes),road_runner,0,17330,7800.0
Constraint suite (seed 0; training episodes),road_runner,0,17868,4700.0
Constraint suite (seed 0; training episodes),road_runner,0,18521,8200.0
Constraint suite (seed 0; training episodes),road_runner,0,19408,12800.0
Constraint suite (seed 0; training episodes),road_runner,0,20201,9700.0
Constraint suite (seed 0; training episodes),road_runner,0,20989,15800.0
Constraint suite (seed 0; training episodes),road_runner,0,21832,14800.0
Constraint suite (seed 0; training episodes),road_runner,0,22706,9900.0
Constraint suite (seed 0; training episodes),road_runner,0,23542,11300.0
Constraint suite (seed 0; training episodes),road_runner,0,24379,12800.0
Constraint suite (seed 0; training episodes),road_runner,0,25226,13300.0
Constraint suite (seed 0; training episodes),road_runner,0,26077,15800.0
Constraint suite (seed 0; training episodes),road_runner,0,26868,9800.0
Constraint suite (seed 0; training episodes),road_runner,0,27704,13400.0
Constraint suite (seed 0; training episodes),road_runner,0,28580,11600.0
Constraint suite (seed 0; training episodes),road_runner,0,29455,13800.0
Constraint suite (seed 0; training episodes),road_runner,0,30309,15900.0
Constraint suite (seed 0; training episodes),road_runner,0,31153,14600.0
Constraint suite (seed 0; training episodes),road_runner,0,32079,14500.0
Constraint suite (seed 0; training episodes),road_runner,0,32974,15400.0
Constraint suite (seed 0; training episodes),road_runner,0,33812,15900.0
Constraint suite (seed 0; training episodes),road_runner,0,34634,14500.0
Constraint suite (seed 0; training episodes),road_runner,0,35537,16000.0
Constraint suite (seed 0; training episodes),road_runner,0,36376,15600.0
Constraint suite (seed 0; training episodes),road_runner,0,37224,16300.0
Constraint suite (seed 0; training episodes),road_runner,0,38127,15100.0
Constraint suite (seed 0; training episodes),road_runner,0,38978,15700.0
Constraint suite (seed 0; training episodes),road_runner,0,39826,15300.0
Constraint suite (seed 0; training episodes),road_runner,0,40654,12600.0
Constraint suite (seed 0; training episodes),road_runner,0,41515,15900.0
Constraint suite (seed 0; training episodes),road_runner,0,42370,15500.0
Constraint suite (seed 0; training episodes),road_runner,0,43340,15900.0
Constraint suite (seed 0; training episodes),road_runner,0,44277,15200.0
Constraint suite (seed 0; training episodes),road_runner,0,45190,15100.0
Constraint suite (seed 0; training episodes),road_runner,0,46080,17400.0
Constraint suite (seed 0; training episodes),road_runner,0,47123,16000.0
Constraint suite (seed 0; training episodes),road_runner,0,48150,15100.0
Constraint suite (seed 0; training episodes),road_runner,0,49091,17300.0
Constraint suite (seed 0; training episodes),road_runner,0,50113,15600.0
Constraint suite (seed 0; training episodes),road_runner,0,51183,16200.0
Constraint suite (seed 0; training episodes),road_runner,0,52167,13800.0
Constraint suite (seed 0; training episodes),road_runner,0,53018,16100.0
Constraint suite (seed 0; training episodes),road_runner,0,54100,17900.0
Constraint suite (seed 0; training episodes),road_runner,0,54968,14500.0
Constraint suite (seed 0; training episodes),road_runner,0,55943,15500.0
Constraint suite (seed 0; training episodes),road_runner,0,56958,17500.0
Constraint suite (seed 0; training episodes),road_runner,0,57931,14800.0
Constraint suite (seed 0; training episodes),road_runner,0,58866,15700.0
Constraint suite (seed 0; training episodes),road_runner,0,59862,18000.0
Constraint suite (seed 0; training episodes),road_runner,0,60832,16700.0
Constraint suite (seed 0; training episodes),road_runner,0,61697,14700.0
Constraint suite (seed 0; training episodes),road_runner,0,62608,15500.0
Constraint suite (seed 0; training episodes),road_runner,0,63485,14900.0
Constraint suite (seed 0; training episodes),road_runner,0,64394,17400.0
Constraint suite (seed 0; training episodes),road_runner,0,65348,14000.0
Constraint suite (seed 0; training episodes),road_runner,0,66289,15900.0
Constraint suite (seed 0; training episodes),road_runner,0,67131,17000.0
Constraint suite (seed 0; training episodes),road_runner,0,68053,15900.0
Constraint suite (seed 0; training episodes),road_runner,0,68888,16700.0
Constraint suite (seed 0; training episodes),road_runner,0,69756,16600.0
Constraint suite (seed 0; training episodes),road_runner,0,70808,15800.0
Constraint suite (seed 0; training episodes),road_runner,0,71678,14900.0
Constraint suite (seed 0; training episodes),road_runner,0,72635,15200.0
Constraint suite (seed 0; training episodes),road_runner,0,73598,14800.0
Constraint suite (seed 0; training episodes),road_runner,0,74543,14900.0
Constraint suite (seed 0; training episodes),road_runner,0,75519,18300.0
Constraint suite (seed 0; training episodes),road_runner,0,76521,16400.0
Constraint suite (seed 0; training episodes),road_runner,0,77357,16700.0
Constraint suite (seed 0; training episodes),road_runner,0,78253,17300.0
Constraint suite (seed 0; training episodes),road_runner,0,79136,13600.0
Constraint suite (seed 0; training episodes),road_runner,0,80152,15400.0
Constraint suite (seed 0; training episodes),road_runner,0,81285,17000.0
Constraint suite (seed 0; training episodes),road_runner,0,82412,16400.0
Constraint suite (seed 0; training episodes),road_runner,0,83545,14900.0
Constraint suite (seed 0; training episodes),road_runner,0,84620,16100.0
Constraint suite (seed 0; training episodes),road_runner,0,85554,16200.0
Constraint suite (seed 0; training episodes),road_runner,0,86501,13900.0
Constraint suite (seed 0; training episodes),road_runner,0,87402,16800.0
Constraint suite (seed 0; training episodes),road_runner,0,88456,17600.0
Constraint suite (seed 0; training episodes),road_runner,0,89445,16600.0
Constraint suite (seed 0; training episodes),road_runner,0,90296,16200.0
Constraint suite (seed 0; training episodes),road_runner,0,91259,17300.0
Constraint suite (seed 0; training episodes),road_runner,0,92226,17400.0
Constraint suite (seed 0; training episodes),road_runner,0,93565,17800.0
Constraint suite (seed 0; training episodes),road_runner,0,94653,15200.0
Constraint suite (seed 0; training episodes),road_runner,0,95550,18700.0
Constraint suite (seed 0; training episodes),road_runner,0,96588,15900.0
Constraint suite (seed 0; training episodes),road_runner,0,97604,16300.0
Constraint suite (seed 0; training episodes),road_runner,0,98561,16300.0
Constraint suite (seed 0; training episodes),road_runner,0,99469,18200.0
Constraint suite (seed 0; training episodes),road_runner,0,100410,16200.0
Constraint suite (seed 0; training episodes),road_runner,0,101408,15200.0
Constraint suite (seed 0; training episodes),road_runner,0,102311,16300.0
Constraint suite (seed 0; training episodes),road_runner,0,103171,17100.0
Constraint suite (seed 0; training episodes),road_runner,0,104103,16400.0
Constraint suite (seed 0; training episodes),road_runner,0,105030,17300.0
Constraint suite (seed 0; training episodes),road_runner,0,105944,16700.0
Constraint suite (seed 0; training episodes),road_runner,0,107060,16100.0
Constraint suite (seed 0; training episodes),road_runner,0,108154,14900.0
Constraint suite (seed 0; training episodes),road_runner,0,109125,15400.0
Constraint suite (seed 0; training episodes),seaquest,0,423,60.0
Constraint suite (seed 0; training episodes),seaquest,0,950,120.0
Constraint suite (seed 0; training episodes),seaquest,0,1256,0.0
Constraint suite (seed 0; training episodes),seaquest,0,1886,120.0
Constraint suite (seed 0; training episodes),seaquest,0,2181,0.0
Constraint suite (seed 0; training episodes),seaquest,0,2722,120.0
Constraint suite (seed 0; training episodes),seaquest,0,3445,160.0
Constraint suite (seed 0; training episodes),seaquest,0,3921,60.0
Constraint suite (seed 0; training episodes),seaquest,0,4414,80.0
Constraint suite (seed 0; training episodes),seaquest,0,4880,80.0
Constraint suite (seed 0; training episodes),seaquest,0,5248,20.0
Constraint suite (seed 0; training episodes),seaquest,0,5792,100.0
Constraint suite (seed 0; training episodes),seaquest,0,6143,0.0
Constraint suite (seed 0; training episodes),seaquest,0,6501,0.0
Constraint suite (seed 0; training episodes),seaquest,0,6843,0.0
Constraint suite (seed 0; training episodes),seaquest,0,7247,60.0
Constraint suite (seed 0; training episodes),seaquest,0,7901,140.0
Constraint suite (seed 0; training episodes),seaquest,0,8703,180.0
Constraint suite (seed 0; training episodes),seaquest,0,10101,400.0
Constraint suite (seed 0; training episodes),seaquest,0,11562,400.0
Constraint suite (seed 0; training episodes),seaquest,0,13089,460.0
Constraint suite (seed 0; training episodes),seaquest,0,14416,380.0
Constraint suite (seed 0; training episodes),seaquest,0,15575,300.0
Constraint suite (seed 0; training episodes),seaquest,0,16658,320.0
Constraint suite (seed 0; training episodes),seaquest,0,17660,260.0
Constraint suite (seed 0; training episodes),seaquest,0,18277,120.0
Constraint suite (seed 0; training episodes),seaquest,0,19139,180.0
Constraint suite (seed 0; training episodes),seaquest,0,19847,200.0
Constraint suite (seed 0; training episodes),seaquest,0,20846,280.0
Constraint suite (seed 0; training episodes),seaquest,0,22242,320.0
Constraint suite (seed 0; training episodes),seaquest,0,23063,200.0
Constraint suite (seed 0; training episodes),seaquest,0,24237,340.0
Constraint suite (seed 0; training episodes),seaquest,0,25158,280.0
Constraint suite (seed 0; training episodes),seaquest,0,26210,360.0
Constraint suite (seed 0; training episodes),seaquest,0,27544,440.0
Constraint suite (seed 0; training episodes),seaquest,0,28680,360.0
Constraint suite (seed 0; training episodes),seaquest,0,30129,460.0
Constraint suite (seed 0; training episodes),seaquest,0,32070,640.0
Constraint suite (seed 0; training episodes),seaquest,0,32827,220.0
Constraint suite (seed 0; training episodes),seaquest,0,33964,400.0
Constraint suite (seed 0; training episodes),seaquest,0,35768,620.0
Constraint suite (seed 0; training episodes),seaquest,0,37203,480.0
Constraint suite (seed 0; training episodes),seaquest,0,38831,540.0
Constraint suite (seed 0; training episodes),seaquest,0,40307,500.0
Constraint suite (seed 0; training episodes),seaquest,0,41516,440.0
Constraint suite (seed 0; training episodes),seaquest,0,43087,520.0
Constraint suite (seed 0; training episodes),seaquest,0,43818,220.0
Constraint suite (seed 0; training episodes),seaquest,0,44525,220.0
Constraint suite (seed 0; training episodes),seaquest,0,45376,240.0
Constraint suite (seed 0; training episodes),seaquest,0,46783,460.0
Constraint suite (seed 0; training episodes),seaquest,0,48241,520.0
Constraint suite (seed 0; training episodes),seaquest,0,49385,360.0
Constraint suite (seed 0; training episodes),seaquest,0,50178,280.0
Constraint suite (seed 0; training episodes),seaquest,0,51920,580.0
Constraint suite (seed 0; training episodes),seaquest,0,53489,520.0
Constraint suite (seed 0; training episodes),seaquest,0,55017,580.0
Constraint suite (seed 0; training episodes),seaquest,0,56204,400.0
Constraint suite (seed 0; training episodes),seaquest,0,57359,380.0
Constraint suite (seed 0; training episodes),seaquest,0,59025,560.0
Constraint suite (seed 0; training episodes),seaquest,0,60760,600.0
Constraint suite (seed 0; training episodes),seaquest,0,62132,480.0
Constraint suite (seed 0; training episodes),seaquest,0,64113,700.0
Constraint suite (seed 0; training episodes),seaquest,0,64732,180.0
Constraint suite (seed 0; training episodes),seaquest,0,65618,260.0
Constraint suite (seed 0; training episodes),seaquest,0,67120,480.0
Constraint suite (seed 0; training episodes),seaquest,0,68385,520.0
Constraint suite (seed 0; training episodes),seaquest,0,69261,200.0
Constraint suite (seed 0; training episodes),seaquest,0,70525,440.0
Constraint suite (seed 0; training episodes),seaquest,0,71213,240.0
Constraint suite (seed 0; training episodes),seaquest,0,72206,320.0
Constraint suite (seed 0; training episodes),seaquest,0,73862,600.0
Constraint suite (seed 0; training episodes),seaquest,0,74960,380.0
Constraint suite (seed 0; training episodes),seaquest,0,75462,200.0
Constraint suite (seed 0; training episodes),seaquest,0,76421,320.0
Constraint suite (seed 0; training episodes),seaquest,0,76936,140.0
Constraint suite (seed 0; training episodes),seaquest,0,78256,460.0
Constraint suite (seed 0; training episodes),seaquest,0,79440,400.0
Constraint suite (seed 0; training episodes),seaquest,0,80335,320.0
Constraint suite (seed 0; training episodes),seaquest,0,81451,360.0
Constraint suite (seed 0; training episodes),seaquest,0,81985,160.0
Constraint suite (seed 0; training episodes),seaquest,0,83723,600.0
Constraint suite (seed 0; training episodes),seaquest,0,84639,320.0
Constraint suite (seed 0; training episodes),seaquest,0,85451,220.0
Constraint suite (seed 0; training episodes),seaquest,0,86869,460.0
Constraint suite (seed 0; training episodes),seaquest,0,87693,280.0
Constraint suite (seed 0; training episodes),seaquest,0,89031,480.0
Constraint suite (seed 0; training episodes),seaquest,0,90298,460.0
Constraint suite (seed 0; training episodes),seaquest,0,91157,300.0
Constraint suite (seed 0; training episodes),seaquest,0,92803,540.0
Constraint suite (seed 0; training episodes),seaquest,0,94020,380.0
Constraint suite (seed 0; training episodes),seaquest,0,95528,600.0
Constraint suite (seed 0; training episodes),seaquest,0,96409,340.0
Constraint suite (seed 0; training episodes),seaquest,0,97871,480.0
Constraint suite (seed 0; training episodes),seaquest,0,98684,360.0
Constraint suite (seed 0; training episodes),seaquest,0,99602,320.0
Constraint suite (seed 0; training episodes),seaquest,0,100527,380.0
Constraint suite (seed 0; training episodes),seaquest,0,101487,300.0
Constraint suite (seed 0; training episodes),seaquest,0,102842,520.0
Constraint suite (seed 0; training episodes),seaquest,0,103621,320.0
Constraint suite (seed 0; training episodes),seaquest,0,104544,340.0
Constraint suite (seed 0; training episodes),seaquest,0,105726,420.0
Constraint suite (seed 0; training episodes),seaquest,0,106736,320.0
Constraint suite (seed 0; training episodes),seaquest,0,107590,280.0
Constraint suite (seed 0; training episodes),seaquest,0,109595,680.0
Constraint suite (seed 0; training episodes),up_n_down,0,406,80.0
Constraint suite (seed 0; training episodes),up_n_down,0,995,1000.0
Constraint suite (seed 0; training episodes),up_n_down,0,1535,160.0
Constraint suite (seed 0; training episodes),up_n_down,0,1903,70.0
Constraint suite (seed 0; training episodes),up_n_down,0,2353,110.0
Constraint suite (seed 0; training episodes),up_n_down,0,2889,1660.0
Constraint suite (seed 0; training episodes),up_n_down,0,3375,530.0
Constraint suite (seed 0; training episodes),up_n_down,0,3749,60.0
Constraint suite (seed 0; training episodes),up_n_down,0,4234,130.0
Constraint suite (seed 0; training episodes),up_n_down,0,4764,260.0
Constraint suite (seed 0; training episodes),up_n_down,0,5342,700.0
Constraint suite (seed 0; training episodes),up_n_down,0,6033,1460.0
Constraint suite (seed 0; training episodes),up_n_down,0,6504,520.0
Constraint suite (seed 0; training episodes),up_n_down,0,7170,1940.0
Constraint suite (seed 0; training episodes),up_n_down,0,8048,1180.0
Constraint suite (seed 0; training episodes),up_n_down,0,9370,1050.0
Constraint suite (seed 0; training episodes),up_n_down,0,10293,410.0
Constraint suite (seed 0; training episodes),up_n_down,0,11403,520.0
Constraint suite (seed 0; training episodes),up_n_down,0,12227,740.0
Constraint suite (seed 0; training episodes),up_n_down,0,13017,1120.0
Constraint suite (seed 0; training episodes),up_n_down,0,14137,930.0
Constraint suite (seed 0; training episodes),up_n_down,0,15207,2900.0
Constraint suite (seed 0; training episodes),up_n_down,0,16111,2290.0
Constraint suite (seed 0; training episodes),up_n_down,0,16537,600.0
Constraint suite (seed 0; training episodes),up_n_down,0,17018,930.0
Constraint suite (seed 0; training episodes),up_n_down,0,17614,2600.0
Constraint suite (seed 0; training episodes),up_n_down,0,17982,860.0
Constraint suite (seed 0; training episodes),up_n_down,0,18300,30.0
Constraint suite (seed 0; training episodes),up_n_down,0,18717,490.0
Constraint suite (seed 0; training episodes),up_n_down,0,19262,1770.0
Constraint suite (seed 0; training episodes),up_n_down,0,19632,860.0
Constraint suite (seed 0; training episodes),up_n_down,0,20103,1420.0
Constraint suite (seed 0; training episodes),up_n_down,0,20549,920.0
Constraint suite (seed 0; training episodes),up_n_down,0,20926,60.0
Constraint suite (seed 0; training episodes),up_n_down,0,21376,510.0
Constraint suite (seed 0; training episodes),up_n_down,0,21856,1730.0
Constraint suite (seed 0; training episodes),up_n_down,0,22233,470.0
Constraint suite (seed 0; training episodes),up_n_down,0,22675,900.0
Constraint suite (seed 0; training episodes),up_n_down,0,23169,1740.0
Constraint suite (seed 0; training episodes),up_n_down,0,23567,880.0
Constraint suite (seed 0; training episodes),up_n_down,0,24008,1400.0
Constraint suite (seed 0; training episodes),up_n_down,0,24398,570.0
Constraint suite (seed 0; training episodes),up_n_down,0,24945,1770.0
Constraint suite (seed 0; training episodes),up_n_down,0,25941,2050.0
Constraint suite (seed 0; training episodes),up_n_down,0,26423,130.0
Constraint suite (seed 0; training episodes),up_n_down,0,27253,1550.0
Constraint suite (seed 0; training episodes),up_n_down,0,28170,1700.0
Constraint suite (seed 0; training episodes),up_n_down,0,28598,500.0
Constraint suite (seed 0; training episodes),up_n_down,0,29156,1880.0
Constraint suite (seed 0; training episodes),up_n_down,0,30073,2500.0
Constraint suite (seed 0; training episodes),up_n_down,0,30868,3030.0
Constraint suite (seed 0; training episodes),up_n_down,0,31421,1170.0
Constraint suite (seed 0; training episodes),up_n_down,0,32315,2790.0
Constraint suite (seed 0; training episodes),up_n_down,0,33198,2080.0
Constraint suite (seed 0; training episodes),up_n_down,0,34821,4040.0
Constraint suite (seed 0; training episodes),up_n_down,0,38081,12830.0
Constraint suite (seed 0; training episodes),up_n_down,0,42438,13910.0
Constraint suite (seed 0; training episodes),up_n_down,0,45664,8740.0
Constraint suite (seed 0; training episodes),up_n_down,0,47258,6430.0
Constraint suite (seed 0; training episodes),up_n_down,0,50240,7190.0
Constraint suite (seed 0; training episodes),up_n_down,0,52441,6200.0
Constraint suite (seed 0; training episodes),up_n_down,0,53723,4530.0
Constraint suite (seed 0; training episodes),up_n_down,0,54974,4210.0
Constraint suite (seed 0; training episodes),up_n_down,0,55514,1370.0
Constraint suite (seed 0; training episodes),up_n_down,0,56519,3260.0
Constraint suite (seed 0; training episodes),up_n_down,0,58269,6120.0
Constraint suite (seed 0; training episodes),up_n_down,0,61061,6770.0
Constraint suite (seed 0; training episodes),up_n_down,0,62159,3320.0
Constraint suite (seed 0; training episodes),up_n_down,0,65969,14670.0
Constraint suite (seed 0; training episodes),up_n_down,0,67209,3400.0
Constraint suite (seed 0; training episodes),up_n_down,0,69110,5530.0
Constraint suite (seed 0; training episodes),up_n_down,0,70450,3470.0
Constraint suite (seed 0; training episodes),up_n_down,0,71049,2200.0
Constraint suite (seed 0; training episodes),up_n_down,0,71928,3180.0
Constraint suite (seed 0; training episodes),up_n_down,0,74472,7820.0
Constraint suite (seed 0; training episodes),up_n_down,0,75494,2070.0
Constraint suite (seed 0; training episodes),up_n_down,0,81180,17340.0
Constraint suite (seed 0; training episodes),up_n_down,0,81774,2200.0
Constraint suite (seed 0; training episodes),up_n_down,0,83245,4950.0
Constraint suite (seed 0; training episodes),up_n_down,0,85386,7170.0
Constraint suite (seed 0; training episodes),up_n_down,0,87104,8300.0
Constraint suite (seed 0; training episodes),up_n_down,0,88500,2800.0
Constraint suite (seed 0; training episodes),up_n_down,0,89797,6240.0
Constraint suite (seed 0; training episodes),up_n_down,0,90504,2070.0
Constraint suite (seed 0; training episodes),up_n_down,0,91730,4900.0
Constraint suite (seed 0; training episodes),up_n_down,0,92311,2990.0
Constraint suite (seed 0; training episodes),up_n_down,0,93634,4050.0
Constraint suite (seed 0; training episodes),up_n_down,0,94588,3620.0
Constraint suite (seed 0; training episodes),up_n_down,0,95313,1980.0
Constraint suite (seed 0; training episodes),up_n_down,0,97055,6920.0
Constraint suite (seed 0; training episodes),up_n_down,0,98273,5290.0
Constraint suite (seed 0; training episodes),up_n_down,0,99213,3610.0
Constraint suite (seed 0; training episodes),up_n_down,0,99906,3360.0
Constraint suite (seed 0; training episodes),up_n_down,0,103401,18070.0
Constraint suite (seed 0; training episodes),up_n_down,0,105360,7150.0
Constraint suite (seed 0; training episodes),up_n_down,0,108780,12620.0
