method,game,seed,agent_steps,return
Harmony,alien,0,539,180.0
Harmony,alien,0,1130,130.0
Harmony,alien,0,1998,270.0
Harmony,alien,0,2866,210.0
Harmony,alien,0,3616,190.0
Harmony,alien,0,4111,130.0
Harmony,alien,0,4773,190.0
Harmony,alien,0,5744,260.0
Harmony,alien,0,6283,190.0
Harmony,alien,0,6970,200.0
Harmony,alien,0,7528,160.0
Harmony,alien,0,8190,260.0
Harmony,alien,0,8908,260.0
Harmony,alien,0,9561,190.0
Harmony,alien,0,10430,210.0
Harmony,alien,0,11225,190.0
Harmony,alien,0,11839,140.0
Harmony,alien,0,12398,140.0
Harmony,alien,0,12871,190.0
Harmony,alien,0,13455,260.0
Harmony,alien,0,14117,230.0
Harmony,alien,0,14863,250.0
Harmony,alien,0,15447,250.0
Harmony,alien,0,16101,240.0
Harmony,alien,0,16507,340.0
Harmony,alien,0,17367,160.0
Harmony,alien,0,18009,270.0
Harmony,alien,0,18531,390.0
Harmony,alien,0,18955,310.0
Harmony,alien,0,19312,200.0
Harmony,alien,0,19813,150.0
Harmony,alien,0,20236,120.0
Harmony,alien,0,20722,40.0
Harmony,alien,0,21148,130.0
Harmony,alien,0,21536,140.0
Harmony,alien,0,21941,100.0
Harmony,alien,0,22430,100.0
Harmony,alien,0,23056,200.0
Harmony,alien,0,23457,260.0
Harmony,alien,0,24411,880.0
Harmony,alien,0,24875,180.0
Harmony,alien,0,25663,360.0
Harmony,alien,0,26008,80.0
Harmony,alien,0,26527,170.0
Harmony,alien,0,27217,230.0
Harmony,alien,0,27700,230.0
Harmony,alien,0,28371,220.0
Harmony,alien,0,28715,220.0
Harmony,alien,0,29111,230.0
Harmony,alien,0,29819,290.0
Harmony,alien,0,30527,300.0
Harmony,alien,0,31157,230.0
Harmony,alien,0,31854,320.0
Harmony,alien,0,32544,370.0
Harmony,alien,0,33138,230.0
Harmony,alien,0,33673,280.0
Harmony,alien,0,34158,270.0
Harmony,alien,0,34486,270.0
Harmony,alien,0,35161,290.0
Harmony,alien,0,35810,230.0
Harmony,alien,0,36444,290.0
Harmony,alien,0,37067,150.0
Harmony,alien,0,37582,280.0
Harmony,alien,0,38676,270.0
Harmony,alien,0,39261,260.0
Harmony,alien,0,39868,270.0
Harmony,alien,0,40369,220.0
Harmony,alien,0,40852,260.0
Harmony,alien,0,41440,410.0
Harmony,alien,0,41762,270.0
Harmony,alien,0,42385,480.0
Harmony,alien,0,42916,230.0
Harmony,alien,0,43473,230.0
Harmony,alien,0,44316,190.0
Harmony,alien,0,45119,340.0
Harmony,alien,0,45973,200.0
Harmony,alien,0,46621,330.0
Harmony,alien,0,47126,340.0
Harmony,alien,0,47708,400.0
Harmony,alien,0,48191,270.0
Harmony,alien,0,48935,490.0
Harmony,alien,0,49580,290.0
Harmony,alien,0,50335,440.0
Harmony,alien,0,50826,220.0
Harmony,alien,0,51347,320.0
Harmony,alien,0,51741,350.0
Harmony,alien,0,52293,380.0
Harmony,alien,0,53005,340.0
Harmony,alien,0,53490,330.0
Harmony,alien,0,54303,390.0
Harmony,alien,0,55111,340.0
Harmony,alien,0,55914,330.0
Harmony,alien,0,56678,890.0
Harmony,alien,0,57240,400.0
Harmony,alien,0,57774,380.0
Harmony,alien,0,58524,430.0
Harmony,alien,0,59220,400.0
Harmony,alien,0,59870,410.0
Harmony,alien,0,60458,400.0
Harmony,alien,0,60989,450.0
Harmony,alien,0,61849,450.0
Harmony,alien,0,62436,370.0
Harmony,alien,0,63104,400.0
Harmony,alien,0,63717,360.0
Harmony,alien,0,64683,490.0
Harmony,alien,0,65233,460.0
Harmony,alien,0,65889,320.0
Harmony,alien,0,66552,900.0
Harmony,alien,0,67205,280.0
Harmony,alien,0,67814,430.0
Harmony,alien,0,68605,1060.0
Harmony,alien,0,69296,300.0
Harmony,alien,0,70085,500.0
Harmony,alien,0,70507,320.0
Harmony,alien,0,71321,1010.0
Harmony,alien,0,72035,440.0
Harmony,alien,0,72793,520.0
Harmony,alien,0,73667,500.0
Harmony,alien,0,74397,390.0
Harmony,alien,0,75032,450.0
Harmony,alien,0,75546,390.0
Harmony,alien,0,76633,390.0
Harmony,alien,0,77479,360.0
Harmony,alien,0,78372,430.0
Harmony,alien,0,79190,360.0
Harmony,alien,0,79716,440.0
Harmony,alien,0,80588,370.0
Harmony,alien,0,81325,950.0
Harmony,alien,0,82182,520.0
Harmony,alien,0,82934,460.0
Harmony,alien,0,83698,480.0
Harmony,alien,0,84360,410.0
Harmony,alien,0,84998,470.0
Harmony,alien,0,85729,490.0
Harmony,alien,0,86314,460.0
Harmony,alien,0,86951,450.0
Harmony,alien,0,87760,440.0
Harmony,alien,0,88528,410.0
Harmony,alien,0,89256,520.0
Harmony,alien,0,89970,430.0
Harmony,alien,0,90718,400.0
Harmony,alien,0,91490,470.0
Harmony,alien,0,92047,540.0
Harmony,alien,0,92772,610.0
Harmony,alien,0,93486,1080.0
Harmony,alien,0,94216,500.0
Harmony,alien,0,94997,480.0
Harmony,alien,0,95658,490.0
Harmony,alien,0,96760,1000.0
Harmony,alien,0,97312,400.0
Harmony,alien,0,98188,490.0
Harmony,alien,0,98973,940.0
Harmony,alien,0,99898,610.0
Harmony,amidar,0,578,1.0
Harmony,amidar,0,1108,0.0
Harmony,amidar,0,1701,3.0
Harmony,amidar,0,2266,6.0
Harmony,amidar,0,2813,0.0
Harmony,amidar,0,3428,4.0
Harmony,amidar,0,3967,0.0
Harmony,amidar,0,4547,1.0
Harmony,amidar,0,5106,0.0
Harmony,amidar,0,5656,0.0
Harmony,amidar,0,6234,6.0
Harmony,amidar,0,6836,6.0
Harmony,amidar,0,7412,1.0
Harmony,amidar,0,7960,3.0
Harmony,amidar,0,8477,0.0
Harmony,amidar,0,9130,9.0
Harmony,amidar,0,9796,3.0
Harmony,amidar,0,10399,3.0
Harmony,amidar,0,11329,72.0
Harmony,amidar,0,12077,33.0
Harmony,amidar,0,12482,12.0
Harmony,amidar,0,12883,19.0
Harmony,amidar,0,13478,31.0
Harmony,amidar,0,13869,12.0
Harmony,amidar,0,14263,12.0
Harmony,amidar,0,14659,12.0
Harmony,amidar,0,15052,12.0
Harmony,amidar,0,15442,12.0
Harmony,amidar,0,15832,12.0
Harmony,amidar,0,16226,12.0
Harmony,amidar,0,16617,12.0
Harmony,amidar,0,17009,12.0
Harmony,amidar,0,17402,12.0
Harmony,amidar,0,17793,12.0
Harmony,amidar,0,18186,12.0
Harmony,amidar,0,18577,23.0
Harmony,amidar,0,18967,12.0
Harmony,amidar,0,19362,12.0
Harmony,amidar,0,19756,12.0
Harmony,amidar,0,20145,12.0
Harmony,amidar,0,20539,12.0
Harmony,amidar,0,20941,12.0
Harmony,amidar,0,21330,12.0
Harmony,amidar,0,21999,33.0
Harmony,amidar,0,22590,52.0
Harmony,amidar,0,23205,58.0
Harmony,amidar,0,23841,46.0
Harmony,amidar,0,24328,33.0
Harmony,amidar,0,25062,71.0
Harmony,amidar,0,25816,49.0
Harmony,amidar,0,26301,31.0
Harmony,amidar,0,26963,42.0
Harmony,amidar,0,27616,50.0
Harmony,amidar,0,28042,82.0
Harmony,amidar,0,28803,64.0
Harmony,amidar,0,29569,63.0
Harmony,amidar,0,30374,66.0
Harmony,amidar,0,31373,66.0
Harmony,amidar,0,32337,63.0
Harmony,amidar,0,32926,35.0
Harmony,amidar,0,33923,55.0
Harmony,amidar,0,34628,75.0
Harmony,amidar,0,35450,67.0
Harmony,amidar,0,36328,44.0
Harmony,amidar,0,37110,66.0
Harmony,amidar,0,37728,52.0
Harmony,amidar,0,38345,52.0
Harmony,amidar,0,39324,93.0
Harmony,amidar,0,40336,92.0
Harmony,amidar,0,41343,64.0
Harmony,amidar,0,42163,77.0
Harmony,amidar,0,43033,115.0
Harmony,amidar,0,43941,82.0
Harmony,amidar,0,44548,34.0
Harmony,amidar,0,45535,76.0
Harmony,amidar,0,46186,55.0
Harmony,amidar,0,46959,77.0
Harmony,amidar,0,47499,40.0
Harmony,amidar,0,48362,72.0
Harmony,amidar,0,49176,72.0
Harmony,amidar,0,50166,148.0
Harmony,amidar,0,50838,64.0
Harmony,amidar,0,51602,69.0
Harmony,amidar,0,52043,51.0
Harmony,amidar,0,52662,51.0
Harmony,amidar,0,53357,60.0
Harmony,amidar,0,53961,53.0
Harmony,amidar,0,54769,75.0
Harmony,amidar,0,55339,56.0
Harmony,amidar,0,56105,54.0
Harmony,amidar,0,56996,113.0
Harmony,amidar,0,57610,97.0
Harmony,amidar,0,58446,80.0
Harmony,amidar,0,59399,60.0
Harmony,amidar,0,60144,71.0
Harmony,amidar,0,61005,118.0
Harmony,amidar,0,61745,69.0
Harmony,amidar,0,62607,84.0
Harmony,amidar,0,63277,85.0
Harmony,amidar,0,63958,68.0
Harmony,amidar,0,64762,79.0
Harmony,amidar,0,65948,74.0
Harmony,amidar,0,66934,114.0
Harmony,amidar,0,67904,117.0
Harmony,amidar,0,68722,66.0
Harmony,amidar,0,69207,40.0
Harmony,amidar,0,70354,142.0
Harmony,amidar,0,71277,83.0
Harmony,amidar,0,71983,100.0
Harmony,amidar,0,72830,155.0
Harmony,amidar,0,73710,75.0
Harmony,amidar,0,74458,83.0
Harmony,amidar,0,75327,71.0
Harmony,amidar,0,76307,66.0
Harmony,amidar,0,77282,97.0
Harmony,amidar,0,78162,72.0
Harmony,amidar,0,78972,150.0
Harmony,amidar,0,79765,181.0
Harmony,amidar,0,80622,113.0
Harmony,amidar,0,81541,85.0
Harmony,amidar,0,82654,114.0
Harmony,amidar,0,83490,181.0
Harmony,amidar,0,84459,98.0
Harmony,amidar,0,85371,103.0
Harmony,amidar,0,86131,100.0
Harmony,amidar,0,87152,100.0
Harmony,amidar,0,87902,107.0
Harmony,amidar,0,88633,88.0
Harmony,amidar,0,89546,98.0
Harmony,amidar,0,90265,58.0
Harmony,amidar,0,91081,90.0
Harmony,amidar,0,91974,90.0
Harmony,amidar,0,92983,114.0
Harmony,amidar,0,93825,90.0
Harmony,amidar,0,94742,95.0
Harmony,amidar,0,95860,83.0
Harmony,amidar,0,96653,95.0
Harmony,amidar,0,98101,125.0
Harmony,amidar,0,99004,142.0
Harmony,assault,0,495,252.0
Harmony,assault,0,912,168.0
Harmony,assault,0,1558,378.0
Harmony,assault,0,2004,189.0
Harmony,assault,0,2784,294.0
Harmony,assault,0,3301,210.0
Harmony,assault,0,3650,210.0
Harmony,assault,0,4124,231.0
Harmony,assault,0,4778,294.0
Harmony,assault,0,5274,189.0
Harmony,assault,0,5884,189.0
Harmony,assault,0,6512,378.0
Harmony,assault,0,6957,189.0
Harmony,assault,0,8073,210.0
Harmony,assault,0,9412,231.0
Harmony,assault,0,9982,189.0
Harmony,assault,0,10566,252.0
Harmony,assault,0,12901,630.0
Harmony,assault,0,14167,567.0
Harmony,assault,0,14642,147.0
Harmony,assault,0,16935,630.0
Harmony,assault,0,17380,378.0
Harmony,assault,0,18232,525.0
Harmony,assault,0,18837,441.0
Harmony,assault,0,19561,357.0
Harmony,assault,0,20527,525.0
Harmony,assault,0,21011,252.0
Harmony,assault,0,21587,357.0
Harmony,assault,0,22158,399.0
Harmony,assault,0,22796,315.0
Harmony,assault,0,23197,210.0
Harmony,assault,0,23943,546.0
Harmony,assault,0,24650,441.0
Harmony,assault,0,25576,546.0
Harmony,assault,0,26053,252.0
Harmony,assault,0,26784,399.0
Harmony,assault,0,27258,294.0
Harmony,assault,0,28911,504.0
Harmony,assault,0,29389,252.0
Harmony,assault,0,29940,315.0
Harmony,assault,0,30740,420.0
Harmony,assault,0,31345,315.0
Harmony,assault,0,32396,420.0
Harmony,assault,0,33417,378.0
Harmony,assault,0,33636,168.0
Harmony,assault,0,34271,399.0
Harmony,assault,0,34755,189.0
Harmony,assault,0,35490,399.0
Harmony,assault,0,36928,525.0
Harmony,assault,0,38344,630.0
Harmony,assault,0,39270,588.0
Harmony,assault,0,39814,189.0
Harmony,assault,0,40258,336.0
Harmony,assault,0,41399,567.0
Harmony,assault,0,42066,399.0
Harmony,assault,0,43450,588.0
Harmony,assault,0,43990,294.0
Harmony,assault,0,45496,630.0
Harmony,assault,0,46209,420.0
Harmony,assault,0,48266,672.0
Harmony,assault,0,49334,546.0
Harmony,assault,0,50330,483.0
Harmony,assault,0,51375,441.0
Harmony,assault,0,52105,315.0
Harmony,assault,0,52712,294.0
Harmony,assault,0,53251,399.0
Harmony,assault,0,54145,609.0
Harmony,assault,0,55003,378.0
Harmony,assault,0,55575,399.0
Harmony,assault,0,56468,609.0
Harmony,assault,0,57532,546.0
Harmony,assault,0,57784,126.0
Harmony,assault,0,58485,273.0
Harmony,assault,0,58849,210.0
Harmony,assault,0,59743,651.0
Harmony,assault,0,60313,399.0
Harmony,assault,0,60947,357.0
Harmony,assault,0,61486,504.0
Harmony,assault,0,62626,693.0
Harmony,assault,0,63553,483.0
Harmony,assault,0,64638,567.0
Harmony,assault,0,65663,504.0
Harmony,assault,0,66349,420.0
Harmony,assault,0,67082,462.0
Harmony,assault,0,67333,189.0
Harmony,assault,0,68514,441.0
Harmony,assault,0,69697,546.0
Harmony,assault,0,70753,525.0
Harmony,assault,0,72036,651.0
Harmony,assault,0,73352,630.0
Harmony,assault,0,74857,819.0
Harmony,assault,0,76109,693.0
Harmony,assault,0,77134,609.0
Harmony,assault,0,78025,651.0
Harmony,assault,0,79018,483.0
Harmony,assault,0,80215,693.0
Harmony,assault,0,81459,630.0
Harmony,assault,0,82159,504.0
Harmony,assault,0,83265,714.0
Harmony,assault,0,84653,672.0
Harmony,assault,0,85229,357.0
Harmony,assault,0,86323,735.0
Harmony,assault,0,87153,483.0
Harmony,assault,0,88142,714.0
Harmony,assault,0,88974,399.0
Harmony,assault,0,89418,378.0
Harmony,assault,0,90252,546.0
Harmony,assault,0,90954,336.0
Harmony,assault,0,91530,399.0
Harmony,assault,0,92405,693.0
Harmony,assault,0,93475,693.0
Harmony,assault,0,94576,651.0
Harmony,assault,0,95537,630.0
Harmony,assault,0,96408,693.0
Harmony,assault,0,97668,651.0
Harmony,assault,0,99265,672.0
Harmony,asterix,0,203,200.0
Harmony,asterix,0,459,200.0
Harmony,asterix,0,661,100.0
Harmony,asterix,0,972,350.0
Harmony,asterix,0,1181,200.0
Harmony,asterix,0,1525,500.0
Harmony,asterix,0,1730,100.0
Harmony,asterix,0,1937,200.0
Harmony,asterix,0,2163,250.0
Harmony,asterix,0,2439,250.0
Harmony,asterix,0,2710,300.0
Harmony,asterix,0,3027,400.0
Harmony,asterix,0,3204,200.0
Harmony,asterix,0,3650,800.0
Harmony,asterix,0,4081,550.0
Harmony,asterix,0,4288,50.0
Harmony,asterix,0,4559,300.0
Harmony,asterix,0,4822,300.0
Harmony,asterix,0,5041,150.0
Harmony,asterix,0,5309,350.0
Harmony,asterix,0,5586,250.0
Harmony,asterix,0,5797,150.0
Harmony,asterix,0,6037,250.0
Harmony,asterix,0,6383,450.0
Harmony,asterix,0,6623,150.0
Harmony,asterix,0,6901,200.0
Harmony,asterix,0,7227,300.0
Harmony,asterix,0,7684,500.0
Harmony,asterix,0,7975,100.0
Harmony,asterix,0,8198,50.0
Harmony,asterix,0,8556,100.0
Harmony,asterix,0,9048,200.0
Harmony,asterix,0,9247,100.0
Harmony,asterix,0,9774,450.0
Harmony,asterix,0,10116,250.0
Harmony,asterix,0,10419,200.0
Harmony,asterix,0,10713,150.0
Harmony,asterix,0,11214,300.0
Harmony,asterix,0,11485,50.0
Harmony,asterix,0,11778,150.0
Harmony,asterix,0,12165,300.0
Harmony,asterix,0,12687,250.0
Harmony,asterix,0,12952,150.0
Harmony,asterix,0,13151,100.0
Harmony,asterix,0,13417,200.0
Harmony,asterix,0,13641,150.0
Harmony,asterix,0,13910,150.0
Harmony,asterix,0,14180,200.0
Harmony,asterix,0,14396,250.0
Harmony,asterix,0,14645,150.0
Harmony,asterix,0,14903,150.0
Harmony,asterix,0,15142,200.0
Harmony,asterix,0,15442,200.0
Harmony,asterix,0,15720,200.0
Harmony,asterix,0,16274,400.0
Harmony,asterix,0,16596,200.0
Harmony,asterix,0,17326,550.0
Harmony,asterix,0,17722,250.0
Harmony,asterix,0,17930,100.0
Harmony,asterix,0,18325,200.0
Harmony,asterix,0,18951,450.0
Harmony,asterix,0,19161,150.0
Harmony,asterix,0,19397,100.0
Harmony,asterix,0,19687,100.0
Harmony,asterix,0,20013,150.0
Harmony,asterix,0,20278,100.0
Harmony,asterix,0,20508,50.0
Harmony,asterix,0,20704,150.0
Harmony,asterix,0,20986,200.0
Harmony,asterix,0,21306,250.0
Harmony,asterix,0,21800,550.0
Harmony,asterix,0,22039,100.0
Harmony,asterix,0,22350,150.0
Harmony,asterix,0,22661,150.0
Harmony,asterix,0,22959,150.0
Harmony,asterix,0,23166,50.0
Harmony,asterix,0,23524,200.0
Harmony,asterix,0,23746,150.0
Harmony,asterix,0,24112,250.0
Harmony,asterix,0,24724,350.0
Harmony,asterix,0,24991,300.0
Harmony,asterix,0,25431,300.0
Harmony,asterix,0,25723,200.0
Harmony,asterix,0,26149,250.0
Harmony,asterix,0,26353,100.0
Harmony,asterix,0,26573,50.0
Harmony,asterix,0,26774,150.0
Harmony,asterix,0,27027,350.0
Harmony,asterix,0,27446,350.0
Harmony,asterix,0,27662,150.0
Harmony,asterix,0,27935,300.0
Harmony,asterix,0,28492,400.0
Harmony,asterix,0,28803,250.0
Harmony,asterix,0,29064,300.0
Harmony,asterix,0,29507,250.0
Harmony,asterix,0,29710,100.0
Harmony,asterix,0,29915,200.0
Harmony,asterix,0,30309,400.0
Harmony,asterix,0,30527,200.0
Harmony,asterix,0,30896,350.0
Harmony,asterix,0,31098,100.0
Harmony,asterix,0,31348,250.0
Harmony,asterix,0,31545,200.0
Harmony,asterix,0,31765,150.0
Harmony,asterix,0,32003,200.0
Harmony,asterix,0,32779,550.0
Harmony,asterix,0,32989,150.0
Harmony,asterix,0,33338,200.0
Harmony,asterix,0,33535,50.0
Harmony,asterix,0,34163,300.0
Harmony,asterix,0,34363,100.0
Harmony,asterix,0,34594,150.0
Harmony,asterix,0,34960,300.0
Harmony,asterix,0,35343,450.0
Harmony,asterix,0,35509,100.0
Harmony,asterix,0,35714,250.0
Harmony,asterix,0,35967,350.0
Harmony,asterix,0,36187,50.0
Harmony,asterix,0,36608,400.0
Harmony,asterix,0,36865,300.0
Harmony,asterix,0,37129,300.0
Harmony,asterix,0,37352,150.0
Harmony,asterix,0,37836,350.0
Harmony,asterix,0,38080,250.0
Harmony,asterix,0,38506,300.0
Harmony,asterix,0,38710,100.0
Harmony,asterix,0,38931,150.0
Harmony,asterix,0,39147,300.0
Harmony,asterix,0,39545,450.0
Harmony,asterix,0,39805,150.0
Harmony,asterix,0,40085,250.0
Harmony,asterix,0,40289,300.0
Harmony,asterix,0,40667,500.0
Harmony,asterix,0,40904,250.0
Harmony,asterix,0,41236,450.0
Harmony,asterix,0,41735,700.0
Harmony,asterix,0,41927,350.0
Harmony,asterix,0,42143,250.0
Harmony,asterix,0,42360,150.0
Harmony,asterix,0,42571,250.0
Harmony,asterix,0,42959,700.0
Harmony,asterix,0,43206,200.0
Harmony,asterix,0,43459,250.0
Harmony,asterix,0,43900,500.0
Harmony,asterix,0,44241,300.0
Harmony,asterix,0,44537,400.0
Harmony,asterix,0,44755,200.0
Harmony,asterix,0,45084,250.0
Harmony,asterix,0,45449,300.0
Harmony,asterix,0,45932,650.0
Harmony,asterix,0,46132,150.0
Harmony,asterix,0,46366,300.0
Harmony,asterix,0,46594,300.0
Harmony,asterix,0,47023,850.0
Harmony,asterix,0,47464,400.0
Harmony,asterix,0,47761,250.0
Harmony,asterix,0,48099,350.0
Harmony,asterix,0,48427,350.0
Harmony,asterix,0,49058,700.0
Harmony,asterix,0,49395,300.0
Harmony,asterix,0,49771,450.0
Harmony,asterix,0,50091,600.0
Harmony,asterix,0,50488,350.0
Harmony,asterix,0,50832,200.0
Harmony,asterix,0,51225,350.0
Harmony,asterix,0,51432,250.0
Harmony,asterix,0,51734,400.0
Harmony,asterix,0,52093,600.0
Harmony,asterix,0,52430,350.0
Harmony,asterix,0,52956,500.0
Harmony,asterix,0,53356,450.0
Harmony,asterix,0,53569,250.0
Harmony,asterix,0,53870,400.0
Harmony,asterix,0,54266,500.0
Harmony,asterix,0,54710,300.0
Harmony,asterix,0,55068,500.0
Harmony,asterix,0,55446,200.0
Harmony,asterix,0,55848,450.0
Harmony,asterix,0,56142,450.0
Harmony,asterix,0,56664,750.0
Harmony,asterix,0,57023,350.0
Harmony,asterix,0,57390,600.0
Harmony,asterix,0,57784,400.0
Harmony,asterix,0,58279,600.0
Harmony,asterix,0,58675,300.0
Harmony,asterix,0,59165,650.0
Harmony,asterix,0,59562,600.0
Harmony,asterix,0,59927,550.0
Harmony,asterix,0,60133,350.0
Harmony,asterix,0,60728,650.0
Harmony,asterix,0,61208,600.0
Harmony,asterix,0,61419,250.0
Harmony,asterix,0,61664,350.0
Harmony,asterix,0,61907,300.0
Harmony,asterix,0,62253,600.0
Harmony,asterix,0,62455,250.0
Harmony,asterix,0,62757,200.0
Harmony,asterix,0,63085,250.0
Harmony,asterix,0,63445,250.0
Harmony,asterix,0,63724,300.0
Harmony,asterix,0,64037,400.0
Harmony,asterix,0,64274,400.0
Harmony,asterix,0,64636,450.0
Harmony,asterix,0,65091,400.0
Harmony,asterix,0,65432,350.0
Harmony,asterix,0,65671,350.0
Harmony,asterix,0,66132,500.0
Harmony,asterix,0,66395,300.0
Harmony,asterix,0,66704,450.0
Harmony,asterix,0,66974,250.0
Harmony,asterix,0,67339,350.0
Harmony,asterix,0,67684,500.0
Harmony,asterix,0,67902,250.0
Harmony,asterix,0,68111,300.0
Harmony,asterix,0,68466,350.0
Harmony,asterix,0,68862,350.0
Harmony,asterix,0,69131,250.0
Harmony,asterix,0,69424,550.0
Harmony,asterix,0,69787,400.0
Harmony,asterix,0,70147,450.0
Harmony,asterix,0,70499,450.0
Harmony,asterix,0,71158,800.0
Harmony,asterix,0,72132,1150.0
Harmony,asterix,0,72606,650.0
Harmony,asterix,0,73051,650.0
Harmony,asterix,0,73322,450.0
Harmony,asterix,0,73560,300.0
Harmony,asterix,0,74006,700.0
Harmony,asterix,0,74395,200.0
Harmony,asterix,0,74750,500.0
Harmony,asterix,0,75088,550.0
Harmony,asterix,0,75323,250.0
Harmony,asterix,0,75631,300.0
Harmony,asterix,0,75936,400.0
Harmony,asterix,0,76340,500.0
Harmony,asterix,0,76775,350.0
Harmony,asterix,0,77099,500.0
Harmony,asterix,0,77949,700.0
Harmony,asterix,0,78290,500.0
Harmony,asterix,0,78640,600.0
Harmony,asterix,0,79114,800.0
Harmony,asterix,0,79451,300.0
Harmony,asterix,0,79809,600.0
Harmony,asterix,0,80299,650.0
Harmony,asterix,0,80666,650.0
Harmony,asterix,0,80995,350.0
Harmony,asterix,0,81322,400.0
Harmony,asterix,0,81685,650.0
Harmony,asterix,0,82020,300.0
Harmony,asterix,0,82254,350.0
Harmony,asterix,0,82692,300.0
Harmony,asterix,0,83114,550.0
Harmony,asterix,0,83450,500.0
Harmony,asterix,0,83876,500.0
Harmony,asterix,0,84120,200.0
Harmony,asterix,0,84392,350.0
Harmony,asterix,0,85058,600.0
Harmony,asterix,0,85365,550.0
Harmony,asterix,0,85573,250.0
Harmony,asterix,0,85985,600.0
Harmony,asterix,0,86187,150.0
Harmony,asterix,0,86468,450.0
Harmony,asterix,0,86781,550.0
Harmony,asterix,0,87209,550.0
Harmony,asterix,0,87681,700.0
Harmony,asterix,0,88362,600.0
Harmony,asterix,0,88710,600.0
Harmony,asterix,0,88946,250.0
Harmony,asterix,0,89302,400.0
Harmony,asterix,0,89629,450.0
Harmony,asterix,0,90163,1000.0
Harmony,asterix,0,90404,300.0
Harmony,asterix,0,90773,550.0
Harmony,asterix,0,91124,400.0
Harmony,asterix,0,91540,600.0
Harmony,asterix,0,91781,300.0
Harmony,asterix,0,92272,700.0
Harmony,asterix,0,92694,900.0
Harmony,asterix,0,92895,250.0
Harmony,asterix,0,93402,800.0
Harmony,asterix,0,93704,450.0
Harmony,asterix,0,94070,600.0
Harmony,asterix,0,94370,450.0
Harmony,asterix,0,95048,750.0
Harmony,asterix,0,95454,500.0
Harmony,asterix,0,95819,600.0
Harmony,asterix,0,96095,300.0
Harmony,asterix,0,96410,400.0
Harmony,asterix,0,96708,400.0
Harmony,asterix,0,97024,400.0
Harmony,asterix,0,97395,450.0
Harmony,asterix,0,97806,650.0
Harmony,asterix,0,98083,350.0
Harmony,asterix,0,98583,500.0
Harmony,asterix,0,98821,400.0
Harmony,asterix,0,99091,400.0
Harmony,asterix,0,99368,550.0
Harmony,asterix,0,99733,650.0
Harmony,bank_heist,0,463,30.0
Harmony,bank_heist,0,1090,20.0
Harmony,bank_heist,0,1528,10.0
Harmony,bank_heist,0,1935,20.0
Harmony,bank_heist,0,2420,20.0
Harmony,bank_heist,0,2973,20.0
Harmony,bank_heist,0,3485,10.0
Harmony,bank_heist,0,3997,20.0
Harmony,bank_heist,0,4524,10.0
Harmony,bank_heist,0,5306,10.0
Harmony,bank_heist,0,5739,20.0
Harmony,bank_heist,0,6354,20.0
Harmony,bank_heist,0,6908,10.0
Harmony,bank_heist,0,7340,10.0
Harmony,bank_heist,0,7732,0.0
Harmony,bank_heist,0,8060,0.0
Harmony,bank_heist,0,8540,0.0
Harmony,bank_heist,0,9035,10.0
Harmony,bank_heist,0,9391,0.0
Harmony,bank_heist,0,9843,0.0
Harmony,bank_heist,0,10282,0.0
Harmony,bank_heist,0,10825,0.0
Harmony,bank_heist,0,11411,10.0
Harmony,bank_heist,0,12809,20.0
Harmony,bank_heist,0,13193,10.0
Harmony,bank_heist,0,13944,0.0
Harmony,bank_heist,0,15679,10.0
Harmony,bank_heist,0,16309,0.0
Harmony,bank_heist,0,17284,20.0
Harmony,bank_heist,0,18002,20.0
Harmony,bank_heist,0,18541,10.0
Harmony,bank_heist,0,19358,0.0
Harmony,bank_heist,0,20621,20.0
Harmony,bank_heist,0,21486,0.0
Harmony,bank_heist,0,22236,20.0
Harmony,bank_heist,0,23437,0.0
Harmony,bank_heist,0,24284,30.0
Harmony,bank_heist,0,24962,0.0
Harmony,bank_heist,0,25418,10.0
Harmony,bank_heist,0,26007,10.0
Harmony,bank_heist,0,26825,0.0
Harmony,bank_heist,0,27319,20.0
Harmony,bank_heist,0,28194,10.0
Harmony,bank_heist,0,28670,10.0
Harmony,bank_heist,0,29381,20.0
Harmony,bank_heist,0,30220,10.0
Harmony,bank_heist,0,30899,20.0
Harmony,bank_heist,0,31675,20.0
Harmony,bank_heist,0,32332,40.0
Harmony,bank_heist,0,33063,10.0
Harmony,bank_heist,0,33778,10.0
Harmony,bank_heist,0,34497,20.0
Harmony,bank_heist,0,34912,10.0
Harmony,bank_heist,0,35665,0.0
Harmony,bank_heist,0,36925,20.0
Harmony,bank_heist,0,38223,10.0
Harmony,bank_heist,0,39069,0.0
Harmony,bank_heist,0,39947,10.0
Harmony,bank_heist,0,40361,10.0
Harmony,bank_heist,0,41041,10.0
Harmony,bank_heist,0,41724,20.0
Harmony,bank_heist,0,42345,30.0
Harmony,bank_heist,0,43086,0.0
Harmony,bank_heist,0,43596,10.0
Harmony,bank_heist,0,44305,20.0
Harmony,bank_heist,0,45014,30.0
Harmony,bank_heist,0,45732,20.0
Harmony,bank_heist,0,46389,20.0
Harmony,bank_heist,0,47061,30.0
Harmony,bank_heist,0,47695,10.0
Harmony,bank_heist,0,48322,10.0
Harmony,bank_heist,0,48778,40.0
Harmony,bank_heist,0,49376,20.0
Harmony,bank_heist,0,49954,20.0
Harmony,bank_heist,0,50838,40.0
Harmony,bank_heist,0,51660,20.0
Harmony,bank_heist,0,52322,20.0
Harmony,bank_heist,0,52906,40.0
Harmony,bank_heist,0,53754,20.0
Harmony,bank_heist,0,54204,10.0
Harmony,bank_heist,0,54758,20.0
Harmony,bank_heist,0,55703,30.0
Harmony,bank_heist,0,56424,10.0
Harmony,bank_heist,0,57327,30.0
Harmony,bank_heist,0,57758,20.0
Harmony,bank_heist,0,58374,30.0
Harmony,bank_heist,0,58958,20.0
Harmony,bank_heist,0,59737,20.0
Harmony,bank_heist,0,60984,20.0
Harmony,bank_heist,0,61403,10.0
Harmony,bank_heist,0,62159,10.0
Harmony,bank_heist,0,62804,30.0
Harmony,bank_heist,0,63556,10.0
Harmony,bank_heist,0,64452,20.0
Harmony,bank_heist,0,65159,10.0
Harmony,bank_heist,0,66005,90.0
Harmony,bank_heist,0,66670,50.0
Harmony,bank_heist,0,67410,20.0
Harmony,bank_heist,0,67918,10.0
Harmony,bank_heist,0,68789,10.0
Harmony,bank_heist,0,69638,50.0
Harmony,bank_heist,0,70229,20.0
Harmony,bank_heist,0,70738,30.0
Harmony,bank_heist,0,71302,20.0
Harmony,bank_heist,0,72090,50.0
Harmony,bank_heist,0,72839,20.0
Harmony,bank_heist,0,73378,20.0
Harmony,bank_heist,0,74099,20.0
Harmony,bank_heist,0,74887,30.0
Harmony,bank_heist,0,75672,30.0
Harmony,bank_heist,0,76452,20.0
Harmony,bank_heist,0,77780,20.0
Harmony,bank_heist,0,78272,50.0
Harmony,bank_heist,0,79038,20.0
Harmony,bank_heist,0,79613,30.0
Harmony,bank_heist,0,80541,40.0
Harmony,bank_heist,0,81257,20.0
Harmony,bank_heist,0,82051,30.0
Harmony,bank_heist,0,82585,10.0
Harmony,bank_heist,0,83333,50.0
Harmony,bank_heist,0,84074,20.0
Harmony,bank_heist,0,84889,20.0
Harmony,bank_heist,0,85470,10.0
Harmony,bank_heist,0,86306,40.0
Harmony,bank_heist,0,86910,20.0
Harmony,bank_heist,0,87456,20.0
Harmony,bank_heist,0,88102,40.0
Harmony,bank_heist,0,89103,10.0
Harmony,bank_heist,0,89820,30.0
Harmony,bank_heist,0,90581,30.0
Harmony,bank_heist,0,91460,30.0
Harmony,bank_heist,0,92208,60.0
Harmony,bank_heist,0,93552,20.0
Harmony,bank_heist,0,94076,40.0
Harmony,bank_heist,0,94741,30.0
Harmony,bank_heist,0,95671,30.0
Harmony,bank_heist,0,96760,30.0
Harmony,bank_heist,0,97485,30.0
Harmony,bank_heist,0,98244,50.0
Harmony,bank_heist,0,98909,30.0
Harmony,bank_heist,0,99754,20.0
Harmony,battle_zone,0,791,3000.0
Harmony,battle_zone,0,2075,3000.0
Harmony,battle_zone,0,2991,3000.0
Harmony,battle_zone,0,5250,2000.0
Harmony,battle_zone,0,6063,10000.0
Harmony,battle_zone,0,7105,4000.0
Harmony,battle_zone,0,8181,1000.0
Harmony,battle_zone,0,9523,0.0
Harmony,battle_zone,0,10827,1000.0
Harmony,battle_zone,0,12528,2000.0
Harmony,battle_zone,0,13748,0.0
Harmony,battle_zone,0,15337,0.0
Harmony,battle_zone,0,16897,2000.0
Harmony,battle_zone,0,18637,6000.0
Harmony,battle_zone,0,20782,4000.0
Harmony,battle_zone,0,22391,5000.0
Harmony,battle_zone,0,23268,1000.0
Harmony,battle_zone,0,23984,1000.0
Harmony,battle_zone,0,25331,5000.0
Harmony,battle_zone,0,25930,1000.0
Harmony,battle_zone,0,26698,3000.0
Harmony,battle_zone,0,28187,3000.0
Harmony,battle_zone,0,29141,1000.0
Harmony,battle_zone,0,30096,3000.0
Harmony,battle_zone,0,31508,5000.0
Harmony,battle_zone,0,32836,7000.0
Harmony,battle_zone,0,33668,1000.0
Harmony,battle_zone,0,36102,14000.0
Harmony,battle_zone,0,37192,3000.0
Harmony,battle_zone,0,38809,3000.0
Harmony,battle_zone,0,39536,1000.0
Harmony,battle_zone,0,40198,1000.0
Harmony,battle_zone,0,40831,1000.0
Harmony,battle_zone,0,42271,3000.0
Harmony,battle_zone,0,44417,10000.0
Harmony,battle_zone,0,46012,5000.0
Harmony,battle_zone,0,46619,1000.0
Harmony,battle_zone,0,47657,7000.0
Harmony,battle_zone,0,48810,3000.0
Harmony,battle_zone,0,50158,5000.0
Harmony,battle_zone,0,51340,10000.0
Harmony,battle_zone,0,52838,12000.0
Harmony,battle_zone,0,53939,13000.0
Harmony,battle_zone,0,54830,6000.0
Harmony,battle_zone,0,56592,16000.0
Harmony,battle_zone,0,57938,10000.0
Harmony,battle_zone,0,59166,17000.0
Harmony,battle_zone,0,60157,8000.0
Harmony,battle_zone,0,61319,6000.0
Harmony,battle_zone,0,62377,15000.0
Harmony,battle_zone,0,63605,10000.0
Harmony,battle_zone,0,64906,13000.0
Harmony,battle_zone,0,66526,18000.0
Harmony,battle_zone,0,68086,17000.0
Harmony,battle_zone,0,69202,8000.0
Harmony,battle_zone,0,70363,16000.0
Harmony,battle_zone,0,71978,23000.0
Harmony,battle_zone,0,73406,14000.0
Harmony,battle_zone,0,75165,17000.0
Harmony,battle_zone,0,76779,16000.0
Harmony,battle_zone,0,78083,11000.0
Harmony,battle_zone,0,79182,11000.0
Harmony,battle_zone,0,80734,17000.0
Harmony,battle_zone,0,82155,23000.0
Harmony,battle_zone,0,83597,14000.0
Harmony,battle_zone,0,85192,16000.0
Harmony,battle_zone,0,86349,13000.0
Harmony,battle_zone,0,87708,19000.0
Harmony,battle_zone,0,89327,20000.0
Harmony,battle_zone,0,91079,17000.0
Harmony,battle_zone,0,92305,17000.0
Harmony,battle_zone,0,93084,12000.0
Harmony,battle_zone,0,94080,11000.0
Harmony,battle_zone,0,95492,15000.0
Harmony,battle_zone,0,96862,18000.0
Harmony,battle_zone,0,98151,16000.0
Harmony,battle_zone,0,99503,14000.0
Harmony,boxing,0,1779,0.0
Harmony,boxing,0,3559,-12.0
Harmony,boxing,0,5344,0.0
Harmony,boxing,0,7127,-7.0
Harmony,boxing,0,8910,-19.0
Harmony,boxing,0,10694,-54.0
Harmony,boxing,0,12478,-12.0
Harmony,boxing,0,14256,-1.0
Harmony,boxing,0,16041,-4.0
Harmony,boxing,0,17820,9.0
Harmony,boxing,0,19601,-6.0
Harmony,boxing,0,21384,-7.0
Harmony,boxing,0,23166,5.0
Harmony,boxing,0,24947,3.0
Harmony,boxing,0,26727,-9.0
Harmony,boxing,0,28508,-3.0
Harmony,boxing,0,30287,-44.0
Harmony,boxing,0,32072,3.0
Harmony,boxing,0,33853,-14.0
Harmony,boxing,0,35632,14.0
Harmony,boxing,0,37412,5.0
Harmony,boxing,0,39194,0.0
Harmony,boxing,0,40977,5.0
Harmony,boxing,0,42757,1.0
Harmony,boxing,0,44540,-2.0
Harmony,boxing,0,46325,-2.0
Harmony,boxing,0,48108,10.0
Harmony,boxing,0,49887,8.0
Harmony,boxing,0,51667,0.0
Harmony,boxing,0,53450,1.0
Harmony,boxing,0,55230,-3.0
Harmony,boxing,0,57011,-17.0
Harmony,boxing,0,58793,6.0
Harmony,boxing,0,60574,-14.0
Harmony,boxing,0,62356,-30.0
Harmony,boxing,0,64136,8.0
Harmony,boxing,0,65915,28.0
Harmony,boxing,0,67699,0.0
Harmony,boxing,0,69482,3.0
Harmony,boxing,0,71260,4.0
Harmony,boxing,0,73043,24.0
Harmony,boxing,0,74825,16.0
Harmony,boxing,0,76603,4.0
Harmony,boxing,0,78385,11.0
Harmony,boxing,0,80165,25.0
Harmony,boxing,0,81947,27.0
Harmony,boxing,0,83730,38.0
Harmony,boxing,0,85514,24.0
Harmony,boxing,0,87295,24.0
Harmony,boxing,0,89018,64.0
Harmony,boxing,0,90799,22.0
Harmony,boxing,0,92584,40.0
Harmony,boxing,0,94365,44.0
Harmony,boxing,0,96149,51.0
Harmony,boxing,0,97929,69.0
Harmony,boxing,0,99708,38.0
Harmony,breakout,0,129,0.0
Harmony,breakout,0,308,1.0
Harmony,breakout,0,486,1.0
Harmony,breakout,0,612,0.0
Harmony,breakout,0,771,1.0
Harmony,breakout,0,972,2.0
Harmony,breakout,0,1161,1.0
Harmony,breakout,0,1436,4.0
Harmony,breakout,0,1671,2.0
Harmony,breakout,0,1853,1.0
Harmony,breakout,0,1994,0.0
Harmony,breakout,0,2205,2.0
Harmony,breakout,0,2327,0.0
Harmony,breakout,0,2534,1.0
Harmony,breakout,0,2812,3.0
Harmony,breakout,0,3104,4.0
Harmony,breakout,0,3244,0.0
Harmony,breakout,0,3395,0.0
Harmony,breakout,0,3590,1.0
Harmony,breakout,0,3720,0.0
Harmony,breakout,0,3974,3.0
Harmony,breakout,0,4137,1.0
Harmony,breakout,0,4275,0.0
Harmony,breakout,0,4418,0.0
Harmony,breakout,0,4675,3.0
Harmony,breakout,0,4964,3.0
Harmony,breakout,0,5192,2.0
Harmony,breakout,0,5383,1.0
Harmony,breakout,0,5552,1.0
Harmony,breakout,0,5775,2.0
Harmony,breakout,0,6028,3.0
Harmony,breakout,0,6270,2.0
Harmony,breakout,0,6440,0.0
Harmony,breakout,0,6787,4.0
Harmony,breakout,0,7052,0.0
Harmony,breakout,0,7351,2.0
Harmony,breakout,0,7695,4.0
Harmony,breakout,0,7860,0.0
Harmony,breakout,0,8019,0.0
Harmony,breakout,0,8154,0.0
Harmony,breakout,0,8317,1.0
Harmony,breakout,0,8522,2.0
Harmony,breakout,0,8646,0.0
Harmony,breakout,0,9002,5.0
Harmony,breakout,0,9150,0.0
Harmony,breakout,0,9278,0.0
Harmony,breakout,0,9565,3.0
Harmony,breakout,0,9709,0.0
Harmony,breakout,0,9901,1.0
Harmony,breakout,0,10096,1.0
Harmony,breakout,0,10292,0.0
Harmony,breakout,0,10508,1.0
Harmony,breakout,0,10668,0.0
Harmony,breakout,0,10799,0.0
Harmony,breakout,0,11010,2.0
Harmony,breakout,0,11146,0.0
Harmony,breakout,0,11299,0.0
Harmony,breakout,0,11454,0.0
Harmony,breakout,0,11668,2.0
Harmony,breakout,0,11957,3.0
Harmony,breakout,0,12137,1.0
Harmony,breakout,0,12341,2.0
Harmony,breakout,0,12838,5.0
Harmony,breakout,0,13057,0.0
Harmony,breakout,0,13333,0.0
Harmony,breakout,0,13722,1.0
Harmony,breakout,0,14163,7.0
Harmony,breakout,0,14403,2.0
Harmony,breakout,0,14663,2.0
Harmony,breakout,0,14869,1.0
Harmony,breakout,0,15266,4.0
Harmony,breakout,0,15477,0.0
Harmony,breakout,0,15946,7.0
Harmony,breakout,0,16332,5.0
Harmony,breakout,0,16546,0.0
Harmony,breakout,0,16841,3.0
Harmony,breakout,0,17094,3.0
Harmony,breakout,0,17247,1.0
Harmony,breakout,0,17402,1.0
Harmony,breakout,0,17571,1.0
Harmony,breakout,0,17906,0.0
Harmony,breakout,0,18410,7.0
Harmony,breakout,0,18642,0.0
Harmony,breakout,0,19017,0.0
Harmony,breakout,0,19318,3.0
Harmony,breakout,0,19471,0.0
Harmony,breakout,0,19628,0.0
Harmony,breakout,0,20088,0.0
Harmony,breakout,0,20303,2.0
Harmony,breakout,0,20688,6.0
Harmony,breakout,0,21383,14.0
Harmony,breakout,0,21858,0.0
Harmony,breakout,0,22420,0.0
Harmony,breakout,0,22745,2.0
Harmony,breakout,0,22953,1.0
Harmony,breakout,0,23217,2.0
Harmony,breakout,0,23374,1.0
Harmony,breakout,0,23650,4.0
Harmony,breakout,0,23925,4.0
Harmony,breakout,0,24048,0.0
Harmony,breakout,0,24170,0.0
Harmony,breakout,0,24368,2.0
Harmony,breakout,0,24538,1.0
Harmony,breakout,0,24660,0.0
Harmony,breakout,0,24890,3.0
Harmony,breakout,0,25061,1.0
Harmony,breakout,0,25255,1.0
Harmony,breakout,0,25652,0.0
Harmony,breakout,0,25918,3.0
Harmony,breakout,0,26086,1.0
Harmony,breakout,0,26279,1.0
Harmony,breakout,0,26481,1.0
Harmony,breakout,0,26986,6.0
Harmony,breakout,0,27232,1.0
Harmony,breakout,0,27431,1.0
Harmony,breakout,0,27770,2.0
Harmony,breakout,0,29020,0.0
Harmony,breakout,0,29512,4.0
Harmony,breakout,0,30039,7.0
Harmony,breakout,0,30576,10.0
Harmony,breakout,0,30988,7.0
Harmony,breakout,0,31394,8.0
Harmony,breakout,0,31770,6.0
Harmony,breakout,0,32165,6.0
Harmony,breakout,0,32442,4.0
Harmony,breakout,0,32594,1.0
Harmony,breakout,0,32973,7.0
Harmony,breakout,0,33153,2.0
Harmony,breakout,0,33306,1.0
Harmony,breakout,0,33507,2.0
Harmony,breakout,0,33860,7.0
Harmony,breakout,0,34110,3.0
Harmony,breakout,0,34291,2.0
Harmony,breakout,0,34686,7.0
Harmony,breakout,0,34886,2.0
Harmony,breakout,0,35236,10.0
Harmony,breakout,0,35464,3.0
Harmony,breakout,0,35646,2.0
Harmony,breakout,0,35891,4.0
Harmony,breakout,0,36071,2.0
Harmony,breakout,0,36332,4.0
Harmony,breakout,0,36702,5.0
Harmony,breakout,0,37030,6.0
Harmony,breakout,0,37292,4.0
Harmony,breakout,0,37446,1.0
Harmony,breakout,0,37718,4.0
Harmony,breakout,0,37951,3.0
Harmony,breakout,0,38393,13.0
Harmony,breakout,0,38940,10.0
Harmony,breakout,0,39236,4.0
Harmony,breakout,0,39521,4.0
Harmony,breakout,0,39998,8.0
Harmony,breakout,0,40121,0.0
Harmony,breakout,0,40430,9.0
Harmony,breakout,0,40758,6.0
Harmony,breakout,0,41139,8.0
Harmony,breakout,0,41610,12.0
Harmony,breakout,0,41888,4.0
Harmony,breakout,0,42261,7.0
Harmony,breakout,0,42460,2.0
Harmony,breakout,0,42660,2.0
Harmony,breakout,0,42888,3.0
Harmony,breakout,0,43070,2.0
Harmony,breakout,0,43331,4.0
Harmony,breakout,0,43630,5.0
Harmony,breakout,0,44027,7.0
Harmony,breakout,0,44258,3.0
Harmony,breakout,0,44555,5.0
Harmony,breakout,0,44711,1.0
Harmony,breakout,0,44909,2.0
Harmony,breakout,0,45237,5.0
Harmony,breakout,0,45450,3.0
Harmony,breakout,0,45921,7.0
Harmony,breakout,0,46125,2.0
Harmony,breakout,0,46623,9.0
Harmony,breakout,0,46920,5.0
Harmony,breakout,0,47326,7.0
Harmony,breakout,0,47745,8.0
Harmony,breakout,0,47995,3.0
Harmony,breakout,0,48242,3.0
Harmony,breakout,0,48424,2.0
Harmony,breakout,0,48867,8.0
Harmony,breakout,0,49051,2.0
Harmony,breakout,0,49270,3.0
Harmony,breakout,0,49530,4.0
Harmony,breakout,0,49686,1.0
Harmony,breakout,0,49855,1.0
Harmony,breakout,0,50010,1.0
Harmony,breakout,0,50389,6.0
Harmony,breakout,0,50692,9.0
Harmony,breakout,0,51672,10.0
Harmony,breakout,0,52093,9.0
Harmony,breakout,0,52583,7.0
Harmony,breakout,0,52796,3.0
Harmony,breakout,0,53168,5.0
Harmony,breakout,0,53469,5.0
Harmony,breakout,0,53657,2.0
Harmony,breakout,0,53809,1.0
Harmony,breakout,0,54126,5.0
Harmony,breakout,0,54748,13.0
Harmony,breakout,0,54910,1.0
Harmony,breakout,0,55121,2.0
Harmony,breakout,0,55247,0.0
Harmony,breakout,0,55546,4.0
Harmony,breakout,0,55842,4.0
Harmony,breakout,0,56195,6.0
Harmony,breakout,0,56469,4.0
Harmony,breakout,0,57152,12.0
Harmony,breakout,0,57648,9.0
Harmony,breakout,0,58048,11.0
Harmony,breakout,0,58512,13.0
Harmony,breakout,0,58902,7.0
Harmony,breakout,0,59053,1.0
Harmony,breakout,0,59254,2.0
Harmony,breakout,0,59482,3.0
Harmony,breakout,0,59709,3.0
Harmony,breakout,0,59956,4.0
Harmony,breakout,0,60299,5.0
Harmony,breakout,0,60532,3.0
Harmony,breakout,0,60860,5.0
Harmony,breakout,0,61139,4.0
Harmony,breakout,0,61628,8.0
Harmony,breakout,0,61997,6.0
Harmony,breakout,0,62275,4.0
Harmony,breakout,0,62678,7.0
Harmony,breakout,0,63182,11.0
Harmony,breakout,0,63544,6.0
Harmony,breakout,0,63761,3.0
Harmony,breakout,0,64132,7.0
Harmony,breakout,0,64587,12.0
Harmony,breakout,0,64871,5.0
Harmony,breakout,0,65170,4.0
Harmony,breakout,0,65588,9.0
Harmony,breakout,0,65906,6.0
Harmony,breakout,0,66331,8.0
Harmony,breakout,0,66636,5.0
Harmony,breakout,0,67122,9.0
Harmony,breakout,0,67586,7.0
Harmony,breakout,0,67876,5.0
Harmony,breakout,0,68438,18.0
Harmony,breakout,0,68852,8.0
Harmony,breakout,0,69150,4.0
Harmony,breakout,0,69535,7.0
Harmony,breakout,0,69862,5.0
Harmony,breakout,0,70378,10.0
Harmony,breakout,0,70757,6.0
Harmony,breakout,0,71219,8.0
Harmony,breakout,0,71521,5.0
Harmony,breakout,0,71704,2.0
Harmony,breakout,0,71934,3.0
Harmony,breakout,0,72148,3.0
Harmony,breakout,0,72443,5.0
Harmony,breakout,0,72964,10.0
Harmony,breakout,0,73163,2.0
Harmony,breakout,0,73346,2.0
Harmony,breakout,0,73563,2.0
Harmony,breakout,0,73793,3.0
Harmony,breakout,0,74263,10.0
Harmony,breakout,0,74725,8.0
Harmony,breakout,0,75192,9.0
Harmony,breakout,0,75391,2.0
Harmony,breakout,0,75680,5.0
Harmony,breakout,0,76087,7.0
Harmony,breakout,0,76321,3.0
Harmony,breakout,0,76504,2.0
Harmony,breakout,0,76821,5.0
Harmony,breakout,0,77130,6.0
Harmony,breakout,0,77433,5.0
Harmony,breakout,0,77899,13.0
Harmony,breakout,0,78202,5.0
Harmony,breakout,0,78605,7.0
Harmony,breakout,0,78933,5.0
Harmony,breakout,0,79331,7.0
Harmony,breakout,0,79776,7.0
Harmony,breakout,0,80104,5.0
Harmony,breakout,0,80379,4.0
Harmony,breakout,0,80863,9.0
Harmony,breakout,0,81253,7.0
Harmony,breakout,0,81550,4.0
Harmony,breakout,0,81889,5.0
Harmony,breakout,0,82288,6.0
Harmony,breakout,0,82672,7.0
Harmony,breakout,0,83106,8.0
Harmony,breakout,0,83449,6.0
Harmony,breakout,0,83602,1.0
Harmony,breakout,0,83900,5.0
Harmony,breakout,0,84309,8.0
Harmony,breakout,0,84558,3.0
Harmony,breakout,0,84858,5.0
Harmony,breakout,0,85178,5.0
Harmony,breakout,0,85458,4.0
Harmony,breakout,0,85968,10.0
Harmony,breakout,0,86317,6.0
Harmony,breakout,0,86863,12.0
Harmony,breakout,0,87386,9.0
Harmony,breakout,0,87792,7.0
Harmony,breakout,0,88041,3.0
Harmony,breakout,0,88287,3.0
Harmony,breakout,0,88591,5.0
Harmony,breakout,0,88945,6.0
Harmony,breakout,0,89418,14.0
Harmony,breakout,0,89793,6.0
Harmony,breakout,0,90178,10.0
Harmony,breakout,0,90558,7.0
Harmony,breakout,0,90682,0.0
Harmony,breakout,0,90834,1.0
Harmony,breakout,0,91296,8.0
Harmony,breakout,0,91895,16.0
Harmony,breakout,0,92048,1.0
Harmony,breakout,0,92334,5.0
Harmony,breakout,0,92805,8.0
Harmony,breakout,0,93201,7.0
Harmony,breakout,0,93617,7.0
Harmony,breakout,0,94250,13.0
Harmony,breakout,0,94730,9.0
Harmony,breakout,0,95078,5.0
Harmony,breakout,0,95422,5.0
Harmony,breakout,0,95779,7.0
Harmony,breakout,0,96058,5.0
Harmony,breakout,0,96464,8.0
Harmony,breakout,0,96822,7.0
Harmony,breakout,0,97179,8.0
Harmony,breakout,0,97685,10.0
Harmony,breakout,0,98069,7.0
Harmony,breakout,0,98449,7.0
Harmony,breakout,0,98796,7.0
Harmony,breakout,0,99107,5.0
Harmony,breakout,0,99457,6.0
Harmony,chopper_command,0,1808,1100.0
Harmony,chopper_command,0,2463,500.0
Harmony,chopper_command,0,3125,500.0
Harmony,chopper_command,0,3634,400.0
Harmony,chopper_command,0,6125,800.0
Harmony,chopper_command,0,9376,1200.0
Harmony,chopper_command,0,10447,900.0
Harmony,chopper_command,0,10986,600.0
Harmony,chopper_command,0,11667,700.0
Harmony,chopper_command,0,11945,200.0
Harmony,chopper_command,0,12332,300.0
Harmony,chopper_command,0,12768,500.0
Harmony,chopper_command,0,13365,500.0
Harmony,chopper_command,0,13832,300.0
Harmony,chopper_command,0,14387,300.0
Harmony,chopper_command,0,15307,1000.0
Harmony,chopper_command,0,16884,1000.0
Harmony,chopper_command,0,17838,700.0
Harmony,chopper_command,0,18385,600.0
Harmony,chopper_command,0,18791,500.0
Harmony,chopper_command,0,19332,300.0
Harmony,chopper_command,0,19648,600.0
Harmony,chopper_command,0,19960,500.0
Harmony,chopper_command,0,20231,300.0
Harmony,chopper_command,0,21070,200.0
Harmony,chopper_command,0,21361,500.0
Harmony,chopper_command,0,21758,500.0
Harmony,chopper_command,0,21992,300.0
Harmony,chopper_command,0,22249,600.0
Harmony,chopper_command,0,23332,600.0
Harmony,chopper_command,0,23742,600.0
Harmony,chopper_command,0,24111,400.0
Harmony,chopper_command,0,24673,700.0
Harmony,chopper_command,0,25570,900.0
Harmony,chopper_command,0,25926,200.0
Harmony,chopper_command,0,26389,100.0
Harmony,chopper_command,0,26812,300.0
Harmony,chopper_command,0,27273,600.0
Harmony,chopper_command,0,27674,400.0
Harmony,chopper_command,0,28369,1700.0
Harmony,chopper_command,0,28900,1000.0
Harmony,chopper_command,0,29241,700.0
Harmony,chopper_command,0,29521,700.0
Harmony,chopper_command,0,30549,1300.0
Harmony,chopper_command,0,31361,1300.0
Harmony,chopper_command,0,32023,1100.0
Harmony,chopper_command,0,32291,700.0
Harmony,chopper_command,0,32529,600.0
Harmony,chopper_command,0,33009,1000.0
Harmony,chopper_command,0,33836,1100.0
Harmony,chopper_command,0,34349,1400.0
Harmony,chopper_command,0,34728,1200.0
Harmony,chopper_command,0,35889,1600.0
Harmony,chopper_command,0,36261,1100.0
Harmony,chopper_command,0,37164,1100.0
Harmony,chopper_command,0,37429,800.0
Harmony,chopper_command,0,38451,1100.0
Harmony,chopper_command,0,38988,800.0
Harmony,chopper_command,0,39436,1200.0
Harmony,chopper_command,0,40025,800.0
Harmony,chopper_command,0,41361,1400.0
Harmony,chopper_command,0,41732,1100.0
Harmony,chopper_command,0,42389,1100.0
Harmony,chopper_command,0,42756,1100.0
Harmony,chopper_command,0,43164,1000.0
Harmony,chopper_command,0,43781,1100.0
Harmony,chopper_command,0,44274,1000.0
Harmony,chopper_command,0,44696,700.0
Harmony,chopper_command,0,45182,900.0
Harmony,chopper_command,0,46222,1600.0
Harmony,chopper_command,0,46494,800.0
Harmony,chopper_command,0,47548,1100.0
Harmony,chopper_command,0,47842,500.0
Harmony,chopper_command,0,48387,1000.0
Harmony,chopper_command,0,48792,900.0
Harmony,chopper_command,0,49070,600.0
Harmony,chopper_command,0,49413,700.0
Harmony,chopper_command,0,50186,1100.0
Harmony,chopper_command,0,50610,1000.0
Harmony,chopper_command,0,51335,1100.0
Harmony,chopper_command,0,52742,1600.0
Harmony,chopper_command,0,52939,400.0
Harmony,chopper_command,0,53227,800.0
Harmony,chopper_command,0,54064,1300.0
Harmony,chopper_command,0,54432,1100.0
Harmony,chopper_command,0,54808,1000.0
Harmony,chopper_command,0,55200,1000.0
Harmony,chopper_command,0,55802,1000.0
Harmony,chopper_command,0,56768,1300.0
Harmony,chopper_command,0,57140,1100.0
Harmony,chopper_command,0,57627,1000.0
Harmony,chopper_command,0,57992,1100.0
Harmony,chopper_command,0,58375,1200.0
Harmony,chopper_command,0,58757,700.0
Harmony,chopper_command,0,58969,200.0
Harmony,chopper_command,0,59520,1100.0
Harmony,chopper_command,0,59850,1100.0
Harmony,chopper_command,0,60320,1100.0
Harmony,chopper_command,0,60691,1100.0
Harmony,chopper_command,0,61142,900.0
Harmony,chopper_command,0,61475,1000.0
Harmony,chopper_command,0,61846,1100.0
Harmony,chopper_command,0,62178,1000.0
Harmony,chopper_command,0,62484,600.0
Harmony,chopper_command,0,62936,900.0
Harmony,chopper_command,0,63232,900.0
Harmony,chopper_command,0,63614,1300.0
Harmony,chopper_command,0,64166,1400.0
Harmony,chopper_command,0,64496,600.0
Harmony,chopper_command,0,64832,1000.0
Harmony,chopper_command,0,65204,1000.0
Harmony,chopper_command,0,65704,1000.0
Harmony,chopper_command,0,66042,1100.0
Harmony,chopper_command,0,66362,1000.0
Harmony,chopper_command,0,67287,1200.0
Harmony,chopper_command,0,67655,1000.0
Harmony,chopper_command,0,68039,1000.0
Harmony,chopper_command,0,68532,1100.0
Harmony,chopper_command,0,68970,1000.0
Harmony,chopper_command,0,69261,900.0
Harmony,chopper_command,0,69639,1200.0
Harmony,chopper_command,0,70153,1000.0
Harmony,chopper_command,0,70662,1200.0
Harmony,chopper_command,0,71172,1300.0
Harmony,chopper_command,0,71544,1000.0
Harmony,chopper_command,0,71810,900.0
Harmony,chopper_command,0,72140,1000.0
Harmony,chopper_command,0,72680,1100.0
Harmony,chopper_command,0,73315,1100.0
Harmony,chopper_command,0,73683,900.0
Harmony,chopper_command,0,74017,1000.0
Harmony,chopper_command,0,74348,1000.0
Harmony,chopper_command,0,75002,1100.0
Harmony,chopper_command,0,75509,1400.0
Harmony,chopper_command,0,76122,1400.0
Harmony,chopper_command,0,76532,1100.0
Harmony,chopper_command,0,77149,1200.0
Harmony,chopper_command,0,77485,1200.0
Harmony,chopper_command,0,78138,1400.0
Harmony,chopper_command,0,78406,1000.0
Harmony,chopper_command,0,78918,1300.0
Harmony,chopper_command,0,80418,1400.0
Harmony,chopper_command,0,80927,1600.0
Harmony,chopper_command,0,81586,1300.0
Harmony,chopper_command,0,82206,1100.0
Harmony,chopper_command,0,83117,1500.0
Harmony,chopper_command,0,83458,1100.0
Harmony,chopper_command,0,84116,1100.0
Harmony,chopper_command,0,84450,1100.0
Harmony,chopper_command,0,85062,1500.0
Harmony,chopper_command,0,85519,1200.0
Harmony,chopper_command,0,85902,1200.0
Harmony,chopper_command,0,86242,1200.0
Harmony,chopper_command,0,86861,1300.0
Harmony,chopper_command,0,87192,1000.0
Harmony,chopper_command,0,88132,1700.0
Harmony,chopper_command,0,88396,900.0
Harmony,chopper_command,0,88663,1000.0
Harmony,chopper_command,0,89044,1200.0
Harmony,chopper_command,0,90056,1600.0
Harmony,chopper_command,0,90469,900.0
Harmony,chopper_command,0,90848,1300.0
Harmony,chopper_command,0,91221,900.0
Harmony,chopper_command,0,91880,1800.0
Harmony,chopper_command,0,92256,1500.0
Harmony,chopper_command,0,92808,1600.0
Harmony,chopper_command,0,93424,1300.0
Harmony,chopper_command,0,93766,1100.0
Harmony,chopper_command,0,94179,1100.0
Harmony,chopper_command,0,94688,1300.0
Harmony,chopper_command,0,95812,1600.0
Harmony,chopper_command,0,96144,1000.0
Harmony,chopper_command,0,96667,1500.0
Harmony,chopper_command,0,97172,900.0
Harmony,chopper_command,0,98072,1700.0
Harmony,chopper_command,0,98735,1400.0
Harmony,chopper_command,0,99589,1600.0
Harmony,crazy_climber,0,2861,7400.0
Harmony,crazy_climber,0,6343,8700.0
Harmony,crazy_climber,0,9063,11000.0
Harmony,crazy_climber,0,12666,11000.0
Harmony,crazy_climber,0,17744,22900.0
Harmony,crazy_climber,0,21977,18100.0
Harmony,crazy_climber,0,25751,19900.0
Harmony,crazy_climber,0,29008,26000.0
Harmony,crazy_climber,0,31650,41500.0
Harmony,crazy_climber,0,35221,53900.0
Harmony,crazy_climber,0,37725,38900.0
Harmony,crazy_climber,0,40538,33700.0
Harmony,crazy_climber,0,43628,44700.0
Harmony,crazy_climber,0,46653,39100.0
Harmony,crazy_climber,0,50164,67000.0
Harmony,crazy_climber,0,54849,77600.0
Harmony,crazy_climber,0,58312,69700.0
Harmony,crazy_climber,0,61417,57900.0
Harmony,crazy_climber,0,63869,29500.0
Harmony,crazy_climber,0,66111,37200.0
Harmony,crazy_climber,0,70125,85000.0
Harmony,crazy_climber,0,74475,78900.0
Harmony,crazy_climber,0,76993,38200.0
Harmony,crazy_climber,0,80099,57500.0
Harmony,crazy_climber,0,82502,29300.0
Harmony,crazy_climber,0,86290,85900.0
Harmony,crazy_climber,0,88684,37200.0
Harmony,crazy_climber,0,90854,38500.0
Harmony,crazy_climber,0,94704,75600.0
Harmony,crazy_climber,0,98635,95500.0
Harmony,demon_attack,0,1384,190.0
Harmony,demon_attack,0,1794,50.0
Harmony,demon_attack,0,2786,205.0
Harmony,demon_attack,0,5561,235.0
Harmony,demon_attack,0,6337,250.0
Harmony,demon_attack,0,10517,190.0
Harmony,demon_attack,0,11827,190.0
Harmony,demon_attack,0,12858,205.0
Harmony,demon_attack,0,13408,120.0
Harmony,demon_attack,0,15177,310.0
Harmony,demon_attack,0,16052,190.0
Harmony,demon_attack,0,16626,90.0
Harmony,demon_attack,0,18154,520.0
Harmony,demon_attack,0,18975,220.0
Harmony,demon_attack,0,20149,190.0
Harmony,demon_attack,0,21615,560.0
Harmony,demon_attack,0,22461,175.0
Harmony,demon_attack,0,23312,190.0
Harmony,demon_attack,0,24012,175.0
Harmony,demon_attack,0,24647,120.0
Harmony,demon_attack,0,24972,90.0
Harmony,demon_attack,0,25885,220.0
Harmony,demon_attack,0,26491,100.0
Harmony,demon_attack,0,27562,265.0
Harmony,demon_attack,0,28629,175.0
Harmony,demon_attack,0,29369,205.0
Harmony,demon_attack,0,30357,205.0
Harmony,demon_attack,0,31761,265.0
Harmony,demon_attack,0,33091,355.0
Harmony,demon_attack,0,34179,160.0
Harmony,demon_attack,0,35710,310.0
Harmony,demon_attack,0,36796,205.0
Harmony,demon_attack,0,37453,150.0
Harmony,demon_attack,0,38117,140.0
Harmony,demon_attack,0,39101,175.0
Harmony,demon_attack,0,40011,205.0
Harmony,demon_attack,0,40305,60.0
Harmony,demon_attack,0,40761,80.0
Harmony,demon_attack,0,41025,50.0
Harmony,demon_attack,0,41847,235.0
Harmony,demon_attack,0,43035,295.0
Harmony,demon_attack,0,43866,130.0
Harmony,demon_attack,0,44783,235.0
Harmony,demon_attack,0,45249,80.0
Harmony,demon_attack,0,46547,280.0
Harmony,demon_attack,0,47257,190.0
Harmony,demon_attack,0,48032,130.0
Harmony,demon_attack,0,48348,60.0
Harmony,demon_attack,0,49211,140.0
Harmony,demon_attack,0,49830,100.0
Harmony,demon_attack,0,50686,190.0
Harmony,demon_attack,0,51719,250.0
Harmony,demon_attack,0,53454,420.0
Harmony,demon_attack,0,54556,160.0
Harmony,demon_attack,0,55134,130.0
Harmony,demon_attack,0,55722,140.0
Harmony,demon_attack,0,56718,235.0
Harmony,demon_attack,0,57224,140.0
Harmony,demon_attack,0,57818,90.0
Harmony,demon_attack,0,58857,340.0
Harmony,demon_attack,0,59339,90.0
Harmony,demon_attack,0,59984,140.0
Harmony,demon_attack,0,61827,310.0
Harmony,demon_attack,0,62587,110.0
Harmony,demon_attack,0,63327,140.0
Harmony,demon_attack,0,63824,90.0
Harmony,demon_attack,0,64458,150.0
Harmony,demon_attack,0,64883,100.0
Harmony,demon_attack,0,65662,100.0
Harmony,demon_attack,0,66569,220.0
Harmony,demon_attack,0,66999,110.0
Harmony,demon_attack,0,68066,325.0
Harmony,demon_attack,0,68810,100.0
Harmony,demon_attack,0,69245,80.0
Harmony,demon_attack,0,69611,70.0
Harmony,demon_attack,0,70348,235.0
Harmony,demon_attack,0,71087,205.0
Harmony,demon_attack,0,72922,500.0
Harmony,demon_attack,0,74054,340.0
Harmony,demon_attack,0,75160,250.0
Harmony,demon_attack,0,76058,310.0
Harmony,demon_attack,0,76674,110.0
Harmony,demon_attack,0,77921,355.0
Harmony,demon_attack,0,78658,205.0
Harmony,demon_attack,0,79729,250.0
Harmony,demon_attack,0,80010,30.0
Harmony,demon_attack,0,80760,150.0
Harmony,demon_attack,0,82353,580.0
Harmony,demon_attack,0,83415,205.0
Harmony,demon_attack,0,84176,175.0
Harmony,demon_attack,0,85048,220.0
Harmony,demon_attack,0,85628,110.0
Harmony,demon_attack,0,86116,80.0
Harmony,demon_attack,0,87432,310.0
Harmony,demon_attack,0,88625,340.0
Harmony,demon_attack,0,89946,355.0
Harmony,demon_attack,0,90289,80.0
Harmony,demon_attack,0,91058,220.0
Harmony,demon_attack,0,92184,340.0
Harmony,demon_attack,0,93872,540.0
Harmony,demon_attack,0,94276,100.0
Harmony,demon_attack,0,95871,295.0
Harmony,demon_attack,0,98285,480.0
Harmony,demon_attack,0,98846,100.0
Harmony,demon_attack,0,99441,130.0
Harmony,demon_attack,0,99955,120.0
Harmony,freeway,0,2041,0.0
Harmony,freeway,0,4084,0.0
Harmony,freeway,0,6131,0.0
Harmony,freeway,0,8176,0.0
Harmony,freeway,0,10221,0.0
Harmony,freeway,0,12268,0.0
Harmony,freeway,0,14315,0.0
Harmony,freeway,0,16356,0.0
Harmony,freeway,0,18404,0.0
Harmony,freeway,0,20446,0.0
Harmony,freeway,0,22490,0.0
Harmony,freeway,0,24536,0.0
Harmony,freeway,0,26580,0.0
Harmony,freeway,0,28623,0.0
Harmony,freeway,0,30666,0.0
Harmony,freeway,0,32710,0.0
Harmony,freeway,0,34752,0.0
Harmony,freeway,0,36800,0.0
Harmony,freeway,0,38844,0.0
Harmony,freeway,0,40886,0.0
Harmony,freeway,0,42929,0.0
Harmony,freeway,0,44973,0.0
Harmony,freeway,0,47019,0.0
Harmony,freeway,0,49061,0.0
Harmony,freeway,0,51107,0.0
Harmony,freeway,0,53155,0.0
Harmony,freeway,0,55200,0.0
Harmony,freeway,0,57242,0.0
Harmony,freeway,0,59284,0.0
Harmony,freeway,0,61330,0.0
Harmony,freeway,0,63373,0.0
Harmony,freeway,0,65417,0.0
Harmony,freeway,0,67462,0.0
Harmony,freeway,0,69505,0.0
Harmony,freeway,0,71550,0.0
Harmony,freeway,0,73593,0.0
Harmony,freeway,0,75635,0.0
Harmony,freeway,0,77682,0.0
Harmony,freeway,0,79728,0.0
Harmony,freeway,0,81769,0.0
Harmony,freeway,0,83815,0.0
Harmony,freeway,0,85859,0.0
Harmony,freeway,0,87900,0.0
Harmony,freeway,0,89945,0.0
Harmony,freeway,0,91988,0.0
Harmony,freeway,0,94032,0.0
Harmony,freeway,0,96078,0.0
Harmony,freeway,0,98125,0.0
Harmony,frostbite,0,377,80.0
Harmony,frostbite,0,680,30.0
Harmony,frostbite,0,1057,90.0
Harmony,frostbite,0,1402,50.0
Harmony,frostbite,0,1865,40.0
Harmony,frostbite,0,2225,50.0
Harmony,frostbite,0,2708,70.0
Harmony,frostbite,0,3179,70.0
Harmony,frostbite,0,3640,120.0
Harmony,frostbite,0,4165,100.0
Harmony,frostbite,0,4499,60.0
Harmony,frostbite,0,4809,40.0
Harmony,frostbite,0,5208,110.0
Harmony,frostbite,0,5549,60.0
Harmony,frostbite,0,5894,60.0
Harmony,frostbite,0,6356,110.0
Harmony,frostbite,0,6734,40.0
Harmony,frostbite,0,7084,70.0
Harmony,frostbite,0,7523,110.0
Harmony,frostbite,0,7849,60.0
Harmony,frostbite,0,8187,60.0
Harmony,frostbite,0,8634,140.0
Harmony,frostbite,0,8979,90.0
Harmony,frostbite,0,9380,120.0
Harmony,frostbite,0,9792,120.0
Harmony,frostbite,0,10380,100.0
Harmony,frostbite,0,11104,180.0
Harmony,frostbite,0,11758,240.0
Harmony,frostbite,0,12441,230.0
Harmony,frostbite,0,12889,150.0
Harmony,frostbite,0,13258,130.0
Harmony,frostbite,0,13637,120.0
Harmony,frostbite,0,14073,190.0
Harmony,frostbite,0,14506,190.0
Harmony,frostbite,0,14951,170.0
Harmony,frostbite,0,15417,220.0
Harmony,frostbite,0,15883,200.0
Harmony,frostbite,0,16376,230.0
Harmony,frostbite,0,16845,190.0
Harmony,frostbite,0,17280,190.0
Harmony,frostbite,0,17759,220.0
Harmony,frostbite,0,18233,180.0
Harmony,frostbite,0,18698,230.0
Harmony,frostbite,0,19145,190.0
Harmony,frostbite,0,19563,170.0
Harmony,frostbite,0,20013,190.0
Harmony,frostbite,0,20570,240.0
Harmony,frostbite,0,21140,270.0
Harmony,frostbite,0,21841,270.0
Harmony,frostbite,0,22483,240.0
Harmony,frostbite,0,22972,190.0
Harmony,frostbite,0,23466,220.0
Harmony,frostbite,0,24051,230.0
Harmony,frostbite,0,24707,250.0
Harmony,frostbite,0,25282,260.0
Harmony,frostbite,0,25926,230.0
Harmony,frostbite,0,26603,260.0
Harmony,frostbite,0,27087,240.0
Harmony,frostbite,0,27595,200.0
Harmony,frostbite,0,28097,230.0
Harmony,frostbite,0,28717,260.0
Harmony,frostbite,0,29277,260.0
Harmony,frostbite,0,29891,250.0
Harmony,frostbite,0,30369,230.0
Harmony,frostbite,0,30999,210.0
Harmony,frostbite,0,31622,240.0
Harmony,frostbite,0,32251,260.0
Harmony,frostbite,0,32852,240.0
Harmony,frostbite,0,33581,230.0
Harmony,frostbite,0,34014,190.0
Harmony,frostbite,0,34634,270.0
Harmony,frostbite,0,35264,240.0
Harmony,frostbite,0,35821,250.0
Harmony,frostbite,0,36367,260.0
Harmony,frostbite,0,37032,230.0
Harmony,frostbite,0,37604,240.0
Harmony,frostbite,0,38204,260.0
Harmony,frostbite,0,38683,220.0
Harmony,frostbite,0,39339,240.0
Harmony,frostbite,0,40061,260.0
Harmony,frostbite,0,40648,250.0
Harmony,frostbite,0,41241,260.0
Harmony,frostbite,0,41744,260.0
Harmony,frostbite,0,42301,260.0
Harmony,frostbite,0,42844,240.0
Harmony,frostbite,0,43313,230.0
Harmony,frostbite,0,43808,240.0
Harmony,frostbite,0,44361,260.0
Harmony,frostbite,0,44944,230.0
Harmony,frostbite,0,45535,250.0
Harmony,frostbite,0,46060,250.0
Harmony,frostbite,0,46625,260.0
Harmony,frostbite,0,47205,250.0
Harmony,frostbite,0,47722,270.0
Harmony,frostbite,0,48216,230.0
Harmony,frostbite,0,48679,240.0
Harmony,frostbite,0,49257,270.0
Harmony,frostbite,0,49755,260.0
Harmony,frostbite,0,50262,260.0
Harmony,frostbite,0,50842,270.0
Harmony,frostbite,0,51473,270.0
Harmony,frostbite,0,51979,230.0
Harmony,frostbite,0,52532,260.0
Harmony,frostbite,0,53041,260.0
Harmony,frostbite,0,53706,300.0
Harmony,frostbite,0,54242,280.0
Harmony,frostbite,0,54799,260.0
Harmony,frostbite,0,55323,270.0
Harmony,frostbite,0,55865,280.0
Harmony,frostbite,0,56328,250.0
Harmony,frostbite,0,56823,280.0
Harmony,frostbite,0,57325,280.0
Harmony,frostbite,0,57841,280.0
Harmony,frostbite,0,58427,290.0
Harmony,frostbite,0,59016,270.0
Harmony,frostbite,0,59683,280.0
Harmony,frostbite,0,60277,300.0
Harmony,frostbite,0,60811,280.0
Harmony,frostbite,0,61350,320.0
Harmony,frostbite,0,61812,240.0
Harmony,frostbite,0,62292,280.0
Harmony,frostbite,0,62777,260.0
Harmony,frostbite,0,63296,290.0
Harmony,frostbite,0,63840,270.0
Harmony,frostbite,0,64396,250.0
Harmony,frostbite,0,64912,290.0
Harmony,frostbite,0,65451,270.0
Harmony,frostbite,0,65949,300.0
Harmony,frostbite,0,66453,280.0
Harmony,frostbite,0,66970,300.0
Harmony,frostbite,0,67805,1450.0
Harmony,frostbite,0,68335,280.0
Harmony,frostbite,0,68846,290.0
Harmony,frostbite,0,69373,240.0
Harmony,frostbite,0,70148,1510.0
Harmony,frostbite,0,70673,290.0
Harmony,frostbite,0,71423,1220.0
Harmony,frostbite,0,72249,1230.0
Harmony,frostbite,0,73261,1100.0
Harmony,frostbite,0,74097,1350.0
Harmony,frostbite,0,75187,2600.0
Harmony,frostbite,0,76215,2770.0
Harmony,frostbite,0,77331,3020.0
Harmony,frostbite,0,78934,3990.0
Harmony,frostbite,0,79854,1330.0
Harmony,frostbite,0,80830,2820.0
Harmony,frostbite,0,81306,260.0
Harmony,frostbite,0,82313,2460.0
Harmony,frostbite,0,83361,2670.0
Harmony,frostbite,0,84406,2700.0
Harmony,frostbite,0,85393,3040.0
Harmony,frostbite,0,86401,2530.0
Harmony,frostbite,0,87087,990.0
Harmony,frostbite,0,88096,2740.0
Harmony,frostbite,0,89773,3130.0
Harmony,frostbite,0,90734,2490.0
Harmony,frostbite,0,91662,2700.0
Harmony,frostbite,0,92702,2600.0
Harmony,frostbite,0,93400,930.0
Harmony,frostbite,0,94495,1420.0
Harmony,frostbite,0,95641,3060.0
Harmony,frostbite,0,96636,2590.0
Harmony,frostbite,0,97630,3040.0
Harmony,frostbite,0,98528,1500.0
Harmony,frostbite,0,99398,2450.0
Harmony,gopher,0,976,340.0
Harmony,gopher,0,2127,460.0
Harmony,gopher,0,2841,300.0
Harmony,gopher,0,3810,160.0
Harmony,gopher,0,5181,1160.0
Harmony,gopher,0,6935,580.0
Harmony,gopher,0,8151,20.0
Harmony,gopher,0,9175,320.0
Harmony,gopher,0,10027,340.0
Harmony,gopher,0,10949,80.0
Harmony,gopher,0,12047,280.0
Harmony,gopher,0,13310,360.0
Harmony,gopher,0,14017,60.0
Harmony,gopher,0,14863,520.0
Harmony,gopher,0,15627,80.0
Harmony,gopher,0,16303,260.0
Harmony,gopher,0,17350,220.0
Harmony,gopher,0,19077,720.0
Harmony,gopher,0,20434,660.0
Harmony,gopher,0,21722,400.0
Harmony,gopher,0,22753,80.0
Harmony,gopher,0,23982,340.0
Harmony,gopher,0,24767,280.0
Harmony,gopher,0,25457,340.0
Harmony,gopher,0,26866,740.0
Harmony,gopher,0,27571,360.0
Harmony,gopher,0,28324,120.0
Harmony,gopher,0,28891,80.0
Harmony,gopher,0,29768,240.0
Harmony,gopher,0,30716,400.0
Harmony,gopher,0,31501,180.0
Harmony,gopher,0,32946,660.0
Harmony,gopher,0,33407,100.0
Harmony,gopher,0,34348,560.0
Harmony,gopher,0,35612,420.0
Harmony,gopher,0,36168,120.0
Harmony,gopher,0,36818,80.0
Harmony,gopher,0,38035,400.0
Harmony,gopher,0,38925,320.0
Harmony,gopher,0,39776,180.0
Harmony,gopher,0,40829,280.0
Harmony,gopher,0,42087,560.0
Harmony,gopher,0,43777,1460.0
Harmony,gopher,0,44355,40.0
Harmony,gopher,0,45081,160.0
Harmony,gopher,0,46364,640.0
Harmony,gopher,0,46966,100.0
Harmony,gopher,0,47880,420.0
Harmony,gopher,0,48664,440.0
Harmony,gopher,0,49511,320.0
Harmony,gopher,0,50764,760.0
Harmony,gopher,0,52031,960.0
Harmony,gopher,0,52977,560.0
Harmony,gopher,0,53743,120.0
Harmony,gopher,0,54642,220.0
Harmony,gopher,0,55971,640.0
Harmony,gopher,0,57009,800.0
Harmony,gopher,0,58235,620.0
Harmony,gopher,0,59826,920.0
Harmony,gopher,0,60829,400.0
Harmony,gopher,0,62612,1040.0
Harmony,gopher,0,63458,260.0
Harmony,gopher,0,65122,960.0
Harmony,gopher,0,66339,1260.0
Harmony,gopher,0,66923,80.0
Harmony,gopher,0,67920,560.0
Harmony,gopher,0,68866,440.0
Harmony,gopher,0,70422,1580.0
Harmony,gopher,0,71729,1060.0
Harmony,gopher,0,72346,180.0
Harmony,gopher,0,73809,1180.0
Harmony,gopher,0,74881,600.0
Harmony,gopher,0,76051,780.0
Harmony,gopher,0,77124,640.0
Harmony,gopher,0,78178,1240.0
Harmony,gopher,0,79315,600.0
Harmony,gopher,0,80331,740.0
Harmony,gopher,0,81638,1060.0
Harmony,gopher,0,82888,860.0
Harmony,gopher,0,83709,500.0
Harmony,gopher,0,84743,520.0
Harmony,gopher,0,86005,820.0
Harmony,gopher,0,87540,1400.0
Harmony,gopher,0,88396,400.0
Harmony,gopher,0,89642,1320.0
Harmony,gopher,0,91246,1940.0
Harmony,gopher,0,92823,1260.0
Harmony,gopher,0,94369,1240.0
Harmony,gopher,0,95489,380.0
Harmony,gopher,0,96587,1320.0
Harmony,gopher,0,98092,1800.0
Harmony,gopher,0,99794,1660.0
Harmony,hero,0,646,2320.0
Harmony,hero,0,1793,2050.0
Harmony,hero,0,3241,125.0
Harmony,hero,0,3622,75.0
Harmony,hero,0,3953,75.0
Harmony,hero,0,5472,75.0
Harmony,hero,0,5837,0.0
Harmony,hero,0,6148,0.0
Harmony,hero,0,6504,0.0
Harmony,hero,0,6871,0.0
Harmony,hero,0,7227,0.0
Harmony,hero,0,7730,0.0
Harmony,hero,0,8121,0.0
Harmony,hero,0,8575,0.0
Harmony,hero,0,8859,0.0
Harmony,hero,0,9147,75.0
Harmony,hero,0,9456,75.0
Harmony,hero,0,11081,3020.0
Harmony,hero,0,12053,75.0
Harmony,hero,0,13889,1560.0
Harmony,hero,0,14568,2945.0
Harmony,hero,0,15081,2880.0
Harmony,hero,0,17184,2305.0
Harmony,hero,0,17773,2750.0
Harmony,hero,0,19508,2875.0
Harmony,hero,0,21245,3000.0
Harmony,hero,0,22027,2770.0
Harmony,hero,0,22627,2590.0
Harmony,hero,0,23202,2845.0
Harmony,hero,0,24961,2895.0
Harmony,hero,0,25576,2970.0
Harmony,hero,0,27325,2920.0
Harmony,hero,0,27836,2960.0
Harmony,hero,0,28374,2895.0
Harmony,hero,0,28963,2845.0
Harmony,hero,0,29507,2845.0
Harmony,hero,0,30114,2895.0
Harmony,hero,0,30812,3020.0
Harmony,hero,0,31401,2970.0
Harmony,hero,0,31989,2970.0
Harmony,hero,0,33074,6815.0
Harmony,hero,0,34400,2845.0
Harmony,hero,0,35032,2895.0
Harmony,hero,0,36750,2895.0
Harmony,hero,0,37351,2770.0
Harmony,hero,0,37887,2845.0
Harmony,hero,0,38573,2970.0
Harmony,hero,0,39130,2950.0
Harmony,hero,0,39746,2950.0
Harmony,hero,0,40403,2765.0
Harmony,hero,0,42103,2970.0
Harmony,hero,0,42656,2825.0
Harmony,hero,0,43328,2970.0
Harmony,hero,0,43913,2960.0
Harmony,hero,0,44792,3000.0
Harmony,hero,0,45407,2825.0
Harmony,hero,0,46391,6250.0
Harmony,hero,0,47697,5600.0
Harmony,hero,0,48097,3115.0
Harmony,hero,0,48564,3040.0
Harmony,hero,0,49609,6155.0
Harmony,hero,0,50257,7240.0
Harmony,hero,0,50931,6915.0
Harmony,hero,0,51313,3135.0
Harmony,hero,0,52223,7060.0
Harmony,hero,0,53183,7370.0
Harmony,hero,0,54156,7080.0
Harmony,hero,0,54823,7440.0
Harmony,hero,0,55463,7490.0
Harmony,hero,0,56106,7500.0
Harmony,hero,0,56763,7210.0
Harmony,hero,0,57442,7310.0
Harmony,hero,0,59008,7250.0
Harmony,hero,0,59688,7210.0
Harmony,hero,0,60380,7500.0
Harmony,hero,0,61102,7595.0
Harmony,hero,0,61691,7430.0
Harmony,hero,0,62316,7550.0
Harmony,hero,0,62975,7500.0
Harmony,hero,0,63563,7355.0
Harmony,hero,0,64386,7420.0
Harmony,hero,0,65227,7460.0
Harmony,hero,0,65939,7540.0
Harmony,hero,0,66858,7510.0
Harmony,hero,0,67567,7690.0
Harmony,hero,0,68332,7500.0
Harmony,hero,0,69079,7540.0
Harmony,hero,0,69768,7510.0
Harmony,hero,0,70390,7500.0
Harmony,hero,0,71108,7590.0
Harmony,hero,0,71790,7550.0
Harmony,hero,0,72759,7570.0
Harmony,hero,0,73571,7560.0
Harmony,hero,0,74324,7570.0
Harmony,hero,0,75255,7485.0
Harmony,hero,0,76064,7610.0
Harmony,hero,0,76801,7665.0
Harmony,hero,0,77392,7540.0
Harmony,hero,0,78265,7370.0
Harmony,hero,0,79196,7500.0
Harmony,hero,0,79830,7485.0
Harmony,hero,0,80709,7500.0
Harmony,hero,0,81516,7480.0
Harmony,hero,0,83375,7460.0
Harmony,hero,0,84023,7520.0
Harmony,hero,0,84623,7480.0
Harmony,hero,0,85434,7540.0
Harmony,hero,0,86357,7570.0
Harmony,hero,0,87291,7540.0
Harmony,hero,0,88181,7540.0
Harmony,hero,0,88795,7500.0
Harmony,hero,0,90595,7690.0
Harmony,hero,0,91442,7540.0
Harmony,hero,0,92109,7500.0
Harmony,hero,0,93028,7610.0
Harmony,hero,0,93924,7500.0
Harmony,hero,0,94720,7540.0
Harmony,hero,0,95453,7500.0
Harmony,hero,0,97235,7500.0
Harmony,hero,0,98187,7570.0
Harmony,hero,0,98878,7540.0
Harmony,hero,0,99608,7500.0
Harmony,jamesbond,0,514,100.0
Harmony,jamesbond,0,1134,100.0
Harmony,jamesbond,0,1607,0.0
Harmony,jamesbond,0,2120,50.0
Harmony,jamesbond,0,2649,0.0
Harmony,jamesbond,0,3136,0.0
Harmony,jamesbond,0,3617,0.0
Harmony,jamesbond,0,4119,100.0
Harmony,jamesbond,0,4591,50.0
Harmony,jamesbond,0,5116,0.0
Harmony,jamesbond,0,5606,0.0
Harmony,jamesbond,0,6120,0.0
Harmony,jamesbond,0,6622,0.0
Harmony,jamesbond,0,7135,50.0
Harmony,jamesbond,0,7641,0.0
Harmony,jamesbond,0,8215,100.0
Harmony,jamesbond,0,8768,50.0
Harmony,jamesbond,0,9244,50.0
Harmony,jamesbond,0,9684,0.0
Harmony,jamesbond,0,10086,0.0
Harmony,jamesbond,0,10482,0.0
Harmony,jamesbond,0,10866,50.0
Harmony,jamesbond,0,11474,0.0
Harmony,jamesbond,0,12076,0.0
Harmony,jamesbond,0,13156,0.0
Harmony,jamesbond,0,13779,0.0
Harmony,jamesbond,0,14406,0.0
Harmony,jamesbond,0,15698,0.0
Harmony,jamesbond,0,16427,50.0
Harmony,jamesbond,0,16957,0.0
Harmony,jamesbond,0,17545,50.0
Harmony,jamesbond,0,18162,0.0
Harmony,jamesbond,0,18747,0.0
Harmony,jamesbond,0,19354,100.0
Harmony,jamesbond,0,19805,150.0
Harmony,jamesbond,0,20163,100.0
Harmony,jamesbond,0,20521,50.0
Harmony,jamesbond,0,20878,0.0
Harmony,jamesbond,0,21237,0.0
Harmony,jamesbond,0,21588,0.0
Harmony,jamesbond,0,21941,50.0
Harmony,jamesbond,0,22296,0.0
Harmony,jamesbond,0,22645,0.0
Harmony,jamesbond,0,23055,50.0
Harmony,jamesbond,0,23495,50.0
Harmony,jamesbond,0,23944,100.0
Harmony,jamesbond,0,24584,50.0
Harmony,jamesbond,0,25220,200.0
Harmony,jamesbond,0,25699,0.0
Harmony,jamesbond,0,26039,0.0
Harmony,jamesbond,0,26415,50.0
Harmony,jamesbond,0,26776,50.0
Harmony,jamesbond,0,27251,0.0
Harmony,jamesbond,0,27692,50.0
Harmony,jamesbond,0,28246,0.0
Harmony,jamesbond,0,28785,100.0
Harmony,jamesbond,0,29206,100.0
Harmony,jamesbond,0,29839,50.0
Harmony,jamesbond,0,30318,50.0
Harmony,jamesbond,0,30853,150.0
Harmony,jamesbond,0,31418,50.0
Harmony,jamesbond,0,31925,0.0
Harmony,jamesbond,0,32508,50.0
Harmony,jamesbond,0,33049,100.0
Harmony,jamesbond,0,33525,0.0
Harmony,jamesbond,0,34155,100.0
Harmony,jamesbond,0,34585,50.0
Harmony,jamesbond,0,35152,50.0
Harmony,jamesbond,0,35728,50.0
Harmony,jamesbond,0,36229,100.0
Harmony,jamesbond,0,36812,50.0
Harmony,jamesbond,0,37371,0.0
Harmony,jamesbond,0,37906,100.0
Harmony,jamesbond,0,38497,50.0
Harmony,jamesbond,0,38989,0.0
Harmony,jamesbond,0,39540,100.0
Harmony,jamesbond,0,40041,150.0
Harmony,jamesbond,0,40782,50.0
Harmony,jamesbond,0,41341,50.0
Harmony,jamesbond,0,41851,150.0
Harmony,jamesbond,0,42400,0.0
Harmony,jamesbond,0,42971,100.0
Harmony,jamesbond,0,43629,100.0
Harmony,jamesbond,0,44192,200.0
Harmony,jamesbond,0,44813,100.0
Harmony,jamesbond,0,45462,0.0
Harmony,jamesbond,0,45929,100.0
Harmony,jamesbond,0,46431,50.0
Harmony,jamesbond,0,46965,250.0
Harmony,jamesbond,0,47503,50.0
Harmony,jamesbond,0,47974,100.0
Harmony,jamesbond,0,48509,150.0
Harmony,jamesbond,0,49017,0.0
Harmony,jamesbond,0,49481,200.0
Harmony,jamesbond,0,49977,200.0
Harmony,jamesbond,0,50483,200.0
Harmony,jamesbond,0,50981,250.0
Harmony,jamesbond,0,51667,200.0
Harmony,jamesbond,0,52168,200.0
Harmony,jamesbond,0,52670,150.0
Harmony,jamesbond,0,53362,250.0
Harmony,jamesbond,0,53862,200.0
Harmony,jamesbond,0,54517,350.0
Harmony,jamesbond,0,55010,150.0
Harmony,jamesbond,0,55506,100.0
Harmony,jamesbond,0,56006,150.0
Harmony,jamesbond,0,56476,200.0
Harmony,jamesbond,0,56941,50.0
Harmony,jamesbond,0,57507,0.0
Harmony,jamesbond,0,58343,200.0
Harmony,jamesbond,0,58890,150.0
Harmony,jamesbond,0,59411,100.0
Harmony,jamesbond,0,59971,200.0
Harmony,jamesbond,0,60489,150.0
Harmony,jamesbond,0,61015,150.0
Harmony,jamesbond,0,61570,150.0
Harmony,jamesbond,0,62108,150.0
Harmony,jamesbond,0,62654,150.0
Harmony,jamesbond,0,63123,150.0
Harmony,jamesbond,0,63826,250.0
Harmony,jamesbond,0,64290,100.0
Harmony,jamesbond,0,65112,200.0
Harmony,jamesbond,0,65644,200.0
Harmony,jamesbond,0,66141,250.0
Harmony,jamesbond,0,66605,200.0
Harmony,jamesbond,0,67200,150.0
Harmony,jamesbond,0,67742,250.0
Harmony,jamesbond,0,68239,200.0
Harmony,jamesbond,0,68920,200.0
Harmony,jamesbond,0,69568,300.0
Harmony,jamesbond,0,70253,300.0
Harmony,jamesbond,0,70749,250.0
Harmony,jamesbond,0,71216,100.0
Harmony,jamesbond,0,71938,250.0
Harmony,jamesbond,0,72534,200.0
Harmony,jamesbond,0,73259,300.0
Harmony,jamesbond,0,73758,150.0
Harmony,jamesbond,0,74254,150.0
Harmony,jamesbond,0,74747,250.0
Harmony,jamesbond,0,75405,300.0
Harmony,jamesbond,0,76006,150.0
Harmony,jamesbond,0,76792,350.0
Harmony,jamesbond,0,77318,250.0
Harmony,jamesbond,0,77981,300.0
Harmony,jamesbond,0,78678,100.0
Harmony,jamesbond,0,79211,250.0
Harmony,jamesbond,0,79746,250.0
Harmony,jamesbond,0,80722,350.0
Harmony,jamesbond,0,81505,100.0
Harmony,jamesbond,0,82028,250.0
Harmony,jamesbond,0,82754,150.0
Harmony,jamesbond,0,83411,100.0
Harmony,jamesbond,0,84091,250.0
Harmony,jamesbond,0,84585,150.0
Harmony,jamesbond,0,85373,350.0
Harmony,jamesbond,0,85863,200.0
Harmony,jamesbond,0,86383,100.0
Harmony,jamesbond,0,87047,300.0
Harmony,jamesbond,0,87581,250.0
Harmony,jamesbond,0,88223,200.0
Harmony,jamesbond,0,88717,250.0
Harmony,jamesbond,0,89249,250.0
Harmony,jamesbond,0,89930,300.0
Harmony,jamesbond,0,90421,250.0
Harmony,jamesbond,0,91073,300.0
Harmony,jamesbond,0,91751,200.0
Harmony,jamesbond,0,92722,350.0
Harmony,jamesbond,0,93894,300.0
Harmony,jamesbond,0,94424,250.0
Harmony,jamesbond,0,94957,200.0
Harmony,jamesbond,0,95484,250.0
Harmony,jamesbond,0,96018,250.0
Harmony,jamesbond,0,96704,250.0
Harmony,jamesbond,0,97241,150.0
Harmony,jamesbond,0,97714,200.0
Harmony,jamesbond,0,98394,200.0
Harmony,jamesbond,0,98934,250.0
Harmony,jamesbond,0,99462,250.0
Harmony,kangaroo,0,342,0.0
Harmony,kangaroo,0,824,0.0
Harmony,kangaroo,0,1358,0.0
Harmony,kangaroo,0,1760,200.0
Harmony,kangaroo,0,2176,0.0
Harmony,kangaroo,0,2601,0.0
Harmony,kangaroo,0,3141,0.0
Harmony,kangaroo,0,3676,0.0
Harmony,kangaroo,0,4217,0.0
Harmony,kangaroo,0,4610,0.0
Harmony,kangaroo,0,5173,0.0
Harmony,kangaroo,0,5656,0.0
Harmony,kangaroo,0,5932,0.0
Harmony,kangaroo,0,6306,0.0
Harmony,kangaroo,0,6733,0.0
Harmony,kangaroo,0,7067,0.0
Harmony,kangaroo,0,7399,0.0
Harmony,kangaroo,0,8118,0.0
Harmony,kangaroo,0,8643,200.0
Harmony,kangaroo,0,9177,0.0
Harmony,kangaroo,0,9574,0.0
Harmony,kangaroo,0,9916,0.0
Harmony,kangaroo,0,10509,0.0
Harmony,kangaroo,0,10970,0.0
Harmony,kangaroo,0,11447,200.0
Harmony,kangaroo,0,11946,0.0
Harmony,kangaroo,0,12431,200.0
Harmony,kangaroo,0,13187,200.0
Harmony,kangaroo,0,13710,200.0
Harmony,kangaroo,0,14162,200.0
Harmony,kangaroo,0,14726,0.0
Harmony,kangaroo,0,15298,200.0
Harmony,kangaroo,0,15765,200.0
Harmony,kangaroo,0,16368,200.0
Harmony,kangaroo,0,16946,200.0
Harmony,kangaroo,0,17463,400.0
Harmony,kangaroo,0,17969,0.0
Harmony,kangaroo,0,18480,200.0
Harmony,kangaroo,0,18993,400.0
Harmony,kangaroo,0,19496,0.0
Harmony,kangaroo,0,19948,400.0
Harmony,kangaroo,0,20396,200.0
Harmony,kangaroo,0,20840,200.0
Harmony,kangaroo,0,21359,200.0
Harmony,kangaroo,0,21803,0.0
Harmony,kangaroo,0,22312,200.0
Harmony,kangaroo,0,22820,0.0
Harmony,kangaroo,0,23268,0.0
Harmony,kangaroo,0,23712,0.0
Harmony,kangaroo,0,24154,0.0
Harmony,kangaroo,0,24598,0.0
Harmony,kangaroo,0,25046,0.0
Harmony,kangaroo,0,25491,0.0
Harmony,kangaroo,0,25939,0.0
Harmony,kangaroo,0,26383,0.0
Harmony,kangaroo,0,26825,0.0
Harmony,kangaroo,0,27270,0.0
Harmony,kangaroo,0,27717,0.0
Harmony,kangaroo,0,28214,0.0
Harmony,kangaroo,0,28660,0.0
Harmony,kangaroo,0,29106,0.0
Harmony,kangaroo,0,29578,200.0
Harmony,kangaroo,0,30026,0.0
Harmony,kangaroo,0,30382,200.0
Harmony,kangaroo,0,30748,200.0
Harmony,kangaroo,0,31083,0.0
Harmony,kangaroo,0,31440,0.0
Harmony,kangaroo,0,31718,0.0
Harmony,kangaroo,0,32000,0.0
Harmony,kangaroo,0,32350,200.0
Harmony,kangaroo,0,32839,0.0
Harmony,kangaroo,0,33243,200.0
Harmony,kangaroo,0,33616,200.0
Harmony,kangaroo,0,34081,200.0
Harmony,kangaroo,0,34664,0.0
Harmony,kangaroo,0,35201,0.0
Harmony,kangaroo,0,35679,0.0
Harmony,kangaroo,0,36083,200.0
Harmony,kangaroo,0,36484,400.0
Harmony,kangaroo,0,36973,200.0
Harmony,kangaroo,0,37486,600.0
Harmony,kangaroo,0,37985,600.0
Harmony,kangaroo,0,38475,400.0
Harmony,kangaroo,0,39017,400.0
Harmony,kangaroo,0,39535,600.0
Harmony,kangaroo,0,39992,400.0
Harmony,kangaroo,0,40469,600.0
Harmony,kangaroo,0,40960,600.0
Harmony,kangaroo,0,41421,600.0
Harmony,kangaroo,0,41927,600.0
Harmony,kangaroo,0,42432,800.0
Harmony,kangaroo,0,42954,600.0
Harmony,kangaroo,0,43458,600.0
Harmony,kangaroo,0,44055,600.0
Harmony,kangaroo,0,44564,600.0
Harmony,kangaroo,0,45075,600.0
Harmony,kangaroo,0,45582,600.0
Harmony,kangaroo,0,46072,600.0
Harmony,kangaroo,0,46557,600.0
Harmony,kangaroo,0,47037,600.0
Harmony,kangaroo,0,47532,600.0
Harmony,kangaroo,0,48023,600.0
Harmony,kangaroo,0,48486,600.0
Harmony,kangaroo,0,48960,600.0
Harmony,kangaroo,0,49435,400.0
Harmony,kangaroo,0,49896,600.0
Harmony,kangaroo,0,50373,600.0
Harmony,kangaroo,0,50856,600.0
Harmony,kangaroo,0,51327,600.0
Harmony,kangaroo,0,51789,600.0
Harmony,kangaroo,0,52254,600.0
Harmony,kangaroo,0,52748,600.0
Harmony,kangaroo,0,53247,600.0
Harmony,kangaroo,0,53741,600.0
Harmony,kangaroo,0,54238,600.0
Harmony,kangaroo,0,54754,400.0
Harmony,kangaroo,0,55275,400.0
Harmony,kangaroo,0,55760,600.0
Harmony,kangaroo,0,56250,600.0
Harmony,kangaroo,0,56746,600.0
Harmony,kangaroo,0,57231,600.0
Harmony,kangaroo,0,57728,600.0
Harmony,kangaroo,0,58182,600.0
Harmony,kangaroo,0,58653,600.0
Harmony,kangaroo,0,59115,600.0
Harmony,kangaroo,0,59592,400.0
Harmony,kangaroo,0,60085,600.0
Harmony,kangaroo,0,60568,600.0
Harmony,kangaroo,0,61062,600.0
Harmony,kangaroo,0,61538,600.0
Harmony,kangaroo,0,62014,400.0
Harmony,kangaroo,0,62476,600.0
Harmony,kangaroo,0,62965,600.0
Harmony,kangaroo,0,63443,600.0
Harmony,kangaroo,0,63914,600.0
Harmony,kangaroo,0,64381,400.0
Harmony,kangaroo,0,64837,400.0
Harmony,kangaroo,0,65305,600.0
Harmony,kangaroo,0,65772,600.0
Harmony,kangaroo,0,66232,600.0
Harmony,kangaroo,0,66700,600.0
Harmony,kangaroo,0,67164,600.0
Harmony,kangaroo,0,67619,600.0
Harmony,kangaroo,0,68081,600.0
Harmony,kangaroo,0,68554,600.0
Harmony,kangaroo,0,69014,600.0
Harmony,kangaroo,0,69475,600.0
Harmony,kangaroo,0,69933,600.0
Harmony,kangaroo,0,70389,600.0
Harmony,kangaroo,0,70846,600.0
Harmony,kangaroo,0,71305,600.0
Harmony,kangaroo,0,71764,600.0
Harmony,kangaroo,0,72224,600.0
Harmony,kangaroo,0,72680,600.0
Harmony,kangaroo,0,73136,600.0
Harmony,kangaroo,0,73590,600.0
Harmony,kangaroo,0,74047,600.0
Harmony,kangaroo,0,74503,600.0
Harmony,kangaroo,0,74955,400.0
Harmony,kangaroo,0,75416,600.0
Harmony,kangaroo,0,75872,600.0
Harmony,kangaroo,0,76325,600.0
Harmony,kangaroo,0,76786,600.0
Harmony,kangaroo,0,77246,600.0
Harmony,kangaroo,0,77700,600.0
Harmony,kangaroo,0,78157,600.0
Harmony,kangaroo,0,78611,600.0
Harmony,kangaroo,0,79067,600.0
Harmony,kangaroo,0,79524,600.0
Harmony,kangaroo,0,79976,600.0
Harmony,kangaroo,0,80433,600.0
Harmony,kangaroo,0,80888,600.0
Harmony,kangaroo,0,81343,600.0
Harmony,kangaroo,0,81796,600.0
Harmony,kangaroo,0,82256,600.0
Harmony,kangaroo,0,82710,600.0
Harmony,kangaroo,0,83168,600.0
Harmony,kangaroo,0,83627,600.0
Harmony,kangaroo,0,84082,600.0
Harmony,kangaroo,0,84542,600.0
Harmony,kangaroo,0,84996,600.0
Harmony,kangaroo,0,85452,600.0
Harmony,kangaroo,0,85904,600.0
Harmony,kangaroo,0,86369,600.0
Harmony,kangaroo,0,86824,600.0
Harmony,kangaroo,0,87289,600.0
Harmony,kangaroo,0,87744,600.0
Harmony,kangaroo,0,88213,600.0
Harmony,kangaroo,0,88668,600.0
Harmony,kangaroo,0,89126,600.0
Harmony,kangaroo,0,89614,600.0
Harmony,kangaroo,0,90085,600.0
Harmony,kangaroo,0,90536,600.0
Harmony,kangaroo,0,90990,600.0
Harmony,kangaroo,0,91459,600.0
Harmony,kangaroo,0,91920,600.0
Harmony,kangaroo,0,92376,600.0
Harmony,kangaroo,0,92837,600.0
Harmony,kangaroo,0,93294,600.0
Harmony,kangaroo,0,93749,400.0
Harmony,kangaroo,0,94204,600.0
Harmony,kangaroo,0,94661,400.0
Harmony,kangaroo,0,95113,600.0
Harmony,kangaroo,0,95565,600.0
Harmony,kangaroo,0,96018,600.0
Harmony,kangaroo,0,96468,600.0
Harmony,kangaroo,0,96922,600.0
Harmony,kangaroo,0,97378,600.0
Harmony,kangaroo,0,97839,600.0
Harmony,kangaroo,0,98297,600.0
Harmony,kangaroo,0,98765,600.0
Harmony,kangaroo,0,99224,600.0
Harmony,kangaroo,0,99677,600.0
Harmony,krull,0,1479,3160.0
Harmony,krull,0,2649,1690.0
Harmony,krull,0,3911,2490.0
Harmony,krull,0,5007,1720.0
Harmony,krull,0,6113,900.0
Harmony,krull,0,7576,2030.0
Harmony,krull,0,9028,2650.0
Harmony,krull,0,10393,2610.0
Harmony,krull,0,12176,3470.0
Harmony,krull,0,13637,2250.0
Harmony,krull,0,14393,1700.0
Harmony,krull,0,15931,2310.0
Harmony,krull,0,17173,2070.0
Harmony,krull,0,18613,3400.0
Harmony,krull,0,20061,3630.0
Harmony,krull,0,21473,3640.0
Harmony,krull,0,22939,4500.0
Harmony,krull,0,24373,4540.0
Harmony,krull,0,25645,3660.0
Harmony,krull,0,27060,5280.0
Harmony,krull,0,28547,5320.0
Harmony,krull,0,30005,5120.0
Harmony,krull,0,31069,3110.0
Harmony,krull,0,32534,4320.0
Harmony,krull,0,34091,4020.0
Harmony,krull,0,35341,4060.0
Harmony,krull,0,36804,5180.0
Harmony,krull,0,38413,5050.0
Harmony,krull,0,39802,5450.0
Harmony,krull,0,41222,6790.0
Harmony,krull,0,42405,4860.0
Harmony,krull,0,43861,6500.0
Harmony,krull,0,45287,6930.0
Harmony,krull,0,46780,7470.0
Harmony,krull,0,48061,6290.0
Harmony,krull,0,49172,4720.0
Harmony,krull,0,50636,7620.0
Harmony,krull,0,52078,6870.0
Harmony,krull,0,53495,7130.0
Harmony,krull,0,54975,7510.0
Harmony,krull,0,56454,8220.0
Harmony,krull,0,57475,4850.0
Harmony,krull,0,58885,7220.0
Harmony,krull,0,60318,7350.0
Harmony,krull,0,61768,7890.0
Harmony,krull,0,63195,7340.0
Harmony,krull,0,64626,7490.0
Harmony,krull,0,66424,8440.0
Harmony,krull,0,68428,10080.0
Harmony,krull,0,69527,5120.0
Harmony,krull,0,71531,10520.0
Harmony,krull,0,73432,8840.0
Harmony,krull,0,74455,4690.0
Harmony,krull,0,75609,3620.0
Harmony,krull,0,77122,8060.0
Harmony,krull,0,78193,5720.0
Harmony,krull,0,79690,8150.0
Harmony,krull,0,80762,5410.0
Harmony,krull,0,81805,5060.0
Harmony,krull,0,83824,10450.0
Harmony,krull,0,85078,6460.0
Harmony,krull,0,87128,10530.0
Harmony,krull,0,89175,8660.0
Harmony,krull,0,91165,10050.0
Harmony,krull,0,93225,10630.0
Harmony,krull,0,95305,11050.0
Harmony,krull,0,97349,10790.0
Harmony,krull,0,99452,10490.0
Harmony,kung_fu_master,0,1383,200.0
Harmony,kung_fu_master,0,2414,1000.0
Harmony,kung_fu_master,0,3370,700.0
Harmony,kung_fu_master,0,4225,200.0
Harmony,kung_fu_master,0,5216,600.0
Harmony,kung_fu_master,0,6404,1000.0
Harmony,kung_fu_master,0,7448,900.0
Harmony,kung_fu_master,0,8198,400.0
Harmony,kung_fu_master,0,8976,400.0
Harmony,kung_fu_master,0,9779,200.0
Harmony,kung_fu_master,0,10580,1200.0
Harmony,kung_fu_master,0,11283,900.0
Harmony,kung_fu_master,0,12427,800.0
Harmony,kung_fu_master,0,13376,600.0
Harmony,kung_fu_master,0,14662,2300.0
Harmony,kung_fu_master,0,17391,8000.0
Harmony,kung_fu_master,0,18975,3000.0
Harmony,kung_fu_master,0,21438,12100.0
Harmony,kung_fu_master,0,25191,27200.0
Harmony,kung_fu_master,0,30135,36600.0
Harmony,kung_fu_master,0,35563,48400.0
Harmony,kung_fu_master,0,39771,35200.0
Harmony,kung_fu_master,0,42895,20800.0
Harmony,kung_fu_master,0,47658,43600.0
Harmony,kung_fu_master,0,50430,20400.0
Harmony,kung_fu_master,0,54386,31800.0
Harmony,kung_fu_master,0,57052,17000.0
Harmony,kung_fu_master,0,59270,15200.0
Harmony,kung_fu_master,0,62808,26800.0
Harmony,kung_fu_master,0,64707,10600.0
Harmony,kung_fu_master,0,66639,12000.0
Harmony,kung_fu_master,0,70440,29000.0
Harmony,kung_fu_master,0,72446,12200.0
Harmony,kung_fu_master,0,77320,43200.0
Harmony,kung_fu_master,0,80167,23400.0
Harmony,kung_fu_master,0,82669,19200.0
Harmony,kung_fu_master,0,85319,19400.0
Harmony,kung_fu_master,0,91219,52400.0
Harmony,kung_fu_master,0,95026,30400.0
Harmony,kung_fu_master,0,97423,15800.0
Harmony,ms_pacman,0,490,280.0
Harmony,ms_pacman,0,989,240.0
Harmony,ms_pacman,0,1489,220.0
Harmony,ms_pacman,0,1957,260.0
Harmony,ms_pacman,0,2553,270.0
Harmony,ms_pacman,0,3028,230.0
Harmony,ms_pacman,0,3447,220.0
Harmony,ms_pacman,0,3872,200.0
Harmony,ms_pacman,0,4342,240.0
Harmony,ms_pacman,0,4916,320.0
Harmony,ms_pacman,0,5654,660.0
Harmony,ms_pacman,0,6206,520.0
Harmony,ms_pacman,0,6745,310.0
Harmony,ms_pacman,0,7197,210.0
Harmony,ms_pacman,0,7622,220.0
Harmony,ms_pacman,0,8046,140.0
Harmony,ms_pacman,0,8370,170.0
Harmony,ms_pacman,0,8722,150.0
Harmony,ms_pacman,0,9330,380.0
Harmony,ms_pacman,0,9876,400.0
Harmony,ms_pacman,0,10333,310.0
Harmony,ms_pacman,0,10910,660.0
Harmony,ms_pacman,0,11534,350.0
Harmony,ms_pacman,0,12029,420.0
Harmony,ms_pacman,0,12541,250.0
Harmony,ms_pacman,0,13075,320.0
Harmony,ms_pacman,0,13599,240.0
Harmony,ms_pacman,0,14175,450.0
Harmony,ms_pacman,0,14512,140.0
Harmony,ms_pacman,0,14874,60.0
Harmony,ms_pacman,0,15499,250.0
Harmony,ms_pacman,0,15951,110.0
Harmony,ms_pacman,0,16376,110.0
Harmony,ms_pacman,0,16896,170.0
Harmony,ms_pacman,0,17365,120.0
Harmony,ms_pacman,0,17914,380.0
Harmony,ms_pacman,0,18374,250.0
Harmony,ms_pacman,0,18949,620.0
Harmony,ms_pacman,0,19411,270.0
Harmony,ms_pacman,0,20084,500.0
Harmony,ms_pacman,0,20634,300.0
Harmony,ms_pacman,0,21081,230.0
Harmony,ms_pacman,0,21522,230.0
Harmony,ms_pacman,0,21967,230.0
Harmony,ms_pacman,0,22676,370.0
Harmony,ms_pacman,0,23263,400.0
Harmony,ms_pacman,0,23921,690.0
Harmony,ms_pacman,0,24466,130.0
Harmony,ms_pacman,0,25268,880.0
Harmony,ms_pacman,0,25869,410.0
Harmony,ms_pacman,0,26341,460.0
Harmony,ms_pacman,0,26695,190.0
Harmony,ms_pacman,0,27165,310.0
Harmony,ms_pacman,0,27984,690.0
Harmony,ms_pacman,0,28673,1190.0
Harmony,ms_pacman,0,29253,1030.0
Harmony,ms_pacman,0,29815,720.0
Harmony,ms_pacman,0,30197,220.0
Harmony,ms_pacman,0,30837,480.0
Harmony,ms_pacman,0,31288,580.0
Harmony,ms_pacman,0,31940,750.0
Harmony,ms_pacman,0,32714,500.0
Harmony,ms_pacman,0,33539,1180.0
Harmony,ms_pacman,0,34149,380.0
Harmony,ms_pacman,0,34837,630.0
Harmony,ms_pacman,0,35438,350.0
Harmony,ms_pacman,0,35970,650.0
Harmony,ms_pacman,0,36566,1130.0
Harmony,ms_pacman,0,36994,260.0
Harmony,ms_pacman,0,37775,830.0
Harmony,ms_pacman,0,38325,590.0
Harmony,ms_pacman,0,38956,680.0
Harmony,ms_pacman,0,39465,610.0
Harmony,ms_pacman,0,39891,470.0
Harmony,ms_pacman,0,40376,630.0
Harmony,ms_pacman,0,41120,830.0
Harmony,ms_pacman,0,41772,570.0
Harmony,ms_pacman,0,42425,620.0
Harmony,ms_pacman,0,43067,570.0
Harmony,ms_pacman,0,43532,480.0
Harmony,ms_pacman,0,44174,810.0
Harmony,ms_pacman,0,44595,460.0
Harmony,ms_pacman,0,45015,470.0
Harmony,ms_pacman,0,45455,480.0
Harmony,ms_pacman,0,46002,680.0
Harmony,ms_pacman,0,46565,730.0
Harmony,ms_pacman,0,47134,750.0
Harmony,ms_pacman,0,47900,900.0
Harmony,ms_pacman,0,48466,540.0
Harmony,ms_pacman,0,49187,850.0
Harmony,ms_pacman,0,49800,530.0
Harmony,ms_pacman,0,50314,530.0
Harmony,ms_pacman,0,50737,380.0
Harmony,ms_pacman,0,51362,520.0
Harmony,ms_pacman,0,51951,530.0
Harmony,ms_pacman,0,52426,680.0
Harmony,ms_pacman,0,52988,380.0
Harmony,ms_pacman,0,53634,790.0
Harmony,ms_pacman,0,54096,590.0
Harmony,ms_pacman,0,54929,840.0
Harmony,ms_pacman,0,55781,910.0
Harmony,ms_pacman,0,56821,760.0
Harmony,ms_pacman,0,57315,630.0
Harmony,ms_pacman,0,57971,1130.0
Harmony,ms_pacman,0,58841,590.0
Harmony,ms_pacman,0,59579,630.0
Harmony,ms_pacman,0,60233,630.0
Harmony,ms_pacman,0,60701,500.0
Harmony,ms_pacman,0,61359,670.0
Harmony,ms_pacman,0,62082,670.0
Harmony,ms_pacman,0,62604,1000.0
Harmony,ms_pacman,0,63355,1260.0
Harmony,ms_pacman,0,63882,470.0
Harmony,ms_pacman,0,64688,950.0
Harmony,ms_pacman,0,65097,430.0
Harmony,ms_pacman,0,65820,710.0
Harmony,ms_pacman,0,66382,530.0
Harmony,ms_pacman,0,66872,360.0
Harmony,ms_pacman,0,67515,630.0
Harmony,ms_pacman,0,68061,1170.0
Harmony,ms_pacman,0,68515,570.0
Harmony,ms_pacman,0,69478,860.0
Harmony,ms_pacman,0,70098,730.0
Harmony,ms_pacman,0,70529,470.0
Harmony,ms_pacman,0,71143,920.0
Harmony,ms_pacman,0,71770,870.0
Harmony,ms_pacman,0,72201,530.0
Harmony,ms_pacman,0,73493,750.0
Harmony,ms_pacman,0,74017,540.0
Harmony,ms_pacman,0,74653,1100.0
Harmony,ms_pacman,0,75272,720.0
Harmony,ms_pacman,0,76230,1650.0
Harmony,ms_pacman,0,76783,850.0
Harmony,ms_pacman,0,77889,960.0
Harmony,ms_pacman,0,78768,830.0
Harmony,ms_pacman,0,79505,390.0
Harmony,ms_pacman,0,79995,510.0
Harmony,ms_pacman,0,80743,1060.0
Harmony,ms_pacman,0,81487,700.0
Harmony,ms_pacman,0,82161,870.0
Harmony,ms_pacman,0,82830,550.0
Harmony,ms_pacman,0,83273,370.0
Harmony,ms_pacman,0,83991,970.0
Harmony,ms_pacman,0,84657,700.0
Harmony,ms_pacman,0,85437,870.0
Harmony,ms_pacman,0,86105,790.0
Harmony,ms_pacman,0,86733,1420.0
Harmony,ms_pacman,0,87356,560.0
Harmony,ms_pacman,0,88188,1480.0
Harmony,ms_pacman,0,88824,1140.0
Harmony,ms_pacman,0,89422,650.0
Harmony,ms_pacman,0,90167,780.0
Harmony,ms_pacman,0,90953,720.0
Harmony,ms_pacman,0,91452,550.0
Harmony,ms_pacman,0,92030,1310.0
Harmony,ms_pacman,0,92838,1650.0
Harmony,ms_pacman,0,93544,810.0
Harmony,ms_pacman,0,94527,1490.0
Harmony,ms_pacman,0,95161,1540.0
Harmony,ms_pacman,0,96020,1010.0
Harmony,ms_pacman,0,96694,1180.0
Harmony,ms_pacman,0,97406,670.0
Harmony,ms_pacman,0,98038,1050.0
Harmony,ms_pacman,0,98843,1640.0
Harmony,ms_pacman,0,99723,1110.0
Harmony,pong,0,757,-21.0
Harmony,pong,0,1604,-21.0
Harmony,pong,0,2441,-20.0
Harmony,pong,0,3282,-21.0
Harmony,pong,0,4288,-19.0
Harmony,pong,0,5211,-20.0
Harmony,pong,0,6310,-19.0
Harmony,pong,0,7246,-21.0
Harmony,pong,0,8115,-20.0
Harmony,pong,0,9052,-19.0
Harmony,pong,0,9872,-21.0
Harmony,pong,0,10893,-19.0
Harmony,pong,0,11653,-21.0
Harmony,pong,0,12412,-21.0
Harmony,pong,0,13171,-21.0
Harmony,pong,0,13931,-21.0
Harmony,pong,0,14689,-21.0
Harmony,pong,0,15453,-21.0
Harmony,pong,0,16275,-21.0
Harmony,pong,0,17033,-21.0
Harmony,pong,0,17792,-21.0
Harmony,pong,0,18552,-21.0
Harmony,pong,0,19342,-21.0
Harmony,pong,0,20268,-20.0
Harmony,pong,0,21187,-20.0
Harmony,pong,0,22012,-21.0
Harmony,pong,0,22833,-21.0
Harmony,pong,0,23669,-20.0
Harmony,pong,0,24547,-21.0
Harmony,pong,0,25368,-21.0
Harmony,pong,0,26146,-21.0
Harmony,pong,0,27027,-21.0
Harmony,pong,0,27946,-20.0
Harmony,pong,0,29043,-20.0
Harmony,pong,0,30020,-20.0
Harmony,pong,0,30960,-21.0
Harmony,pong,0,32019,-21.0
Harmony,pong,0,33346,-20.0
Harmony,pong,0,35012,-17.0
Harmony,pong,0,36922,-15.0
Harmony,pong,0,39033,-14.0
Harmony,pong,0,41112,-20.0
Harmony,pong,0,44083,-11.0
Harmony,pong,0,46514,-15.0
Harmony,pong,0,49495,-12.0
Harmony,pong,0,52061,-13.0
Harmony,pong,0,55465,-9.0
Harmony,pong,0,57922,-13.0
Harmony,pong,0,60118,-14.0
Harmony,pong,0,62446,-14.0
Harmony,pong,0,65272,-13.0
Harmony,pong,0,68247,-10.0
Harmony,pong,0,71577,-11.0
Harmony,pong,0,74372,-9.0
Harmony,pong,0,77277,-11.0
Harmony,pong,0,80688,-3.0
Harmony,pong,0,84407,-8.0
Harmony,pong,0,88750,-3.0
Harmony,pong,0,92184,-5.0
Harmony,pong,0,95789,-2.0
Harmony,private_eye,0,2691,100.0
Harmony,private_eye,0,5384,100.0
Harmony,private_eye,0,8081,-1000.0
Harmony,private_eye,0,10776,-900.0
Harmony,private_eye,0,13471,4100.0
Harmony,private_eye,0,16167,4056.0
Harmony,private_eye,0,18864,-252.0
Harmony,private_eye,0,21554,-900.0
Harmony,private_eye,0,24251,4064.0
Harmony,private_eye,0,26942,-344.0
Harmony,private_eye,0,29635,4487.0
Harmony,private_eye,0,32331,4264.0
Harmony,private_eye,0,35025,-900.0
Harmony,private_eye,0,37718,4791.0
Harmony,private_eye,0,40411,-1000.0
Harmony,private_eye,0,43104,4786.0
Harmony,private_eye,0,45795,0.0
Harmony,private_eye,0,48492,100.0
Harmony,private_eye,0,51186,-135.0
Harmony,private_eye,0,53878,4176.0
Harmony,private_eye,0,56570,100.0
Harmony,private_eye,0,59264,-625.0
Harmony,private_eye,0,61959,4000.0
Harmony,private_eye,0,64651,4000.0
Harmony,private_eye,0,67346,4100.0
Harmony,private_eye,0,70043,4000.0
Harmony,private_eye,0,72738,0.0
Harmony,private_eye,0,75429,4500.0
Harmony,private_eye,0,78121,4100.0
Harmony,private_eye,0,80816,4561.0
Harmony,private_eye,0,83509,3073.0
Harmony,private_eye,0,86202,4000.0
Harmony,private_eye,0,88896,2388.0
Harmony,private_eye,0,91589,100.0
Harmony,private_eye,0,94283,3817.0
Harmony,private_eye,0,96975,3912.0
Harmony,private_eye,0,99667,3817.0
Harmony,qbert,0,345,200.0
Harmony,qbert,0,609,75.0
Harmony,qbert,0,933,125.0
Harmony,qbert,0,1254,150.0
Harmony,qbert,0,1552,25.0
Harmony,qbert,0,1852,25.0
Harmony,qbert,0,2168,75.0
Harmony,qbert,0,2582,200.0
Harmony,qbert,0,2880,25.0
Harmony,qbert,0,3280,475.0
Harmony,qbert,0,3585,50.0
Harmony,qbert,0,3902,75.0
Harmony,qbert,0,4190,25.0
Harmony,qbert,0,4514,225.0
Harmony,qbert,0,4778,75.0
Harmony,qbert,0,5206,225.0
Harmony,qbert,0,5499,100.0
Harmony,qbert,0,5795,50.0
Harmony,qbert,0,6081,0.0
Harmony,qbert,0,6369,25.0
Harmony,qbert,0,6673,50.0
Harmony,qbert,0,6999,250.0
Harmony,qbert,0,7324,125.0
Harmony,qbert,0,7622,200.0
Harmony,qbert,0,7932,75.0
Harmony,qbert,0,8220,100.0
Harmony,qbert,0,8553,125.0
Harmony,qbert,0,8840,25.0
Harmony,qbert,0,9126,25.0
Harmony,qbert,0,9435,50.0
Harmony,qbert,0,9715,0.0
Harmony,qbert,0,10081,200.0
Harmony,qbert,0,10425,175.0
Harmony,qbert,0,10767,125.0
Harmony,qbert,0,11058,125.0
Harmony,qbert,0,11450,225.0
Harmony,qbert,0,11770,250.0
Harmony,qbert,0,12104,150.0
Harmony,qbert,0,12437,150.0
Harmony,qbert,0,12755,150.0
Harmony,qbert,0,13070,300.0
Harmony,qbert,0,13409,125.0
Harmony,qbert,0,13704,300.0
Harmony,qbert,0,14004,350.0
Harmony,qbert,0,14300,300.0
Harmony,qbert,0,14583,300.0
Harmony,qbert,0,14944,250.0
Harmony,qbert,0,15292,325.0
Harmony,qbert,0,15590,300.0
Harmony,qbert,0,15887,325.0
Harmony,qbert,0,16185,250.0
Harmony,qbert,0,16548,350.0
Harmony,qbert,0,16908,250.0
Harmony,qbert,0,17271,375.0
Harmony,qbert,0,17568,300.0
Harmony,qbert,0,17864,350.0
Harmony,qbert,0,18147,225.0
Harmony,qbert,0,18439,300.0
Harmony,qbert,0,18737,250.0
Harmony,qbert,0,19037,275.0
Harmony,qbert,0,19337,350.0
Harmony,qbert,0,19699,350.0
Harmony,qbert,0,20019,350.0
Harmony,qbert,0,20314,325.0
Harmony,qbert,0,20613,275.0
Harmony,qbert,0,21007,325.0
Harmony,qbert,0,21324,325.0
Harmony,qbert,0,21613,250.0
Harmony,qbert,0,21934,325.0
Harmony,qbert,0,22232,325.0
Harmony,qbert,0,22528,250.0
Harmony,qbert,0,22849,350.0
Harmony,qbert,0,23214,400.0
Harmony,qbert,0,23544,350.0
Harmony,qbert,0,23850,350.0
Harmony,qbert,0,24149,375.0
Harmony,qbert,0,24455,350.0
Harmony,qbert,0,24759,325.0
Harmony,qbert,0,25060,275.0
Harmony,qbert,0,25385,350.0
Harmony,qbert,0,25683,350.0
Harmony,qbert,0,26008,350.0
Harmony,qbert,0,26310,350.0
Harmony,qbert,0,26608,300.0
Harmony,qbert,0,26905,300.0
Harmony,qbert,0,27203,275.0
Harmony,qbert,0,27502,325.0
Harmony,qbert,0,27803,300.0
Harmony,qbert,0,28157,350.0
Harmony,qbert,0,28458,325.0
Harmony,qbert,0,28759,300.0
Harmony,qbert,0,29059,300.0
Harmony,qbert,0,29370,375.0
Harmony,qbert,0,29696,325.0
Harmony,qbert,0,29998,275.0
Harmony,qbert,0,30301,275.0
Harmony,qbert,0,30597,325.0
Harmony,qbert,0,30893,325.0
Harmony,qbert,0,31222,275.0
Harmony,qbert,0,31568,350.0
Harmony,qbert,0,31886,375.0
Harmony,qbert,0,32186,300.0
Harmony,qbert,0,32486,325.0
Harmony,qbert,0,32843,325.0
Harmony,qbert,0,33180,325.0
Harmony,qbert,0,33478,350.0
Harmony,qbert,0,33988,850.0
Harmony,qbert,0,34304,250.0
Harmony,qbert,0,34648,250.0
Harmony,qbert,0,35158,775.0
Harmony,qbert,0,35537,350.0
Harmony,qbert,0,35918,350.0
Harmony,qbert,0,36215,300.0
Harmony,qbert,0,36637,400.0
Harmony,qbert,0,36931,250.0
Harmony,qbert,0,37320,375.0
Harmony,qbert,0,37827,400.0
Harmony,qbert,0,38215,400.0
Harmony,qbert,0,38579,375.0
Harmony,qbert,0,38874,225.0
Harmony,qbert,0,39278,375.0
Harmony,qbert,0,39629,350.0
Harmony,qbert,0,40111,425.0
Harmony,qbert,0,40509,375.0
Harmony,qbert,0,40811,325.0
Harmony,qbert,0,41225,375.0
Harmony,qbert,0,41668,375.0
Harmony,qbert,0,42067,400.0
Harmony,qbert,0,42441,375.0
Harmony,qbert,0,42788,350.0
Harmony,qbert,0,43237,425.0
Harmony,qbert,0,43538,300.0
Harmony,qbert,0,43897,375.0
Harmony,qbert,0,44228,375.0
Harmony,qbert,0,44654,425.0
Harmony,qbert,0,45066,375.0
Harmony,qbert,0,45555,350.0
Harmony,qbert,0,45986,450.0
Harmony,qbert,0,46390,400.0
Harmony,qbert,0,46830,425.0
Harmony,qbert,0,47219,375.0
Harmony,qbert,0,47580,400.0
Harmony,qbert,0,47944,425.0
Harmony,qbert,0,48302,375.0
Harmony,qbert,0,48684,425.0
Harmony,qbert,0,49120,400.0
Harmony,qbert,0,49489,400.0
Harmony,qbert,0,49811,375.0
Harmony,qbert,0,50184,400.0
Harmony,qbert,0,50543,400.0
Harmony,qbert,0,50866,375.0
Harmony,qbert,0,51253,425.0
Harmony,qbert,0,51661,400.0
Harmony,qbert,0,52025,425.0
Harmony,qbert,0,52392,400.0
Harmony,qbert,0,52762,375.0
Harmony,qbert,0,53202,400.0
Harmony,qbert,0,53625,400.0
Harmony,qbert,0,53997,375.0
Harmony,qbert,0,54410,425.0
Harmony,qbert,0,54762,375.0
Harmony,qbert,0,55169,375.0
Harmony,qbert,0,55541,400.0
Harmony,qbert,0,55938,425.0
Harmony,qbert,0,56328,400.0
Harmony,qbert,0,56692,425.0
Harmony,qbert,0,57074,400.0
Harmony,qbert,0,57511,425.0
Harmony,qbert,0,57846,400.0
Harmony,qbert,0,58213,400.0
Harmony,qbert,0,58593,425.0
Harmony,qbert,0,58959,425.0
Harmony,qbert,0,59347,425.0
Harmony,qbert,0,59710,375.0
Harmony,qbert,0,60117,450.0
Harmony,qbert,0,60504,425.0
Harmony,qbert,0,60884,400.0
Harmony,qbert,0,61275,375.0
Harmony,qbert,0,61701,425.0
Harmony,qbert,0,62128,425.0
Harmony,qbert,0,62625,450.0
Harmony,qbert,0,63054,400.0
Harmony,qbert,0,63538,475.0
Harmony,qbert,0,63967,425.0
Harmony,qbert,0,64364,400.0
Harmony,qbert,0,64797,450.0
Harmony,qbert,0,65227,425.0
Harmony,qbert,0,65660,425.0
Harmony,qbert,0,66077,450.0
Harmony,qbert,0,66482,300.0
Harmony,qbert,0,66876,475.0
Harmony,qbert,0,67422,450.0
Harmony,qbert,0,67793,400.0
Harmony,qbert,0,68195,425.0
Harmony,qbert,0,68570,375.0
Harmony,qbert,0,68961,400.0
Harmony,qbert,0,69325,450.0
Harmony,qbert,0,69732,475.0
Harmony,qbert,0,70093,450.0
Harmony,qbert,0,70505,450.0
Harmony,qbert,0,70936,425.0
Harmony,qbert,0,71363,425.0
Harmony,qbert,0,71880,400.0
Harmony,qbert,0,72284,425.0
Harmony,qbert,0,72762,425.0
Harmony,qbert,0,73139,450.0
Harmony,qbert,0,73513,450.0
Harmony,qbert,0,73913,400.0
Harmony,qbert,0,74267,400.0
Harmony,qbert,0,74788,475.0
Harmony,qbert,0,75317,475.0
Harmony,qbert,0,75680,400.0
Harmony,qbert,0,76087,400.0
Harmony,qbert,0,76478,450.0
Harmony,qbert,0,76928,425.0
Harmony,qbert,0,77366,400.0
Harmony,qbert,0,77756,450.0
Harmony,qbert,0,78127,350.0
Harmony,qbert,0,78479,400.0
Harmony,qbert,0,79060,500.0
Harmony,qbert,0,79546,300.0
Harmony,qbert,0,79960,425.0
Harmony,qbert,0,80386,450.0
Harmony,qbert,0,80866,425.0
Harmony,qbert,0,81211,450.0
Harmony,qbert,0,81771,450.0
Harmony,qbert,0,82145,450.0
Harmony,qbert,0,82612,450.0
Harmony,qbert,0,82971,475.0
Harmony,qbert,0,83325,475.0
Harmony,qbert,0,83681,475.0
Harmony,qbert,0,84083,475.0
Harmony,qbert,0,84539,475.0
Harmony,qbert,0,85058,450.0
Harmony,qbert,0,85494,450.0
Harmony,qbert,0,85830,300.0
Harmony,qbert,0,86252,450.0
Harmony,qbert,0,86595,400.0
Harmony,qbert,0,87033,475.0
Harmony,qbert,0,87451,475.0
Harmony,qbert,0,87778,350.0
Harmony,qbert,0,88254,450.0
Harmony,qbert,0,88689,500.0
Harmony,qbert,0,89110,450.0
Harmony,qbert,0,89577,475.0
Harmony,qbert,0,89944,475.0
Harmony,qbert,0,90403,475.0
Harmony,qbert,0,90996,975.0
Harmony,qbert,0,91420,475.0
Harmony,qbert,0,91780,475.0
Harmony,qbert,0,92162,450.0
Harmony,qbert,0,92762,350.0
Harmony,qbert,0,93181,475.0
Harmony,qbert,0,93741,500.0
Harmony,qbert,0,94140,500.0
Harmony,qbert,0,94537,500.0
Harmony,qbert,0,94931,500.0
Harmony,qbert,0,95376,500.0
Harmony,qbert,0,95840,525.0
Harmony,qbert,0,96247,475.0
Harmony,qbert,0,96701,475.0
Harmony,qbert,0,97239,525.0
Harmony,qbert,0,97773,525.0
Harmony,qbert,0,98141,450.0
Harmony,qbert,0,98561,425.0
Harmony,qbert,0,98942,400.0
Harmony,qbert,0,99368,450.0
Harmony,road_runner,0,613,200.0
Harmony,road_runner,0,771,0.0
Harmony,road_runner,0,844,0.0
Harmony,road_runner,0,1010,0.0
Harmony,road_runner,0,1181,0.0
Harmony,road_runner,0,1481,0.0
Harmony,road_runner,0,1581,0.0
Harmony,road_runner,0,1858,0.0
Harmony,road_runner,0,2057,0.0
Harmony,road_runner,0,2272,0.0
Harmony,road_runner,0,2377,0.0
Harmony,road_runner,0,2548,0.0
Harmony,road_runner,0,2619,0.0
Harmony,road_runner,0,2792,0.0
Harmony,road_runner,0,3067,100.0
Harmony,road_runner,0,3224,0.0
Harmony,road_runner,0,3361,0.0
Harmony,road_runner,0,3499,0.0
Harmony,road_runner,0,3588,0.0
Harmony,road_runner,0,3747,0.0
Harmony,road_runner,0,3870,0.0
Harmony,road_runner,0,4001,0.0
Harmony,road_runner,0,4206,0.0
Harmony,road_runner,0,4397,0.0
Harmony,road_runner,0,4468,0.0
Harmony,road_runner,0,4816,100.0
Harmony,road_runner,0,5000,0.0
Harmony,road_runner,0,5130,0.0
Harmony,road_runner,0,5392,100.0
Harmony,road_runner,0,5642,0.0
Harmony,road_runner,0,5735,0.0
Harmony,road_runner,0,6192,400.0
Harmony,road_runner,0,6507,200.0
Harmony,road_runner,0,6877,1200.0
Harmony,road_runner,0,7429,1200.0
Harmony,road_runner,0,8176,100.0
Harmony,road_runner,0,8544,0.0
Harmony,road_runner,0,9296,100.0
Harmony,road_runner,0,9837,400.0
Harmony,road_runner,0,10690,500.0
Harmony,road_runner,0,11792,800.0
Harmony,road_runner,0,12154,200.0
Harmony,road_runner,0,12557,100.0
Harmony,road_runner,0,13011,2400.0
Harmony,road_runner,0,13783,400.0
Harmony,road_runner,0,14297,500.0
Harmony,road_runner,0,15264,1700.0
Harmony,road_runner,0,16108,900.0
Harmony,road_runner,0,16953,1000.0
Harmony,road_runner,0,17791,1000.0
Harmony,road_runner,0,18628,800.0
Harmony,road_runner,0,19465,1000.0
Harmony,road_runner,0,20303,1000.0
Harmony,road_runner,0,21176,1000.0
Harmony,road_runner,0,22012,1000.0
Harmony,road_runner,0,22851,900.0
Harmony,road_runner,0,23747,1000.0
Harmony,road_runner,0,24653,900.0
Harmony,road_runner,0,25551,900.0
Harmony,road_runner,0,26412,1000.0
Harmony,road_runner,0,27247,1000.0
Harmony,road_runner,0,28083,1000.0
Harmony,road_runner,0,29078,1000.0
Harmony,road_runner,0,29958,900.0
Harmony,road_runner,0,30793,1000.0
Harmony,road_runner,0,31666,900.0
Harmony,road_runner,0,32509,1000.0
Harmony,road_runner,0,33439,900.0
Harmony,road_runner,0,34316,900.0
Harmony,road_runner,0,35171,1000.0
Harmony,road_runner,0,36039,900.0
Harmony,road_runner,0,36912,1000.0
Harmony,road_runner,0,37868,900.0
Harmony,road_runner,0,38859,1000.0
Harmony,road_runner,0,39693,700.0
Harmony,road_runner,0,40530,1000.0
Harmony,road_runner,0,41461,800.0
Harmony,road_runner,0,42296,900.0
Harmony,road_runner,0,43132,900.0
Harmony,road_runner,0,43967,1000.0
Harmony,road_runner,0,44804,800.0
Harmony,road_runner,0,45640,900.0
Harmony,road_runner,0,46479,800.0
Harmony,road_runner,0,47308,900.0
Harmony,road_runner,0,48200,1000.0
Harmony,road_runner,0,49056,1100.0
Harmony,road_runner,0,49968,1000.0
Harmony,road_runner,0,50890,1800.0
Harmony,road_runner,0,51642,2900.0
Harmony,road_runner,0,52017,100.0
Harmony,road_runner,0,52358,700.0
Harmony,road_runner,0,52900,1000.0
Harmony,road_runner,0,53790,3700.0
Harmony,road_runner,0,54845,2500.0
Harmony,road_runner,0,55438,1800.0
Harmony,road_runner,0,55804,1300.0
Harmony,road_runner,0,56487,1900.0
Harmony,road_runner,0,56872,1800.0
Harmony,road_runner,0,57347,3000.0
Harmony,road_runner,0,57773,2400.0
Harmony,road_runner,0,58197,1100.0
Harmony,road_runner,0,58673,1500.0
Harmony,road_runner,0,59213,400.0
Harmony,road_runner,0,59606,1600.0
Harmony,road_runner,0,60085,500.0
Harmony,road_runner,0,61150,2100.0
Harmony,road_runner,0,61968,2500.0
Harmony,road_runner,0,62356,700.0
Harmony,road_runner,0,62805,1300.0
Harmony,road_runner,0,63212,2400.0
Harmony,road_runner,0,64240,4300.0
Harmony,road_runner,0,64832,6800.0
Harmony,road_runner,0,65336,5500.0
Harmony,road_runner,0,65730,3400.0
Harmony,road_runner,0,66786,9400.0
Harmony,road_runner,0,67295,4800.0
Harmony,road_runner,0,68325,7900.0
Harmony,road_runner,0,68923,5000.0
Harmony,road_runner,0,69669,6900.0
Harmony,road_runner,0,70269,3500.0
Harmony,road_runner,0,71266,8100.0
Harmony,road_runner,0,71718,4200.0
Harmony,road_runner,0,72128,2200.0
Harmony,road_runner,0,72463,3200.0
Harmony,road_runner,0,73497,6300.0
Harmony,road_runner,0,74453,15200.0
Harmony,road_runner,0,75342,6100.0
Harmony,road_runner,0,75764,2200.0
Harmony,road_runner,0,76127,2400.0
Harmony,road_runner,0,77070,13100.0
Harmony,road_runner,0,77721,10200.0
Harmony,road_runner,0,78313,7000.0
Harmony,road_runner,0,79304,11100.0
Harmony,road_runner,0,80253,13800.0
Harmony,road_runner,0,81209,11800.0
Harmony,road_runner,0,82174,15900.0
Harmony,road_runner,0,83178,15800.0
Harmony,road_runner,0,84224,12800.0
Harmony,road_runner,0,85225,12000.0
Harmony,road_runner,0,86307,13800.0
Harmony,road_runner,0,87451,12000.0
Harmony,road_runner,0,88428,9300.0
Harmony,road_runner,0,89442,13500.0
Harmony,road_runner,0,90029,9800.0
Harmony,road_runner,0,91197,16000.0
Harmony,road_runner,0,92177,14700.0
Harmony,road_runner,0,93149,14700.0
Harmony,road_runner,0,94195,15000.0
Harmony,road_runner,0,95158,15800.0
Harmony,road_runner,0,96113,15300.0
Harmony,road_runner,0,97070,15800.0
Harmony,road_runner,0,98190,14700.0
Harmony,road_runner,0,99208,16400.0
Harmony,seaquest,0,419,20.0
Harmony,seaquest,0,758,20.0
Harmony,seaquest,0,1328,80.0
Harmony,seaquest,0,1878,80.0
Harmony,seaquest,0,2378,40.0
Harmony,seaquest,0,3006,80.0
Harmony,seaquest,0,3301,0.0
Harmony,seaquest,0,3694,40.0
Harmony,seaquest,0,4088,20.0
Harmony,seaquest,0,4531,60.0
Harmony,seaquest,0,4891,0.0
Harmony,seaquest,0,5478,80.0
Harmony,seaquest,0,5975,40.0
Harmony,seaquest,0,6426,40.0
Harmony,seaquest,0,6889,60.0
Harmony,seaquest,0,7440,80.0
Harmony,seaquest,0,8295,240.0
Harmony,seaquest,0,8682,40.0
Harmony,seaquest,0,9053,20.0
Harmony,seaquest,0,9422,20.0
Harmony,seaquest,0,10319,240.0
Harmony,seaquest,0,11250,240.0
Harmony,seaquest,0,12194,240.0
Harmony,seaquest,0,13003,180.0
Harmony,seaquest,0,14055,240.0
Harmony,seaquest,0,15095,260.0
Harmony,seaquest,0,16055,240.0
Harmony,seaquest,0,17217,320.0
Harmony,seaquest,0,18295,300.0
Harmony,seaquest,0,19429,280.0
Harmony,seaquest,0,20219,180.0
Harmony,seaquest,0,20928,140.0
Harmony,seaquest,0,21617,160.0
Harmony,seaquest,0,22507,180.0
Harmony,seaquest,0,23394,220.0
Harmony,seaquest,0,23885,80.0
Harmony,seaquest,0,24838,260.0
Harmony,seaquest,0,26158,300.0
Harmony,seaquest,0,26866,140.0
Harmony,seaquest,0,27331,100.0
Harmony,seaquest,0,28551,340.0
Harmony,seaquest,0,29806,320.0
Harmony,seaquest,0,30565,100.0
Harmony,seaquest,0,31501,280.0
Harmony,seaquest,0,32088,100.0
Harmony,seaquest,0,32796,160.0
Harmony,seaquest,0,33439,120.0
Harmony,seaquest,0,34150,140.0
Harmony,seaquest,0,35259,240.0
Harmony,seaquest,0,36118,260.0
Harmony,seaquest,0,37080,300.0
Harmony,seaquest,0,38007,280.0
Harmony,seaquest,0,38743,200.0
Harmony,seaquest,0,39634,280.0
Harmony,seaquest,0,40525,280.0
Harmony,seaquest,0,41551,360.0
Harmony,seaquest,0,42638,360.0
Harmony,seaquest,0,43470,260.0
Harmony,seaquest,0,44126,180.0
Harmony,seaquest,0,45050,240.0
Harmony,seaquest,0,46114,360.0
Harmony,seaquest,0,46630,120.0
Harmony,seaquest,0,47421,220.0
Harmony,seaquest,0,48284,280.0
Harmony,seaquest,0,49896,560.0
Harmony,seaquest,0,51007,380.0
Harmony,seaquest,0,51889,300.0
Harmony,seaquest,0,52732,260.0
Harmony,seaquest,0,53684,320.0
Harmony,seaquest,0,54868,380.0
Harmony,seaquest,0,55810,280.0
Harmony,seaquest,0,56510,220.0
Harmony,seaquest,0,57480,280.0
Harmony,seaquest,0,58400,260.0
Harmony,seaquest,0,58968,140.0
Harmony,seaquest,0,60194,440.0
Harmony,seaquest,0,61071,220.0
Harmony,seaquest,0,61988,300.0
Harmony,seaquest,0,63344,400.0
Harmony,seaquest,0,64166,220.0
Harmony,seaquest,0,65377,380.0
Harmony,seaquest,0,66176,220.0
Harmony,seaquest,0,67066,260.0
Harmony,seaquest,0,67713,160.0
Harmony,seaquest,0,68519,260.0
Harmony,seaquest,0,69247,200.0
Harmony,seaquest,0,70275,320.0
Harmony,seaquest,0,71203,280.0
Harmony,seaquest,0,71827,160.0
Harmony,seaquest,0,73250,440.0
Harmony,seaquest,0,73787,120.0
Harmony,seaquest,0,74630,200.0
Harmony,seaquest,0,75253,140.0
Harmony,seaquest,0,76321,340.0
Harmony,seaquest,0,77205,280.0
Harmony,seaquest,0,78169,340.0
Harmony,seaquest,0,78928,260.0
Harmony,seaquest,0,80180,420.0
Harmony,seaquest,0,81145,320.0
Harmony,seaquest,0,82277,400.0
Harmony,seaquest,0,83435,360.0
Harmony,seaquest,0,84952,500.0
Harmony,seaquest,0,85978,380.0
Harmony,seaquest,0,86910,260.0
Harmony,seaquest,0,88019,380.0
Harmony,seaquest,0,88622,180.0
Harmony,seaquest,0,89981,460.0
Harmony,seaquest,0,90720,220.0
Harmony,seaquest,0,91780,340.0
Harmony,seaquest,0,93206,480.0
Harmony,seaquest,0,94217,320.0
Harmony,seaquest,0,95068,280.0
Harmony,seaquest,0,96140,420.0
Harmony,seaquest,0,96944,260.0
Harmony,seaquest,0,97807,340.0
Harmony,seaquest,0,98447,220.0
Harmony,seaquest,0,99065,180.0
Harmony,seaquest,0,99704,180.0
Harmony,up_n_down,0,481,230.0
Harmony,up_n_down,0,865,70.0
Harmony,up_n_down,0,1377,150.0
Harmony,up_n_down,0,1939,190.0
Harmony,up_n_down,0,2392,510.0
Harmony,up_n_down,0,2787,470.0
Harmony,up_n_down,0,3255,520.0
Harmony,up_n_down,0,3893,930.0
Harmony,up_n_down,0,4521,1020.0
Harmony,up_n_down,0,5223,770.0
Harmony,up_n_down,0,5800,990.0
Harmony,up_n_down,0,6399,3900.0
Harmony,up_n_down,0,6900,1740.0
Harmony,up_n_down,0,7588,760.0
Harmony,up_n_down,0,8219,1520.0
Harmony,up_n_down,0,8763,2070.0
Harmony,up_n_down,0,9509,1110.0
Harmony,up_n_down,0,10159,1030.0
Harmony,up_n_down,0,11229,1700.0
Harmony,up_n_down,0,11850,620.0
Harmony,up_n_down,0,12599,700.0
Harmony,up_n_down,0,13429,1550.0
Harmony,up_n_down,0,14749,2650.0
Harmony,up_n_down,0,15353,610.0
Harmony,up_n_down,0,16059,2070.0
Harmony,up_n_down,0,16487,1690.0
Harmony,up_n_down,0,16933,2110.0
Harmony,up_n_down,0,17494,3580.0
Harmony,up_n_down,0,18053,1780.0
Harmony,up_n_down,0,18435,870.0
Harmony,up_n_down,0,19201,3110.0
Harmony,up_n_down,0,19664,1420.0
Harmony,up_n_down,0,20317,2450.0
Harmony,up_n_down,0,21002,3360.0
Harmony,up_n_down,0,21551,2570.0
Harmony,up_n_down,0,22113,1480.0
Harmony,up_n_down,0,22730,2010.0
Harmony,up_n_down,0,23292,3280.0
Harmony,up_n_down,0,23901,3010.0
Harmony,up_n_down,0,24419,1550.0
Harmony,up_n_down,0,24953,2660.0
Harmony,up_n_down,0,25532,2490.0
Harmony,up_n_down,0,26194,3140.0
Harmony,up_n_down,0,26776,1690.0
Harmony,up_n_down,0,27321,2670.0
Harmony,up_n_down,0,27819,3340.0
Harmony,up_n_down,0,28349,2870.0
Harmony,up_n_down,0,28930,2590.0
Harmony,up_n_down,0,29549,2720.0
Harmony,up_n_down,0,30322,4610.0
Harmony,up_n_down,0,31231,2710.0
Harmony,up_n_down,0,31855,2020.0
Harmony,up_n_down,0,32485,3320.0
Harmony,up_n_down,0,33274,4420.0
Harmony,up_n_down,0,33929,1940.0
Harmony,up_n_down,0,34566,1930.0
Harmony,up_n_down,0,35067,2040.0
Harmony,up_n_down,0,35557,2430.0
Harmony,up_n_down,0,36219,2240.0
Harmony,up_n_down,0,36855,3930.0
Harmony,up_n_down,0,37416,2580.0
Harmony,up_n_down,0,38290,2870.0
Harmony,up_n_down,0,39092,3240.0
Harmony,up_n_down,0,40132,6080.0
Harmony,up_n_down,0,42154,7890.0
Harmony,up_n_down,0,43447,5540.0
Harmony,up_n_down,0,44661,3790.0
Harmony,up_n_down,0,45361,2370.0
Harmony,up_n_down,0,46113,3600.0
Harmony,up_n_down,0,47077,3030.0
Harmony,up_n_down,0,48812,6910.0
Harmony,up_n_down,0,49657,3260.0
Harmony,up_n_down,0,50463,4230.0
Harmony,up_n_down,0,51323,2860.0
Harmony,up_n_down,0,52071,3800.0
Harmony,up_n_down,0,52678,2710.0
Harmony,up_n_down,0,53199,3660.0
Harmony,up_n_down,0,54031,5450.0
Harmony,up_n_down,0,55136,5220.0
Harmony,up_n_down,0,61029,45830.0
Harmony,up_n_down,0,64548,23990.0
Harmony,up_n_down,0,72274,60540.0
Harmony,up_n_down,0,97236,242470.0
Harmony,alien,1,800,290.0
Harmony,alien,1,1347,220.0
Harmony,alien,1,1966,180.0
Harmony,alien,1,2471,130.0
Harmony,alien,1,3465,200.0
Harmony,alien,1,4197,170.0
Harmony,alien,1,4714,160.0
Harmony,alien,1,5577,760.0
Harmony,alien,1,6190,230.0
Harmony,alien,1,6848,210.0
Harmony,alien,1,7692,770.0
Harmony,alien,1,8250,120.0
Harmony,alien,1,9065,300.0
Harmony,alien,1,9585,220.0
Harmony,alien,1,10206,210.0
Harmony,alien,1,10812,190.0
Harmony,alien,1,11531,310.0
Harmony,alien,1,12371,250.0
Harmony,alien,1,13303,270.0
Harmony,alien,1,13803,230.0
Harmony,alien,1,14704,280.0
Harmony,alien,1,15184,130.0
Harmony,alien,1,15680,200.0
Harmony,alien,1,16559,220.0
Harmony,alien,1,17480,230.0
Harmony,alien,1,18048,320.0
Harmony,alien,1,18858,280.0
Harmony,alien,1,19582,360.0
Harmony,alien,1,20460,520.0
Harmony,alien,1,21162,310.0
Harmony,alien,1,21650,250.0
Harmony,alien,1,22447,200.0
Harmony,alien,1,23058,210.0
Harmony,alien,1,23642,190.0
Harmony,alien,1,24241,160.0
Harmony,alien,1,24986,200.0
Harmony,alien,1,25588,190.0
Harmony,alien,1,25994,170.0
Harmony,alien,1,26545,180.0
Harmony,alien,1,26983,150.0
Harmony,alien,1,27413,80.0
Harmony,alien,1,28344,480.0
Harmony,alien,1,28829,250.0
Harmony,alien,1,29868,460.0
Harmony,alien,1,30563,210.0
Harmony,alien,1,31240,420.0
Harmony,alien,1,31872,370.0
Harmony,alien,1,32312,220.0
Harmony,alien,1,32852,310.0
Harmony,alien,1,33773,410.0
Harmony,alien,1,34633,470.0
Harmony,alien,1,35244,420.0
Harmony,alien,1,35818,360.0
Harmony,alien,1,36342,410.0
Harmony,alien,1,37008,350.0
Harmony,alien,1,37599,330.0
Harmony,alien,1,38219,380.0
Harmony,alien,1,38992,410.0
Harmony,alien,1,39429,250.0
Harmony,alien,1,40129,230.0
Harmony,alien,1,40658,300.0
Harmony,alien,1,41192,350.0
Harmony,alien,1,41823,470.0
Harmony,alien,1,42480,490.0
Harmony,alien,1,43021,310.0
Harmony,alien,1,43640,280.0
Harmony,alien,1,44159,230.0
Harmony,alien,1,44754,310.0
Harmony,alien,1,45204,350.0
Harmony,alien,1,45909,480.0
Harmony,alien,1,46494,300.0
Harmony,alien,1,47349,470.0
Harmony,alien,1,47964,430.0
Harmony,alien,1,48395,330.0
Harmony,alien,1,48804,280.0
Harmony,alien,1,49385,410.0
Harmony,alien,1,50180,350.0
Harmony,alien,1,50785,380.0
Harmony,alien,1,51109,250.0
Harmony,alien,1,51669,300.0
Harmony,alien,1,52435,460.0
Harmony,alien,1,52922,340.0
Harmony,alien,1,53328,290.0
Harmony,alien,1,53940,420.0
Harmony,alien,1,54592,450.0
Harmony,alien,1,55074,420.0
Harmony,alien,1,55488,300.0
Harmony,alien,1,55963,330.0
Harmony,alien,1,56480,440.0
Harmony,alien,1,57028,420.0
Harmony,alien,1,57548,410.0
Harmony,alien,1,57993,290.0
Harmony,alien,1,58353,310.0
Harmony,alien,1,58699,310.0
Harmony,alien,1,59204,480.0
Harmony,alien,1,59728,320.0
Harmony,alien,1,60243,430.0
Harmony,alien,1,60809,440.0
Harmony,alien,1,61122,400.0
Harmony,alien,1,61483,310.0
Harmony,alien,1,61828,310.0
Harmony,alien,1,62656,530.0
Harmony,alien,1,63246,440.0
Harmony,alien,1,63735,430.0
Harmony,alien,1,64217,350.0
Harmony,alien,1,64719,420.0
Harmony,alien,1,65123,340.0
Harmony,alien,1,65821,410.0
Harmony,alien,1,66233,350.0
Harmony,alien,1,66754,390.0
Harmony,alien,1,67098,310.0
Harmony,alien,1,67544,460.0
Harmony,alien,1,67927,450.0
Harmony,alien,1,68563,430.0
Harmony,alien,1,68913,390.0
Harmony,alien,1,69337,340.0
Harmony,alien,1,69747,450.0
Harmony,alien,1,70068,390.0
Harmony,alien,1,70518,430.0
Harmony,alien,1,70994,420.0
Harmony,alien,1,71483,430.0
Harmony,alien,1,72133,450.0
Harmony,alien,1,72624,400.0
Harmony,alien,1,72986,370.0
Harmony,alien,1,73621,460.0
Harmony,alien,1,74235,430.0
Harmony,alien,1,74580,370.0
Harmony,alien,1,75008,430.0
Harmony,alien,1,75483,440.0
Harmony,alien,1,76861,1200.0
Harmony,alien,1,77481,510.0
Harmony,alien,1,77861,330.0
Harmony,alien,1,78364,420.0
Harmony,alien,1,78946,500.0
Harmony,alien,1,79672,520.0
Harmony,alien,1,80053,360.0
Harmony,alien,1,80632,450.0
Harmony,alien,1,81053,330.0
Harmony,alien,1,81647,400.0
Harmony,alien,1,82294,460.0
Harmony,alien,1,82917,350.0
Harmony,alien,1,84179,1190.0
Harmony,alien,1,84692,410.0
Harmony,alien,1,85308,360.0
Harmony,alien,1,85737,460.0
Harmony,alien,1,86262,420.0
Harmony,alien,1,86648,390.0
Harmony,alien,1,87158,440.0
Harmony,alien,1,87644,420.0
Harmony,alien,1,88212,490.0
Harmony,alien,1,88872,540.0
Harmony,alien,1,89323,420.0
Harmony,alien,1,89766,440.0
Harmony,alien,1,90674,1070.0
Harmony,alien,1,91571,1130.0
Harmony,alien,1,91956,400.0
Harmony,alien,1,92604,450.0
Harmony,alien,1,92973,390.0
Harmony,alien,1,93875,590.0
Harmony,alien,1,94500,500.0
Harmony,alien,1,95324,1090.0
Harmony,alien,1,96186,1080.0
Harmony,alien,1,97044,530.0
Harmony,alien,1,97450,390.0
Harmony,alien,1,98430,1090.0
Harmony,alien,1,98962,500.0
Harmony,alien,1,99337,420.0
Harmony,amidar,1,544,0.0
Harmony,amidar,1,1103,3.0
Harmony,amidar,1,1634,0.0
Harmony,amidar,1,2488,55.0
Harmony,amidar,1,3077,4.0
Harmony,amidar,1,3676,6.0
Harmony,amidar,1,4203,0.0
Harmony,amidar,1,4785,3.0
Harmony,amidar,1,5473,7.0
Harmony,amidar,1,6091,5.0
Harmony,amidar,1,6724,7.0
Harmony,amidar,1,7566,63.0
Harmony,amidar,1,8184,32.0
Harmony,amidar,1,8783,44.0
Harmony,amidar,1,9382,31.0
Harmony,amidar,1,9986,31.0
Harmony,amidar,1,10584,31.0
Harmony,amidar,1,11182,31.0
Harmony,amidar,1,11782,31.0
Harmony,amidar,1,12383,31.0
Harmony,amidar,1,12982,31.0
Harmony,amidar,1,13582,31.0
Harmony,amidar,1,14179,31.0
Harmony,amidar,1,14775,31.0
Harmony,amidar,1,15376,31.0
Harmony,amidar,1,15975,31.0
Harmony,amidar,1,16578,31.0
Harmony,amidar,1,17178,31.0
Harmony,amidar,1,17753,32.0
Harmony,amidar,1,18304,34.0
Harmony,amidar,1,18864,34.0
Harmony,amidar,1,19701,53.0
Harmony,amidar,1,20259,38.0
Harmony,amidar,1,20847,29.0
Harmony,amidar,1,21614,36.0
Harmony,amidar,1,22289,32.0
Harmony,amidar,1,22974,131.0
Harmony,amidar,1,24022,106.0
Harmony,amidar,1,24730,48.0
Harmony,amidar,1,25499,65.0
Harmony,amidar,1,26147,51.0
Harmony,amidar,1,27145,71.0
Harmony,amidar,1,27981,102.0
Harmony,amidar,1,28818,155.0
Harmony,amidar,1,29560,62.0
Harmony,amidar,1,30190,42.0
Harmony,amidar,1,30950,65.0
Harmony,amidar,1,31696,62.0
Harmony,amidar,1,32456,65.0
Harmony,amidar,1,33292,98.0
Harmony,amidar,1,34136,167.0
Harmony,amidar,1,34941,113.0
Harmony,amidar,1,35760,65.0
Harmony,amidar,1,36607,95.0
Harmony,amidar,1,37473,108.0
Harmony,amidar,1,38290,70.0
Harmony,amidar,1,39130,66.0
Harmony,amidar,1,39952,65.0
Harmony,amidar,1,40835,79.0
Harmony,amidar,1,41800,85.0
Harmony,amidar,1,42622,75.0
Harmony,amidar,1,43299,50.0
Harmony,amidar,1,44349,105.0
Harmony,amidar,1,45042,56.0
Harmony,amidar,1,45866,39.0
Harmony,amidar,1,46537,91.0
Harmony,amidar,1,47412,138.0
Harmony,amidar,1,48120,59.0
Harmony,amidar,1,48928,61.0
Harmony,amidar,1,49668,56.0
Harmony,amidar,1,50345,51.0
Harmony,amidar,1,51104,94.0
Harmony,amidar,1,51938,51.0
Harmony,amidar,1,52593,50.0
Harmony,amidar,1,53400,61.0
Harmony,amidar,1,54230,105.0
Harmony,amidar,1,55103,69.0
Harmony,amidar,1,56041,114.0
Harmony,amidar,1,56719,53.0
Harmony,amidar,1,57534,89.0
Harmony,amidar,1,58278,54.0
Harmony,amidar,1,58890,51.0
Harmony,amidar,1,59814,64.0
Harmony,amidar,1,60834,88.0
Harmony,amidar,1,61715,76.0
Harmony,amidar,1,62572,72.0
Harmony,amidar,1,63244,59.0
Harmony,amidar,1,63829,52.0
Harmony,amidar,1,64678,56.0
Harmony,amidar,1,65515,54.0
Harmony,amidar,1,66336,101.0
Harmony,amidar,1,67093,80.0
Harmony,amidar,1,67982,75.0
Harmony,amidar,1,68989,85.0
Harmony,amidar,1,69794,76.0
Harmony,amidar,1,70482,55.0
Harmony,amidar,1,71367,89.0
Harmony,amidar,1,72020,53.0
Harmony,amidar,1,72758,84.0
Harmony,amidar,1,73895,171.0
Harmony,amidar,1,74656,59.0
Harmony,amidar,1,75491,65.0
Harmony,amidar,1,76277,112.0
Harmony,amidar,1,77105,99.0
Harmony,amidar,1,77920,67.0
Harmony,amidar,1,78516,71.0
Harmony,amidar,1,79303,124.0
Harmony,amidar,1,80045,115.0
Harmony,amidar,1,80857,83.0
Harmony,amidar,1,81552,69.0
Harmony,amidar,1,82319,86.0
Harmony,amidar,1,83197,83.0
Harmony,amidar,1,84146,80.0
Harmony,amidar,1,85272,103.0
Harmony,amidar,1,86214,90.0
Harmony,amidar,1,86956,156.0
Harmony,amidar,1,87775,124.0
Harmony,amidar,1,88687,83.0
Harmony,amidar,1,89597,169.0
Harmony,amidar,1,90517,133.0
Harmony,amidar,1,90997,26.0
Harmony,amidar,1,91913,63.0
Harmony,amidar,1,92725,119.0
Harmony,amidar,1,93481,128.0
Harmony,amidar,1,94338,119.0
Harmony,amidar,1,95159,174.0
Harmony,amidar,1,95803,111.0
Harmony,amidar,1,96702,140.0
Harmony,amidar,1,97407,137.0
Harmony,amidar,1,98016,74.0
Harmony,amidar,1,98895,171.0
Harmony,amidar,1,99744,117.0
Harmony,assault,1,538,252.0
Harmony,assault,1,986,126.0
Harmony,assault,1,1470,168.0
Harmony,assault,1,1851,231.0
Harmony,assault,1,2531,231.0
Harmony,assault,1,3159,189.0
Harmony,assault,1,3569,189.0
Harmony,assault,1,4160,168.0
Harmony,assault,1,4879,231.0
Harmony,assault,1,5648,399.0
Harmony,assault,1,6177,252.0
Harmony,assault,1,6643,189.0
Harmony,assault,1,7224,273.0
Harmony,assault,1,7858,252.0
Harmony,assault,1,10349,147.0
Harmony,assault,1,11020,189.0
Harmony,assault,1,12391,525.0
Harmony,assault,1,13823,630.0
Harmony,assault,1,14491,420.0
Harmony,assault,1,15567,294.0
Harmony,assault,1,16139,399.0
Harmony,assault,1,16750,504.0
Harmony,assault,1,17414,399.0
Harmony,assault,1,17887,294.0
Harmony,assault,1,18354,378.0
Harmony,assault,1,19012,441.0
Harmony,assault,1,19754,567.0
Harmony,assault,1,20584,567.0
Harmony,assault,1,21225,462.0
Harmony,assault,1,21727,420.0
Harmony,assault,1,22335,315.0
Harmony,assault,1,23310,672.0
Harmony,assault,1,24155,399.0
Harmony,assault,1,24539,189.0
Harmony,assault,1,24922,189.0
Harmony,assault,1,25438,231.0
Harmony,assault,1,27246,609.0
Harmony,assault,1,28008,399.0
Harmony,assault,1,28577,294.0
Harmony,assault,1,29217,378.0
Harmony,assault,1,29781,336.0
Harmony,assault,1,30356,399.0
Harmony,assault,1,30799,210.0
Harmony,assault,1,31631,567.0
Harmony,assault,1,32843,567.0
Harmony,assault,1,33544,273.0
Harmony,assault,1,35291,672.0
Harmony,assault,1,36819,630.0
Harmony,assault,1,38047,672.0
Harmony,assault,1,38980,525.0
Harmony,assault,1,40053,567.0
Harmony,assault,1,40629,336.0
Harmony,assault,1,41812,567.0
Harmony,assault,1,42272,210.0
Harmony,assault,1,43357,546.0
Harmony,assault,1,44341,693.0
Harmony,assault,1,46390,630.0
Harmony,assault,1,46870,357.0
Harmony,assault,1,47635,483.0
Harmony,assault,1,47956,273.0
Harmony,assault,1,48340,189.0
Harmony,assault,1,49417,630.0
Harmony,assault,1,50051,378.0
Harmony,assault,1,50666,357.0
Harmony,assault,1,51435,525.0
Harmony,assault,1,52176,525.0
Harmony,assault,1,53401,693.0
Harmony,assault,1,54328,567.0
Harmony,assault,1,54871,378.0
Harmony,assault,1,56008,693.0
Harmony,assault,1,57124,567.0
Harmony,assault,1,57842,420.0
Harmony,assault,1,58730,672.0
Harmony,assault,1,59150,231.0
Harmony,assault,1,59760,462.0
Harmony,assault,1,60657,588.0
Harmony,assault,1,61360,483.0
Harmony,assault,1,61840,336.0
Harmony,assault,1,62442,378.0
Harmony,assault,1,63623,651.0
Harmony,assault,1,65020,630.0
Harmony,assault,1,65604,315.0
Harmony,assault,1,66688,588.0
Harmony,assault,1,67361,483.0
Harmony,assault,1,67998,399.0
Harmony,assault,1,68956,462.0
Harmony,assault,1,69782,420.0
Harmony,assault,1,70578,441.0
Harmony,assault,1,71796,546.0
Harmony,assault,1,72696,693.0
Harmony,assault,1,73433,504.0
Harmony,assault,1,73945,231.0
Harmony,assault,1,74519,399.0
Harmony,assault,1,75607,630.0
Harmony,assault,1,76533,525.0
Harmony,assault,1,77235,441.0
Harmony,assault,1,78076,693.0
Harmony,assault,1,78488,357.0
Harmony,assault,1,79511,567.0
Harmony,assault,1,80541,630.0
Harmony,assault,1,82012,651.0
Harmony,assault,1,82647,504.0
Harmony,assault,1,83067,252.0
Harmony,assault,1,83702,315.0
Harmony,assault,1,84630,462.0
Harmony,assault,1,86072,588.0
Harmony,assault,1,86905,567.0
Harmony,assault,1,88193,630.0
Harmony,assault,1,89848,651.0
Harmony,assault,1,91034,609.0
Harmony,assault,1,91962,588.0
Harmony,assault,1,93061,672.0
Harmony,assault,1,94158,714.0
Harmony,assault,1,94880,483.0
Harmony,assault,1,95930,588.0
Harmony,assault,1,96731,462.0
Harmony,assault,1,97796,672.0
Harmony,assault,1,99149,651.0
Harmony,asterix,1,198,100.0
Harmony,asterix,1,436,200.0
Harmony,asterix,1,643,100.0
Harmony,asterix,1,855,100.0
Harmony,asterix,1,1103,300.0
Harmony,asterix,1,1311,150.0
Harmony,asterix,1,1509,250.0
Harmony,asterix,1,1743,250.0
Harmony,asterix,1,2066,350.0
Harmony,asterix,1,2506,700.0
Harmony,asterix,1,2703,100.0
Harmony,asterix,1,2917,250.0
Harmony,asterix,1,3183,250.0
Harmony,asterix,1,3639,550.0
Harmony,asterix,1,3923,250.0
Harmony,asterix,1,4167,150.0
Harmony,asterix,1,4370,250.0
Harmony,asterix,1,4650,150.0
Harmony,asterix,1,4855,100.0
Harmony,asterix,1,5055,150.0
Harmony,asterix,1,5269,150.0
Harmony,asterix,1,5543,300.0
Harmony,asterix,1,5879,400.0
Harmony,asterix,1,6135,350.0
Harmony,asterix,1,6461,300.0
Harmony,asterix,1,6676,200.0
Harmony,asterix,1,6897,150.0
Harmony,asterix,1,7234,300.0
Harmony,asterix,1,7504,150.0
Harmony,asterix,1,7706,50.0
Harmony,asterix,1,7968,200.0
Harmony,asterix,1,8164,150.0
Harmony,asterix,1,8363,150.0
Harmony,asterix,1,8760,350.0
Harmony,asterix,1,8996,200.0
Harmony,asterix,1,9196,100.0
Harmony,asterix,1,9421,250.0
Harmony,asterix,1,9849,300.0
Harmony,asterix,1,10105,50.0
Harmony,asterix,1,10335,100.0
Harmony,asterix,1,10592,150.0
Harmony,asterix,1,10819,50.0
Harmony,asterix,1,11025,50.0
Harmony,asterix,1,11426,450.0
Harmony,asterix,1,11894,350.0
Harmony,asterix,1,12223,150.0
Harmony,asterix,1,12691,250.0
Harmony,asterix,1,13153,500.0
Harmony,asterix,1,13355,100.0
Harmony,asterix,1,13557,150.0
Harmony,asterix,1,13742,100.0
Harmony,asterix,1,14182,450.0
Harmony,asterix,1,14453,150.0
Harmony,asterix,1,14665,100.0
Harmony,asterix,1,14863,50.0
Harmony,asterix,1,15199,250.0
Harmony,asterix,1,15401,100.0
Harmony,asterix,1,15764,150.0
Harmony,asterix,1,15997,150.0
Harmony,asterix,1,16395,300.0
Harmony,asterix,1,16718,250.0
Harmony,asterix,1,17034,200.0
Harmony,asterix,1,17267,100.0
Harmony,asterix,1,17492,100.0
Harmony,asterix,1,18027,300.0
Harmony,asterix,1,18550,300.0
Harmony,asterix,1,19105,400.0
Harmony,asterix,1,19399,200.0
Harmony,asterix,1,19606,50.0
Harmony,asterix,1,19810,50.0
Harmony,asterix,1,20284,200.0
Harmony,asterix,1,20648,200.0
Harmony,asterix,1,21040,100.0
Harmony,asterix,1,21341,150.0
Harmony,asterix,1,21944,350.0
Harmony,asterix,1,22141,100.0
Harmony,asterix,1,22457,250.0
Harmony,asterix,1,22671,100.0
Harmony,asterix,1,22983,200.0
Harmony,asterix,1,23205,150.0
Harmony,asterix,1,23400,100.0
Harmony,asterix,1,23719,300.0
Harmony,asterix,1,24074,300.0
Harmony,asterix,1,24283,150.0
Harmony,asterix,1,24442,200.0
Harmony,asterix,1,24740,200.0
Harmony,asterix,1,24957,150.0
Harmony,asterix,1,25367,450.0
Harmony,asterix,1,25592,350.0
Harmony,asterix,1,25814,250.0
Harmony,asterix,1,26211,300.0
Harmony,asterix,1,26546,150.0
Harmony,asterix,1,26770,100.0
Harmony,asterix,1,27172,400.0
Harmony,asterix,1,27362,150.0
Harmony,asterix,1,27572,200.0
Harmony,asterix,1,27842,150.0
Harmony,asterix,1,28076,250.0
Harmony,asterix,1,28266,150.0
Harmony,asterix,1,28649,400.0
Harmony,asterix,1,28874,200.0
Harmony,asterix,1,29178,400.0
Harmony,asterix,1,29529,600.0
Harmony,asterix,1,29748,200.0
Harmony,asterix,1,29971,250.0
Harmony,asterix,1,30212,200.0
Harmony,asterix,1,30413,150.0
Harmony,asterix,1,30644,300.0
Harmony,asterix,1,30833,200.0
Harmony,asterix,1,31110,250.0
Harmony,asterix,1,31606,450.0
Harmony,asterix,1,32107,550.0
Harmony,asterix,1,32386,350.0
Harmony,asterix,1,32611,150.0
Harmony,asterix,1,32801,200.0
Harmony,asterix,1,33152,350.0
Harmony,asterix,1,33451,450.0
Harmony,asterix,1,33792,350.0
Harmony,asterix,1,34036,150.0
Harmony,asterix,1,34346,250.0
Harmony,asterix,1,34594,250.0
Harmony,asterix,1,34812,100.0
Harmony,asterix,1,35067,250.0
Harmony,asterix,1,35524,500.0
Harmony,asterix,1,35841,250.0
Harmony,asterix,1,36052,150.0
Harmony,asterix,1,36434,300.0
Harmony,asterix,1,36980,300.0
Harmony,asterix,1,37237,200.0
Harmony,asterix,1,37486,200.0
Harmony,asterix,1,37722,200.0
Harmony,asterix,1,38328,350.0
Harmony,asterix,1,38549,100.0
Harmony,asterix,1,38889,350.0
Harmony,asterix,1,39097,100.0
Harmony,asterix,1,39546,550.0
Harmony,asterix,1,39711,150.0
Harmony,asterix,1,39919,150.0
Harmony,asterix,1,40232,250.0
Harmony,asterix,1,40516,250.0
Harmony,asterix,1,40782,150.0
Harmony,asterix,1,40975,150.0
Harmony,asterix,1,41283,250.0
Harmony,asterix,1,41723,400.0
Harmony,asterix,1,42064,250.0
Harmony,asterix,1,42375,300.0
Harmony,asterix,1,42622,200.0
Harmony,asterix,1,42865,200.0
Harmony,asterix,1,43210,250.0
Harmony,asterix,1,43533,300.0
Harmony,asterix,1,43865,200.0
Harmony,asterix,1,44197,300.0
Harmony,asterix,1,44569,350.0
Harmony,asterix,1,44792,250.0
Harmony,asterix,1,45187,400.0
Harmony,asterix,1,45466,250.0
Harmony,asterix,1,45776,350.0
Harmony,asterix,1,46269,450.0
Harmony,asterix,1,46478,250.0
Harmony,asterix,1,46708,200.0
Harmony,asterix,1,46920,100.0
Harmony,asterix,1,47125,400.0
Harmony,asterix,1,47834,400.0
Harmony,asterix,1,48305,450.0
Harmony,asterix,1,48470,200.0
Harmony,asterix,1,48670,200.0
Harmony,asterix,1,49244,850.0
Harmony,asterix,1,49508,250.0
Harmony,asterix,1,49752,200.0
Harmony,asterix,1,50172,300.0
Harmony,asterix,1,50687,450.0
Harmony,asterix,1,51057,250.0
Harmony,asterix,1,51514,450.0
Harmony,asterix,1,51727,150.0
Harmony,asterix,1,51945,200.0
Harmony,asterix,1,52248,300.0
Harmony,asterix,1,52590,350.0
Harmony,asterix,1,53029,300.0
Harmony,asterix,1,53339,350.0
Harmony,asterix,1,53721,300.0
Harmony,asterix,1,54005,250.0
Harmony,asterix,1,54376,300.0
Harmony,asterix,1,55417,600.0
Harmony,asterix,1,55942,450.0
Harmony,asterix,1,56150,250.0
Harmony,asterix,1,56506,300.0
Harmony,asterix,1,56911,400.0
Harmony,asterix,1,57332,400.0
Harmony,asterix,1,57640,400.0
Harmony,asterix,1,58052,500.0
Harmony,asterix,1,58567,350.0
Harmony,asterix,1,59149,650.0
Harmony,asterix,1,59347,250.0
Harmony,asterix,1,59729,350.0
Harmony,asterix,1,60392,650.0
Harmony,asterix,1,60874,450.0
Harmony,asterix,1,61307,500.0
Harmony,asterix,1,61698,400.0
Harmony,asterix,1,62472,900.0
Harmony,asterix,1,62899,300.0
Harmony,asterix,1,63153,350.0
Harmony,asterix,1,63622,500.0
Harmony,asterix,1,64059,450.0
Harmony,asterix,1,64465,350.0
Harmony,asterix,1,65112,500.0
Harmony,asterix,1,65532,450.0
Harmony,asterix,1,66102,850.0
Harmony,asterix,1,66410,300.0
Harmony,asterix,1,66781,550.0
Harmony,asterix,1,67264,600.0
Harmony,asterix,1,67707,450.0
Harmony,asterix,1,68496,950.0
Harmony,asterix,1,68867,350.0
Harmony,asterix,1,69445,700.0
Harmony,asterix,1,69721,350.0
Harmony,asterix,1,69991,350.0
Harmony,asterix,1,70360,350.0
Harmony,asterix,1,70637,250.0
Harmony,asterix,1,70840,400.0
Harmony,asterix,1,71357,550.0
Harmony,asterix,1,71970,650.0
Harmony,asterix,1,72296,350.0
Harmony,asterix,1,72875,500.0
Harmony,asterix,1,73268,450.0
Harmony,asterix,1,73701,350.0
Harmony,asterix,1,74099,400.0
Harmony,asterix,1,74467,350.0
Harmony,asterix,1,74931,350.0
Harmony,asterix,1,75472,400.0
Harmony,asterix,1,75669,200.0
Harmony,asterix,1,76044,500.0
Harmony,asterix,1,76441,600.0
Harmony,asterix,1,76776,500.0
Harmony,asterix,1,77060,300.0
Harmony,asterix,1,77534,600.0
Harmony,asterix,1,77970,500.0
Harmony,asterix,1,78433,650.0
Harmony,asterix,1,78853,500.0
Harmony,asterix,1,79212,600.0
Harmony,asterix,1,79572,500.0
Harmony,asterix,1,80070,700.0
Harmony,asterix,1,80347,350.0
Harmony,asterix,1,80752,600.0
Harmony,asterix,1,81123,550.0
Harmony,asterix,1,81711,450.0
Harmony,asterix,1,82179,450.0
Harmony,asterix,1,82685,650.0
Harmony,asterix,1,83261,450.0
Harmony,asterix,1,83657,500.0
Harmony,asterix,1,84060,600.0
Harmony,asterix,1,84441,500.0
Harmony,asterix,1,84906,400.0
Harmony,asterix,1,85200,300.0
Harmony,asterix,1,85481,300.0
Harmony,asterix,1,85886,600.0
Harmony,asterix,1,86459,550.0
Harmony,asterix,1,86808,250.0
Harmony,asterix,1,87180,450.0
Harmony,asterix,1,87619,600.0
Harmony,asterix,1,87884,400.0
Harmony,asterix,1,88219,500.0
Harmony,asterix,1,88526,350.0
Harmony,asterix,1,88894,450.0
Harmony,asterix,1,89340,450.0
Harmony,asterix,1,89983,500.0
Harmony,asterix,1,90282,350.0
Harmony,asterix,1,90649,550.0
Harmony,asterix,1,90913,250.0
Harmony,asterix,1,91321,350.0
Harmony,asterix,1,91650,300.0
Harmony,asterix,1,92020,300.0
Harmony,asterix,1,92367,450.0
Harmony,asterix,1,92914,650.0
Harmony,asterix,1,93454,600.0
Harmony,asterix,1,93962,700.0
Harmony,asterix,1,94371,450.0
Harmony,asterix,1,94723,550.0
Harmony,asterix,1,95083,450.0
Harmony,asterix,1,95659,450.0
Harmony,asterix,1,96099,550.0
Harmony,asterix,1,96462,500.0
Harmony,asterix,1,96872,450.0
Harmony,asterix,1,97258,400.0
Harmony,asterix,1,97607,500.0
Harmony,asterix,1,98027,500.0
Harmony,asterix,1,98357,350.0
Harmony,asterix,1,98736,550.0
Harmony,asterix,1,99171,550.0
Harmony,asterix,1,99631,800.0
Harmony,bank_heist,1,583,10.0
Harmony,bank_heist,1,1297,0.0
Harmony,bank_heist,1,1803,10.0
Harmony,bank_heist,1,2506,30.0
Harmony,bank_heist,1,3000,10.0
Harmony,bank_heist,1,3470,20.0
Harmony,bank_heist,1,3925,10.0
Harmony,bank_heist,1,4442,10.0
Harmony,bank_heist,1,5069,10.0
Harmony,bank_heist,1,5716,40.0
Harmony,bank_heist,1,6317,10.0
Harmony,bank_heist,1,6763,0.0
Harmony,bank_heist,1,7274,10.0
Harmony,bank_heist,1,7932,0.0
Harmony,bank_heist,1,8638,0.0
Harmony,bank_heist,1,9273,30.0
Harmony,bank_heist,1,10068,0.0
Harmony,bank_heist,1,11008,0.0
Harmony,bank_heist,1,11946,0.0
Harmony,bank_heist,1,12884,0.0
Harmony,bank_heist,1,13953,0.0
Harmony,bank_heist,1,14369,0.0
Harmony,bank_heist,1,15244,0.0
Harmony,bank_heist,1,16118,0.0
Harmony,bank_heist,1,16847,40.0
Harmony,bank_heist,1,17753,0.0
Harmony,bank_heist,1,18888,10.0
Harmony,bank_heist,1,19519,20.0
Harmony,bank_heist,1,20321,0.0
Harmony,bank_heist,1,20877,0.0
Harmony,bank_heist,1,21613,10.0
Harmony,bank_heist,1,22343,10.0
Harmony,bank_heist,1,23134,0.0
Harmony,bank_heist,1,23919,10.0
Harmony,bank_heist,1,24889,20.0
Harmony,bank_heist,1,25633,60.0
Harmony,bank_heist,1,26770,0.0
Harmony,bank_heist,1,27556,50.0
Harmony,bank_heist,1,28527,0.0
Harmony,bank_heist,1,29216,0.0
Harmony,bank_heist,1,29838,10.0
Harmony,bank_heist,1,30487,30.0
Harmony,bank_heist,1,30976,0.0
Harmony,bank_heist,1,31424,20.0
Harmony,bank_heist,1,31963,20.0
Harmony,bank_heist,1,32672,10.0
Harmony,bank_heist,1,33084,10.0
Harmony,bank_heist,1,33796,0.0
Harmony,bank_heist,1,34540,10.0
Harmony,bank_heist,1,35086,20.0
Harmony,bank_heist,1,35808,10.0
Harmony,bank_heist,1,36519,0.0
Harmony,bank_heist,1,37114,10.0
Harmony,bank_heist,1,38163,0.0
Harmony,bank_heist,1,38811,70.0
Harmony,bank_heist,1,39627,10.0
Harmony,bank_heist,1,40392,10.0
Harmony,bank_heist,1,41050,40.0
Harmony,bank_heist,1,41897,0.0
Harmony,bank_heist,1,42903,20.0
Harmony,bank_heist,1,43366,10.0
Harmony,bank_heist,1,44056,20.0
Harmony,bank_heist,1,44658,10.0
Harmony,bank_heist,1,45545,10.0
Harmony,bank_heist,1,46160,10.0
Harmony,bank_heist,1,46630,10.0
Harmony,bank_heist,1,47274,10.0
Harmony,bank_heist,1,48002,20.0
Harmony,bank_heist,1,48723,10.0
Harmony,bank_heist,1,49460,30.0
Harmony,bank_heist,1,50113,10.0
Harmony,bank_heist,1,50764,20.0
Harmony,bank_heist,1,52472,10.0
Harmony,bank_heist,1,53043,10.0
Harmony,bank_heist,1,53525,10.0
Harmony,bank_heist,1,53954,10.0
Harmony,bank_heist,1,54962,10.0
Harmony,bank_heist,1,55715,20.0
Harmony,bank_heist,1,56396,20.0
Harmony,bank_heist,1,56812,10.0
Harmony,bank_heist,1,57653,10.0
Harmony,bank_heist,1,58156,10.0
Harmony,bank_heist,1,58697,10.0
Harmony,bank_heist,1,59186,10.0
Harmony,bank_heist,1,59908,10.0
Harmony,bank_heist,1,60575,10.0
Harmony,bank_heist,1,61506,20.0
Harmony,bank_heist,1,62138,70.0
Harmony,bank_heist,1,62892,10.0
Harmony,bank_heist,1,63581,10.0
Harmony,bank_heist,1,64527,10.0
Harmony,bank_heist,1,65251,40.0
Harmony,bank_heist,1,66290,10.0
Harmony,bank_heist,1,67201,10.0
Harmony,bank_heist,1,67719,10.0
Harmony,bank_heist,1,68330,20.0
Harmony,bank_heist,1,68972,20.0
Harmony,bank_heist,1,69717,10.0
Harmony,bank_heist,1,70381,40.0
Harmony,bank_heist,1,70988,20.0
Harmony,bank_heist,1,71519,10.0
Harmony,bank_heist,1,72070,10.0
Harmony,bank_heist,1,72531,20.0
Harmony,bank_heist,1,73278,40.0
Harmony,bank_heist,1,73986,10.0
Harmony,bank_heist,1,74579,20.0
Harmony,bank_heist,1,75331,20.0
Harmony,bank_heist,1,76007,20.0
Harmony,bank_heist,1,76549,30.0
Harmony,bank_heist,1,77186,50.0
Harmony,bank_heist,1,77848,30.0
Harmony,bank_heist,1,78522,40.0
Harmony,bank_heist,1,79142,20.0
Harmony,bank_heist,1,79714,40.0
Harmony,bank_heist,1,80208,30.0
Harmony,bank_heist,1,80927,30.0
Harmony,bank_heist,1,81405,20.0
Harmony,bank_heist,1,81912,20.0
Harmony,bank_heist,1,82642,30.0
Harmony,bank_heist,1,83288,30.0
Harmony,bank_heist,1,83829,30.0
Harmony,bank_heist,1,84654,20.0
Harmony,bank_heist,1,85333,20.0
Harmony,bank_heist,1,85883,20.0
Harmony,bank_heist,1,86637,10.0
Harmony,bank_heist,1,86988,10.0
Harmony,bank_heist,1,87722,20.0
Harmony,bank_heist,1,88500,20.0
Harmony,bank_heist,1,89108,20.0
Harmony,bank_heist,1,89643,20.0
Harmony,bank_heist,1,90382,20.0
Harmony,bank_heist,1,91002,20.0
Harmony,bank_heist,1,91959,30.0
Harmony,bank_heist,1,92513,20.0
Harmony,bank_heist,1,93261,30.0
Harmony,bank_heist,1,93721,20.0
Harmony,bank_heist,1,94887,30.0
Harmony,bank_heist,1,96055,50.0
Harmony,bank_heist,1,97157,30.0
Harmony,bank_heist,1,98096,10.0
Harmony,bank_heist,1,98960,20.0
Harmony,bank_heist,1,99708,20.0
Harmony,battle_zone,1,2158,5000.0
Harmony,battle_zone,1,3408,6000.0
Harmony,battle_zone,1,4415,4000.0
Harmony,battle_zone,1,4977,1000.0
Harmony,battle_zone,1,6149,1000.0
Harmony,battle_zone,1,7126,1000.0
Harmony,battle_zone,1,8009,2000.0
Harmony,battle_zone,1,8689,2000.0
Harmony,battle_zone,1,10195,2000.0
Harmony,battle_zone,1,11777,5000.0
Harmony,battle_zone,1,12926,0.0
Harmony,battle_zone,1,14389,5000.0
Harmony,battle_zone,1,15446,2000.0
Harmony,battle_zone,1,16325,2000.0
Harmony,battle_zone,1,17454,0.0
Harmony,battle_zone,1,18919,12000.0
Harmony,battle_zone,1,20263,7000.0
Harmony,battle_zone,1,21289,3000.0
Harmony,battle_zone,1,22567,12000.0
Harmony,battle_zone,1,23721,1000.0
Harmony,battle_zone,1,24799,2000.0
Harmony,battle_zone,1,25955,2000.0
Harmony,battle_zone,1,27031,2000.0
Harmony,battle_zone,1,28107,2000.0
Harmony,battle_zone,1,29187,2000.0
Harmony,battle_zone,1,30265,2000.0
Harmony,battle_zone,1,31347,2000.0
Harmony,battle_zone,1,32426,2000.0
Harmony,battle_zone,1,34083,7000.0
Harmony,battle_zone,1,35151,2000.0
Harmony,battle_zone,1,36428,7000.0
Harmony,battle_zone,1,37828,3000.0
Harmony,battle_zone,1,38909,2000.0
Harmony,battle_zone,1,39991,2000.0
Harmony,battle_zone,1,41072,2000.0
Harmony,battle_zone,1,42153,2000.0
Harmony,battle_zone,1,43144,7000.0
Harmony,battle_zone,1,44220,2000.0
Harmony,battle_zone,1,46270,3000.0
Harmony,battle_zone,1,47482,2000.0
Harmony,battle_zone,1,48991,11000.0
Harmony,battle_zone,1,50697,1000.0
Harmony,battle_zone,1,51725,7000.0
Harmony,battle_zone,1,53024,8000.0
Harmony,battle_zone,1,55017,16000.0
Harmony,battle_zone,1,56491,15000.0
Harmony,battle_zone,1,57494,10000.0
Harmony,battle_zone,1,58594,5000.0
Harmony,battle_zone,1,59756,7000.0
Harmony,battle_zone,1,61249,10000.0
Harmony,battle_zone,1,62604,11000.0
Harmony,battle_zone,1,64089,14000.0
Harmony,battle_zone,1,65917,14000.0
Harmony,battle_zone,1,66914,9000.0
Harmony,battle_zone,1,68344,13000.0
Harmony,battle_zone,1,69783,13000.0
Harmony,battle_zone,1,71354,10000.0
Harmony,battle_zone,1,72714,12000.0
Harmony,battle_zone,1,74086,28000.0
Harmony,battle_zone,1,74987,13000.0
Harmony,battle_zone,1,76126,18000.0
Harmony,battle_zone,1,77218,8000.0
Harmony,battle_zone,1,78564,20000.0
Harmony,battle_zone,1,79330,8000.0
Harmony,battle_zone,1,80640,16000.0
Harmony,battle_zone,1,82021,22000.0
Harmony,battle_zone,1,82852,14000.0
Harmony,battle_zone,1,84246,21000.0
Harmony,battle_zone,1,85530,16000.0
Harmony,battle_zone,1,87056,23000.0
Harmony,battle_zone,1,88175,11000.0
Harmony,battle_zone,1,89485,15000.0
Harmony,battle_zone,1,90437,7000.0
Harmony,battle_zone,1,91547,21000.0
Harmony,battle_zone,1,93016,17000.0
Harmony,battle_zone,1,94251,22000.0
Harmony,battle_zone,1,95887,17000.0
Harmony,battle_zone,1,97297,10000.0
Harmony,battle_zone,1,98489,15000.0
Harmony,battle_zone,1,99847,22000.0
Harmony,boxing,1,1779,9.0
Harmony,boxing,1,3559,-3.0
Harmony,boxing,1,5342,11.0
Harmony,boxing,1,7124,1.0
Harmony,boxing,1,8903,6.0
Harmony,boxing,1,10686,4.0
Harmony,boxing,1,12464,-5.0
Harmony,boxing,1,14242,5.0
Harmony,boxing,1,16028,-1.0
Harmony,boxing,1,17808,5.0
Harmony,boxing,1,19588,28.0
Harmony,boxing,1,21369,-1.0
Harmony,boxing,1,23153,6.0
Harmony,boxing,1,24932,35.0
Harmony,boxing,1,26712,13.0
Harmony,boxing,1,28495,0.0
Harmony,boxing,1,30273,12.0
Harmony,boxing,1,32053,8.0
Harmony,boxing,1,33834,2.0
Harmony,boxing,1,35617,7.0
Harmony,boxing,1,37398,3.0
Harmony,boxing,1,39180,26.0
Harmony,boxing,1,40959,13.0
Harmony,boxing,1,42737,11.0
Harmony,boxing,1,44520,19.0
Harmony,boxing,1,46301,28.0
Harmony,boxing,1,48086,22.0
Harmony,boxing,1,49867,18.0
Harmony,boxing,1,51647,-1.0
Harmony,boxing,1,53432,0.0
Harmony,boxing,1,55217,5.0
Harmony,boxing,1,56998,10.0
Harmony,boxing,1,58782,22.0
Harmony,boxing,1,60566,19.0
Harmony,boxing,1,62350,32.0
Harmony,boxing,1,64133,2.0
Harmony,boxing,1,65912,13.0
Harmony,boxing,1,67691,31.0
Harmony,boxing,1,69470,52.0
Harmony,boxing,1,71255,42.0
Harmony,boxing,1,73038,28.0
Harmony,boxing,1,74822,6.0
Harmony,boxing,1,76602,37.0
Harmony,boxing,1,78382,58.0
Harmony,boxing,1,80161,31.0
Harmony,boxing,1,81943,38.0
Harmony,boxing,1,83729,46.0
Harmony,boxing,1,85514,47.0
Harmony,boxing,1,87298,55.0
Harmony,boxing,1,89082,23.0
Harmony,boxing,1,90862,41.0
Harmony,boxing,1,92647,24.0
Harmony,boxing,1,94102,73.0
Harmony,boxing,1,95860,29.0
Harmony,boxing,1,97576,47.0
Harmony,boxing,1,99356,29.0
Harmony,breakout,1,129,0.0
Harmony,breakout,1,372,2.0
Harmony,breakout,1,515,0.0
Harmony,breakout,1,698,1.0
Harmony,breakout,1,837,0.0
Harmony,breakout,1,968,0.0
Harmony,breakout,1,1171,2.0
Harmony,breakout,1,1303,0.0
Harmony,breakout,1,1545,2.0
Harmony,breakout,1,1675,0.0
Harmony,breakout,1,1911,3.0
Harmony,breakout,1,2039,0.0
Harmony,breakout,1,2258,2.0
Harmony,breakout,1,2468,2.0
Harmony,breakout,1,2599,0.0
Harmony,breakout,1,2764,1.0
Harmony,breakout,1,2972,2.0
Harmony,breakout,1,3308,4.0
Harmony,breakout,1,3486,1.0
Harmony,breakout,1,3676,1.0
Harmony,breakout,1,3817,0.0
Harmony,breakout,1,4065,3.0
Harmony,breakout,1,4250,1.0
Harmony,breakout,1,4394,0.0
Harmony,breakout,1,4602,2.0
Harmony,breakout,1,4808,2.0
Harmony,breakout,1,5021,2.0
Harmony,breakout,1,5195,1.0
Harmony,breakout,1,5374,1.0
Harmony,breakout,1,5502,0.0
Harmony,breakout,1,5782,3.0
Harmony,breakout,1,5984,2.0
Harmony,breakout,1,6203,2.0
Harmony,breakout,1,6529,4.0
Harmony,breakout,1,6695,0.0
Harmony,breakout,1,7002,4.0
Harmony,breakout,1,7415,9.0
Harmony,breakout,1,7718,4.0
Harmony,breakout,1,7924,2.0
Harmony,breakout,1,8063,0.0
Harmony,breakout,1,8205,0.0
Harmony,breakout,1,8844,9.0
Harmony,breakout,1,9429,0.0
Harmony,breakout,1,10638,3.0
Harmony,breakout,1,11475,0.0
Harmony,breakout,1,11800,1.0
Harmony,breakout,1,12125,4.0
Harmony,breakout,1,12374,3.0
Harmony,breakout,1,12498,0.0
Harmony,breakout,1,12864,3.0
Harmony,breakout,1,13715,3.0
Harmony,breakout,1,15133,1.0
Harmony,breakout,1,17445,12.0
Harmony,breakout,1,17698,2.0
Harmony,breakout,1,19447,2.0
Harmony,breakout,1,19880,3.0
Harmony,breakout,1,20062,0.0
Harmony,breakout,1,20263,2.0
Harmony,breakout,1,20463,2.0
Harmony,breakout,1,20689,2.0
Harmony,breakout,1,20922,2.0
Harmony,breakout,1,21156,2.0
Harmony,breakout,1,21579,4.0
Harmony,breakout,1,21896,2.0
Harmony,breakout,1,22197,3.0
Harmony,breakout,1,22453,2.0
Harmony,breakout,1,22839,5.0
Harmony,breakout,1,23097,3.0
Harmony,breakout,1,23400,4.0
Harmony,breakout,1,23667,2.0
Harmony,breakout,1,23868,2.0
Harmony,breakout,1,24120,3.0
Harmony,breakout,1,24565,4.0
Harmony,breakout,1,24751,0.0
Harmony,breakout,1,25022,0.0
Harmony,breakout,1,25336,4.0
Harmony,breakout,1,25585,3.0
Harmony,breakout,1,25837,2.0
Harmony,breakout,1,26182,2.0
Harmony,breakout,1,26430,3.0
Harmony,breakout,1,26630,2.0
Harmony,breakout,1,26879,3.0
Harmony,breakout,1,27079,2.0
Harmony,breakout,1,27281,2.0
Harmony,breakout,1,27540,3.0
Harmony,breakout,1,27743,2.0
Harmony,breakout,1,27956,2.0
Harmony,breakout,1,28163,2.0
Harmony,breakout,1,28577,4.0
Harmony,breakout,1,28786,2.0
Harmony,breakout,1,29099,4.0
Harmony,breakout,1,29328,2.0
Harmony,breakout,1,29588,2.0
Harmony,breakout,1,29897,3.0
Harmony,breakout,1,30128,2.0
Harmony,breakout,1,30327,2.0
Harmony,breakout,1,30756,4.0
Harmony,breakout,1,31032,3.0
Harmony,breakout,1,31386,4.0
Harmony,breakout,1,31637,3.0
Harmony,breakout,1,31859,2.0
Harmony,breakout,1,32111,3.0
Harmony,breakout,1,32369,3.0
Harmony,breakout,1,32611,2.0
Harmony,breakout,1,32812,2.0
Harmony,breakout,1,33160,4.0
Harmony,breakout,1,33389,2.0
Harmony,breakout,1,33762,5.0
Harmony,breakout,1,34097,3.0
Harmony,breakout,1,34355,3.0
Harmony,breakout,1,34651,2.0
Harmony,breakout,1,34929,2.0
Harmony,breakout,1,35202,2.0
Harmony,breakout,1,35552,4.0
Harmony,breakout,1,35767,2.0
Harmony,breakout,1,36026,2.0
Harmony,breakout,1,36230,2.0
Harmony,breakout,1,36585,5.0
Harmony,breakout,1,36860,3.0
Harmony,breakout,1,37117,3.0
Harmony,breakout,1,37366,2.0
Harmony,breakout,1,37621,3.0
Harmony,breakout,1,37933,4.0
Harmony,breakout,1,38160,2.0
Harmony,breakout,1,38359,2.0
Harmony,breakout,1,38560,2.0
Harmony,breakout,1,38810,3.0
Harmony,breakout,1,39013,2.0
Harmony,breakout,1,39267,2.0
Harmony,breakout,1,39479,2.0
Harmony,breakout,1,39742,3.0
Harmony,breakout,1,40011,2.0
Harmony,breakout,1,40356,2.0
Harmony,breakout,1,40613,2.0
Harmony,breakout,1,40986,2.0
Harmony,breakout,1,41252,2.0
Harmony,breakout,1,41545,3.0
Harmony,breakout,1,41943,5.0
Harmony,breakout,1,42281,4.0
Harmony,breakout,1,42579,4.0
Harmony,breakout,1,42781,2.0
Harmony,breakout,1,43166,5.0
Harmony,breakout,1,43421,3.0
Harmony,breakout,1,43687,2.0
Harmony,breakout,1,44081,5.0
Harmony,breakout,1,44287,2.0
Harmony,breakout,1,44514,2.0
Harmony,breakout,1,44794,3.0
Harmony,breakout,1,45061,2.0
Harmony,breakout,1,45277,2.0
Harmony,breakout,1,45527,3.0
Harmony,breakout,1,45754,2.0
Harmony,breakout,1,46038,3.0
Harmony,breakout,1,46313,3.0
Harmony,breakout,1,46542,2.0
Harmony,breakout,1,46901,5.0
Harmony,breakout,1,47388,4.0
Harmony,breakout,1,47590,2.0
Harmony,breakout,1,47798,2.0
Harmony,breakout,1,48205,5.0
Harmony,breakout,1,48409,2.0
Harmony,breakout,1,48829,6.0
Harmony,breakout,1,49206,5.0
Harmony,breakout,1,49937,5.0
Harmony,breakout,1,50136,2.0
Harmony,breakout,1,50289,1.0
Harmony,breakout,1,50761,4.0
Harmony,breakout,1,51086,2.0
Harmony,breakout,1,51286,2.0
Harmony,breakout,1,51634,2.0
Harmony,breakout,1,51958,5.0
Harmony,breakout,1,52355,5.0
Harmony,breakout,1,52978,5.0
Harmony,breakout,1,53451,2.0
Harmony,breakout,1,53861,4.0
Harmony,breakout,1,54016,1.0
Harmony,breakout,1,54264,3.0
Harmony,breakout,1,54516,3.0
Harmony,breakout,1,54810,4.0
Harmony,breakout,1,55112,4.0
Harmony,breakout,1,55468,4.0
Harmony,breakout,1,55789,4.0
Harmony,breakout,1,56086,4.0
Harmony,breakout,1,56450,5.0
Harmony,breakout,1,56836,5.0
Harmony,breakout,1,57385,3.0
Harmony,breakout,1,57831,4.0
Harmony,breakout,1,57996,1.0
Harmony,breakout,1,58358,5.0
Harmony,breakout,1,58607,3.0
Harmony,breakout,1,59108,3.0
Harmony,breakout,1,59312,0.0
Harmony,breakout,1,59613,4.0
Harmony,breakout,1,60017,6.0
Harmony,breakout,1,60365,5.0
Harmony,breakout,1,60819,2.0
Harmony,breakout,1,61096,3.0
Harmony,breakout,1,61370,3.0
Harmony,breakout,1,61581,1.0
Harmony,breakout,1,62056,3.0
Harmony,breakout,1,62417,5.0
Harmony,breakout,1,62778,5.0
Harmony,breakout,1,63141,4.0
Harmony,breakout,1,63894,6.0
Harmony,breakout,1,64491,5.0
Harmony,breakout,1,64838,3.0
Harmony,breakout,1,65151,4.0
Harmony,breakout,1,66517,5.0
Harmony,breakout,1,66923,5.0
Harmony,breakout,1,67456,4.0
Harmony,breakout,1,67968,3.0
Harmony,breakout,1,69431,4.0
Harmony,breakout,1,69868,6.0
Harmony,breakout,1,70413,12.0
Harmony,breakout,1,70814,3.0
Harmony,breakout,1,71251,5.0
Harmony,breakout,1,71587,5.0
Harmony,breakout,1,71725,0.0
Harmony,breakout,1,72024,4.0
Harmony,breakout,1,72379,5.0
Harmony,breakout,1,72508,0.0
Harmony,breakout,1,73688,5.0
Harmony,breakout,1,75143,4.0
Harmony,breakout,1,76395,3.0
Harmony,breakout,1,77007,5.0
Harmony,breakout,1,78373,4.0
Harmony,breakout,1,78759,6.0
Harmony,breakout,1,79627,5.0
Harmony,breakout,1,80056,7.0
Harmony,breakout,1,80490,6.0
Harmony,breakout,1,80821,5.0
Harmony,breakout,1,81350,9.0
Harmony,breakout,1,81905,12.0
Harmony,breakout,1,82335,7.0
Harmony,breakout,1,82921,14.0
Harmony,breakout,1,83355,7.0
Harmony,breakout,1,83803,11.0
Harmony,breakout,1,84136,5.0
Harmony,breakout,1,84614,3.0
Harmony,breakout,1,84926,4.0
Harmony,breakout,1,85160,2.0
Harmony,breakout,1,85518,6.0
Harmony,breakout,1,85848,5.0
Harmony,breakout,1,86183,5.0
Harmony,breakout,1,87118,8.0
Harmony,breakout,1,87526,6.0
Harmony,breakout,1,88152,9.0
Harmony,breakout,1,88488,3.0
Harmony,breakout,1,88853,6.0
Harmony,breakout,1,89655,17.0
Harmony,breakout,1,90096,7.0
Harmony,breakout,1,90592,7.0
Harmony,breakout,1,90925,5.0
Harmony,breakout,1,91435,5.0
Harmony,breakout,1,91785,6.0
Harmony,breakout,1,92176,6.0
Harmony,breakout,1,92480,5.0
Harmony,breakout,1,93100,11.0
Harmony,breakout,1,93637,7.0
Harmony,breakout,1,94197,6.0
Harmony,breakout,1,94559,6.0
Harmony,breakout,1,94985,7.0
Harmony,breakout,1,95264,4.0
Harmony,breakout,1,95722,5.0
Harmony,breakout,1,96161,10.0
Harmony,breakout,1,96476,2.0
Harmony,breakout,1,96916,4.0
Harmony,breakout,1,97335,6.0
Harmony,breakout,1,97920,11.0
Harmony,breakout,1,98199,3.0
Harmony,breakout,1,98684,6.0
Harmony,breakout,1,99028,5.0
Harmony,breakout,1,99548,5.0
Harmony,chopper_command,1,543,500.0
Harmony,chopper_command,1,1176,1000.0
Harmony,chopper_command,1,1875,800.0
Harmony,chopper_command,1,2386,900.0
Harmony,chopper_command,1,3881,1100.0
Harmony,chopper_command,1,5335,1100.0
Harmony,chopper_command,1,6162,400.0
Harmony,chopper_command,1,6995,800.0
Harmony,chopper_command,1,7933,700.0
Harmony,chopper_command,1,8416,400.0
Harmony,chopper_command,1,9077,900.0
Harmony,chopper_command,1,10181,1000.0
Harmony,chopper_command,1,11605,1100.0
Harmony,chopper_command,1,12486,700.0
Harmony,chopper_command,1,12988,500.0
Harmony,chopper_command,1,13873,800.0
Harmony,chopper_command,1,14338,400.0
Harmony,chopper_command,1,14743,300.0
Harmony,chopper_command,1,14980,300.0
Harmony,chopper_command,1,16577,1100.0
Harmony,chopper_command,1,17251,800.0
Harmony,chopper_command,1,17988,1400.0
Harmony,chopper_command,1,18391,500.0
Harmony,chopper_command,1,18857,800.0
Harmony,chopper_command,1,19170,600.0
Harmony,chopper_command,1,19603,800.0
Harmony,chopper_command,1,19899,600.0
Harmony,chopper_command,1,20519,600.0
Harmony,chopper_command,1,20915,100.0
Harmony,chopper_command,1,21440,800.0
Harmony,chopper_command,1,21750,800.0
Harmony,chopper_command,1,23697,1000.0
Harmony,chopper_command,1,25385,900.0
Harmony,chopper_command,1,25628,200.0
Harmony,chopper_command,1,25855,100.0
Harmony,chopper_command,1,26080,0.0
Harmony,chopper_command,1,26290,300.0
Harmony,chopper_command,1,26493,100.0
Harmony,chopper_command,1,26681,200.0
Harmony,chopper_command,1,26891,100.0
Harmony,chopper_command,1,27096,300.0
Harmony,chopper_command,1,28356,800.0
Harmony,chopper_command,1,29194,500.0
Harmony,chopper_command,1,29923,700.0
Harmony,chopper_command,1,31021,800.0
Harmony,chopper_command,1,31888,900.0
Harmony,chopper_command,1,32436,700.0
Harmony,chopper_command,1,33230,500.0
Harmony,chopper_command,1,34023,400.0
Harmony,chopper_command,1,34451,300.0
Harmony,chopper_command,1,35305,1200.0
Harmony,chopper_command,1,35813,500.0
Harmony,chopper_command,1,36361,1200.0
Harmony,chopper_command,1,37771,1200.0
Harmony,chopper_command,1,38114,1100.0
Harmony,chopper_command,1,39453,1300.0
Harmony,chopper_command,1,39710,700.0
Harmony,chopper_command,1,40746,1200.0
Harmony,chopper_command,1,42334,1200.0
Harmony,chopper_command,1,42868,1100.0
Harmony,chopper_command,1,43331,1200.0
Harmony,chopper_command,1,44028,1000.0
Harmony,chopper_command,1,44796,1200.0
Harmony,chopper_command,1,45882,2500.0
Harmony,chopper_command,1,46386,1400.0
Harmony,chopper_command,1,46754,1000.0
Harmony,chopper_command,1,47585,900.0
Harmony,chopper_command,1,47870,600.0
Harmony,chopper_command,1,48371,1200.0
Harmony,chopper_command,1,49253,1600.0
Harmony,chopper_command,1,50174,1400.0
Harmony,chopper_command,1,50574,1100.0
Harmony,chopper_command,1,51050,800.0
Harmony,chopper_command,1,52638,2800.0
Harmony,chopper_command,1,53468,1500.0
Harmony,chopper_command,1,54851,1400.0
Harmony,chopper_command,1,56099,1600.0
Harmony,chopper_command,1,56578,1000.0
Harmony,chopper_command,1,57274,1300.0
Harmony,chopper_command,1,57617,700.0
Harmony,chopper_command,1,58024,1200.0
Harmony,chopper_command,1,58492,1100.0
Harmony,chopper_command,1,59231,1500.0
Harmony,chopper_command,1,60295,1500.0
Harmony,chopper_command,1,60775,900.0
Harmony,chopper_command,1,61356,1200.0
Harmony,chopper_command,1,63143,1300.0
Harmony,chopper_command,1,63845,1400.0
Harmony,chopper_command,1,65002,2400.0
Harmony,chopper_command,1,65522,900.0
Harmony,chopper_command,1,66125,1400.0
Harmony,chopper_command,1,66878,2500.0
Harmony,chopper_command,1,67451,1100.0
Harmony,chopper_command,1,68026,1400.0
Harmony,chopper_command,1,68838,2600.0
Harmony,chopper_command,1,69271,900.0
Harmony,chopper_command,1,69735,1100.0
Harmony,chopper_command,1,70854,1800.0
Harmony,chopper_command,1,72554,3200.0
Harmony,chopper_command,1,73535,1600.0
Harmony,chopper_command,1,74152,1200.0
Harmony,chopper_command,1,74688,900.0
Harmony,chopper_command,1,75024,700.0
Harmony,chopper_command,1,75396,900.0
Harmony,chopper_command,1,75881,1200.0
Harmony,chopper_command,1,76336,1200.0
Harmony,chopper_command,1,76714,1000.0
Harmony,chopper_command,1,76975,800.0
Harmony,chopper_command,1,77549,1200.0
Harmony,chopper_command,1,77959,1400.0
Harmony,chopper_command,1,78251,600.0
Harmony,chopper_command,1,80002,3000.0
Harmony,chopper_command,1,81316,1500.0
Harmony,chopper_command,1,82738,3100.0
Harmony,chopper_command,1,83378,1400.0
Harmony,chopper_command,1,84209,1700.0
Harmony,chopper_command,1,85266,2600.0
Harmony,chopper_command,1,86223,2900.0
Harmony,chopper_command,1,87942,1800.0
Harmony,chopper_command,1,88475,900.0
Harmony,chopper_command,1,89075,1100.0
Harmony,chopper_command,1,89981,1300.0
Harmony,chopper_command,1,90589,1300.0
Harmony,chopper_command,1,91116,1100.0
Harmony,chopper_command,1,91528,900.0
Harmony,chopper_command,1,92176,1500.0
Harmony,chopper_command,1,92579,1300.0
Harmony,chopper_command,1,93074,1000.0
Harmony,chopper_command,1,94214,3000.0
Harmony,chopper_command,1,94688,1200.0
Harmony,chopper_command,1,94957,800.0
Harmony,chopper_command,1,96440,1600.0
Harmony,chopper_command,1,96787,1000.0
Harmony,chopper_command,1,97472,1200.0
Harmony,chopper_command,1,97898,1000.0
Harmony,chopper_command,1,98266,800.0
Harmony,chopper_command,1,98547,700.0
Harmony,chopper_command,1,98970,900.0
Harmony,chopper_command,1,99443,1200.0
Harmony,chopper_command,1,99868,1200.0
Harmony,crazy_climber,1,4617,11000.0
Harmony,crazy_climber,1,7290,7300.0
Harmony,crazy_climber,1,9708,10800.0
Harmony,crazy_climber,1,13502,11000.0
Harmony,crazy_climber,1,17079,18300.0
Harmony,crazy_climber,1,20278,18300.0
Harmony,crazy_climber,1,23082,28000.0
Harmony,crazy_climber,1,26763,19900.0
Harmony,crazy_climber,1,30565,23300.0
Harmony,crazy_climber,1,32816,18700.0
Harmony,crazy_climber,1,35280,28300.0
Harmony,crazy_climber,1,38171,29100.0
Harmony,crazy_climber,1,40821,28900.0
Harmony,crazy_climber,1,44539,53300.0
Harmony,crazy_climber,1,47382,52900.0
Harmony,crazy_climber,1,51315,102000.0
Harmony,crazy_climber,1,54503,40500.0
Harmony,crazy_climber,1,58005,66100.0
Harmony,crazy_climber,1,63006,93800.0
Harmony,crazy_climber,1,65323,38400.0
Harmony,crazy_climber,1,68232,44700.0
Harmony,crazy_climber,1,70559,39300.0
Harmony,crazy_climber,1,73092,30300.0
Harmony,crazy_climber,1,76257,45100.0
Harmony,crazy_climber,1,79822,27500.0
Harmony,crazy_climber,1,82289,29500.0
Harmony,crazy_climber,1,84529,38500.0
Harmony,crazy_climber,1,87043,29100.0
Harmony,crazy_climber,1,89426,29500.0
Harmony,crazy_climber,1,91683,23300.0
Harmony,crazy_climber,1,96523,95200.0
Harmony,crazy_climber,1,99034,47800.0
Harmony,demon_attack,1,813,110.0
Harmony,demon_attack,1,1317,70.0
Harmony,demon_attack,1,2039,120.0
Harmony,demon_attack,1,2514,130.0
Harmony,demon_attack,1,3136,140.0
Harmony,demon_attack,1,4183,220.0
Harmony,demon_attack,1,4836,90.0
Harmony,demon_attack,1,5043,40.0
Harmony,demon_attack,1,6018,235.0
Harmony,demon_attack,1,6912,120.0
Harmony,demon_attack,1,7289,60.0
Harmony,demon_attack,1,7994,120.0
Harmony,demon_attack,1,12302,1300.0
Harmony,demon_attack,1,21349,1300.0
Harmony,demon_attack,1,22829,205.0
Harmony,demon_attack,1,24570,175.0
Harmony,demon_attack,1,26289,250.0
Harmony,demon_attack,1,28757,355.0
Harmony,demon_attack,1,30596,310.0
Harmony,demon_attack,1,31232,130.0
Harmony,demon_attack,1,32068,150.0
Harmony,demon_attack,1,33475,205.0
Harmony,demon_attack,1,35476,340.0
Harmony,demon_attack,1,36116,130.0
Harmony,demon_attack,1,36721,130.0
Harmony,demon_attack,1,37146,70.0
Harmony,demon_attack,1,38063,160.0
Harmony,demon_attack,1,38873,130.0
Harmony,demon_attack,1,39366,90.0
Harmony,demon_attack,1,40023,110.0
Harmony,demon_attack,1,40355,40.0
Harmony,demon_attack,1,40758,130.0
Harmony,demon_attack,1,41495,90.0
Harmony,demon_attack,1,41835,20.0
Harmony,demon_attack,1,42156,10.0
Harmony,demon_attack,1,43520,700.0
Harmony,demon_attack,1,44650,235.0
Harmony,demon_attack,1,45189,130.0
Harmony,demon_attack,1,46773,385.0
Harmony,demon_attack,1,47140,80.0
Harmony,demon_attack,1,47411,60.0
Harmony,demon_attack,1,47909,90.0
Harmony,demon_attack,1,48926,220.0
Harmony,demon_attack,1,49590,160.0
Harmony,demon_attack,1,49935,60.0
Harmony,demon_attack,1,51110,265.0
Harmony,demon_attack,1,51515,130.0
Harmony,demon_attack,1,52396,190.0
Harmony,demon_attack,1,53008,130.0
Harmony,demon_attack,1,53572,140.0
Harmony,demon_attack,1,54878,420.0
Harmony,demon_attack,1,55364,100.0
Harmony,demon_attack,1,55895,160.0
Harmony,demon_attack,1,56395,130.0
Harmony,demon_attack,1,56649,80.0
Harmony,demon_attack,1,57080,100.0
Harmony,demon_attack,1,57339,50.0
Harmony,demon_attack,1,58574,355.0
Harmony,demon_attack,1,58981,70.0
Harmony,demon_attack,1,59475,90.0
Harmony,demon_attack,1,60473,265.0
Harmony,demon_attack,1,60819,60.0
Harmony,demon_attack,1,61618,150.0
Harmony,demon_attack,1,62556,310.0
Harmony,demon_attack,1,62839,40.0
Harmony,demon_attack,1,63171,80.0
Harmony,demon_attack,1,63685,130.0
Harmony,demon_attack,1,64087,120.0
Harmony,demon_attack,1,64536,80.0
Harmony,demon_attack,1,65596,280.0
Harmony,demon_attack,1,66158,90.0
Harmony,demon_attack,1,67072,265.0
Harmony,demon_attack,1,68173,280.0
Harmony,demon_attack,1,69426,355.0
Harmony,demon_attack,1,70100,130.0
Harmony,demon_attack,1,70309,50.0
Harmony,demon_attack,1,70664,90.0
Harmony,demon_attack,1,71325,110.0
Harmony,demon_attack,1,72666,370.0
Harmony,demon_attack,1,73329,175.0
Harmony,demon_attack,1,73811,100.0
Harmony,demon_attack,1,74189,130.0
Harmony,demon_attack,1,74636,120.0
Harmony,demon_attack,1,76960,620.0
Harmony,demon_attack,1,78393,520.0
Harmony,demon_attack,1,79354,150.0
Harmony,demon_attack,1,79712,80.0
Harmony,demon_attack,1,80218,120.0
Harmony,demon_attack,1,80424,30.0
Harmony,demon_attack,1,81001,140.0
Harmony,demon_attack,1,82559,385.0
Harmony,demon_attack,1,83450,325.0
Harmony,demon_attack,1,84354,205.0
Harmony,demon_attack,1,84981,120.0
Harmony,demon_attack,1,86523,400.0
Harmony,demon_attack,1,89274,1340.0
Harmony,demon_attack,1,89586,90.0
Harmony,demon_attack,1,90115,130.0
Harmony,demon_attack,1,91480,385.0
Harmony,demon_attack,1,91766,50.0
Harmony,demon_attack,1,92510,175.0
Harmony,demon_attack,1,93459,220.0
Harmony,demon_attack,1,94731,355.0
Harmony,demon_attack,1,95259,120.0
Harmony,demon_attack,1,96644,420.0
Harmony,demon_attack,1,97550,235.0
Harmony,demon_attack,1,98058,70.0
Harmony,demon_attack,1,98903,120.0
Harmony,demon_attack,1,99517,175.0
Harmony,freeway,1,2042,0.0
Harmony,freeway,1,4084,0.0
Harmony,freeway,1,6130,0.0
Harmony,freeway,1,8175,0.0
Harmony,freeway,1,10216,0.0
Harmony,freeway,1,12262,0.0
Harmony,freeway,1,14303,0.0
Harmony,freeway,1,16344,0.0
Harmony,freeway,1,18392,0.0
Harmony,freeway,1,20434,0.0
Harmony,freeway,1,22476,0.0
Harmony,freeway,1,24520,0.0
Harmony,freeway,1,26566,0.0
Harmony,freeway,1,28608,0.0
Harmony,freeway,1,30650,0.0
Harmony,freeway,1,32696,0.0
Harmony,freeway,1,34737,0.0
Harmony,freeway,1,36779,0.0
Harmony,freeway,1,38823,0.0
Harmony,freeway,1,40869,0.0
Harmony,freeway,1,42912,0.0
Harmony,freeway,1,44957,0.0
Harmony,freeway,1,46999,0.0
Harmony,freeway,1,49040,0.0
Harmony,freeway,1,51085,0.0
Harmony,freeway,1,53128,0.0
Harmony,freeway,1,55176,0.0
Harmony,freeway,1,57220,0.0
Harmony,freeway,1,59263,0.0
Harmony,freeway,1,61311,0.0
Harmony,freeway,1,63359,0.0
Harmony,freeway,1,65402,0.0
Harmony,freeway,1,67448,0.0
Harmony,freeway,1,69495,0.0
Harmony,freeway,1,71542,0.0
Harmony,freeway,1,73588,0.0
Harmony,freeway,1,75630,0.0
Harmony,freeway,1,77672,0.0
Harmony,freeway,1,79713,0.0
Harmony,freeway,1,81760,0.0
Harmony,freeway,1,83806,0.0
Harmony,freeway,1,85853,0.0
Harmony,freeway,1,87896,0.0
Harmony,freeway,1,89942,0.0
Harmony,freeway,1,91984,0.0
Harmony,freeway,1,94028,0.0
Harmony,freeway,1,96076,0.0
Harmony,freeway,1,98124,0.0
Harmony,frostbite,1,250,0.0
Harmony,frostbite,1,599,40.0
Harmony,frostbite,1,994,60.0
Harmony,frostbite,1,1312,10.0
Harmony,frostbite,1,1729,130.0
Harmony,frostbite,1,2039,60.0
Harmony,frostbite,1,2449,90.0
Harmony,frostbite,1,2889,140.0
Harmony,frostbite,1,3301,60.0
Harmony,frostbite,1,3582,10.0
Harmony,frostbite,1,3945,90.0
Harmony,frostbite,1,4316,40.0
Harmony,frostbite,1,4613,20.0
Harmony,frostbite,1,4927,90.0
Harmony,frostbite,1,5298,60.0
Harmony,frostbite,1,5712,90.0
Harmony,frostbite,1,6123,80.0
Harmony,frostbite,1,6446,50.0
Harmony,frostbite,1,6920,100.0
Harmony,frostbite,1,7245,80.0
Harmony,frostbite,1,7751,190.0
Harmony,frostbite,1,8079,40.0
Harmony,frostbite,1,8431,90.0
Harmony,frostbite,1,8760,90.0
Harmony,frostbite,1,9095,100.0
Harmony,frostbite,1,9444,70.0
Harmony,frostbite,1,9857,60.0
Harmony,frostbite,1,10163,60.0
Harmony,frostbite,1,10493,100.0
Harmony,frostbite,1,10817,90.0
Harmony,frostbite,1,11166,120.0
Harmony,frostbite,1,11432,40.0
Harmony,frostbite,1,11756,100.0
Harmony,frostbite,1,12094,140.0
Harmony,frostbite,1,12487,150.0
Harmony,frostbite,1,12802,100.0
Harmony,frostbite,1,13192,170.0
Harmony,frostbite,1,13592,180.0
Harmony,frostbite,1,14053,200.0
Harmony,frostbite,1,14487,220.0
Harmony,frostbite,1,14913,190.0
Harmony,frostbite,1,15324,170.0
Harmony,frostbite,1,15663,130.0
Harmony,frostbite,1,16018,130.0
Harmony,frostbite,1,16390,160.0
Harmony,frostbite,1,16753,160.0
Harmony,frostbite,1,17227,180.0
Harmony,frostbite,1,17657,180.0
Harmony,frostbite,1,18050,180.0
Harmony,frostbite,1,18441,160.0
Harmony,frostbite,1,18775,130.0
Harmony,frostbite,1,19128,160.0
Harmony,frostbite,1,19476,160.0
Harmony,frostbite,1,19831,160.0
Harmony,frostbite,1,20241,150.0
Harmony,frostbite,1,20618,160.0
Harmony,frostbite,1,21054,170.0
Harmony,frostbite,1,21451,190.0
Harmony,frostbite,1,21826,160.0
Harmony,frostbite,1,22202,150.0
Harmony,frostbite,1,22599,150.0
Harmony,frostbite,1,22962,160.0
Harmony,frostbite,1,23334,160.0
Harmony,frostbite,1,23726,160.0
Harmony,frostbite,1,24189,220.0
Harmony,frostbite,1,24622,210.0
Harmony,frostbite,1,25035,180.0
Harmony,frostbite,1,25517,240.0
Harmony,frostbite,1,25910,190.0
Harmony,frostbite,1,26313,200.0
Harmony,frostbite,1,26741,200.0
Harmony,frostbite,1,27245,240.0
Harmony,frostbite,1,27723,230.0
Harmony,frostbite,1,28119,210.0
Harmony,frostbite,1,28685,240.0
Harmony,frostbite,1,29093,180.0
Harmony,frostbite,1,29499,200.0
Harmony,frostbite,1,29944,220.0
Harmony,frostbite,1,30433,240.0
Harmony,frostbite,1,30971,240.0
Harmony,frostbite,1,31482,230.0
Harmony,frostbite,1,31924,230.0
Harmony,frostbite,1,32369,240.0
Harmony,frostbite,1,32857,210.0
Harmony,frostbite,1,33307,220.0
Harmony,frostbite,1,33748,220.0
Harmony,frostbite,1,34200,240.0
Harmony,frostbite,1,34661,240.0
Harmony,frostbite,1,35101,210.0
Harmony,frostbite,1,35579,240.0
Harmony,frostbite,1,36060,240.0
Harmony,frostbite,1,36520,240.0
Harmony,frostbite,1,36978,230.0
Harmony,frostbite,1,37529,230.0
Harmony,frostbite,1,38003,240.0
Harmony,frostbite,1,38430,210.0
Harmony,frostbite,1,38873,230.0
Harmony,frostbite,1,39371,240.0
Harmony,frostbite,1,39870,240.0
Harmony,frostbite,1,40344,240.0
Harmony,frostbite,1,40861,240.0
Harmony,frostbite,1,41315,230.0
Harmony,frostbite,1,41884,240.0
Harmony,frostbite,1,42317,220.0
Harmony,frostbite,1,42833,240.0
Harmony,frostbite,1,43327,240.0
Harmony,frostbite,1,43810,240.0
Harmony,frostbite,1,44288,240.0
Harmony,frostbite,1,44750,240.0
Harmony,frostbite,1,45169,200.0
Harmony,frostbite,1,45649,240.0
Harmony,frostbite,1,46208,240.0
Harmony,frostbite,1,46664,220.0
Harmony,frostbite,1,47085,190.0
Harmony,frostbite,1,47555,240.0
Harmony,frostbite,1,48028,240.0
Harmony,frostbite,1,48502,240.0
Harmony,frostbite,1,49072,240.0
Harmony,frostbite,1,49559,190.0
Harmony,frostbite,1,50027,240.0
Harmony,frostbite,1,50509,240.0
Harmony,frostbite,1,50998,250.0
Harmony,frostbite,1,51469,240.0
Harmony,frostbite,1,51952,240.0
Harmony,frostbite,1,52469,250.0
Harmony,frostbite,1,52937,240.0
Harmony,frostbite,1,53421,240.0
Harmony,frostbite,1,53954,240.0
Harmony,frostbite,1,54606,240.0
Harmony,frostbite,1,55100,240.0
Harmony,frostbite,1,55578,240.0
Harmony,frostbite,1,56066,240.0
Harmony,frostbite,1,56529,240.0
Harmony,frostbite,1,57002,240.0
Harmony,frostbite,1,57506,240.0
Harmony,frostbite,1,57973,240.0
Harmony,frostbite,1,58499,240.0
Harmony,frostbite,1,58991,240.0
Harmony,frostbite,1,59455,240.0
Harmony,frostbite,1,59916,240.0
Harmony,frostbite,1,60409,240.0
Harmony,frostbite,1,60933,240.0
Harmony,frostbite,1,61417,240.0
Harmony,frostbite,1,61965,240.0
Harmony,frostbite,1,62485,240.0
Harmony,frostbite,1,62952,240.0
Harmony,frostbite,1,63413,240.0
Harmony,frostbite,1,63869,240.0
Harmony,frostbite,1,64347,240.0
Harmony,frostbite,1,64805,240.0
Harmony,frostbite,1,65289,240.0
Harmony,frostbite,1,65800,240.0
Harmony,frostbite,1,66277,240.0
Harmony,frostbite,1,66746,240.0
Harmony,frostbite,1,67248,240.0
Harmony,frostbite,1,67754,240.0
Harmony,frostbite,1,68337,240.0
Harmony,frostbite,1,68788,240.0
Harmony,frostbite,1,69264,240.0
Harmony,frostbite,1,69749,240.0
Harmony,frostbite,1,70219,240.0
Harmony,frostbite,1,70677,240.0
Harmony,frostbite,1,71153,240.0
Harmony,frostbite,1,71617,240.0
Harmony,frostbite,1,72075,240.0
Harmony,frostbite,1,72554,240.0
Harmony,frostbite,1,73029,240.0
Harmony,frostbite,1,73501,240.0
Harmony,frostbite,1,73956,240.0
Harmony,frostbite,1,74416,240.0
Harmony,frostbite,1,74885,240.0
Harmony,frostbite,1,75323,240.0
Harmony,frostbite,1,75777,240.0
Harmony,frostbite,1,76267,240.0
Harmony,frostbite,1,76762,240.0
Harmony,frostbite,1,77306,240.0
Harmony,frostbite,1,77821,240.0
Harmony,frostbite,1,78288,240.0
Harmony,frostbite,1,78845,250.0
Harmony,frostbite,1,79427,240.0
Harmony,frostbite,1,79943,240.0
Harmony,frostbite,1,80426,240.0
Harmony,frostbite,1,80885,240.0
Harmony,frostbite,1,81427,240.0
Harmony,frostbite,1,81946,240.0
Harmony,frostbite,1,82426,240.0
Harmony,frostbite,1,82910,240.0
Harmony,frostbite,1,83409,240.0
Harmony,frostbite,1,83854,240.0
Harmony,frostbite,1,84315,240.0
Harmony,frostbite,1,84882,240.0
Harmony,frostbite,1,85377,240.0
Harmony,frostbite,1,85963,240.0
Harmony,frostbite,1,86537,240.0
Harmony,frostbite,1,86996,240.0
Harmony,frostbite,1,87493,240.0
Harmony,frostbite,1,87953,240.0
Harmony,frostbite,1,88408,240.0
Harmony,frostbite,1,88895,240.0
Harmony,frostbite,1,89393,240.0
Harmony,frostbite,1,89935,240.0
Harmony,frostbite,1,90481,240.0
Harmony,frostbite,1,90971,240.0
Harmony,frostbite,1,91518,240.0
Harmony,frostbite,1,92025,240.0
Harmony,frostbite,1,92510,240.0
Harmony,frostbite,1,92983,240.0
Harmony,frostbite,1,93459,240.0
Harmony,frostbite,1,93928,240.0
Harmony,frostbite,1,94421,240.0
Harmony,frostbite,1,94904,240.0
Harmony,frostbite,1,95373,250.0
Harmony,frostbite,1,95848,240.0
Harmony,frostbite,1,96305,240.0
Harmony,frostbite,1,96777,260.0
Harmony,frostbite,1,97454,260.0
Harmony,frostbite,1,97936,260.0
Harmony,frostbite,1,98396,250.0
Harmony,frostbite,1,98835,240.0
Harmony,frostbite,1,99541,250.0
Harmony,gopher,1,1112,440.0
Harmony,gopher,1,2120,380.0
Harmony,gopher,1,3301,500.0
Harmony,gopher,1,4658,300.0
Harmony,gopher,1,5742,240.0
Harmony,gopher,1,6438,520.0
Harmony,gopher,1,7292,240.0
Harmony,gopher,1,8478,560.0
Harmony,gopher,1,9681,440.0
Harmony,gopher,1,10743,340.0
Harmony,gopher,1,11411,160.0
Harmony,gopher,1,12330,340.0
Harmony,gopher,1,13356,320.0
Harmony,gopher,1,14081,100.0
Harmony,gopher,1,14733,80.0
Harmony,gopher,1,15426,80.0
Harmony,gopher,1,16139,160.0
Harmony,gopher,1,17170,340.0
Harmony,gopher,1,18297,600.0
Harmony,gopher,1,19073,280.0
Harmony,gopher,1,19819,120.0
Harmony,gopher,1,20712,300.0
Harmony,gopher,1,21304,80.0
Harmony,gopher,1,22713,720.0
Harmony,gopher,1,23791,240.0
Harmony,gopher,1,24526,100.0
Harmony,gopher,1,25340,420.0
Harmony,gopher,1,26402,320.0
Harmony,gopher,1,27423,600.0
Harmony,gopher,1,28580,660.0
Harmony,gopher,1,29408,480.0
Harmony,gopher,1,30691,820.0
Harmony,gopher,1,31597,460.0
Harmony,gopher,1,32556,260.0
Harmony,gopher,1,33417,420.0
Harmony,gopher,1,34844,1020.0
Harmony,gopher,1,35660,180.0
Harmony,gopher,1,36409,260.0
Harmony,gopher,1,37392,120.0
Harmony,gopher,1,38013,100.0
Harmony,gopher,1,39087,320.0
Harmony,gopher,1,39853,60.0
Harmony,gopher,1,41331,660.0
Harmony,gopher,1,42092,480.0
Harmony,gopher,1,42840,340.0
Harmony,gopher,1,43859,800.0
Harmony,gopher,1,44796,400.0
Harmony,gopher,1,46097,840.0
Harmony,gopher,1,46892,620.0
Harmony,gopher,1,47787,340.0
Harmony,gopher,1,49207,1160.0
Harmony,gopher,1,50649,1060.0
Harmony,gopher,1,52129,1060.0
Harmony,gopher,1,53196,500.0
Harmony,gopher,1,54429,940.0
Harmony,gopher,1,55406,340.0
Harmony,gopher,1,56268,460.0
Harmony,gopher,1,57366,980.0
Harmony,gopher,1,57995,260.0
Harmony,gopher,1,58924,340.0
Harmony,gopher,1,60158,1060.0
Harmony,gopher,1,61140,340.0
Harmony,gopher,1,61835,80.0
Harmony,gopher,1,63068,560.0
Harmony,gopher,1,63971,400.0
Harmony,gopher,1,64803,340.0
Harmony,gopher,1,66115,780.0
Harmony,gopher,1,66944,380.0
Harmony,gopher,1,67795,460.0
Harmony,gopher,1,68499,180.0
Harmony,gopher,1,69530,580.0
Harmony,gopher,1,70371,360.0
Harmony,gopher,1,71839,960.0
Harmony,gopher,1,72566,80.0
Harmony,gopher,1,74079,1100.0
Harmony,gopher,1,75584,1000.0
Harmony,gopher,1,77022,840.0
Harmony,gopher,1,78097,1080.0
Harmony,gopher,1,78976,220.0
Harmony,gopher,1,80238,900.0
Harmony,gopher,1,81851,1300.0
Harmony,gopher,1,83423,1960.0
Harmony,gopher,1,84137,480.0
Harmony,gopher,1,85800,1340.0
Harmony,gopher,1,86911,800.0
Harmony,gopher,1,87506,200.0
Harmony,gopher,1,88818,740.0
Harmony,gopher,1,90055,980.0
Harmony,gopher,1,91365,1240.0
Harmony,gopher,1,92656,1640.0
Harmony,gopher,1,93614,360.0
Harmony,gopher,1,94551,360.0
Harmony,gopher,1,96312,1660.0
Harmony,gopher,1,97075,520.0
Harmony,gopher,1,98255,500.0
Harmony,gopher,1,99920,1420.0
Harmony,hero,1,310,75.0
Harmony,hero,1,1299,1825.0
Harmony,hero,1,1807,2625.0
Harmony,hero,1,2770,2015.0
Harmony,hero,1,3135,75.0
Harmony,hero,1,3462,0.0
Harmony,hero,1,4920,125.0
Harmony,hero,1,5501,2575.0
Harmony,hero,1,5815,0.0
Harmony,hero,1,6148,75.0
Harmony,hero,1,7607,0.0
Harmony,hero,1,7896,75.0
Harmony,hero,1,8234,75.0
Harmony,hero,1,9230,2625.0
Harmony,hero,1,9944,75.0
Harmony,hero,1,10828,75.0
Harmony,hero,1,11264,75.0
Harmony,hero,1,11929,7100.0
Harmony,hero,1,12409,3005.0
Harmony,hero,1,13302,2910.0
Harmony,hero,1,14093,2835.0
Harmony,hero,1,14769,2820.0
Harmony,hero,1,16484,2795.0
Harmony,hero,1,17465,2875.0
Harmony,hero,1,17877,2850.0
Harmony,hero,1,18332,2970.0
Harmony,hero,1,18751,3040.0
Harmony,hero,1,19135,2850.0
Harmony,hero,1,19638,2840.0
Harmony,hero,1,20136,2970.0
Harmony,hero,1,20601,2990.0
Harmony,hero,1,21069,2990.0
Harmony,hero,1,21559,2990.0
Harmony,hero,1,22088,75.0
Harmony,hero,1,22727,2990.0
Harmony,hero,1,23162,3010.0
Harmony,hero,1,23562,3010.0
Harmony,hero,1,23978,3010.0
Harmony,hero,1,25596,3060.0
Harmony,hero,1,26102,2990.0
Harmony,hero,1,26541,3135.0
Harmony,hero,1,26970,2990.0
Harmony,hero,1,27355,3010.0
Harmony,hero,1,27732,2990.0
Harmony,hero,1,28105,3010.0
Harmony,hero,1,28525,2990.0
Harmony,hero,1,28986,2990.0
Harmony,hero,1,29438,3060.0
Harmony,hero,1,29905,2990.0
Harmony,hero,1,31560,3065.0
Harmony,hero,1,31945,3010.0
Harmony,hero,1,32376,2970.0
Harmony,hero,1,33057,3010.0
Harmony,hero,1,33486,3010.0
Harmony,hero,1,34754,5640.0
Harmony,hero,1,35922,3060.0
Harmony,hero,1,36366,3040.0
Harmony,hero,1,36821,3040.0
Harmony,hero,1,37247,3060.0
Harmony,hero,1,38641,3135.0
Harmony,hero,1,39054,3135.0
Harmony,hero,1,39425,2990.0
Harmony,hero,1,39806,3010.0
Harmony,hero,1,40458,3115.0
Harmony,hero,1,40877,3135.0
Harmony,hero,1,41324,3020.0
Harmony,hero,1,41763,3115.0
Harmony,hero,1,42558,6940.0
Harmony,hero,1,42954,3135.0
Harmony,hero,1,43874,6530.0
Harmony,hero,1,44472,3010.0
Harmony,hero,1,46081,3010.0
Harmony,hero,1,46687,3060.0
Harmony,hero,1,47404,7185.0
Harmony,hero,1,48018,7440.0
Harmony,hero,1,48773,7165.0
Harmony,hero,1,49828,7095.0
Harmony,hero,1,50905,7150.0
Harmony,hero,1,52812,11800.0
Harmony,hero,1,54291,7280.0
Harmony,hero,1,55161,7355.0
Harmony,hero,1,55925,7315.0
Harmony,hero,1,56598,7255.0
Harmony,hero,1,57291,7030.0
Harmony,hero,1,58101,7255.0
Harmony,hero,1,58829,7255.0
Harmony,hero,1,59340,7560.0
Harmony,hero,1,59946,7360.0
Harmony,hero,1,60632,7255.0
Harmony,hero,1,61391,7520.0
Harmony,hero,1,62227,7520.0
Harmony,hero,1,62812,7620.0
Harmony,hero,1,63352,7520.0
Harmony,hero,1,64129,7340.0
Harmony,hero,1,64664,7560.0
Harmony,hero,1,65190,7480.0
Harmony,hero,1,65594,3135.0
Harmony,hero,1,66189,7560.0
Harmony,hero,1,66746,7440.0
Harmony,hero,1,67261,3235.0
Harmony,hero,1,67797,7440.0
Harmony,hero,1,68435,7280.0
Harmony,hero,1,69060,7480.0
Harmony,hero,1,70014,7520.0
Harmony,hero,1,70429,3235.0
Harmony,hero,1,71303,7560.0
Harmony,hero,1,71718,3235.0
Harmony,hero,1,72555,7560.0
Harmony,hero,1,73064,7560.0
Harmony,hero,1,73658,7660.0
Harmony,hero,1,74185,7445.0
Harmony,hero,1,75718,7520.0
Harmony,hero,1,76227,7560.0
Harmony,hero,1,76753,7520.0
Harmony,hero,1,77549,7480.0
Harmony,hero,1,78134,7440.0
Harmony,hero,1,79047,7315.0
Harmony,hero,1,79651,7540.0
Harmony,hero,1,80576,7560.0
Harmony,hero,1,81245,7510.0
Harmony,hero,1,81972,7580.0
Harmony,hero,1,83537,10075.0
Harmony,hero,1,84171,7590.0
Harmony,hero,1,85165,12525.0
Harmony,hero,1,86080,13055.0
Harmony,hero,1,87022,13165.0
Harmony,hero,1,87832,13365.0
Harmony,hero,1,89869,13325.0
Harmony,hero,1,91701,7725.0
Harmony,hero,1,94428,10745.0
Harmony,hero,1,96228,7660.0
Harmony,hero,1,97646,13055.0
Harmony,hero,1,99681,13385.0
Harmony,jamesbond,1,480,0.0
Harmony,jamesbond,1,965,0.0
Harmony,jamesbond,1,1443,0.0
Harmony,jamesbond,1,1924,0.0
Harmony,jamesbond,1,2386,0.0
Harmony,jamesbond,1,2876,0.0
Harmony,jamesbond,1,3341,0.0
Harmony,jamesbond,1,3951,50.0
Harmony,jamesbond,1,4465,150.0
Harmony,jamesbond,1,5071,50.0
Harmony,jamesbond,1,5542,0.0
Harmony,jamesbond,1,6037,100.0
Harmony,jamesbond,1,6519,0.0
Harmony,jamesbond,1,6976,0.0
Harmony,jamesbond,1,7442,0.0
Harmony,jamesbond,1,7917,0.0
Harmony,jamesbond,1,8382,0.0
Harmony,jamesbond,1,8871,50.0
Harmony,jamesbond,1,9342,0.0
Harmony,jamesbond,1,9798,0.0
Harmony,jamesbond,1,10325,0.0
Harmony,jamesbond,1,10868,50.0
Harmony,jamesbond,1,11517,100.0
Harmony,jamesbond,1,12036,100.0
Harmony,jamesbond,1,12576,50.0
Harmony,jamesbond,1,13180,0.0
Harmony,jamesbond,1,13784,100.0
Harmony,jamesbond,1,14840,150.0
Harmony,jamesbond,1,15488,100.0
Harmony,jamesbond,1,16086,50.0
Harmony,jamesbond,1,16755,100.0
Harmony,jamesbond,1,17439,50.0
Harmony,jamesbond,1,18304,50.0
Harmony,jamesbond,1,19169,200.0
Harmony,jamesbond,1,20095,200.0
Harmony,jamesbond,1,20690,50.0
Harmony,jamesbond,1,21481,100.0
Harmony,jamesbond,1,22150,100.0
Harmony,jamesbond,1,23257,250.0
Harmony,jamesbond,1,23892,100.0
Harmony,jamesbond,1,24642,50.0
Harmony,jamesbond,1,25311,50.0
Harmony,jamesbond,1,26101,150.0
Harmony,jamesbond,1,26814,100.0
Harmony,jamesbond,1,27415,50.0
Harmony,jamesbond,1,28340,200.0
Harmony,jamesbond,1,29203,100.0
Harmony,jamesbond,1,30006,200.0
Harmony,jamesbond,1,31124,150.0
Harmony,jamesbond,1,31664,50.0
Harmony,jamesbond,1,32574,50.0
Harmony,jamesbond,1,33423,100.0
Harmony,jamesbond,1,34106,100.0
Harmony,jamesbond,1,34707,50.0
Harmony,jamesbond,1,35889,350.0
Harmony,jamesbond,1,36470,150.0
Harmony,jamesbond,1,37288,200.0
Harmony,jamesbond,1,38064,200.0
Harmony,jamesbond,1,39230,250.0
Harmony,jamesbond,1,40498,200.0
Harmony,jamesbond,1,41236,150.0
Harmony,jamesbond,1,42089,200.0
Harmony,jamesbond,1,43523,300.0
Harmony,jamesbond,1,45007,450.0
Harmony,jamesbond,1,45672,100.0
Harmony,jamesbond,1,46269,150.0
Harmony,jamesbond,1,46669,0.0
Harmony,jamesbond,1,47721,250.0
Harmony,jamesbond,1,48438,150.0
Harmony,jamesbond,1,48865,0.0
Harmony,jamesbond,1,49640,150.0
Harmony,jamesbond,1,50440,250.0
Harmony,jamesbond,1,51028,150.0
Harmony,jamesbond,1,52006,350.0
Harmony,jamesbond,1,52607,150.0
Harmony,jamesbond,1,53393,150.0
Harmony,jamesbond,1,54570,250.0
Harmony,jamesbond,1,55481,200.0
Harmony,jamesbond,1,56521,250.0
Harmony,jamesbond,1,57142,50.0
Harmony,jamesbond,1,57753,150.0
Harmony,jamesbond,1,58230,100.0
Harmony,jamesbond,1,59216,300.0
Harmony,jamesbond,1,60145,300.0
Harmony,jamesbond,1,61250,300.0
Harmony,jamesbond,1,61962,200.0
Harmony,jamesbond,1,62812,250.0
Harmony,jamesbond,1,63542,250.0
Harmony,jamesbond,1,64198,100.0
Harmony,jamesbond,1,65112,100.0
Harmony,jamesbond,1,66284,400.0
Harmony,jamesbond,1,67404,400.0
Harmony,jamesbond,1,68077,250.0
Harmony,jamesbond,1,69506,400.0
Harmony,jamesbond,1,70415,200.0
Harmony,jamesbond,1,71215,250.0
Harmony,jamesbond,1,72642,300.0
Harmony,jamesbond,1,73166,150.0
Harmony,jamesbond,1,74828,450.0
Harmony,jamesbond,1,75808,250.0
Harmony,jamesbond,1,76721,250.0
Harmony,jamesbond,1,77444,200.0
Harmony,jamesbond,1,78489,250.0
Harmony,jamesbond,1,79174,300.0
Harmony,jamesbond,1,79963,250.0
Harmony,jamesbond,1,81611,500.0
Harmony,jamesbond,1,82213,150.0
Harmony,jamesbond,1,83025,250.0
Harmony,jamesbond,1,83693,350.0
Harmony,jamesbond,1,84365,250.0
Harmony,jamesbond,1,85663,350.0
Harmony,jamesbond,1,86524,200.0
Harmony,jamesbond,1,87431,200.0
Harmony,jamesbond,1,88921,400.0
Harmony,jamesbond,1,89703,150.0
Harmony,jamesbond,1,90686,250.0
Harmony,jamesbond,1,92242,450.0
Harmony,jamesbond,1,93565,400.0
Harmony,jamesbond,1,94543,350.0
Harmony,jamesbond,1,95716,250.0
Harmony,jamesbond,1,96508,250.0
Harmony,jamesbond,1,97226,200.0
Harmony,jamesbond,1,97632,150.0
Harmony,jamesbond,1,99092,450.0
Harmony,jamesbond,1,99813,150.0
Harmony,kangaroo,1,338,0.0
Harmony,kangaroo,1,883,0.0
Harmony,kangaroo,1,1292,0.0
Harmony,kangaroo,1,1963,0.0
Harmony,kangaroo,1,2433,0.0
Harmony,kangaroo,1,2717,0.0
Harmony,kangaroo,1,3184,0.0
Harmony,kangaroo,1,3615,0.0
Harmony,kangaroo,1,4285,0.0
Harmony,kangaroo,1,4831,0.0
Harmony,kangaroo,1,5248,0.0
Harmony,kangaroo,1,5895,0.0
Harmony,kangaroo,1,6360,0.0
Harmony,kangaroo,1,7020,0.0
Harmony,kangaroo,1,7434,0.0
Harmony,kangaroo,1,7967,0.0
Harmony,kangaroo,1,8311,0.0
Harmony,kangaroo,1,8725,0.0
Harmony,kangaroo,1,9281,200.0
Harmony,kangaroo,1,9565,0.0
Harmony,kangaroo,1,10191,200.0
Harmony,kangaroo,1,10643,0.0
Harmony,kangaroo,1,11113,0.0
Harmony,kangaroo,1,11597,0.0
Harmony,kangaroo,1,12011,0.0
Harmony,kangaroo,1,12419,0.0
Harmony,kangaroo,1,12889,200.0
Harmony,kangaroo,1,13485,0.0
Harmony,kangaroo,1,13762,0.0
Harmony,kangaroo,1,14105,0.0
Harmony,kangaroo,1,14515,0.0
Harmony,kangaroo,1,14884,0.0
Harmony,kangaroo,1,15303,0.0
Harmony,kangaroo,1,15712,200.0
Harmony,kangaroo,1,15985,0.0
Harmony,kangaroo,1,16277,0.0
Harmony,kangaroo,1,16694,200.0
Harmony,kangaroo,1,17430,600.0
Harmony,kangaroo,1,18092,200.0
Harmony,kangaroo,1,18735,400.0
Harmony,kangaroo,1,19283,400.0
Harmony,kangaroo,1,19865,400.0
Harmony,kangaroo,1,20382,600.0
Harmony,kangaroo,1,20844,400.0
Harmony,kangaroo,1,21369,400.0
Harmony,kangaroo,1,21876,400.0
Harmony,kangaroo,1,22432,200.0
Harmony,kangaroo,1,22951,200.0
Harmony,kangaroo,1,23540,0.0
Harmony,kangaroo,1,24114,200.0
Harmony,kangaroo,1,24828,200.0
Harmony,kangaroo,1,25420,0.0
Harmony,kangaroo,1,26009,0.0
Harmony,kangaroo,1,26586,200.0
Harmony,kangaroo,1,27083,0.0
Harmony,kangaroo,1,27647,200.0
Harmony,kangaroo,1,28153,400.0
Harmony,kangaroo,1,28722,0.0
Harmony,kangaroo,1,29343,200.0
Harmony,kangaroo,1,29867,400.0
Harmony,kangaroo,1,30357,200.0
Harmony,kangaroo,1,30941,200.0
Harmony,kangaroo,1,31496,400.0
Harmony,kangaroo,1,32115,400.0
Harmony,kangaroo,1,32649,400.0
Harmony,kangaroo,1,33155,200.0
Harmony,kangaroo,1,33677,400.0
Harmony,kangaroo,1,34206,200.0
Harmony,kangaroo,1,34708,400.0
Harmony,kangaroo,1,35202,400.0
Harmony,kangaroo,1,35780,600.0
Harmony,kangaroo,1,36416,0.0
Harmony,kangaroo,1,37157,800.0
Harmony,kangaroo,1,37838,400.0
Harmony,kangaroo,1,38365,400.0
Harmony,kangaroo,1,38910,400.0
Harmony,kangaroo,1,39421,200.0
Harmony,kangaroo,1,39929,400.0
Harmony,kangaroo,1,40464,400.0
Harmony,kangaroo,1,40987,600.0
Harmony,kangaroo,1,41445,600.0
Harmony,kangaroo,1,41957,400.0
Harmony,kangaroo,1,42422,400.0
Harmony,kangaroo,1,42873,0.0
Harmony,kangaroo,1,43332,400.0
Harmony,kangaroo,1,43781,200.0
Harmony,kangaroo,1,44230,400.0
Harmony,kangaroo,1,44696,400.0
Harmony,kangaroo,1,45167,600.0
Harmony,kangaroo,1,45645,600.0
Harmony,kangaroo,1,46136,600.0
Harmony,kangaroo,1,46593,400.0
Harmony,kangaroo,1,47181,800.0
Harmony,kangaroo,1,47700,600.0
Harmony,kangaroo,1,48186,600.0
Harmony,kangaroo,1,48731,800.0
Harmony,kangaroo,1,49206,600.0
Harmony,kangaroo,1,49736,800.0
Harmony,kangaroo,1,50377,800.0
Harmony,kangaroo,1,50862,600.0
Harmony,kangaroo,1,51410,600.0
Harmony,kangaroo,1,51961,800.0
Harmony,kangaroo,1,52549,800.0
Harmony,kangaroo,1,53078,800.0
Harmony,kangaroo,1,53835,1200.0
Harmony,kangaroo,1,54631,1200.0
Harmony,kangaroo,1,55148,600.0
Harmony,kangaroo,1,55695,600.0
Harmony,kangaroo,1,56349,1200.0
Harmony,kangaroo,1,56905,600.0
Harmony,kangaroo,1,57585,1000.0
Harmony,kangaroo,1,58081,600.0
Harmony,kangaroo,1,58676,800.0
Harmony,kangaroo,1,59332,1200.0
Harmony,kangaroo,1,59816,400.0
Harmony,kangaroo,1,60324,400.0
Harmony,kangaroo,1,60848,600.0
Harmony,kangaroo,1,61530,1000.0
Harmony,kangaroo,1,62124,1000.0
Harmony,kangaroo,1,62655,600.0
Harmony,kangaroo,1,63254,800.0
Harmony,kangaroo,1,63794,600.0
Harmony,kangaroo,1,64481,800.0
Harmony,kangaroo,1,65117,1000.0
Harmony,kangaroo,1,65950,1600.0
Harmony,kangaroo,1,66487,800.0
Harmony,kangaroo,1,67026,600.0
Harmony,kangaroo,1,67635,800.0
Harmony,kangaroo,1,68363,1400.0
Harmony,kangaroo,1,69426,1600.0
Harmony,kangaroo,1,70119,1000.0
Harmony,kangaroo,1,70743,1000.0
Harmony,kangaroo,1,71213,600.0
Harmony,kangaroo,1,71768,800.0
Harmony,kangaroo,1,72563,1200.0
Harmony,kangaroo,1,73223,1200.0
Harmony,kangaroo,1,73932,1000.0
Harmony,kangaroo,1,74631,1200.0
Harmony,kangaroo,1,75229,800.0
Harmony,kangaroo,1,75875,1000.0
Harmony,kangaroo,1,76489,600.0
Harmony,kangaroo,1,77194,1200.0
Harmony,kangaroo,1,77745,800.0
Harmony,kangaroo,1,78627,1800.0
Harmony,kangaroo,1,79446,1400.0
Harmony,kangaroo,1,80134,1200.0
Harmony,kangaroo,1,80751,1000.0
Harmony,kangaroo,1,81245,600.0
Harmony,kangaroo,1,81875,1000.0
Harmony,kangaroo,1,82689,1600.0
Harmony,kangaroo,1,83407,1000.0
Harmony,kangaroo,1,84282,1800.0
Harmony,kangaroo,1,85156,1800.0
Harmony,kangaroo,1,86339,2400.0
Harmony,kangaroo,1,87166,1400.0
Harmony,kangaroo,1,88382,3200.0
Harmony,kangaroo,1,89210,1400.0
Harmony,kangaroo,1,90600,3600.0
Harmony,kangaroo,1,91562,1800.0
Harmony,kangaroo,1,92317,1200.0
Harmony,kangaroo,1,93044,1200.0
Harmony,kangaroo,1,94181,2400.0
Harmony,kangaroo,1,95141,2000.0
Harmony,kangaroo,1,96669,4000.0
Harmony,kangaroo,1,99454,8400.0
Harmony,krull,1,1453,1480.0
Harmony,krull,1,2897,2090.0
Harmony,krull,1,4019,1700.0
Harmony,krull,1,5518,1560.0
Harmony,krull,1,6599,1830.0
Harmony,krull,1,7983,2710.0
Harmony,krull,1,9448,1600.0
Harmony,krull,1,10896,2530.0
Harmony,krull,1,12012,1220.0
Harmony,krull,1,13262,1820.0
Harmony,krull,1,14369,1830.0
Harmony,krull,1,16244,2910.0
Harmony,krull,1,17364,1670.0
Harmony,krull,1,18812,2420.0
Harmony,krull,1,21295,3490.0
Harmony,krull,1,22382,2800.0
Harmony,krull,1,24223,5300.0
Harmony,krull,1,25734,3160.0
Harmony,krull,1,27166,5780.0
Harmony,krull,1,28633,5270.0
Harmony,krull,1,30182,5650.0
Harmony,krull,1,31646,6350.0
Harmony,krull,1,33067,6250.0
Harmony,krull,1,34563,7400.0
Harmony,krull,1,36653,9750.0
Harmony,krull,1,38153,5960.0
Harmony,krull,1,39612,7540.0
Harmony,krull,1,41017,6890.0
Harmony,krull,1,42284,5850.0
Harmony,krull,1,44006,7540.0
Harmony,krull,1,45432,7130.0
Harmony,krull,1,46483,5020.0
Harmony,krull,1,47955,8090.0
Harmony,krull,1,49749,8550.0
Harmony,krull,1,52432,12670.0
Harmony,krull,1,53528,4870.0
Harmony,krull,1,54833,7270.0
Harmony,krull,1,55931,5190.0
Harmony,krull,1,57407,8080.0
Harmony,krull,1,58867,7770.0
Harmony,krull,1,59764,4070.0
Harmony,krull,1,61281,8020.0
Harmony,krull,1,62545,6360.0
Harmony,krull,1,64028,8530.0
Harmony,krull,1,64877,3820.0
Harmony,krull,1,66376,8540.0
Harmony,krull,1,67826,7890.0
Harmony,krull,1,68953,5650.0
Harmony,krull,1,70977,10090.0
Harmony,krull,1,72120,5670.0
Harmony,krull,1,73249,5870.0
Harmony,krull,1,74492,6410.0
Harmony,krull,1,75955,8640.0
Harmony,krull,1,77407,8020.0
Harmony,krull,1,79881,12270.0
Harmony,krull,1,80875,4790.0
Harmony,krull,1,82928,10540.0
Harmony,krull,1,84396,8100.0
Harmony,krull,1,85827,7830.0
Harmony,krull,1,87540,7670.0
Harmony,krull,1,89450,9960.0
Harmony,krull,1,91501,10050.0
Harmony,krull,1,92916,7060.0
Harmony,krull,1,94451,8630.0
Harmony,krull,1,95932,7990.0
Harmony,krull,1,98006,10880.0
Harmony,krull,1,99483,8220.0
Harmony,kung_fu_master,1,1087,500.0
Harmony,kung_fu_master,1,1892,100.0
Harmony,kung_fu_master,1,2967,1000.0
Harmony,kung_fu_master,1,4009,500.0
Harmony,kung_fu_master,1,4896,100.0
Harmony,kung_fu_master,1,5803,200.0
Harmony,kung_fu_master,1,6853,500.0
Harmony,kung_fu_master,1,7755,200.0
Harmony,kung_fu_master,1,8579,800.0
Harmony,kung_fu_master,1,9519,300.0
Harmony,kung_fu_master,1,10463,900.0
Harmony,kung_fu_master,1,11444,1000.0
Harmony,kung_fu_master,1,12756,2300.0
Harmony,kung_fu_master,1,14124,2800.0
Harmony,kung_fu_master,1,16196,6100.0
Harmony,kung_fu_master,1,18513,10300.0
Harmony,kung_fu_master,1,20945,8500.0
Harmony,kung_fu_master,1,23328,10100.0
Harmony,kung_fu_master,1,25665,7600.0
Harmony,kung_fu_master,1,27410,6500.0
Harmony,kung_fu_master,1,29491,8400.0
Harmony,kung_fu_master,1,31607,9400.0
Harmony,kung_fu_master,1,33506,7400.0
Harmony,kung_fu_master,1,35479,6900.0
Harmony,kung_fu_master,1,37770,10900.0
Harmony,kung_fu_master,1,39532,5900.0
Harmony,kung_fu_master,1,41435,6900.0
Harmony,kung_fu_master,1,42682,3500.0
Harmony,kung_fu_master,1,44370,6200.0
Harmony,kung_fu_master,1,46439,8800.0
Harmony,kung_fu_master,1,48467,9400.0
Harmony,kung_fu_master,1,50369,7800.0
Harmony,kung_fu_master,1,52461,8000.0
Harmony,kung_fu_master,1,54357,8000.0
Harmony,kung_fu_master,1,56528,9100.0
Harmony,kung_fu_master,1,58557,8400.0
Harmony,kung_fu_master,1,60793,10800.0
Harmony,kung_fu_master,1,62880,8400.0
Harmony,kung_fu_master,1,64461,5100.0
Harmony,kung_fu_master,1,66536,8300.0
Harmony,kung_fu_master,1,68288,5700.0
Harmony,kung_fu_master,1,70120,6700.0
Harmony,kung_fu_master,1,72034,7900.0
Harmony,kung_fu_master,1,73555,5900.0
Harmony,kung_fu_master,1,75647,8300.0
Harmony,kung_fu_master,1,77337,6800.0
Harmony,kung_fu_master,1,78783,5500.0
Harmony,kung_fu_master,1,81061,8800.0
Harmony,kung_fu_master,1,83271,9200.0
Harmony,kung_fu_master,1,85087,6600.0
Harmony,kung_fu_master,1,87371,10200.0
Harmony,kung_fu_master,1,88957,5800.0
Harmony,kung_fu_master,1,91046,8600.0
Harmony,kung_fu_master,1,93483,10300.0
Harmony,kung_fu_master,1,95868,9700.0
Harmony,kung_fu_master,1,97387,4900.0
Harmony,kung_fu_master,1,99141,7100.0
Harmony,ms_pacman,1,438,210.0
Harmony,ms_pacman,1,865,180.0
Harmony,ms_pacman,1,1401,220.0
Harmony,ms_pacman,1,1912,130.0
Harmony,ms_pacman,1,2438,230.0
Harmony,ms_pacman,1,2830,170.0
Harmony,ms_pacman,1,3357,300.0
Harmony,ms_pacman,1,3800,300.0
Harmony,ms_pacman,1,4241,160.0
Harmony,ms_pacman,1,4718,270.0
Harmony,ms_pacman,1,5305,310.0
Harmony,ms_pacman,1,5953,270.0
Harmony,ms_pacman,1,6384,160.0
Harmony,ms_pacman,1,6824,140.0
Harmony,ms_pacman,1,7453,390.0
Harmony,ms_pacman,1,8343,750.0
Harmony,ms_pacman,1,9172,400.0
Harmony,ms_pacman,1,9879,350.0
Harmony,ms_pacman,1,10359,280.0
Harmony,ms_pacman,1,11449,360.0
Harmony,ms_pacman,1,12201,560.0
Harmony,ms_pacman,1,12718,440.0
Harmony,ms_pacman,1,13360,470.0
Harmony,ms_pacman,1,13965,260.0
Harmony,ms_pacman,1,14619,540.0
Harmony,ms_pacman,1,15241,540.0
Harmony,ms_pacman,1,15701,390.0
Harmony,ms_pacman,1,16145,310.0
Harmony,ms_pacman,1,16890,780.0
Harmony,ms_pacman,1,17596,1040.0
Harmony,ms_pacman,1,18152,520.0
Harmony,ms_pacman,1,18704,640.0
Harmony,ms_pacman,1,19157,370.0
Harmony,ms_pacman,1,19860,390.0
Harmony,ms_pacman,1,20327,440.0
Harmony,ms_pacman,1,20869,620.0
Harmony,ms_pacman,1,21335,260.0
Harmony,ms_pacman,1,21977,790.0
Harmony,ms_pacman,1,22691,650.0
Harmony,ms_pacman,1,23161,430.0
Harmony,ms_pacman,1,23941,830.0
Harmony,ms_pacman,1,24570,500.0
Harmony,ms_pacman,1,25085,350.0
Harmony,ms_pacman,1,25811,1130.0
Harmony,ms_pacman,1,26243,360.0
Harmony,ms_pacman,1,26780,680.0
Harmony,ms_pacman,1,27223,460.0
Harmony,ms_pacman,1,27737,560.0
Harmony,ms_pacman,1,28252,330.0
Harmony,ms_pacman,1,28803,690.0
Harmony,ms_pacman,1,29350,690.0
Harmony,ms_pacman,1,29906,560.0
Harmony,ms_pacman,1,30541,510.0
Harmony,ms_pacman,1,31155,780.0
Harmony,ms_pacman,1,31954,570.0
Harmony,ms_pacman,1,32639,720.0
Harmony,ms_pacman,1,33313,670.0
Harmony,ms_pacman,1,33893,400.0
Harmony,ms_pacman,1,34532,510.0
Harmony,ms_pacman,1,35159,660.0
Harmony,ms_pacman,1,35773,580.0
Harmony,ms_pacman,1,36390,850.0
Harmony,ms_pacman,1,36842,270.0
Harmony,ms_pacman,1,37409,540.0
Harmony,ms_pacman,1,38312,820.0
Harmony,ms_pacman,1,38919,720.0
Harmony,ms_pacman,1,39439,350.0
Harmony,ms_pacman,1,39884,330.0
Harmony,ms_pacman,1,40587,720.0
Harmony,ms_pacman,1,41208,940.0
Harmony,ms_pacman,1,41622,430.0
Harmony,ms_pacman,1,42143,410.0
Harmony,ms_pacman,1,42610,320.0
Harmony,ms_pacman,1,43184,940.0
Harmony,ms_pacman,1,43868,740.0
Harmony,ms_pacman,1,44545,740.0
Harmony,ms_pacman,1,45226,1040.0
Harmony,ms_pacman,1,45934,970.0
Harmony,ms_pacman,1,46894,980.0
Harmony,ms_pacman,1,47683,1200.0
Harmony,ms_pacman,1,48340,670.0
Harmony,ms_pacman,1,48870,720.0
Harmony,ms_pacman,1,49502,620.0
Harmony,ms_pacman,1,50025,110.0
Harmony,ms_pacman,1,50793,880.0
Harmony,ms_pacman,1,51657,1050.0
Harmony,ms_pacman,1,52353,710.0
Harmony,ms_pacman,1,52971,560.0
Harmony,ms_pacman,1,53627,1350.0
Harmony,ms_pacman,1,54159,740.0
Harmony,ms_pacman,1,54920,850.0
Harmony,ms_pacman,1,55326,550.0
Harmony,ms_pacman,1,55932,810.0
Harmony,ms_pacman,1,56588,740.0
Harmony,ms_pacman,1,57302,820.0
Harmony,ms_pacman,1,57810,700.0
Harmony,ms_pacman,1,58700,3030.0
Harmony,ms_pacman,1,59428,1110.0
Harmony,ms_pacman,1,60008,490.0
Harmony,ms_pacman,1,61005,1630.0
Harmony,ms_pacman,1,61734,720.0
Harmony,ms_pacman,1,62465,930.0
Harmony,ms_pacman,1,62945,860.0
Harmony,ms_pacman,1,63779,830.0
Harmony,ms_pacman,1,64545,1110.0
Harmony,ms_pacman,1,65129,880.0
Harmony,ms_pacman,1,66116,1470.0
Harmony,ms_pacman,1,66872,1030.0
Harmony,ms_pacman,1,67929,1100.0
Harmony,ms_pacman,1,68451,490.0
Harmony,ms_pacman,1,69015,970.0
Harmony,ms_pacman,1,69624,810.0
Harmony,ms_pacman,1,70463,1120.0
Harmony,ms_pacman,1,71303,1030.0
Harmony,ms_pacman,1,72203,2070.0
Harmony,ms_pacman,1,73058,1330.0
Harmony,ms_pacman,1,74137,990.0
Harmony,ms_pacman,1,74671,1100.0
Harmony,ms_pacman,1,75273,1220.0
Harmony,ms_pacman,1,75983,1020.0
Harmony,ms_pacman,1,76819,1230.0
Harmony,ms_pacman,1,77467,1370.0
Harmony,ms_pacman,1,78440,1310.0
Harmony,ms_pacman,1,79436,1280.0
Harmony,ms_pacman,1,80162,950.0
Harmony,ms_pacman,1,81170,2080.0
Harmony,ms_pacman,1,81796,1390.0
Harmony,ms_pacman,1,82264,780.0
Harmony,ms_pacman,1,83044,2380.0
Harmony,ms_pacman,1,83657,890.0
Harmony,ms_pacman,1,84271,970.0
Harmony,ms_pacman,1,85015,1280.0
Harmony,ms_pacman,1,85583,630.0
Harmony,ms_pacman,1,86484,1570.0
Harmony,ms_pacman,1,87318,3000.0
Harmony,ms_pacman,1,88379,3160.0
Harmony,ms_pacman,1,89278,1210.0
Harmony,ms_pacman,1,89854,1030.0
Harmony,ms_pacman,1,90604,1420.0
Harmony,ms_pacman,1,91812,1600.0
Harmony,ms_pacman,1,92647,1760.0
Harmony,ms_pacman,1,93427,1410.0
Harmony,ms_pacman,1,94277,1090.0
Harmony,ms_pacman,1,94731,830.0
Harmony,ms_pacman,1,95375,1020.0
Harmony,ms_pacman,1,96160,730.0
Harmony,ms_pacman,1,96576,440.0
Harmony,ms_pacman,1,97899,1770.0
Harmony,ms_pacman,1,98407,960.0
Harmony,ms_pacman,1,99007,780.0
Harmony,ms_pacman,1,99877,1540.0
Harmony,pong,1,899,-21.0
Harmony,pong,1,1926,-19.0
Harmony,pong,1,3025,-19.0
Harmony,pong,1,3875,-21.0
Harmony,pong,1,4800,-21.0
Harmony,pong,1,5993,-18.0
Harmony,pong,1,6916,-20.0
Harmony,pong,1,7763,-21.0
Harmony,pong,1,8555,-21.0
Harmony,pong,1,9332,-21.0
Harmony,pong,1,10168,-20.0
Harmony,pong,1,11048,-21.0
Harmony,pong,1,11871,-21.0
Harmony,pong,1,12702,-20.0
Harmony,pong,1,13550,-21.0
Harmony,pong,1,14391,-20.0
Harmony,pong,1,15148,-21.0
Harmony,pong,1,16036,-20.0
Harmony,pong,1,16874,-20.0
Harmony,pong,1,17697,-21.0
Harmony,pong,1,18516,-21.0
Harmony,pong,1,19277,-21.0
Harmony,pong,1,20095,-21.0
Harmony,pong,1,21124,-21.0
Harmony,pong,1,21992,-20.0
Harmony,pong,1,22839,-21.0
Harmony,pong,1,23741,-20.0
Harmony,pong,1,24549,-21.0
Harmony,pong,1,25499,-19.0
Harmony,pong,1,26323,-21.0
Harmony,pong,1,27226,-21.0
Harmony,pong,1,28368,-21.0
Harmony,pong,1,30243,-17.0
Harmony,pong,1,32279,-20.0
Harmony,pong,1,33933,-18.0
Harmony,pong,1,35983,-17.0
Harmony,pong,1,38428,-15.0
Harmony,pong,1,41052,-19.0
Harmony,pong,1,43367,-17.0
Harmony,pong,1,46325,-12.0
Harmony,pong,1,48702,-15.0
Harmony,pong,1,50876,-16.0
Harmony,pong,1,53604,-14.0
Harmony,pong,1,56307,-14.0
Harmony,pong,1,58270,-19.0
Harmony,pong,1,60736,-17.0
Harmony,pong,1,63040,-17.0
Harmony,pong,1,65671,-14.0
Harmony,pong,1,68620,-14.0
Harmony,pong,1,70977,-16.0
Harmony,pong,1,73029,-18.0
Harmony,pong,1,75286,-18.0
Harmony,pong,1,77742,-17.0
Harmony,pong,1,80509,-14.0
Harmony,pong,1,84469,-11.0
Harmony,pong,1,88729,-15.0
Harmony,pong,1,92352,-10.0
Harmony,pong,1,96089,-12.0
Harmony,pong,1,99364,-13.0
Harmony,private_eye,1,2692,100.0
Harmony,private_eye,1,5384,100.0
Harmony,private_eye,1,8079,-900.0
Harmony,private_eye,1,10774,4000.0
Harmony,private_eye,1,13465,2078.0
Harmony,private_eye,1,16160,-1000.0
Harmony,private_eye,1,18851,0.0
Harmony,private_eye,1,21542,0.0
Harmony,private_eye,1,24240,0.0
Harmony,private_eye,1,26932,0.0
Harmony,private_eye,1,29624,0.0
Harmony,private_eye,1,32318,-633.0
Harmony,private_eye,1,35014,-200.0
Harmony,private_eye,1,37705,-1000.0
Harmony,private_eye,1,40397,-544.0
Harmony,private_eye,1,43093,-12.0
Harmony,private_eye,1,45784,-1000.0
Harmony,private_eye,1,48476,-42.0
Harmony,private_eye,1,51170,7.0
Harmony,private_eye,1,53865,67.0
Harmony,private_eye,1,56558,100.0
Harmony,private_eye,1,59252,0.0
Harmony,private_eye,1,61943,100.0
Harmony,private_eye,1,64633,4163.0
Harmony,private_eye,1,67328,-135.0
Harmony,private_eye,1,70021,-500.0
Harmony,private_eye,1,72718,-1000.0
Harmony,private_eye,1,75412,-300.0
Harmony,private_eye,1,78104,26.0
Harmony,private_eye,1,80801,100.0
Harmony,private_eye,1,83499,100.0
Harmony,private_eye,1,86192,4100.0
Harmony,private_eye,1,88888,-943.0
Harmony,private_eye,1,91585,0.0
Harmony,private_eye,1,94281,100.0
Harmony,private_eye,1,96977,0.0
Harmony,private_eye,1,99669,0.0
Harmony,qbert,1,458,275.0
Harmony,qbert,1,741,0.0
Harmony,qbert,1,1096,425.0
Harmony,qbert,1,1391,50.0
Harmony,qbert,1,1709,75.0
Harmony,qbert,1,1994,0.0
Harmony,qbert,1,2305,75.0
Harmony,qbert,1,2610,50.0
Harmony,qbert,1,2980,200.0
Harmony,qbert,1,3295,150.0
Harmony,qbert,1,3670,200.0
Harmony,qbert,1,3987,175.0
Harmony,qbert,1,4328,175.0
Harmony,qbert,1,4607,0.0
Harmony,qbert,1,4945,450.0
Harmony,qbert,1,5249,200.0
Harmony,qbert,1,5639,175.0
Harmony,qbert,1,5928,25.0
Harmony,qbert,1,6239,200.0
Harmony,qbert,1,6552,100.0
Harmony,qbert,1,6882,150.0
Harmony,qbert,1,7207,100.0
Harmony,qbert,1,7507,150.0
Harmony,qbert,1,7778,100.0
Harmony,qbert,1,8075,50.0
Harmony,qbert,1,8348,75.0
Harmony,qbert,1,8655,50.0
Harmony,qbert,1,8937,0.0
Harmony,qbert,1,9214,0.0
Harmony,qbert,1,9502,0.0
Harmony,qbert,1,9788,0.0
Harmony,qbert,1,10142,300.0
Harmony,qbert,1,10515,225.0
Harmony,qbert,1,10884,125.0
Harmony,qbert,1,11248,125.0
Harmony,qbert,1,11610,125.0
Harmony,qbert,1,11968,125.0
Harmony,qbert,1,12342,125.0
Harmony,qbert,1,12635,125.0
Harmony,qbert,1,13065,175.0
Harmony,qbert,1,13416,525.0
Harmony,qbert,1,13766,150.0
Harmony,qbert,1,14115,125.0
Harmony,qbert,1,14409,200.0
Harmony,qbert,1,14717,150.0
Harmony,qbert,1,15109,175.0
Harmony,qbert,1,15432,175.0
Harmony,qbert,1,15943,650.0
Harmony,qbert,1,16372,350.0
Harmony,qbert,1,16707,250.0
Harmony,qbert,1,17041,250.0
Harmony,qbert,1,17366,250.0
Harmony,qbert,1,17689,250.0
Harmony,qbert,1,17988,350.0
Harmony,qbert,1,18321,250.0
Harmony,qbert,1,18642,325.0
Harmony,qbert,1,18967,250.0
Harmony,qbert,1,19345,300.0
Harmony,qbert,1,19642,300.0
Harmony,qbert,1,19968,250.0
Harmony,qbert,1,20303,250.0
Harmony,qbert,1,20600,350.0
Harmony,qbert,1,20922,325.0
Harmony,qbert,1,21286,350.0
Harmony,qbert,1,21606,350.0
Harmony,qbert,1,21930,200.0
Harmony,qbert,1,22227,275.0
Harmony,qbert,1,22525,300.0
Harmony,qbert,1,22850,325.0
Harmony,qbert,1,23176,325.0
Harmony,qbert,1,23523,250.0
Harmony,qbert,1,23880,325.0
Harmony,qbert,1,24288,250.0
Harmony,qbert,1,24619,325.0
Harmony,qbert,1,24962,250.0
Harmony,qbert,1,25279,250.0
Harmony,qbert,1,25577,300.0
Harmony,qbert,1,25887,225.0
Harmony,qbert,1,26184,225.0
Harmony,qbert,1,26483,350.0
Harmony,qbert,1,26802,275.0
Harmony,qbert,1,27097,325.0
Harmony,qbert,1,27394,350.0
Harmony,qbert,1,27723,300.0
Harmony,qbert,1,28045,300.0
Harmony,qbert,1,28343,300.0
Harmony,qbert,1,28639,325.0
Harmony,qbert,1,28984,350.0
Harmony,qbert,1,29310,300.0
Harmony,qbert,1,29615,300.0
Harmony,qbert,1,29965,350.0
Harmony,qbert,1,30324,300.0
Harmony,qbert,1,30624,325.0
Harmony,qbert,1,30923,300.0
Harmony,qbert,1,31244,325.0
Harmony,qbert,1,31574,300.0
Harmony,qbert,1,31992,375.0
Harmony,qbert,1,32314,300.0
Harmony,qbert,1,32614,325.0
Harmony,qbert,1,32911,325.0
Harmony,qbert,1,33233,275.0
Harmony,qbert,1,33598,350.0
Harmony,qbert,1,33898,325.0
Harmony,qbert,1,34194,350.0
Harmony,qbert,1,34535,325.0
Harmony,qbert,1,34838,350.0
Harmony,qbert,1,35139,350.0
Harmony,qbert,1,35438,350.0
Harmony,qbert,1,35734,350.0
Harmony,qbert,1,36036,350.0
Harmony,qbert,1,36336,350.0
Harmony,qbert,1,36633,350.0
Harmony,qbert,1,36930,350.0
Harmony,qbert,1,37229,350.0
Harmony,qbert,1,37527,350.0
Harmony,qbert,1,37828,350.0
Harmony,qbert,1,38125,350.0
Harmony,qbert,1,38427,350.0
Harmony,qbert,1,38727,350.0
Harmony,qbert,1,39043,350.0
Harmony,qbert,1,39371,350.0
Harmony,qbert,1,39742,300.0
Harmony,qbert,1,40043,350.0
Harmony,qbert,1,40359,350.0
Harmony,qbert,1,40677,350.0
Harmony,qbert,1,40998,350.0
Harmony,qbert,1,41299,350.0
Harmony,qbert,1,41597,350.0
Harmony,qbert,1,41893,350.0
Harmony,qbert,1,42410,950.0
Harmony,qbert,1,42782,350.0
Harmony,qbert,1,43239,875.0
Harmony,qbert,1,43595,350.0
Harmony,qbert,1,43899,250.0
Harmony,qbert,1,44284,350.0
Harmony,qbert,1,44612,350.0
Harmony,qbert,1,44933,350.0
Harmony,qbert,1,45320,350.0
Harmony,qbert,1,45621,250.0
Harmony,qbert,1,46004,350.0
Harmony,qbert,1,46390,350.0
Harmony,qbert,1,46692,275.0
Harmony,qbert,1,46992,250.0
Harmony,qbert,1,47375,350.0
Harmony,qbert,1,47687,250.0
Harmony,qbert,1,47982,250.0
Harmony,qbert,1,48351,325.0
Harmony,qbert,1,48654,350.0
Harmony,qbert,1,48954,350.0
Harmony,qbert,1,49319,300.0
Harmony,qbert,1,49657,350.0
Harmony,qbert,1,49983,350.0
Harmony,qbert,1,50304,350.0
Harmony,qbert,1,50696,350.0
Harmony,qbert,1,51028,350.0
Harmony,qbert,1,51532,325.0
Harmony,qbert,1,51865,350.0
Harmony,qbert,1,52164,350.0
Harmony,qbert,1,52588,275.0
Harmony,qbert,1,52928,350.0
Harmony,qbert,1,53280,350.0
Harmony,qbert,1,53593,350.0
Harmony,qbert,1,53966,325.0
Harmony,qbert,1,54351,350.0
Harmony,qbert,1,54740,350.0
Harmony,qbert,1,55058,350.0
Harmony,qbert,1,55400,350.0
Harmony,qbert,1,55900,675.0
Harmony,qbert,1,56242,650.0
Harmony,qbert,1,56665,375.0
Harmony,qbert,1,57008,600.0
Harmony,qbert,1,57442,675.0
Harmony,qbert,1,57838,675.0
Harmony,qbert,1,58217,600.0
Harmony,qbert,1,58564,300.0
Harmony,qbert,1,58940,350.0
Harmony,qbert,1,59335,350.0
Harmony,qbert,1,59735,325.0
Harmony,qbert,1,60161,675.0
Harmony,qbert,1,60538,650.0
Harmony,qbert,1,60981,625.0
Harmony,qbert,1,61380,575.0
Harmony,qbert,1,61803,650.0
Harmony,qbert,1,62332,675.0
Harmony,qbert,1,62709,675.0
Harmony,qbert,1,63029,650.0
Harmony,qbert,1,63426,650.0
Harmony,qbert,1,63910,350.0
Harmony,qbert,1,64295,625.0
Harmony,qbert,1,64747,650.0
Harmony,qbert,1,65325,725.0
Harmony,qbert,1,65645,600.0
Harmony,qbert,1,66046,650.0
Harmony,qbert,1,66451,650.0
Harmony,qbert,1,66855,650.0
Harmony,qbert,1,67255,650.0
Harmony,qbert,1,67887,1175.0
Harmony,qbert,1,68283,575.0
Harmony,qbert,1,68694,675.0
Harmony,qbert,1,69083,650.0
Harmony,qbert,1,69486,650.0
Harmony,qbert,1,69937,325.0
Harmony,qbert,1,70350,650.0
Harmony,qbert,1,70869,675.0
Harmony,qbert,1,71458,700.0
Harmony,qbert,1,71839,650.0
Harmony,qbert,1,72338,700.0
Harmony,qbert,1,72680,625.0
Harmony,qbert,1,73166,675.0
Harmony,qbert,1,73590,675.0
Harmony,qbert,1,73985,650.0
Harmony,qbert,1,74528,675.0
Harmony,qbert,1,75053,725.0
Harmony,qbert,1,75507,650.0
Harmony,qbert,1,76034,625.0
Harmony,qbert,1,76523,650.0
Harmony,qbert,1,77042,650.0
Harmony,qbert,1,77507,650.0
Harmony,qbert,1,77947,625.0
Harmony,qbert,1,78550,1225.0
Harmony,qbert,1,78928,650.0
Harmony,qbert,1,79419,700.0
Harmony,qbert,1,80089,725.0
Harmony,qbert,1,80630,700.0
Harmony,qbert,1,81340,1200.0
Harmony,qbert,1,81766,650.0
Harmony,qbert,1,82135,700.0
Harmony,qbert,1,82544,675.0
Harmony,qbert,1,83136,725.0
Harmony,qbert,1,83650,650.0
Harmony,qbert,1,84149,675.0
Harmony,qbert,1,84698,650.0
Harmony,qbert,1,85220,650.0
Harmony,qbert,1,85715,700.0
Harmony,qbert,1,86174,650.0
Harmony,qbert,1,86655,650.0
Harmony,qbert,1,87091,650.0
Harmony,qbert,1,87512,700.0
Harmony,qbert,1,88194,1050.0
Harmony,qbert,1,88732,475.0
Harmony,qbert,1,89329,700.0
Harmony,qbert,1,89923,750.0
Harmony,qbert,1,90373,675.0
Harmony,qbert,1,91060,1250.0
Harmony,qbert,1,91470,675.0
Harmony,qbert,1,92004,650.0
Harmony,qbert,1,92472,775.0
Harmony,qbert,1,92907,675.0
Harmony,qbert,1,93577,700.0
Harmony,qbert,1,94056,475.0
Harmony,qbert,1,94785,750.0
Harmony,qbert,1,95287,750.0
Harmony,qbert,1,95992,1250.0
Harmony,qbert,1,96500,325.0
Harmony,qbert,1,97135,750.0
Harmony,qbert,1,97649,700.0
Harmony,qbert,1,98380,1250.0
Harmony,qbert,1,99097,800.0
Harmony,qbert,1,99815,750.0
Harmony,road_runner,1,147,0.0
Harmony,road_runner,1,417,0.0
Harmony,road_runner,1,537,0.0
Harmony,road_runner,1,976,400.0
Harmony,road_runner,1,1219,0.0
Harmony,road_runner,1,1362,0.0
Harmony,road_runner,1,1443,0.0
Harmony,road_runner,1,1662,0.0
Harmony,road_runner,1,2022,0.0
Harmony,road_runner,1,2117,0.0
Harmony,road_runner,1,2241,0.0
Harmony,road_runner,1,2307,0.0
Harmony,road_runner,1,2405,0.0
Harmony,road_runner,1,2573,0.0
Harmony,road_runner,1,2686,0.0
Harmony,road_runner,1,3103,400.0
Harmony,road_runner,1,3249,0.0
Harmony,road_runner,1,3524,0.0
Harmony,road_runner,1,3686,0.0
Harmony,road_runner,1,3795,0.0
Harmony,road_runner,1,3928,0.0
Harmony,road_runner,1,3998,0.0
Harmony,road_runner,1,4219,0.0
Harmony,road_runner,1,4364,0.0
Harmony,road_runner,1,4504,0.0
Harmony,road_runner,1,4644,0.0
Harmony,road_runner,1,4758,0.0
Harmony,road_runner,1,5010,0.0
Harmony,road_runner,1,5116,0.0
Harmony,road_runner,1,5290,0.0
Harmony,road_runner,1,5414,0.0
Harmony,road_runner,1,5554,0.0
Harmony,road_runner,1,5817,0.0
Harmony,road_runner,1,5911,0.0
Harmony,road_runner,1,6599,200.0
Harmony,road_runner,1,7108,2300.0
Harmony,road_runner,1,7611,1100.0
Harmony,road_runner,1,7980,0.0
Harmony,road_runner,1,8340,1000.0
Harmony,road_runner,1,8705,3100.0
Harmony,road_runner,1,9015,0.0
Harmony,road_runner,1,9390,100.0
Harmony,road_runner,1,9750,0.0
Harmony,road_runner,1,10060,100.0
Harmony,road_runner,1,10366,1000.0
Harmony,road_runner,1,10675,1100.0
Harmony,road_runner,1,10946,0.0
Harmony,road_runner,1,11278,1000.0
Harmony,road_runner,1,11583,0.0
Harmony,road_runner,1,12091,0.0
Harmony,road_runner,1,12398,1000.0
Harmony,road_runner,1,12710,2000.0
Harmony,road_runner,1,13019,1000.0
Harmony,road_runner,1,13287,0.0
Harmony,road_runner,1,13498,0.0
Harmony,road_runner,1,13725,0.0
Harmony,road_runner,1,13942,0.0
Harmony,road_runner,1,14132,0.0
Harmony,road_runner,1,14324,0.0
Harmony,road_runner,1,14506,0.0
Harmony,road_runner,1,14982,0.0
Harmony,road_runner,1,15343,1100.0
Harmony,road_runner,1,16392,500.0
Harmony,road_runner,1,17262,900.0
Harmony,road_runner,1,18099,900.0
Harmony,road_runner,1,18935,900.0
Harmony,road_runner,1,19773,900.0
Harmony,road_runner,1,20608,1000.0
Harmony,road_runner,1,21445,1000.0
Harmony,road_runner,1,22283,1000.0
Harmony,road_runner,1,23118,900.0
Harmony,road_runner,1,23952,900.0
Harmony,road_runner,1,24788,900.0
Harmony,road_runner,1,25623,1000.0
Harmony,road_runner,1,26460,1000.0
Harmony,road_runner,1,27293,900.0
Harmony,road_runner,1,28128,1000.0
Harmony,road_runner,1,28965,1000.0
Harmony,road_runner,1,29802,1000.0
Harmony,road_runner,1,30640,1000.0
Harmony,road_runner,1,31475,900.0
Harmony,road_runner,1,32310,900.0
Harmony,road_runner,1,33146,900.0
Harmony,road_runner,1,33982,900.0
Harmony,road_runner,1,34820,1000.0
Harmony,road_runner,1,35697,1000.0
Harmony,road_runner,1,36540,500.0
Harmony,road_runner,1,37448,800.0
Harmony,road_runner,1,38294,1000.0
Harmony,road_runner,1,39138,900.0
Harmony,road_runner,1,39987,1000.0
Harmony,road_runner,1,40874,900.0
Harmony,road_runner,1,41761,900.0
Harmony,road_runner,1,42620,1000.0
Harmony,road_runner,1,43478,1000.0
Harmony,road_runner,1,44389,1100.0
Harmony,road_runner,1,45241,900.0
Harmony,road_runner,1,46115,1000.0
Harmony,road_runner,1,46554,500.0
Harmony,road_runner,1,47198,2500.0
Harmony,road_runner,1,47562,500.0
Harmony,road_runner,1,48515,1200.0
Harmony,road_runner,1,49144,1900.0
Harmony,road_runner,1,50099,3500.0
Harmony,road_runner,1,50574,2600.0
Harmony,road_runner,1,51084,4000.0
Harmony,road_runner,1,51449,2000.0
Harmony,road_runner,1,51782,1400.0
Harmony,road_runner,1,52085,1000.0
Harmony,road_runner,1,52516,3100.0
Harmony,road_runner,1,53028,1200.0
Harmony,road_runner,1,53506,1600.0
Harmony,road_runner,1,54048,1400.0
Harmony,road_runner,1,54461,2300.0
Harmony,road_runner,1,54940,1400.0
Harmony,road_runner,1,55393,1200.0
Harmony,road_runner,1,55886,2700.0
Harmony,road_runner,1,56444,1300.0
Harmony,road_runner,1,56922,1300.0
Harmony,road_runner,1,57375,1400.0
Harmony,road_runner,1,57748,1900.0
Harmony,road_runner,1,58243,1500.0
Harmony,road_runner,1,58689,2600.0
Harmony,road_runner,1,59069,1400.0
Harmony,road_runner,1,59517,2500.0
Harmony,road_runner,1,60120,3400.0
Harmony,road_runner,1,60499,1600.0
Harmony,road_runner,1,60871,1400.0
Harmony,road_runner,1,61313,2700.0
Harmony,road_runner,1,61632,700.0
Harmony,road_runner,1,62133,1700.0
Harmony,road_runner,1,62549,2900.0
Harmony,road_runner,1,63061,4900.0
Harmony,road_runner,1,63616,2600.0
Harmony,road_runner,1,64125,1500.0
Harmony,road_runner,1,64718,3300.0
Harmony,road_runner,1,65195,3600.0
Harmony,road_runner,1,65404,1100.0
Harmony,road_runner,1,65777,2600.0
Harmony,road_runner,1,66459,7200.0
Harmony,road_runner,1,67295,6400.0
Harmony,road_runner,1,68208,4200.0
Harmony,road_runner,1,68416,1300.0
Harmony,road_runner,1,69098,4800.0
Harmony,road_runner,1,69307,1200.0
Harmony,road_runner,1,69818,5000.0
Harmony,road_runner,1,70718,9900.0
Harmony,road_runner,1,71512,8400.0
Harmony,road_runner,1,72230,7100.0
Harmony,road_runner,1,72680,5800.0
Harmony,road_runner,1,73577,7300.0
Harmony,road_runner,1,74227,4900.0
Harmony,road_runner,1,74913,8400.0
Harmony,road_runner,1,75470,4400.0
Harmony,road_runner,1,76263,7500.0
Harmony,road_runner,1,77205,9300.0
Harmony,road_runner,1,78073,9300.0
Harmony,road_runner,1,78958,8000.0
Harmony,road_runner,1,79893,10100.0
Harmony,road_runner,1,80785,7400.0
Harmony,road_runner,1,81683,9700.0
Harmony,road_runner,1,82588,7100.0
Harmony,road_runner,1,83483,10600.0
Harmony,road_runner,1,84385,9400.0
Harmony,road_runner,1,85277,6200.0
Harmony,road_runner,1,86160,9100.0
Harmony,road_runner,1,86370,100.0
Harmony,road_runner,1,87292,9100.0
Harmony,road_runner,1,88230,7800.0
Harmony,road_runner,1,89235,9800.0
Harmony,road_runner,1,90322,9200.0
Harmony,road_runner,1,91399,11000.0
Harmony,road_runner,1,92416,8900.0
Harmony,road_runner,1,93397,11200.0
Harmony,road_runner,1,94441,12900.0
Harmony,road_runner,1,95571,10900.0
Harmony,road_runner,1,96770,11100.0
Harmony,road_runner,1,97942,12700.0
Harmony,road_runner,1,99108,13000.0
Harmony,seaquest,1,532,80.0
Harmony,seaquest,1,904,20.0
Harmony,seaquest,1,1730,240.0
Harmony,seaquest,1,2299,140.0
Harmony,seaquest,1,2658,0.0
Harmony,seaquest,1,3598,200.0
Harmony,seaquest,1,4379,140.0
Harmony,seaquest,1,5142,180.0
Harmony,seaquest,1,5737,160.0
Harmony,seaquest,1,6185,20.0
Harmony,seaquest,1,6574,20.0
Harmony,seaquest,1,6956,20.0
Harmony,seaquest,1,7621,40.0
Harmony,seaquest,1,7895,0.0
Harmony,seaquest,1,8167,0.0
Harmony,seaquest,1,8597,40.0
Harmony,seaquest,1,9023,20.0
Harmony,seaquest,1,9683,140.0
Harmony,seaquest,1,10505,180.0
Harmony,seaquest,1,11081,120.0
Harmony,seaquest,1,11708,80.0
Harmony,seaquest,1,12329,80.0
Harmony,seaquest,1,12837,100.0
Harmony,seaquest,1,14023,300.0
Harmony,seaquest,1,14954,200.0
Harmony,seaquest,1,15823,160.0
Harmony,seaquest,1,16703,220.0
Harmony,seaquest,1,17694,240.0
Harmony,seaquest,1,18866,260.0
Harmony,seaquest,1,20175,300.0
Harmony,seaquest,1,20798,100.0
Harmony,seaquest,1,21605,140.0
Harmony,seaquest,1,22001,80.0
Harmony,seaquest,1,22716,160.0
Harmony,seaquest,1,23236,120.0
Harmony,seaquest,1,23871,100.0
Harmony,seaquest,1,24323,100.0
Harmony,seaquest,1,24928,140.0
Harmony,seaquest,1,26380,520.0
Harmony,seaquest,1,27376,280.0
Harmony,seaquest,1,27801,100.0
Harmony,seaquest,1,28894,340.0
Harmony,seaquest,1,30148,360.0
Harmony,seaquest,1,31230,340.0
Harmony,seaquest,1,32555,420.0
Harmony,seaquest,1,34422,620.0
Harmony,seaquest,1,36025,580.0
Harmony,seaquest,1,37458,480.0
Harmony,seaquest,1,39244,620.0
Harmony,seaquest,1,40572,460.0
Harmony,seaquest,1,42094,520.0
Harmony,seaquest,1,43611,520.0
Harmony,seaquest,1,45394,640.0
Harmony,seaquest,1,46943,520.0
Harmony,seaquest,1,48371,460.0
Harmony,seaquest,1,50204,640.0
Harmony,seaquest,1,52114,660.0
Harmony,seaquest,1,54312,780.0
Harmony,seaquest,1,55585,420.0
Harmony,seaquest,1,57026,440.0
Harmony,seaquest,1,58195,340.0
Harmony,seaquest,1,58905,180.0
Harmony,seaquest,1,59988,320.0
Harmony,seaquest,1,61486,560.0
Harmony,seaquest,1,62520,340.0
Harmony,seaquest,1,63653,360.0
Harmony,seaquest,1,64607,320.0
Harmony,seaquest,1,65446,260.0
Harmony,seaquest,1,66485,340.0
Harmony,seaquest,1,68524,720.0
Harmony,seaquest,1,70060,520.0
Harmony,seaquest,1,71555,480.0
Harmony,seaquest,1,72758,400.0
Harmony,seaquest,1,74442,600.0
Harmony,seaquest,1,76232,640.0
Harmony,seaquest,1,77261,320.0
Harmony,seaquest,1,79115,660.0
Harmony,seaquest,1,80774,620.0
Harmony,seaquest,1,82117,440.0
Harmony,seaquest,1,83541,480.0
Harmony,seaquest,1,85116,560.0
Harmony,seaquest,1,86178,400.0
Harmony,seaquest,1,87232,400.0
Harmony,seaquest,1,88183,340.0
Harmony,seaquest,1,89682,540.0
Harmony,seaquest,1,90928,420.0
Harmony,seaquest,1,92422,560.0
Harmony,seaquest,1,94151,780.0
Harmony,seaquest,1,96308,860.0
Harmony,seaquest,1,97463,460.0
Harmony,seaquest,1,98621,400.0
Harmony,seaquest,1,99472,280.0
Harmony,up_n_down,1,568,280.0
Harmony,up_n_down,1,1115,670.0
Harmony,up_n_down,1,1573,110.0
Harmony,up_n_down,1,1999,90.0
Harmony,up_n_down,1,2436,100.0
Harmony,up_n_down,1,2971,560.0
Harmony,up_n_down,1,3488,550.0
Harmony,up_n_down,1,3981,140.0
Harmony,up_n_down,1,4489,550.0
Harmony,up_n_down,1,4998,550.0
Harmony,up_n_down,1,5522,560.0
Harmony,up_n_down,1,5963,1310.0
Harmony,up_n_down,1,6814,3360.0
Harmony,up_n_down,1,7266,110.0
Harmony,up_n_down,1,8181,2000.0
Harmony,up_n_down,1,8620,100.0
Harmony,up_n_down,1,9100,530.0
Harmony,up_n_down,1,9641,970.0
Harmony,up_n_down,1,10298,1540.0
Harmony,up_n_down,1,10814,2050.0
Harmony,up_n_down,1,11130,30.0
Harmony,up_n_down,1,11502,460.0
Harmony,up_n_down,1,11817,30.0
Harmony,up_n_down,1,12164,460.0
Harmony,up_n_down,1,12540,860.0
Harmony,up_n_down,1,12957,90.0
Harmony,up_n_down,1,13435,920.0
Harmony,up_n_down,1,14024,700.0
Harmony,up_n_down,1,14486,120.0
Harmony,up_n_down,1,14922,510.0
Harmony,up_n_down,1,15358,100.0
Harmony,up_n_down,1,15856,550.0
Harmony,up_n_down,1,16310,510.0
Harmony,up_n_down,1,16832,160.0
Harmony,up_n_down,1,17502,1550.0
Harmony,up_n_down,1,17965,120.0
Harmony,up_n_down,1,18672,770.0
Harmony,up_n_down,1,19376,1070.0
Harmony,up_n_down,1,20132,1800.0
Harmony,up_n_down,1,21015,2790.0
Harmony,up_n_down,1,21522,140.0
Harmony,up_n_down,1,22173,2130.0
Harmony,up_n_down,1,22660,930.0
Harmony,up_n_down,1,23248,1090.0
Harmony,up_n_down,1,23908,1440.0
Harmony,up_n_down,1,24625,2380.0
Harmony,up_n_down,1,25415,4320.0
Harmony,up_n_down,1,26077,1040.0
Harmony,up_n_down,1,26831,1200.0
Harmony,up_n_down,1,27647,1550.0
Harmony,up_n_down,1,29086,3930.0
Harmony,up_n_down,1,29921,350.0
Harmony,up_n_down,1,31571,3160.0
Harmony,up_n_down,1,32761,2070.0
Harmony,up_n_down,1,33375,2310.0
Harmony,up_n_down,1,33974,800.0
Harmony,up_n_down,1,35409,2620.0
Harmony,up_n_down,1,36068,240.0
Harmony,up_n_down,1,36694,720.0
Harmony,up_n_down,1,37410,2270.0
Harmony,up_n_down,1,37947,1460.0
Harmony,up_n_down,1,38587,2630.0
Harmony,up_n_down,1,39229,2630.0
Harmony,up_n_down,1,39897,2640.0
Harmony,up_n_down,1,40769,1570.0
Harmony,up_n_down,1,41574,3030.0
Harmony,up_n_down,1,42231,2240.0
Harmony,up_n_down,1,42752,1250.0
Harmony,up_n_down,1,43479,2680.0
Harmony,up_n_down,1,44328,960.0
Harmony,up_n_down,1,45521,2680.0
Harmony,up_n_down,1,46242,1580.0
Harmony,up_n_down,1,47117,1180.0
Harmony,up_n_down,1,47693,2490.0
Harmony,up_n_down,1,48417,280.0
Harmony,up_n_down,1,49259,2050.0
Harmony,up_n_down,1,49948,1860.0
Harmony,up_n_down,1,50653,3070.0
Harmony,up_n_down,1,51333,1450.0
Harmony,up_n_down,1,51919,2090.0
Harmony,up_n_down,1,52538,3130.0
Harmony,up_n_down,1,53267,2490.0
Harmony,up_n_down,1,53896,1920.0
Harmony,up_n_down,1,54546,3030.0
Harmony,up_n_down,1,55075,1660.0
Harmony,up_n_down,1,55825,1700.0
Harmony,up_n_down,1,56328,1340.0
Harmony,up_n_down,1,57484,5050.0
Harmony,up_n_down,1,58553,4790.0
Harmony,up_n_down,1,59152,2000.0
Harmony,up_n_down,1,59578,1290.0
Harmony,up_n_down,1,60135,1870.0
Harmony,up_n_down,1,60647,2550.0
Harmony,up_n_down,1,61301,3340.0
Harmony,up_n_down,1,61951,2930.0
Harmony,up_n_down,1,62420,1320.0
Harmony,up_n_down,1,63438,4260.0
Harmony,up_n_down,1,64080,2330.0
Harmony,up_n_down,1,64745,2340.0
Harmony,up_n_down,1,65474,2980.0
Harmony,up_n_down,1,66303,4360.0
Harmony,up_n_down,1,66933,1820.0
Harmony,up_n_down,1,67484,2670.0
Harmony,up_n_down,1,68103,2320.0
Harmony,up_n_down,1,68833,3880.0
Harmony,up_n_down,1,70363,6480.0
Harmony,up_n_down,1,71212,3260.0
Harmony,up_n_down,1,72190,6140.0
Harmony,up_n_down,1,72793,2920.0
Harmony,up_n_down,1,73462,3340.0
Harmony,up_n_down,1,74284,3840.0
Harmony,up_n_down,1,74889,3110.0
Harmony,up_n_down,1,75572,3760.0
Harmony,up_n_down,1,76257,3560.0
Harmony,up_n_down,1,76835,2190.0
Harmony,up_n_down,1,77562,3680.0
Harmony,up_n_down,1,78253,4360.0
Harmony,up_n_down,1,78906,4340.0
Harmony,up_n_down,1,79757,4460.0
Harmony,up_n_down,1,80470,3070.0
Harmony,up_n_down,1,81153,4550.0
Harmony,up_n_down,1,81772,3720.0
Harmony,up_n_down,1,83080,4340.0
Harmony,up_n_down,1,84622,4490.0
Harmony,up_n_down,1,86139,7070.0
Harmony,up_n_down,1,87426,6030.0
Harmony,up_n_down,1,88354,6310.0
Harmony,up_n_down,1,89162,6830.0
Harmony,up_n_down,1,89941,3620.0
Harmony,up_n_down,1,90605,5040.0
Harmony,up_n_down,1,91482,4470.0
Harmony,up_n_down,1,91986,1740.0
Harmony,up_n_down,1,92761,4810.0
Harmony,up_n_down,1,93441,3650.0
Harmony,up_n_down,1,94277,5450.0
Harmony,up_n_down,1,95462,5470.0
Harmony,up_n_down,1,96178,5280.0
Harmony,up_n_down,1,97089,6900.0
Harmony,up_n_down,1,97876,6820.0
Harmony,up_n_down,1,98912,7180.0
Harmony,up_n_down,1,99577,3440.0
Harmony,alien,2,592,200.0
Harmony,alien,2,1482,230.0
Harmony,alien,2,2025,170.0
Harmony,alien,2,2656,190.0
Harmony,alien,2,3559,330.0
Harmony,alien,2,4659,240.0
Harmony,alien,2,5138,140.0
Harmony,alien,2,5734,180.0
Harmony,alien,2,6518,150.0
Harmony,alien,2,7248,270.0
Harmony,alien,2,7869,200.0
Harmony,alien,2,8559,230.0
Harmony,alien,2,9009,160.0
Harmony,alien,2,9472,120.0
Harmony,alien,2,10140,190.0
Harmony,alien,2,10671,190.0
Harmony,alien,2,11287,150.0
Harmony,alien,2,11879,150.0
Harmony,alien,2,12473,250.0
Harmony,alien,2,12984,140.0
Harmony,alien,2,13619,350.0
Harmony,alien,2,14086,190.0
Harmony,alien,2,14560,200.0
Harmony,alien,2,14984,240.0
Harmony,alien,2,15713,320.0
Harmony,alien,2,16416,190.0
Harmony,alien,2,17139,170.0
Harmony,alien,2,17662,250.0
Harmony,alien,2,18123,230.0
Harmony,alien,2,18552,310.0
Harmony,alien,2,19002,270.0
Harmony,alien,2,19403,230.0
Harmony,alien,2,19851,180.0
Harmony,alien,2,20470,260.0
Harmony,alien,2,20933,180.0
Harmony,alien,2,21442,310.0
Harmony,alien,2,21906,360.0
Harmony,alien,2,22338,240.0
Harmony,alien,2,22978,240.0
Harmony,alien,2,23515,240.0
Harmony,alien,2,24079,390.0
Harmony,alien,2,24583,350.0
Harmony,alien,2,25097,340.0
Harmony,alien,2,25806,280.0
Harmony,alien,2,26520,230.0
Harmony,alien,2,27145,400.0
Harmony,alien,2,27563,190.0
Harmony,alien,2,28212,270.0
Harmony,alien,2,28801,250.0
Harmony,alien,2,29380,320.0
Harmony,alien,2,29810,320.0
Harmony,alien,2,30334,290.0
Harmony,alien,2,30947,450.0
Harmony,alien,2,31507,340.0
Harmony,alien,2,31965,250.0
Harmony,alien,2,32514,250.0
Harmony,alien,2,33060,400.0
Harmony,alien,2,33883,440.0
Harmony,alien,2,34360,510.0
Harmony,alien,2,35141,550.0
Harmony,alien,2,35730,450.0
Harmony,alien,2,36407,420.0
Harmony,alien,2,36997,450.0
Harmony,alien,2,37589,380.0
Harmony,alien,2,38010,400.0
Harmony,alien,2,38667,520.0
Harmony,alien,2,39752,2050.0
Harmony,alien,2,40358,470.0
Harmony,alien,2,41086,600.0
Harmony,alien,2,41799,380.0
Harmony,alien,2,42286,450.0
Harmony,alien,2,42853,340.0
Harmony,alien,2,43330,400.0
Harmony,alien,2,44019,330.0
Harmony,alien,2,44385,330.0
Harmony,alien,2,44949,310.0
Harmony,alien,2,45397,390.0
Harmony,alien,2,45936,310.0
Harmony,alien,2,46476,350.0
Harmony,alien,2,47075,440.0
Harmony,alien,2,47588,360.0
Harmony,alien,2,48036,390.0
Harmony,alien,2,48552,330.0
Harmony,alien,2,49387,950.0
Harmony,alien,2,49848,360.0
Harmony,alien,2,50450,350.0
Harmony,alien,2,50814,330.0
Harmony,alien,2,51338,420.0
Harmony,alien,2,51778,410.0
Harmony,alien,2,52217,380.0
Harmony,alien,2,52786,360.0
Harmony,alien,2,53425,540.0
Harmony,alien,2,53884,420.0
Harmony,alien,2,54328,400.0
Harmony,alien,2,54759,470.0
Harmony,alien,2,55242,420.0
Harmony,alien,2,55688,410.0
Harmony,alien,2,56179,380.0
Harmony,alien,2,56661,380.0
Harmony,alien,2,57192,470.0
Harmony,alien,2,57661,420.0
Harmony,alien,2,58187,390.0
Harmony,alien,2,58724,490.0
Harmony,alien,2,59156,420.0
Harmony,alien,2,59577,370.0
Harmony,alien,2,60045,1060.0
Harmony,alien,2,60649,1120.0
Harmony,alien,2,61353,570.0
Harmony,alien,2,61824,450.0
Harmony,alien,2,62532,640.0
Harmony,alien,2,63269,580.0
Harmony,alien,2,63959,1160.0
Harmony,alien,2,64612,1080.0
Harmony,alien,2,65270,590.0
Harmony,alien,2,65862,590.0
Harmony,alien,2,66582,640.0
Harmony,alien,2,67234,590.0
Harmony,alien,2,67955,590.0
Harmony,alien,2,68610,620.0
Harmony,alien,2,69248,690.0
Harmony,alien,2,69962,640.0
Harmony,alien,2,70421,430.0
Harmony,alien,2,71173,530.0
Harmony,alien,2,71992,760.0
Harmony,alien,2,72670,630.0
Harmony,alien,2,73480,800.0
Harmony,alien,2,74089,660.0
Harmony,alien,2,74774,620.0
Harmony,alien,2,75410,1100.0
Harmony,alien,2,76095,690.0
Harmony,alien,2,76741,680.0
Harmony,alien,2,77517,1120.0
Harmony,alien,2,78058,620.0
Harmony,alien,2,78644,560.0
Harmony,alien,2,79290,2130.0
Harmony,alien,2,79832,1080.0
Harmony,alien,2,80574,710.0
Harmony,alien,2,81421,720.0
Harmony,alien,2,82148,710.0
Harmony,alien,2,82858,590.0
Harmony,alien,2,83514,700.0
Harmony,alien,2,84173,780.0
Harmony,alien,2,85178,700.0
Harmony,alien,2,85916,630.0
Harmony,alien,2,86537,710.0
Harmony,alien,2,87140,580.0
Harmony,alien,2,87715,680.0
Harmony,alien,2,88283,670.0
Harmony,alien,2,89012,680.0
Harmony,alien,2,89627,630.0
Harmony,alien,2,90292,1230.0
Harmony,alien,2,90877,650.0
Harmony,alien,2,91425,640.0
Harmony,alien,2,92126,630.0
Harmony,alien,2,92697,1180.0
Harmony,alien,2,93468,1190.0
Harmony,alien,2,94148,780.0
Harmony,alien,2,95133,720.0
Harmony,alien,2,95843,1600.0
Harmony,alien,2,96522,680.0
Harmony,alien,2,97231,700.0
Harmony,alien,2,98030,730.0
Harmony,alien,2,98603,1070.0
Harmony,alien,2,99705,2800.0
Harmony,amidar,2,579,3.0
Harmony,amidar,2,1157,0.0
Harmony,amidar,2,1695,3.0
Harmony,amidar,2,2244,0.0
Harmony,amidar,2,2780,2.0
Harmony,amidar,2,3340,0.0
Harmony,amidar,2,3889,0.0
Harmony,amidar,2,4437,5.0
Harmony,amidar,2,5032,5.0
Harmony,amidar,2,5608,1.0
Harmony,amidar,2,6226,7.0
Harmony,amidar,2,6802,0.0
Harmony,amidar,2,7390,2.0
Harmony,amidar,2,7984,1.0
Harmony,amidar,2,8605,6.0
Harmony,amidar,2,9300,34.0
Harmony,amidar,2,9865,33.0
Harmony,amidar,2,10421,44.0
Harmony,amidar,2,10984,44.0
Harmony,amidar,2,11604,32.0
Harmony,amidar,2,12201,31.0
Harmony,amidar,2,12797,31.0
Harmony,amidar,2,13395,31.0
Harmony,amidar,2,13998,31.0
Harmony,amidar,2,14601,31.0
Harmony,amidar,2,15200,31.0
Harmony,amidar,2,15803,31.0
Harmony,amidar,2,16390,32.0
Harmony,amidar,2,16981,31.0
Harmony,amidar,2,17563,32.0
Harmony,amidar,2,18119,34.0
Harmony,amidar,2,18679,34.0
Harmony,amidar,2,19239,34.0
Harmony,amidar,2,19793,34.0
Harmony,amidar,2,20221,16.0
Harmony,amidar,2,20775,34.0
Harmony,amidar,2,21331,34.0
Harmony,amidar,2,21901,32.0
Harmony,amidar,2,22460,34.0
Harmony,amidar,2,23007,34.0
Harmony,amidar,2,23559,34.0
Harmony,amidar,2,24105,34.0
Harmony,amidar,2,24650,34.0
Harmony,amidar,2,25191,40.0
Harmony,amidar,2,25879,40.0
Harmony,amidar,2,26441,33.0
Harmony,amidar,2,27057,32.0
Harmony,amidar,2,27675,33.0
Harmony,amidar,2,28306,34.0
Harmony,amidar,2,28936,34.0
Harmony,amidar,2,29737,68.0
Harmony,amidar,2,30362,36.0
Harmony,amidar,2,30995,33.0
Harmony,amidar,2,31697,77.0
Harmony,amidar,2,32542,73.0
Harmony,amidar,2,33324,120.0
Harmony,amidar,2,34246,83.0
Harmony,amidar,2,35095,78.0
Harmony,amidar,2,35880,47.0
Harmony,amidar,2,36657,92.0
Harmony,amidar,2,37359,51.0
Harmony,amidar,2,37926,54.0
Harmony,amidar,2,38476,50.0
Harmony,amidar,2,39025,32.0
Harmony,amidar,2,39606,33.0
Harmony,amidar,2,40255,66.0
Harmony,amidar,2,41046,63.0
Harmony,amidar,2,41744,57.0
Harmony,amidar,2,42531,49.0
Harmony,amidar,2,43422,69.0
Harmony,amidar,2,44454,69.0
Harmony,amidar,2,45445,69.0
Harmony,amidar,2,46345,66.0
Harmony,amidar,2,47193,76.0
Harmony,amidar,2,48065,124.0
Harmony,amidar,2,48969,171.0
Harmony,amidar,2,49613,42.0
Harmony,amidar,2,50377,110.0
Harmony,amidar,2,51263,101.0
Harmony,amidar,2,52174,70.0
Harmony,amidar,2,53108,66.0
Harmony,amidar,2,53898,77.0
Harmony,amidar,2,54512,45.0
Harmony,amidar,2,55172,54.0
Harmony,amidar,2,56026,72.0
Harmony,amidar,2,56746,50.0
Harmony,amidar,2,57579,70.0
Harmony,amidar,2,58357,122.0
Harmony,amidar,2,59167,122.0
Harmony,amidar,2,59997,77.0
Harmony,amidar,2,60899,158.0
Harmony,amidar,2,61645,110.0
Harmony,amidar,2,62548,74.0
Harmony,amidar,2,63223,48.0
Harmony,amidar,2,63937,44.0
Harmony,amidar,2,64591,61.0
Harmony,amidar,2,65603,137.0
Harmony,amidar,2,66408,130.0
Harmony,amidar,2,67293,140.0
Harmony,amidar,2,68060,71.0
Harmony,amidar,2,68947,49.0
Harmony,amidar,2,70007,159.0
Harmony,amidar,2,70783,117.0
Harmony,amidar,2,71987,254.0
Harmony,amidar,2,72739,83.0
Harmony,amidar,2,73551,71.0
Harmony,amidar,2,74478,92.0
Harmony,amidar,2,75128,59.0
Harmony,amidar,2,75739,70.0
Harmony,amidar,2,76503,85.0
Harmony,amidar,2,77136,63.0
Harmony,amidar,2,77911,80.0
Harmony,amidar,2,78688,114.0
Harmony,amidar,2,79542,125.0
Harmony,amidar,2,80232,75.0
Harmony,amidar,2,81226,96.0
Harmony,amidar,2,82007,68.0
Harmony,amidar,2,82657,57.0
Harmony,amidar,2,83534,81.0
Harmony,amidar,2,84430,91.0
Harmony,amidar,2,85309,90.0
Harmony,amidar,2,85913,106.0
Harmony,amidar,2,86732,83.0
Harmony,amidar,2,87654,132.0
Harmony,amidar,2,88536,112.0
Harmony,amidar,2,89523,134.0
Harmony,amidar,2,90346,122.0
Harmony,amidar,2,91254,132.0
Harmony,amidar,2,92054,137.0
Harmony,amidar,2,92543,48.0
Harmony,amidar,2,93427,107.0
Harmony,amidar,2,94109,72.0
Harmony,amidar,2,94880,129.0
Harmony,amidar,2,95717,134.0
Harmony,amidar,2,96347,65.0
Harmony,amidar,2,97340,167.0
Harmony,amidar,2,98322,108.0
Harmony,amidar,2,99128,119.0
Harmony,assault,2,476,252.0
Harmony,assault,2,1250,504.0
Harmony,assault,2,1827,357.0
Harmony,assault,2,2366,252.0
Harmony,assault,2,2985,210.0
Harmony,assault,2,3632,210.0
Harmony,assault,2,4008,168.0
Harmony,assault,2,4437,189.0
Harmony,assault,2,5017,315.0
Harmony,assault,2,5747,315.0
Harmony,assault,2,6314,336.0
Harmony,assault,2,6805,231.0
Harmony,assault,2,7271,210.0
Harmony,assault,2,7744,294.0
Harmony,assault,2,8209,231.0
Harmony,assault,2,8879,294.0
Harmony,assault,2,10318,504.0
Harmony,assault,2,10729,210.0
Harmony,assault,2,11549,441.0
Harmony,assault,2,12083,399.0
Harmony,assault,2,12525,336.0
Harmony,assault,2,13286,357.0
Harmony,assault,2,13923,462.0
Harmony,assault,2,14435,336.0
Harmony,assault,2,15538,651.0
Harmony,assault,2,16368,420.0
Harmony,assault,2,17522,483.0
Harmony,assault,2,18199,378.0
Harmony,assault,2,18486,231.0
Harmony,assault,2,18769,168.0
Harmony,assault,2,19636,504.0
Harmony,assault,2,20726,609.0
Harmony,assault,2,21356,483.0
Harmony,assault,2,22120,462.0
Harmony,assault,2,22650,378.0
Harmony,assault,2,23259,273.0
Harmony,assault,2,23709,336.0
Harmony,assault,2,24176,315.0
Harmony,assault,2,24710,378.0
Harmony,assault,2,25411,399.0
Harmony,assault,2,26120,441.0
Harmony,assault,2,26790,483.0
Harmony,assault,2,27385,189.0
Harmony,assault,2,27929,210.0
Harmony,assault,2,28444,273.0
Harmony,assault,2,29008,420.0
Harmony,assault,2,30770,672.0
Harmony,assault,2,31414,462.0
Harmony,assault,2,32050,399.0
Harmony,assault,2,33116,630.0
Harmony,assault,2,33400,189.0
Harmony,assault,2,34616,588.0
Harmony,assault,2,35378,378.0
Harmony,assault,2,36177,378.0
Harmony,assault,2,36789,357.0
Harmony,assault,2,37426,378.0
Harmony,assault,2,38285,420.0
Harmony,assault,2,38974,420.0
Harmony,assault,2,39931,483.0
Harmony,assault,2,40813,441.0
Harmony,assault,2,41485,504.0
Harmony,assault,2,42697,693.0
Harmony,assault,2,43273,252.0
Harmony,assault,2,44453,651.0
Harmony,assault,2,44961,294.0
Harmony,assault,2,46465,609.0
Harmony,assault,2,47233,504.0
Harmony,assault,2,48950,651.0
Harmony,assault,2,50393,651.0
Harmony,assault,2,51934,651.0
Harmony,assault,2,52603,399.0
Harmony,assault,2,54269,630.0
Harmony,assault,2,55555,661.0
Harmony,assault,2,56812,630.0
Harmony,assault,2,57978,693.0
Harmony,assault,2,59171,651.0
Harmony,assault,2,59999,378.0
Harmony,assault,2,60674,462.0
Harmony,assault,2,61768,630.0
Harmony,assault,2,63147,630.0
Harmony,assault,2,64363,630.0
Harmony,assault,2,65097,399.0
Harmony,assault,2,65766,357.0
Harmony,assault,2,66431,399.0
Harmony,assault,2,67037,231.0
Harmony,assault,2,68107,630.0
Harmony,assault,2,69415,651.0
Harmony,assault,2,69992,357.0
Harmony,assault,2,71080,546.0
Harmony,assault,2,72232,651.0
Harmony,assault,2,73784,650.0
Harmony,assault,2,75020,672.0
Harmony,assault,2,76496,630.0
Harmony,assault,2,77196,336.0
Harmony,assault,2,78622,693.0
Harmony,assault,2,79752,672.0
Harmony,assault,2,80552,504.0
Harmony,assault,2,81508,693.0
Harmony,assault,2,82178,210.0
Harmony,assault,2,83471,671.0
Harmony,assault,2,84686,714.0
Harmony,assault,2,85486,462.0
Harmony,assault,2,86571,609.0
Harmony,assault,2,87735,672.0
Harmony,assault,2,89086,714.0
Harmony,assault,2,90265,651.0
Harmony,assault,2,91200,693.0
Harmony,assault,2,92418,714.0
Harmony,assault,2,93509,693.0
Harmony,assault,2,94539,714.0
Harmony,assault,2,95679,651.0
Harmony,assault,2,96734,714.0
Harmony,assault,2,98015,630.0
Harmony,assault,2,98953,714.0
Harmony,asterix,2,289,400.0
Harmony,asterix,2,500,100.0
Harmony,asterix,2,751,200.0
Harmony,asterix,2,1014,200.0
Harmony,asterix,2,1217,150.0
Harmony,asterix,2,1468,150.0
Harmony,asterix,2,1677,200.0
Harmony,asterix,2,1987,350.0
Harmony,asterix,2,2238,300.0
Harmony,asterix,2,2512,200.0
Harmony,asterix,2,2750,250.0
Harmony,asterix,2,3133,600.0
Harmony,asterix,2,3448,400.0
Harmony,asterix,2,3655,200.0
Harmony,asterix,2,3855,50.0
Harmony,asterix,2,4185,350.0
Harmony,asterix,2,4423,200.0
Harmony,asterix,2,4627,200.0
Harmony,asterix,2,4931,400.0
Harmony,asterix,2,5239,250.0
Harmony,asterix,2,5476,300.0
Harmony,asterix,2,5776,200.0
Harmony,asterix,2,5996,250.0
Harmony,asterix,2,6324,250.0
Harmony,asterix,2,6816,350.0
Harmony,asterix,2,7162,250.0
Harmony,asterix,2,7988,550.0
Harmony,asterix,2,8412,200.0
Harmony,asterix,2,8612,200.0
Harmony,asterix,2,8858,250.0
Harmony,asterix,2,9204,300.0
Harmony,asterix,2,9411,100.0
Harmony,asterix,2,9636,150.0
Harmony,asterix,2,10609,650.0
Harmony,asterix,2,11971,750.0
Harmony,asterix,2,12290,250.0
Harmony,asterix,2,12511,100.0
Harmony,asterix,2,13747,650.0
Harmony,asterix,2,14889,550.0
Harmony,asterix,2,15116,50.0
Harmony,asterix,2,15908,400.0
Harmony,asterix,2,16132,100.0
Harmony,asterix,2,16357,100.0
Harmony,asterix,2,16577,100.0
Harmony,asterix,2,16819,100.0
Harmony,asterix,2,17044,150.0
Harmony,asterix,2,17253,50.0
Harmony,asterix,2,17460,100.0
Harmony,asterix,2,17778,150.0
Harmony,asterix,2,18582,550.0
Harmony,asterix,2,19080,300.0
Harmony,asterix,2,19479,200.0
Harmony,asterix,2,19678,100.0
Harmony,asterix,2,19913,100.0
Harmony,asterix,2,20167,150.0
Harmony,asterix,2,20375,100.0
Harmony,asterix,2,20596,100.0
Harmony,asterix,2,20803,50.0
Harmony,asterix,2,21242,200.0
Harmony,asterix,2,21599,200.0
Harmony,asterix,2,21945,100.0
Harmony,asterix,2,22141,50.0
Harmony,asterix,2,22377,100.0
Harmony,asterix,2,22736,100.0
Harmony,asterix,2,22997,50.0
Harmony,asterix,2,23212,100.0
Harmony,asterix,2,23428,50.0
Harmony,asterix,2,23643,50.0
Harmony,asterix,2,24149,200.0
Harmony,asterix,2,24782,350.0
Harmony,asterix,2,25282,200.0
Harmony,asterix,2,25632,200.0
Harmony,asterix,2,25855,150.0
Harmony,asterix,2,26218,100.0
Harmony,asterix,2,26575,150.0
Harmony,asterix,2,26901,200.0
Harmony,asterix,2,27194,250.0
Harmony,asterix,2,27480,200.0
Harmony,asterix,2,27916,350.0
Harmony,asterix,2,28231,200.0
Harmony,asterix,2,28442,150.0
Harmony,asterix,2,28828,450.0
Harmony,asterix,2,29037,150.0
Harmony,asterix,2,29404,400.0
Harmony,asterix,2,29581,250.0
Harmony,asterix,2,29796,200.0
Harmony,asterix,2,29996,150.0
Harmony,asterix,2,30228,400.0
Harmony,asterix,2,30648,450.0
Harmony,asterix,2,30848,250.0
Harmony,asterix,2,31252,400.0
Harmony,asterix,2,31552,250.0
Harmony,asterix,2,31960,350.0
Harmony,asterix,2,32561,500.0
Harmony,asterix,2,32923,500.0
Harmony,asterix,2,33323,550.0
Harmony,asterix,2,33616,250.0
Harmony,asterix,2,34139,500.0
Harmony,asterix,2,34410,250.0
Harmony,asterix,2,34808,300.0
Harmony,asterix,2,35070,500.0
Harmony,asterix,2,35396,300.0
Harmony,asterix,2,35678,250.0
Harmony,asterix,2,36084,450.0
Harmony,asterix,2,36406,350.0
Harmony,asterix,2,36712,400.0
Harmony,asterix,2,37136,350.0
Harmony,asterix,2,37340,250.0
Harmony,asterix,2,37539,200.0
Harmony,asterix,2,38101,400.0
Harmony,asterix,2,38749,500.0
Harmony,asterix,2,38955,250.0
Harmony,asterix,2,39337,400.0
Harmony,asterix,2,39603,300.0
Harmony,asterix,2,39938,250.0
Harmony,asterix,2,40293,400.0
Harmony,asterix,2,40589,550.0
Harmony,asterix,2,40964,200.0
Harmony,asterix,2,41581,550.0
Harmony,asterix,2,41896,250.0
Harmony,asterix,2,42308,350.0
Harmony,asterix,2,42691,500.0
Harmony,asterix,2,43065,400.0
Harmony,asterix,2,43735,500.0
Harmony,asterix,2,44121,300.0
Harmony,asterix,2,45122,700.0
Harmony,asterix,2,45647,400.0
Harmony,asterix,2,46132,300.0
Harmony,asterix,2,46689,400.0
Harmony,asterix,2,47064,250.0
Harmony,asterix,2,47496,350.0
Harmony,asterix,2,47932,300.0
Harmony,asterix,2,48423,450.0
Harmony,asterix,2,48828,400.0
Harmony,asterix,2,49376,550.0
Harmony,asterix,2,49734,350.0
Harmony,asterix,2,50153,450.0
Harmony,asterix,2,50590,300.0
Harmony,asterix,2,50967,200.0
Harmony,asterix,2,51169,200.0
Harmony,asterix,2,51404,300.0
Harmony,asterix,2,51600,100.0
Harmony,asterix,2,52187,450.0
Harmony,asterix,2,52980,650.0
Harmony,asterix,2,53308,350.0
Harmony,asterix,2,53625,250.0
Harmony,asterix,2,54051,450.0
Harmony,asterix,2,54432,300.0
Harmony,asterix,2,55119,450.0
Harmony,asterix,2,55797,700.0
Harmony,asterix,2,56034,350.0
Harmony,asterix,2,56328,300.0
Harmony,asterix,2,56792,400.0
Harmony,asterix,2,57163,250.0
Harmony,asterix,2,57578,600.0
Harmony,asterix,2,57941,450.0
Harmony,asterix,2,58316,350.0
Harmony,asterix,2,58690,250.0
Harmony,asterix,2,58961,300.0
Harmony,asterix,2,59636,700.0
Harmony,asterix,2,59866,250.0
Harmony,asterix,2,60443,700.0
Harmony,asterix,2,60728,400.0
Harmony,asterix,2,61178,500.0
Harmony,asterix,2,61547,500.0
Harmony,asterix,2,61749,100.0
Harmony,asterix,2,62125,300.0
Harmony,asterix,2,62536,450.0
Harmony,asterix,2,62863,350.0
Harmony,asterix,2,63174,300.0
Harmony,asterix,2,63380,250.0
Harmony,asterix,2,63817,700.0
Harmony,asterix,2,64163,350.0
Harmony,asterix,2,64654,500.0
Harmony,asterix,2,65006,450.0
Harmony,asterix,2,65285,350.0
Harmony,asterix,2,65489,200.0
Harmony,asterix,2,65899,450.0
Harmony,asterix,2,66157,350.0
Harmony,asterix,2,66742,600.0
Harmony,asterix,2,67069,550.0
Harmony,asterix,2,67642,750.0
Harmony,asterix,2,68073,450.0
Harmony,asterix,2,68409,400.0
Harmony,asterix,2,68812,500.0
Harmony,asterix,2,69045,200.0
Harmony,asterix,2,69635,600.0
Harmony,asterix,2,69937,350.0
Harmony,asterix,2,70281,300.0
Harmony,asterix,2,70652,400.0
Harmony,asterix,2,71038,550.0
Harmony,asterix,2,71554,800.0
Harmony,asterix,2,72194,500.0
Harmony,asterix,2,72565,400.0
Harmony,asterix,2,72809,150.0
Harmony,asterix,2,73110,200.0
Harmony,asterix,2,73640,650.0
Harmony,asterix,2,74008,200.0
Harmony,asterix,2,74271,200.0
Harmony,asterix,2,74621,300.0
Harmony,asterix,2,74893,250.0
Harmony,asterix,2,75263,450.0
Harmony,asterix,2,75720,600.0
Harmony,asterix,2,76117,550.0
Harmony,asterix,2,76635,550.0
Harmony,asterix,2,77072,650.0
Harmony,asterix,2,77387,400.0
Harmony,asterix,2,77841,650.0
Harmony,asterix,2,78314,500.0
Harmony,asterix,2,78698,600.0
Harmony,asterix,2,79234,800.0
Harmony,asterix,2,79505,400.0
Harmony,asterix,2,79806,350.0
Harmony,asterix,2,80276,500.0
Harmony,asterix,2,80720,450.0
Harmony,asterix,2,81320,900.0
Harmony,asterix,2,81742,600.0
Harmony,asterix,2,82242,550.0
Harmony,asterix,2,82579,450.0
Harmony,asterix,2,82880,400.0
Harmony,asterix,2,83546,900.0
Harmony,asterix,2,83974,500.0
Harmony,asterix,2,84390,300.0
Harmony,asterix,2,84795,500.0
Harmony,asterix,2,85328,400.0
Harmony,asterix,2,85688,300.0
Harmony,asterix,2,86155,500.0
Harmony,asterix,2,86415,200.0
Harmony,asterix,2,86815,500.0
Harmony,asterix,2,87480,550.0
Harmony,asterix,2,87787,350.0
Harmony,asterix,2,88544,750.0
Harmony,asterix,2,88856,350.0
Harmony,asterix,2,89265,450.0
Harmony,asterix,2,89629,550.0
Harmony,asterix,2,90112,600.0
Harmony,asterix,2,90462,300.0
Harmony,asterix,2,90971,450.0
Harmony,asterix,2,91339,500.0
Harmony,asterix,2,91642,500.0
Harmony,asterix,2,91916,500.0
Harmony,asterix,2,92399,700.0
Harmony,asterix,2,93061,700.0
Harmony,asterix,2,93527,600.0
Harmony,asterix,2,93792,250.0
Harmony,asterix,2,94171,550.0
Harmony,asterix,2,94581,450.0
Harmony,asterix,2,94840,200.0
Harmony,asterix,2,95285,500.0
Harmony,asterix,2,95510,250.0
Harmony,asterix,2,95883,550.0
Harmony,asterix,2,96154,250.0
Harmony,asterix,2,96589,400.0
Harmony,asterix,2,97062,450.0
Harmony,asterix,2,97383,450.0
Harmony,asterix,2,97708,300.0
Harmony,asterix,2,98111,350.0
Harmony,asterix,2,98707,600.0
Harmony,asterix,2,99084,500.0
Harmony,asterix,2,99455,400.0
Harmony,asterix,2,99853,450.0
Harmony,bank_heist,2,469,10.0
Harmony,bank_heist,2,1054,20.0
Harmony,bank_heist,2,1726,10.0
Harmony,bank_heist,2,2103,10.0
Harmony,bank_heist,2,2672,10.0
Harmony,bank_heist,2,3085,20.0
Harmony,bank_heist,2,3496,0.0
Harmony,bank_heist,2,4017,20.0
Harmony,bank_heist,2,4481,10.0
Harmony,bank_heist,2,5011,10.0
Harmony,bank_heist,2,5567,0.0
Harmony,bank_heist,2,6252,10.0
Harmony,bank_heist,2,6732,10.0
Harmony,bank_heist,2,7263,10.0
Harmony,bank_heist,2,7821,20.0
Harmony,bank_heist,2,8389,10.0
Harmony,bank_heist,2,9004,0.0
Harmony,bank_heist,2,9724,30.0
Harmony,bank_heist,2,10420,0.0
Harmony,bank_heist,2,11051,10.0
Harmony,bank_heist,2,11845,0.0
Harmony,bank_heist,2,13285,0.0
Harmony,bank_heist,2,13805,10.0
Harmony,bank_heist,2,15780,0.0
Harmony,bank_heist,2,16445,20.0
Harmony,bank_heist,2,17202,20.0
Harmony,bank_heist,2,18014,20.0
Harmony,bank_heist,2,18479,10.0
Harmony,bank_heist,2,19182,10.0
Harmony,bank_heist,2,20581,0.0
Harmony,bank_heist,2,21939,10.0
Harmony,bank_heist,2,22772,0.0
Harmony,bank_heist,2,23552,0.0
Harmony,bank_heist,2,24070,0.0
Harmony,bank_heist,2,25112,10.0
Harmony,bank_heist,2,25876,10.0
Harmony,bank_heist,2,26678,10.0
Harmony,bank_heist,2,27103,10.0
Harmony,bank_heist,2,27663,20.0
Harmony,bank_heist,2,28124,10.0
Harmony,bank_heist,2,28555,30.0
Harmony,bank_heist,2,29281,10.0
Harmony,bank_heist,2,29834,0.0
Harmony,bank_heist,2,30369,10.0
Harmony,bank_heist,2,30803,10.0
Harmony,bank_heist,2,31337,20.0
Harmony,bank_heist,2,31918,10.0
Harmony,bank_heist,2,32769,10.0
Harmony,bank_heist,2,33158,10.0
Harmony,bank_heist,2,33875,0.0
Harmony,bank_heist,2,34246,10.0
Harmony,bank_heist,2,34698,10.0
Harmony,bank_heist,2,35401,10.0
Harmony,bank_heist,2,36045,0.0
Harmony,bank_heist,2,36546,10.0
Harmony,bank_heist,2,37083,10.0
Harmony,bank_heist,2,37510,0.0
Harmony,bank_heist,2,38229,10.0
Harmony,bank_heist,2,38720,0.0
Harmony,bank_heist,2,39299,10.0
Harmony,bank_heist,2,39865,30.0
Harmony,bank_heist,2,40383,30.0
Harmony,bank_heist,2,40968,10.0
Harmony,bank_heist,2,41538,20.0
Harmony,bank_heist,2,41877,10.0
Harmony,bank_heist,2,42435,10.0
Harmony,bank_heist,2,43152,10.0
Harmony,bank_heist,2,43813,60.0
Harmony,bank_heist,2,44154,10.0
Harmony,bank_heist,2,44579,10.0
Harmony,bank_heist,2,45144,10.0
Harmony,bank_heist,2,45783,30.0
Harmony,bank_heist,2,46499,0.0
Harmony,bank_heist,2,46953,20.0
Harmony,bank_heist,2,47492,10.0
Harmony,bank_heist,2,48203,0.0
Harmony,bank_heist,2,48806,10.0
Harmony,bank_heist,2,49469,20.0
Harmony,bank_heist,2,50124,50.0
Harmony,bank_heist,2,50558,10.0
Harmony,bank_heist,2,51276,30.0
Harmony,bank_heist,2,51945,10.0
Harmony,bank_heist,2,52770,10.0
Harmony,bank_heist,2,53433,10.0
Harmony,bank_heist,2,54081,10.0
Harmony,bank_heist,2,54779,30.0
Harmony,bank_heist,2,55577,10.0
Harmony,bank_heist,2,56214,30.0
Harmony,bank_heist,2,56930,20.0
Harmony,bank_heist,2,57432,20.0
Harmony,bank_heist,2,58224,20.0
Harmony,bank_heist,2,58901,0.0
Harmony,bank_heist,2,59913,20.0
Harmony,bank_heist,2,60875,30.0
Harmony,bank_heist,2,61431,20.0
Harmony,bank_heist,2,62126,60.0
Harmony,bank_heist,2,62703,20.0
Harmony,bank_heist,2,63210,30.0
Harmony,bank_heist,2,63811,20.0
Harmony,bank_heist,2,64445,10.0
Harmony,bank_heist,2,64811,50.0
Harmony,bank_heist,2,65406,30.0
Harmony,bank_heist,2,66264,30.0
Harmony,bank_heist,2,66952,40.0
Harmony,bank_heist,2,67604,20.0
Harmony,bank_heist,2,68407,30.0
Harmony,bank_heist,2,69187,40.0
Harmony,bank_heist,2,69898,80.0
Harmony,bank_heist,2,70628,10.0
Harmony,bank_heist,2,71416,10.0
Harmony,bank_heist,2,72167,10.0
Harmony,bank_heist,2,72978,20.0
Harmony,bank_heist,2,73544,30.0
Harmony,bank_heist,2,74271,40.0
Harmony,bank_heist,2,75050,30.0
Harmony,bank_heist,2,75650,50.0
Harmony,bank_heist,2,76333,20.0
Harmony,bank_heist,2,77040,40.0
Harmony,bank_heist,2,77390,0.0
Harmony,bank_heist,2,77850,20.0
Harmony,bank_heist,2,78376,30.0
Harmony,bank_heist,2,78835,20.0
Harmony,bank_heist,2,79515,20.0
Harmony,bank_heist,2,80055,20.0
Harmony,bank_heist,2,80700,20.0
Harmony,bank_heist,2,81350,20.0
Harmony,bank_heist,2,82072,50.0
Harmony,bank_heist,2,82866,30.0
Harmony,bank_heist,2,83584,20.0
Harmony,bank_heist,2,84011,20.0
Harmony,bank_heist,2,84411,20.0
Harmony,bank_heist,2,85096,30.0
Harmony,bank_heist,2,85726,10.0
Harmony,bank_heist,2,86382,20.0
Harmony,bank_heist,2,86932,50.0
Harmony,bank_heist,2,87329,20.0
Harmony,bank_heist,2,87794,20.0
Harmony,bank_heist,2,88183,10.0
Harmony,bank_heist,2,88701,20.0
Harmony,bank_heist,2,89177,30.0
Harmony,bank_heist,2,89925,30.0
Harmony,bank_heist,2,90309,40.0
Harmony,bank_heist,2,90701,20.0
Harmony,bank_heist,2,91218,20.0
Harmony,bank_heist,2,91886,50.0
Harmony,bank_heist,2,92509,20.0
Harmony,bank_heist,2,93094,30.0
Harmony,bank_heist,2,93881,20.0
Harmony,bank_heist,2,94332,30.0
Harmony,bank_heist,2,94724,30.0
Harmony,bank_heist,2,95114,20.0
Harmony,bank_heist,2,95533,40.0
Harmony,bank_heist,2,96085,40.0
Harmony,bank_heist,2,96513,10.0
Harmony,bank_heist,2,97001,40.0
Harmony,bank_heist,2,97523,40.0
Harmony,bank_heist,2,97964,40.0
Harmony,bank_heist,2,98468,20.0
Harmony,bank_heist,2,98900,50.0
Harmony,bank_heist,2,99319,40.0
Harmony,bank_heist,2,99994,50.0
Harmony,battle_zone,2,795,4000.0
Harmony,battle_zone,2,2213,2000.0
Harmony,battle_zone,2,3144,2000.0
Harmony,battle_zone,2,5740,7000.0
Harmony,battle_zone,2,6895,0.0
Harmony,battle_zone,2,7621,1000.0
Harmony,battle_zone,2,9571,2000.0
Harmony,battle_zone,2,11579,3000.0
Harmony,battle_zone,2,13142,1000.0
Harmony,battle_zone,2,14264,1000.0
Harmony,battle_zone,2,14786,1000.0
Harmony,battle_zone,2,15688,3000.0
Harmony,battle_zone,2,16367,1000.0
Harmony,battle_zone,2,18888,6000.0
Harmony,battle_zone,2,20048,4000.0
Harmony,battle_zone,2,20944,1000.0
Harmony,battle_zone,2,21547,1000.0
Harmony,battle_zone,2,22893,1000.0
Harmony,battle_zone,2,24195,4000.0
Harmony,battle_zone,2,28091,4000.0
Harmony,battle_zone,2,28693,1000.0
Harmony,battle_zone,2,29389,3000.0
Harmony,battle_zone,2,30105,3000.0
Harmony,battle_zone,2,30891,1000.0
Harmony,battle_zone,2,31677,1000.0
Harmony,battle_zone,2,33291,3000.0
Harmony,battle_zone,2,34821,3000.0
Harmony,battle_zone,2,35854,9000.0
Harmony,battle_zone,2,41102,6000.0
Harmony,battle_zone,2,42060,3000.0
Harmony,battle_zone,2,43836,2000.0
Harmony,battle_zone,2,45191,11000.0
Harmony,battle_zone,2,47079,10000.0
Harmony,battle_zone,2,47813,6000.0
Harmony,battle_zone,2,48649,6000.0
Harmony,battle_zone,2,49578,2000.0
Harmony,battle_zone,2,50743,13000.0
Harmony,battle_zone,2,51711,9000.0
Harmony,battle_zone,2,53066,13000.0
Harmony,battle_zone,2,54814,13000.0
Harmony,battle_zone,2,56428,8000.0
Harmony,battle_zone,2,58269,11000.0
Harmony,battle_zone,2,60292,27000.0
Harmony,battle_zone,2,61662,16000.0
Harmony,battle_zone,2,63002,13000.0
Harmony,battle_zone,2,64598,23000.0
Harmony,battle_zone,2,65941,11000.0
Harmony,battle_zone,2,67069,11000.0
Harmony,battle_zone,2,68671,13000.0
Harmony,battle_zone,2,70449,24000.0
Harmony,battle_zone,2,72268,12000.0
Harmony,battle_zone,2,73943,23000.0
Harmony,battle_zone,2,75348,11000.0
Harmony,battle_zone,2,76330,9000.0
Harmony,battle_zone,2,77749,14000.0
Harmony,battle_zone,2,79092,15000.0
Harmony,battle_zone,2,80109,6000.0
Harmony,battle_zone,2,82062,30000.0
Harmony,battle_zone,2,83605,12000.0
Harmony,battle_zone,2,84782,11000.0
Harmony,battle_zone,2,86255,16000.0
Harmony,battle_zone,2,87757,19000.0
Harmony,battle_zone,2,89190,20000.0
Harmony,battle_zone,2,90604,20000.0
Harmony,battle_zone,2,92333,22000.0
Harmony,battle_zone,2,93726,16000.0
Harmony,battle_zone,2,95873,28000.0
Harmony,battle_zone,2,97432,28000.0
Harmony,battle_zone,2,98609,14000.0
Harmony,boxing,2,1783,1.0
Harmony,boxing,2,3568,-1.0
Harmony,boxing,2,5353,-1.0
Harmony,boxing,2,7132,0.0
Harmony,boxing,2,8912,-4.0
Harmony,boxing,2,10690,-3.0
Harmony,boxing,2,12469,-1.0
Harmony,boxing,2,14253,8.0
Harmony,boxing,2,16036,1.0
Harmony,boxing,2,17817,12.0
Harmony,boxing,2,19603,20.0
Harmony,boxing,2,21385,7.0
Harmony,boxing,2,23166,4.0
Harmony,boxing,2,24944,13.0
Harmony,boxing,2,26724,38.0
Harmony,boxing,2,28509,16.0
Harmony,boxing,2,30287,24.0
Harmony,boxing,2,32067,21.0
Harmony,boxing,2,33850,30.0
Harmony,boxing,2,35635,20.0
Harmony,boxing,2,37414,12.0
Harmony,boxing,2,39192,17.0
Harmony,boxing,2,40972,23.0
Harmony,boxing,2,42757,8.0
Harmony,boxing,2,44542,3.0
Harmony,boxing,2,46323,0.0
Harmony,boxing,2,48108,8.0
Harmony,boxing,2,49892,-1.0
Harmony,boxing,2,51676,10.0
Harmony,boxing,2,53455,33.0
Harmony,boxing,2,55237,23.0
Harmony,boxing,2,57022,0.0
Harmony,boxing,2,58807,34.0
Harmony,boxing,2,60586,10.0
Harmony,boxing,2,62367,1.0
Harmony,boxing,2,64147,-1.0
Harmony,boxing,2,65928,30.0
Harmony,boxing,2,67710,12.0
Harmony,boxing,2,69495,0.0
Harmony,boxing,2,71279,-4.0
Harmony,boxing,2,73063,20.0
Harmony,boxing,2,74844,17.0
Harmony,boxing,2,76627,44.0
Harmony,boxing,2,78406,22.0
Harmony,boxing,2,80188,36.0
Harmony,boxing,2,81971,14.0
Harmony,boxing,2,83488,65.0
Harmony,boxing,2,85271,24.0
Harmony,boxing,2,86763,51.0
Harmony,boxing,2,88544,29.0
Harmony,boxing,2,90054,60.0
Harmony,boxing,2,91837,42.0
Harmony,boxing,2,93018,69.0
Harmony,boxing,2,94650,45.0
Harmony,boxing,2,95649,64.0
Harmony,boxing,2,96626,67.0
Harmony,boxing,2,98404,8.0
Harmony,breakout,2,333,4.0
Harmony,breakout,2,469,0.0
Harmony,breakout,2,631,1.0
Harmony,breakout,2,823,2.0
Harmony,breakout,2,954,0.0
Harmony,breakout,2,1128,1.0
Harmony,breakout,2,1317,1.0
Harmony,breakout,2,1449,0.0
Harmony,breakout,2,1672,2.0
Harmony,breakout,2,1895,2.0
Harmony,breakout,2,2074,1.0
Harmony,breakout,2,2279,2.0
Harmony,breakout,2,2403,0.0
Harmony,breakout,2,2688,4.0
Harmony,breakout,2,2868,1.0
Harmony,breakout,2,2998,0.0
Harmony,breakout,2,3191,1.0
Harmony,breakout,2,3401,2.0
Harmony,breakout,2,3603,2.0
Harmony,breakout,2,3732,0.0
Harmony,breakout,2,3860,0.0
Harmony,breakout,2,4047,2.0
Harmony,breakout,2,4271,2.0
Harmony,breakout,2,4400,0.0
Harmony,breakout,2,4625,2.0
Harmony,breakout,2,4758,0.0
Harmony,breakout,2,4915,1.0
Harmony,breakout,2,5047,0.0
Harmony,breakout,2,5185,0.0
Harmony,breakout,2,5369,1.0
Harmony,breakout,2,5529,1.0
Harmony,breakout,2,5654,0.0
Harmony,breakout,2,5835,2.0
Harmony,breakout,2,5968,0.0
Harmony,breakout,2,6106,0.0
Harmony,breakout,2,6388,4.0
Harmony,breakout,2,6522,0.0
Harmony,breakout,2,6678,1.0
Harmony,breakout,2,6811,0.0
Harmony,breakout,2,6949,0.0
Harmony,breakout,2,7081,0.0
Harmony,breakout,2,7301,2.0
Harmony,breakout,2,7509,2.0
Harmony,breakout,2,7638,0.0
Harmony,breakout,2,7954,4.0
Harmony,breakout,2,8153,2.0
Harmony,breakout,2,8596,9.0
Harmony,breakout,2,8875,3.0
Harmony,breakout,2,9101,3.0
Harmony,breakout,2,9327,2.0
Harmony,breakout,2,9639,4.0
Harmony,breakout,2,10258,0.0
Harmony,breakout,2,10653,3.0
Harmony,breakout,2,10996,0.0
Harmony,breakout,2,11741,10.0
Harmony,breakout,2,13512,0.0
Harmony,breakout,2,15053,5.0
Harmony,breakout,2,15544,4.0
Harmony,breakout,2,20339,0.0
Harmony,breakout,2,20642,4.0
Harmony,breakout,2,21014,3.0
Harmony,breakout,2,21329,4.0
Harmony,breakout,2,21558,3.0
Harmony,breakout,2,21680,0.0
Harmony,breakout,2,21974,4.0
Harmony,breakout,2,22204,2.0
Harmony,breakout,2,22477,4.0
Harmony,breakout,2,22756,4.0
Harmony,breakout,2,22953,0.0
Harmony,breakout,2,23568,6.0
Harmony,breakout,2,23722,1.0
Harmony,breakout,2,23967,3.0
Harmony,breakout,2,24258,2.0
Harmony,breakout,2,24496,3.0
Harmony,breakout,2,24789,1.0
Harmony,breakout,2,24960,0.0
Harmony,breakout,2,25404,0.0
Harmony,breakout,2,25717,3.0
Harmony,breakout,2,25917,2.0
Harmony,breakout,2,26117,2.0
Harmony,breakout,2,26654,3.0
Harmony,breakout,2,26779,0.0
Harmony,breakout,2,27311,2.0
Harmony,breakout,2,27487,1.0
Harmony,breakout,2,27687,2.0
Harmony,breakout,2,27956,3.0
Harmony,breakout,2,29422,6.0
Harmony,breakout,2,29808,3.0
Harmony,breakout,2,30008,2.0
Harmony,breakout,2,30214,2.0
Harmony,breakout,2,30414,2.0
Harmony,breakout,2,30615,2.0
Harmony,breakout,2,30814,2.0
Harmony,breakout,2,31236,3.0
Harmony,breakout,2,31824,5.0
Harmony,breakout,2,32517,1.0
Harmony,breakout,2,32772,3.0
Harmony,breakout,2,32976,0.0
Harmony,breakout,2,33293,2.0
Harmony,breakout,2,33616,3.0
Harmony,breakout,2,33929,4.0
Harmony,breakout,2,34131,2.0
Harmony,breakout,2,34433,3.0
Harmony,breakout,2,34633,2.0
Harmony,breakout,2,34900,2.0
Harmony,breakout,2,35231,2.0
Harmony,breakout,2,35512,2.0
Harmony,breakout,2,35908,2.0
Harmony,breakout,2,36439,3.0
Harmony,breakout,2,36799,2.0
Harmony,breakout,2,37150,2.0
Harmony,breakout,2,37354,2.0
Harmony,breakout,2,37897,4.0
Harmony,breakout,2,38215,3.0
Harmony,breakout,2,38415,2.0
Harmony,breakout,2,38619,2.0
Harmony,breakout,2,38864,2.0
Harmony,breakout,2,39064,2.0
Harmony,breakout,2,39264,2.0
Harmony,breakout,2,39685,4.0
Harmony,breakout,2,39901,2.0
Harmony,breakout,2,40205,2.0
Harmony,breakout,2,40482,4.0
Harmony,breakout,2,40683,2.0
Harmony,breakout,2,40987,2.0
Harmony,breakout,2,41265,2.0
Harmony,breakout,2,41691,4.0
Harmony,breakout,2,42031,3.0
Harmony,breakout,2,42264,2.0
Harmony,breakout,2,42464,2.0
Harmony,breakout,2,42667,2.0
Harmony,breakout,2,42985,2.0
Harmony,breakout,2,43110,0.0
Harmony,breakout,2,43247,0.0
Harmony,breakout,2,43502,3.0
Harmony,breakout,2,43821,2.0
Harmony,breakout,2,44247,5.0
Harmony,breakout,2,44570,2.0
Harmony,breakout,2,44951,3.0
Harmony,breakout,2,45241,2.0
Harmony,breakout,2,45519,2.0
Harmony,breakout,2,45800,2.0
Harmony,breakout,2,46186,2.0
Harmony,breakout,2,46573,3.0
Harmony,breakout,2,46871,2.0
Harmony,breakout,2,47170,2.0
Harmony,breakout,2,47632,2.0
Harmony,breakout,2,47911,3.0
Harmony,breakout,2,48110,2.0
Harmony,breakout,2,48309,2.0
Harmony,breakout,2,48511,2.0
Harmony,breakout,2,48711,2.0
Harmony,breakout,2,48974,2.0
Harmony,breakout,2,49223,3.0
Harmony,breakout,2,49500,4.0
Harmony,breakout,2,49625,0.0
Harmony,breakout,2,50001,3.0
Harmony,breakout,2,50201,2.0
Harmony,breakout,2,50526,5.0
Harmony,breakout,2,50800,3.0
Harmony,breakout,2,51000,2.0
Harmony,breakout,2,51290,4.0
Harmony,breakout,2,51492,2.0
Harmony,breakout,2,51837,2.0
Harmony,breakout,2,52202,2.0
Harmony,breakout,2,52565,2.0
Harmony,breakout,2,52965,6.0
Harmony,breakout,2,53601,4.0
Harmony,breakout,2,53907,2.0
Harmony,breakout,2,54422,3.0
Harmony,breakout,2,54653,2.0
Harmony,breakout,2,54884,3.0
Harmony,breakout,2,55587,7.0
Harmony,breakout,2,55820,1.0
Harmony,breakout,2,56198,2.0
Harmony,breakout,2,56593,2.0
Harmony,breakout,2,56915,2.0
Harmony,breakout,2,57175,2.0
Harmony,breakout,2,57567,10.0
Harmony,breakout,2,58128,7.0
Harmony,breakout,2,58483,3.0
Harmony,breakout,2,58949,6.0
Harmony,breakout,2,59101,1.0
Harmony,breakout,2,59301,2.0
Harmony,breakout,2,59750,8.0
Harmony,breakout,2,60094,2.0
Harmony,breakout,2,60333,2.0
Harmony,breakout,2,60591,2.0
Harmony,breakout,2,60870,2.0
Harmony,breakout,2,61352,5.0
Harmony,breakout,2,61673,2.0
Harmony,breakout,2,62131,3.0
Harmony,breakout,2,62375,2.0
Harmony,breakout,2,62752,2.0
Harmony,breakout,2,63019,3.0
Harmony,breakout,2,63287,3.0
Harmony,breakout,2,63802,4.0
Harmony,breakout,2,64053,3.0
Harmony,breakout,2,64425,2.0
Harmony,breakout,2,66370,11.0
Harmony,breakout,2,66909,8.0
Harmony,breakout,2,69195,7.0
Harmony,breakout,2,69681,4.0
Harmony,breakout,2,70109,5.0
Harmony,breakout,2,70448,4.0
Harmony,breakout,2,71441,5.0
Harmony,breakout,2,72565,4.0
Harmony,breakout,2,73693,9.0
Harmony,breakout,2,74134,6.0
Harmony,breakout,2,74948,9.0
Harmony,breakout,2,75259,4.0
Harmony,breakout,2,75624,3.0
Harmony,breakout,2,76101,6.0
Harmony,breakout,2,76354,0.0
Harmony,breakout,2,76755,4.0
Harmony,breakout,2,77416,4.0
Harmony,breakout,2,77590,0.0
Harmony,breakout,2,77930,4.0
Harmony,breakout,2,78264,6.0
Harmony,breakout,2,78737,5.0
Harmony,breakout,2,79304,6.0
Harmony,breakout,2,79879,11.0
Harmony,breakout,2,80740,4.0
Harmony,breakout,2,81027,4.0
Harmony,breakout,2,81356,4.0
Harmony,breakout,2,81819,6.0
Harmony,breakout,2,82673,12.0
Harmony,breakout,2,83300,11.0
Harmony,breakout,2,83863,5.0
Harmony,breakout,2,84391,8.0
Harmony,breakout,2,84840,8.0
Harmony,breakout,2,85523,7.0
Harmony,breakout,2,86243,13.0
Harmony,breakout,2,86575,4.0
Harmony,breakout,2,86908,4.0
Harmony,breakout,2,87300,6.0
Harmony,breakout,2,87878,5.0
Harmony,breakout,2,88222,5.0
Harmony,breakout,2,88672,8.0
Harmony,breakout,2,89136,7.0
Harmony,breakout,2,89875,18.0
Harmony,breakout,2,90409,13.0
Harmony,breakout,2,90864,4.0
Harmony,breakout,2,91221,5.0
Harmony,breakout,2,91724,12.0
Harmony,breakout,2,92047,5.0
Harmony,breakout,2,92340,4.0
Harmony,breakout,2,92760,7.0
Harmony,breakout,2,93141,6.0
Harmony,breakout,2,93521,4.0
Harmony,breakout,2,94160,13.0
Harmony,breakout,2,94676,5.0
Harmony,breakout,2,95118,7.0
Harmony,breakout,2,95698,14.0
Harmony,breakout,2,96073,6.0
Harmony,breakout,2,96566,8.0
Harmony,breakout,2,96863,1.0
Harmony,breakout,2,97393,12.0
Harmony,breakout,2,97816,7.0
Harmony,breakout,2,98385,4.0
Harmony,breakout,2,98824,8.0
Harmony,breakout,2,99301,6.0
Harmony,breakout,2,99670,6.0
Harmony,chopper_command,2,2364,700.0
Harmony,chopper_command,2,2784,600.0
Harmony,chopper_command,2,3362,400.0
Harmony,chopper_command,2,3988,600.0
Harmony,chopper_command,2,6054,1200.0
Harmony,chopper_command,2,6554,900.0
Harmony,chopper_command,2,7033,700.0
Harmony,chopper_command,2,7515,800.0
Harmony,chopper_command,2,8802,1100.0
Harmony,chopper_command,2,9330,1100.0
Harmony,chopper_command,2,9831,800.0
Harmony,chopper_command,2,10672,1000.0
Harmony,chopper_command,2,11747,1000.0
Harmony,chopper_command,2,12094,300.0
Harmony,chopper_command,2,13250,1100.0
Harmony,chopper_command,2,13813,500.0
Harmony,chopper_command,2,14211,800.0
Harmony,chopper_command,2,14539,600.0
Harmony,chopper_command,2,15222,800.0
Harmony,chopper_command,2,15566,700.0
Harmony,chopper_command,2,15770,100.0
Harmony,chopper_command,2,15973,200.0
Harmony,chopper_command,2,16175,100.0
Harmony,chopper_command,2,16395,300.0
Harmony,chopper_command,2,16684,500.0
Harmony,chopper_command,2,17079,400.0
Harmony,chopper_command,2,17425,500.0
Harmony,chopper_command,2,17748,400.0
Harmony,chopper_command,2,18277,800.0
Harmony,chopper_command,2,18598,500.0
Harmony,chopper_command,2,18913,500.0
Harmony,chopper_command,2,19437,600.0
Harmony,chopper_command,2,19818,600.0
Harmony,chopper_command,2,20757,700.0
Harmony,chopper_command,2,21119,600.0
Harmony,chopper_command,2,22520,700.0
Harmony,chopper_command,2,22878,800.0
Harmony,chopper_command,2,23187,400.0
Harmony,chopper_command,2,23758,700.0
Harmony,chopper_command,2,24100,700.0
Harmony,chopper_command,2,24877,500.0
Harmony,chopper_command,2,25357,600.0
Harmony,chopper_command,2,25840,500.0
Harmony,chopper_command,2,26738,900.0
Harmony,chopper_command,2,27405,500.0
Harmony,chopper_command,2,28025,700.0
Harmony,chopper_command,2,28674,1000.0
Harmony,chopper_command,2,29048,300.0
Harmony,chopper_command,2,29503,800.0
Harmony,chopper_command,2,29877,500.0
Harmony,chopper_command,2,30268,700.0
Harmony,chopper_command,2,31191,1000.0
Harmony,chopper_command,2,31801,900.0
Harmony,chopper_command,2,32631,700.0
Harmony,chopper_command,2,34044,1200.0
Harmony,chopper_command,2,34278,600.0
Harmony,chopper_command,2,35019,600.0
Harmony,chopper_command,2,35438,600.0
Harmony,chopper_command,2,35914,1000.0
Harmony,chopper_command,2,36452,800.0
Harmony,chopper_command,2,37282,1300.0
Harmony,chopper_command,2,37711,700.0
Harmony,chopper_command,2,38087,600.0
Harmony,chopper_command,2,38363,500.0
Harmony,chopper_command,2,38669,700.0
Harmony,chopper_command,2,39032,700.0
Harmony,chopper_command,2,39304,600.0
Harmony,chopper_command,2,39574,300.0
Harmony,chopper_command,2,39970,600.0
Harmony,chopper_command,2,40634,1000.0
Harmony,chopper_command,2,41216,1100.0
Harmony,chopper_command,2,41475,600.0
Harmony,chopper_command,2,41901,900.0
Harmony,chopper_command,2,42184,600.0
Harmony,chopper_command,2,42457,400.0
Harmony,chopper_command,2,43225,1400.0
Harmony,chopper_command,2,43536,400.0
Harmony,chopper_command,2,43835,500.0
Harmony,chopper_command,2,44391,900.0
Harmony,chopper_command,2,44788,800.0
Harmony,chopper_command,2,45255,700.0
Harmony,chopper_command,2,46063,900.0
Harmony,chopper_command,2,46432,1100.0
Harmony,chopper_command,2,46799,900.0
Harmony,chopper_command,2,47411,800.0
Harmony,chopper_command,2,48165,1000.0
Harmony,chopper_command,2,48671,700.0
Harmony,chopper_command,2,49519,1100.0
Harmony,chopper_command,2,50420,1000.0
Harmony,chopper_command,2,50850,600.0
Harmony,chopper_command,2,51625,900.0
Harmony,chopper_command,2,52124,700.0
Harmony,chopper_command,2,52754,1000.0
Harmony,chopper_command,2,53571,1300.0
Harmony,chopper_command,2,54024,900.0
Harmony,chopper_command,2,54791,1000.0
Harmony,chopper_command,2,55439,1000.0
Harmony,chopper_command,2,56206,1100.0
Harmony,chopper_command,2,57082,900.0
Harmony,chopper_command,2,57737,800.0
Harmony,chopper_command,2,58195,900.0
Harmony,chopper_command,2,59017,1000.0
Harmony,chopper_command,2,60259,1100.0
Harmony,chopper_command,2,60613,700.0
Harmony,chopper_command,2,61119,800.0
Harmony,chopper_command,2,62209,1300.0
Harmony,chopper_command,2,62774,1000.0
Harmony,chopper_command,2,63642,800.0
Harmony,chopper_command,2,64215,800.0
Harmony,chopper_command,2,65234,1400.0
Harmony,chopper_command,2,66104,1100.0
Harmony,chopper_command,2,66888,1000.0
Harmony,chopper_command,2,67461,900.0
Harmony,chopper_command,2,67970,500.0
Harmony,chopper_command,2,68579,900.0
Harmony,chopper_command,2,69040,700.0
Harmony,chopper_command,2,69485,1000.0
Harmony,chopper_command,2,69779,600.0
Harmony,chopper_command,2,70353,1000.0
Harmony,chopper_command,2,71087,1500.0
Harmony,chopper_command,2,71455,900.0
Harmony,chopper_command,2,72547,2300.0
Harmony,chopper_command,2,73271,1800.0
Harmony,chopper_command,2,73958,1300.0
Harmony,chopper_command,2,74324,800.0
Harmony,chopper_command,2,74694,1000.0
Harmony,chopper_command,2,75058,1100.0
Harmony,chopper_command,2,75823,1500.0
Harmony,chopper_command,2,76111,800.0
Harmony,chopper_command,2,76694,1300.0
Harmony,chopper_command,2,77205,1000.0
Harmony,chopper_command,2,77657,1200.0
Harmony,chopper_command,2,78229,1100.0
Harmony,chopper_command,2,78765,1100.0
Harmony,chopper_command,2,79211,1100.0
Harmony,chopper_command,2,79727,900.0
Harmony,chopper_command,2,80140,1200.0
Harmony,chopper_command,2,80481,800.0
Harmony,chopper_command,2,81093,1000.0
Harmony,chopper_command,2,81510,1100.0
Harmony,chopper_command,2,81979,1400.0
Harmony,chopper_command,2,82925,1300.0
Harmony,chopper_command,2,83322,800.0
Harmony,chopper_command,2,83923,1300.0
Harmony,chopper_command,2,84262,800.0
Harmony,chopper_command,2,85021,1300.0
Harmony,chopper_command,2,85405,1000.0
Harmony,chopper_command,2,86215,1400.0
Harmony,chopper_command,2,86624,1200.0
Harmony,chopper_command,2,86940,1100.0
Harmony,chopper_command,2,87524,1100.0
Harmony,chopper_command,2,87931,800.0
Harmony,chopper_command,2,88279,1000.0
Harmony,chopper_command,2,89439,1400.0
Harmony,chopper_command,2,89867,1300.0
Harmony,chopper_command,2,90730,900.0
Harmony,chopper_command,2,91556,1500.0
Harmony,chopper_command,2,92265,1600.0
Harmony,chopper_command,2,92908,1300.0
Harmony,chopper_command,2,93369,1200.0
Harmony,chopper_command,2,94215,1600.0
Harmony,chopper_command,2,94738,1400.0
Harmony,chopper_command,2,95245,1300.0
Harmony,chopper_command,2,95718,1100.0
Harmony,chopper_command,2,95986,800.0
Harmony,chopper_command,2,96822,1200.0
Harmony,chopper_command,2,97590,1300.0
Harmony,chopper_command,2,97882,600.0
Harmony,chopper_command,2,98332,600.0
Harmony,chopper_command,2,98759,1000.0
Harmony,chopper_command,2,99217,1200.0
Harmony,chopper_command,2,99635,800.0
Harmony,crazy_climber,2,2836,8200.0
Harmony,crazy_climber,2,4942,6900.0
Harmony,crazy_climber,2,8045,9200.0
Harmony,crazy_climber,2,11085,11400.0
Harmony,crazy_climber,2,13693,19100.0
Harmony,crazy_climber,2,17114,11000.0
Harmony,crazy_climber,2,19489,11000.0
Harmony,crazy_climber,2,22685,16100.0
Harmony,crazy_climber,2,26583,26400.0
Harmony,crazy_climber,2,29606,28500.0
Harmony,crazy_climber,2,33124,38700.0
Harmony,crazy_climber,2,36560,57300.0
Harmony,crazy_climber,2,38701,19700.0
Harmony,crazy_climber,2,40989,19900.0
Harmony,crazy_climber,2,45493,78600.0
Harmony,crazy_climber,2,47700,38500.0
Harmony,crazy_climber,2,49900,33200.0
Harmony,crazy_climber,2,52438,45400.0
Harmony,crazy_climber,2,57346,97300.0
Harmony,crazy_climber,2,59600,38300.0
Harmony,crazy_climber,2,61666,33900.0
Harmony,crazy_climber,2,64135,46600.0
Harmony,crazy_climber,2,66908,37900.0
Harmony,crazy_climber,2,69637,45500.0
Harmony,crazy_climber,2,71931,37700.0
Harmony,crazy_climber,2,74521,39900.0
Harmony,crazy_climber,2,77609,59100.0
Harmony,crazy_climber,2,81274,71500.0
Harmony,crazy_climber,2,85253,94300.0
Harmony,crazy_climber,2,87573,43500.0
Harmony,crazy_climber,2,90104,46500.0
Harmony,crazy_climber,2,93771,95200.0
Harmony,crazy_climber,2,96386,49300.0
Harmony,crazy_climber,2,98385,32800.0
Harmony,demon_attack,2,517,120.0
Harmony,demon_attack,2,1885,265.0
Harmony,demon_attack,2,3487,120.0
Harmony,demon_attack,2,3981,110.0
Harmony,demon_attack,2,5536,355.0
Harmony,demon_attack,2,6466,190.0
Harmony,demon_attack,2,9778,325.0
Harmony,demon_attack,2,10162,40.0
Harmony,demon_attack,2,11216,205.0
Harmony,demon_attack,2,12326,205.0
Harmony,demon_attack,2,15572,1100.0
Harmony,demon_attack,2,15857,70.0
Harmony,demon_attack,2,17167,235.0
Harmony,demon_attack,2,17797,80.0
Harmony,demon_attack,2,19411,205.0
Harmony,demon_attack,2,19859,100.0
Harmony,demon_attack,2,20460,130.0
Harmony,demon_attack,2,22068,280.0
Harmony,demon_attack,2,22958,190.0
Harmony,demon_attack,2,23235,80.0
Harmony,demon_attack,2,24490,235.0
Harmony,demon_attack,2,24695,30.0
Harmony,demon_attack,2,25963,355.0
Harmony,demon_attack,2,26984,150.0
Harmony,demon_attack,2,28587,310.0
Harmony,demon_attack,2,29456,150.0
Harmony,demon_attack,2,29698,30.0
Harmony,demon_attack,2,30869,325.0
Harmony,demon_attack,2,31474,110.0
Harmony,demon_attack,2,32168,110.0
Harmony,demon_attack,2,33804,265.0
Harmony,demon_attack,2,34171,80.0
Harmony,demon_attack,2,34959,150.0
Harmony,demon_attack,2,35561,100.0
Harmony,demon_attack,2,36055,130.0
Harmony,demon_attack,2,37421,355.0
Harmony,demon_attack,2,37968,100.0
Harmony,demon_attack,2,38750,220.0
Harmony,demon_attack,2,39663,140.0
Harmony,demon_attack,2,41111,385.0
Harmony,demon_attack,2,41683,120.0
Harmony,demon_attack,2,42344,110.0
Harmony,demon_attack,2,43030,175.0
Harmony,demon_attack,2,43293,90.0
Harmony,demon_attack,2,43768,140.0
Harmony,demon_attack,2,44268,100.0
Harmony,demon_attack,2,44532,60.0
Harmony,demon_attack,2,45130,150.0
Harmony,demon_attack,2,45606,80.0
Harmony,demon_attack,2,46105,140.0
Harmony,demon_attack,2,46845,150.0
Harmony,demon_attack,2,47165,70.0
Harmony,demon_attack,2,47756,130.0
Harmony,demon_attack,2,48223,110.0
Harmony,demon_attack,2,48773,130.0
Harmony,demon_attack,2,49914,310.0
Harmony,demon_attack,2,50729,235.0
Harmony,demon_attack,2,51238,70.0
Harmony,demon_attack,2,51794,140.0
Harmony,demon_attack,2,52315,100.0
Harmony,demon_attack,2,52601,40.0
Harmony,demon_attack,2,53255,120.0
Harmony,demon_attack,2,53681,100.0
Harmony,demon_attack,2,54761,295.0
Harmony,demon_attack,2,56607,740.0
Harmony,demon_attack,2,56879,50.0
Harmony,demon_attack,2,57630,140.0
Harmony,demon_attack,2,57867,80.0
Harmony,demon_attack,2,58651,175.0
Harmony,demon_attack,2,59187,130.0
Harmony,demon_attack,2,59979,140.0
Harmony,demon_attack,2,60459,100.0
Harmony,demon_attack,2,61078,130.0
Harmony,demon_attack,2,61534,80.0
Harmony,demon_attack,2,62153,130.0
Harmony,demon_attack,2,63377,205.0
Harmony,demon_attack,2,64095,120.0
Harmony,demon_attack,2,64832,175.0
Harmony,demon_attack,2,65887,235.0
Harmony,demon_attack,2,66797,235.0
Harmony,demon_attack,2,67634,150.0
Harmony,demon_attack,2,69849,440.0
Harmony,demon_attack,2,70417,120.0
Harmony,demon_attack,2,71039,160.0
Harmony,demon_attack,2,71804,110.0
Harmony,demon_attack,2,73018,205.0
Harmony,demon_attack,2,73472,140.0
Harmony,demon_attack,2,75452,355.0
Harmony,demon_attack,2,76025,150.0
Harmony,demon_attack,2,76705,140.0
Harmony,demon_attack,2,77351,150.0
Harmony,demon_attack,2,77879,120.0
Harmony,demon_attack,2,80784,480.0
Harmony,demon_attack,2,81084,70.0
Harmony,demon_attack,2,81922,175.0
Harmony,demon_attack,2,82884,130.0
Harmony,demon_attack,2,84560,295.0
Harmony,demon_attack,2,86579,325.0
Harmony,demon_attack,2,87298,120.0
Harmony,demon_attack,2,87616,60.0
Harmony,demon_attack,2,88918,265.0
Harmony,demon_attack,2,89209,60.0
Harmony,demon_attack,2,89619,70.0
Harmony,demon_attack,2,90039,100.0
Harmony,demon_attack,2,90561,100.0
Harmony,demon_attack,2,91695,295.0
Harmony,demon_attack,2,93211,325.0
Harmony,demon_attack,2,94248,280.0
Harmony,demon_attack,2,94505,70.0
Harmony,demon_attack,2,95548,250.0
Harmony,demon_attack,2,97307,420.0
Harmony,demon_attack,2,98670,310.0
Harmony,demon_attack,2,99452,140.0
Harmony,freeway,2,2046,0.0
Harmony,freeway,2,4094,0.0
Harmony,freeway,2,6141,0.0
Harmony,freeway,2,8183,0.0
Harmony,freeway,2,10226,0.0
Harmony,freeway,2,12267,0.0
Harmony,freeway,2,14309,0.0
Harmony,freeway,2,16355,0.0
Harmony,freeway,2,18401,0.0
Harmony,freeway,2,20444,0.0
Harmony,freeway,2,22492,0.0
Harmony,freeway,2,24537,0.0
Harmony,freeway,2,26581,0.0
Harmony,freeway,2,28622,0.0
Harmony,freeway,2,30665,0.0
Harmony,freeway,2,32713,0.0
Harmony,freeway,2,34754,0.0
Harmony,freeway,2,36797,0.0
Harmony,freeway,2,38843,0.0
Harmony,freeway,2,40891,0.0
Harmony,freeway,2,42933,0.0
Harmony,freeway,2,44974,0.0
Harmony,freeway,2,47017,0.0
Harmony,freeway,2,49064,0.0
Harmony,freeway,2,51111,0.0
Harmony,freeway,2,53154,0.0
Harmony,freeway,2,55202,0.0
Harmony,freeway,2,57249,0.0
Harmony,freeway,2,59296,0.0
Harmony,freeway,2,61338,0.0
Harmony,freeway,2,63382,0.0
Harmony,freeway,2,65430,0.0
Harmony,freeway,2,67478,0.0
Harmony,freeway,2,69520,0.0
Harmony,freeway,2,71564,0.0
Harmony,freeway,2,73606,0.0
Harmony,freeway,2,75650,0.0
Harmony,freeway,2,77694,0.0
Harmony,freeway,2,79742,0.0
Harmony,freeway,2,81789,0.0
Harmony,freeway,2,83836,0.0
Harmony,freeway,2,85880,0.0
Harmony,freeway,2,87925,0.0
Harmony,freeway,2,89967,0.0
Harmony,freeway,2,92012,0.0
Harmony,freeway,2,94057,0.0
Harmony,freeway,2,96101,0.0
Harmony,freeway,2,98146,0.0
Harmony,frostbite,2,348,40.0
Harmony,frostbite,2,816,200.0
Harmony,frostbite,2,1187,50.0
Harmony,frostbite,2,1541,20.0
Harmony,frostbite,2,1897,90.0
Harmony,frostbite,2,2303,100.0
Harmony,frostbite,2,2766,40.0
Harmony,frostbite,2,3048,20.0
Harmony,frostbite,2,3368,30.0
Harmony,frostbite,2,3820,50.0
Harmony,frostbite,2,4209,40.0
Harmony,frostbite,2,4557,50.0
Harmony,frostbite,2,4938,100.0
Harmony,frostbite,2,5244,30.0
Harmony,frostbite,2,5638,100.0
Harmony,frostbite,2,6087,140.0
Harmony,frostbite,2,6481,100.0
Harmony,frostbite,2,6941,120.0
Harmony,frostbite,2,7323,50.0
Harmony,frostbite,2,7896,70.0
Harmony,frostbite,2,8388,150.0
Harmony,frostbite,2,8719,70.0
Harmony,frostbite,2,9235,130.0
Harmony,frostbite,2,9632,100.0
Harmony,frostbite,2,9951,90.0
Harmony,frostbite,2,10239,60.0
Harmony,frostbite,2,10531,60.0
Harmony,frostbite,2,10834,70.0
Harmony,frostbite,2,11187,120.0
Harmony,frostbite,2,11537,130.0
Harmony,frostbite,2,11865,110.0
Harmony,frostbite,2,12207,110.0
Harmony,frostbite,2,12556,120.0
Harmony,frostbite,2,12976,90.0
Harmony,frostbite,2,13528,140.0
Harmony,frostbite,2,13884,150.0
Harmony,frostbite,2,14213,120.0
Harmony,frostbite,2,14546,120.0
Harmony,frostbite,2,14884,120.0
Harmony,frostbite,2,15251,140.0
Harmony,frostbite,2,15590,90.0
Harmony,frostbite,2,15960,150.0
Harmony,frostbite,2,16360,160.0
Harmony,frostbite,2,16670,70.0
Harmony,frostbite,2,17056,180.0
Harmony,frostbite,2,17438,140.0
Harmony,frostbite,2,17858,200.0
Harmony,frostbite,2,18252,150.0
Harmony,frostbite,2,18699,210.0
Harmony,frostbite,2,19094,100.0
Harmony,frostbite,2,19626,200.0
Harmony,frostbite,2,19935,90.0
Harmony,frostbite,2,20413,200.0
Harmony,frostbite,2,20837,180.0
Harmony,frostbite,2,21480,210.0
Harmony,frostbite,2,22241,220.0
Harmony,frostbite,2,22749,170.0
Harmony,frostbite,2,23397,200.0
Harmony,frostbite,2,24014,200.0
Harmony,frostbite,2,24595,230.0
Harmony,frostbite,2,25100,200.0
Harmony,frostbite,2,25600,200.0
Harmony,frostbite,2,26100,230.0
Harmony,frostbite,2,26562,200.0
Harmony,frostbite,2,27002,220.0
Harmony,frostbite,2,27434,230.0
Harmony,frostbite,2,27856,210.0
Harmony,frostbite,2,28297,220.0
Harmony,frostbite,2,29364,1880.0
Harmony,frostbite,2,29759,200.0
Harmony,frostbite,2,30186,170.0
Harmony,frostbite,2,30579,200.0
Harmony,frostbite,2,31076,220.0
Harmony,frostbite,2,31500,190.0
Harmony,frostbite,2,31928,190.0
Harmony,frostbite,2,32940,2700.0
Harmony,frostbite,2,33739,1560.0
Harmony,frostbite,2,34642,1880.0
Harmony,frostbite,2,35052,190.0
Harmony,frostbite,2,35482,180.0
Harmony,frostbite,2,35864,170.0
Harmony,frostbite,2,36323,180.0
Harmony,frostbite,2,36964,180.0
Harmony,frostbite,2,37863,1560.0
Harmony,frostbite,2,39237,1940.0
Harmony,frostbite,2,39879,130.0
Harmony,frostbite,2,40926,1990.0
Harmony,frostbite,2,41954,1770.0
Harmony,frostbite,2,42371,190.0
Harmony,frostbite,2,43155,1280.0
Harmony,frostbite,2,44403,2820.0
Harmony,frostbite,2,44954,110.0
Harmony,frostbite,2,45844,1680.0
Harmony,frostbite,2,46238,180.0
Harmony,frostbite,2,47226,2330.0
Harmony,frostbite,2,48050,1250.0
Harmony,frostbite,2,49016,1650.0
Harmony,frostbite,2,50069,2390.0
Harmony,frostbite,2,51244,3180.0
Harmony,frostbite,2,52259,2000.0
Harmony,frostbite,2,53409,2990.0
Harmony,frostbite,2,54571,3510.0
Harmony,frostbite,2,55288,1450.0
Harmony,frostbite,2,56076,1490.0
Harmony,frostbite,2,56906,1370.0
Harmony,frostbite,2,57717,1690.0
Harmony,frostbite,2,58377,1080.0
Harmony,frostbite,2,59416,2210.0
Harmony,frostbite,2,60311,2300.0
Harmony,frostbite,2,61175,1790.0
Harmony,frostbite,2,61967,1870.0
Harmony,frostbite,2,62625,950.0
Harmony,frostbite,2,63492,1650.0
Harmony,frostbite,2,64148,940.0
Harmony,frostbite,2,65235,3390.0
Harmony,frostbite,2,66032,1000.0
Harmony,frostbite,2,66695,1440.0
Harmony,frostbite,2,67067,140.0
Harmony,frostbite,2,68112,2930.0
Harmony,frostbite,2,68966,2370.0
Harmony,frostbite,2,69710,1460.0
Harmony,frostbite,2,70517,1370.0
Harmony,frostbite,2,71612,3250.0
Harmony,frostbite,2,72359,1460.0
Harmony,frostbite,2,73172,1980.0
Harmony,frostbite,2,73996,2390.0
Harmony,frostbite,2,75151,3180.0
Harmony,frostbite,2,76419,3610.0
Harmony,frostbite,2,77569,3170.0
Harmony,frostbite,2,78724,3860.0
Harmony,frostbite,2,79521,1420.0
Harmony,frostbite,2,80544,3030.0
Harmony,frostbite,2,81230,1460.0
Harmony,frostbite,2,82089,1980.0
Harmony,frostbite,2,83039,2220.0
Harmony,frostbite,2,84192,3610.0
Harmony,frostbite,2,84987,990.0
Harmony,frostbite,2,86158,3780.0
Harmony,frostbite,2,87208,2200.0
Harmony,frostbite,2,88208,2140.0
Harmony,frostbite,2,89482,3510.0
Harmony,frostbite,2,90438,1040.0
Harmony,frostbite,2,91141,1490.0
Harmony,frostbite,2,92283,3510.0
Harmony,frostbite,2,93429,3580.0
Harmony,frostbite,2,94456,2200.0
Harmony,frostbite,2,95486,2690.0
Harmony,frostbite,2,96362,2000.0
Harmony,frostbite,2,97389,2980.0
Harmony,frostbite,2,98479,2910.0
Harmony,frostbite,2,99576,3350.0
Harmony,gopher,2,1156,260.0
Harmony,gopher,2,2315,420.0
Harmony,gopher,2,3254,120.0
Harmony,gopher,2,4833,520.0
Harmony,gopher,2,5842,340.0
Harmony,gopher,2,7045,320.0
Harmony,gopher,2,8020,380.0
Harmony,gopher,2,8718,200.0
Harmony,gopher,2,9864,300.0
Harmony,gopher,2,11024,260.0
Harmony,gopher,2,11710,160.0
Harmony,gopher,2,12670,220.0
Harmony,gopher,2,14104,240.0
Harmony,gopher,2,15025,120.0
Harmony,gopher,2,16251,560.0
Harmony,gopher,2,17168,80.0
Harmony,gopher,2,18194,440.0
Harmony,gopher,2,18843,80.0
Harmony,gopher,2,20008,740.0
Harmony,gopher,2,20874,160.0
Harmony,gopher,2,21614,300.0
Harmony,gopher,2,22484,60.0
Harmony,gopher,2,23633,300.0
Harmony,gopher,2,24552,440.0
Harmony,gopher,2,25531,460.0
Harmony,gopher,2,26761,720.0
Harmony,gopher,2,27569,360.0
Harmony,gopher,2,28686,320.0
Harmony,gopher,2,29345,100.0
Harmony,gopher,2,30894,940.0
Harmony,gopher,2,32178,900.0
Harmony,gopher,2,32908,320.0
Harmony,gopher,2,33864,280.0
Harmony,gopher,2,34676,300.0
Harmony,gopher,2,35693,380.0
Harmony,gopher,2,36364,400.0
Harmony,gopher,2,37009,160.0
Harmony,gopher,2,37707,100.0
Harmony,gopher,2,38797,760.0
Harmony,gopher,2,40379,920.0
Harmony,gopher,2,41195,440.0
Harmony,gopher,2,41828,120.0
Harmony,gopher,2,42586,300.0
Harmony,gopher,2,43329,380.0
Harmony,gopher,2,43962,340.0
Harmony,gopher,2,44886,560.0
Harmony,gopher,2,45675,200.0
Harmony,gopher,2,47500,1600.0
Harmony,gopher,2,48684,640.0
Harmony,gopher,2,49958,800.0
Harmony,gopher,2,50610,160.0
Harmony,gopher,2,51706,300.0
Harmony,gopher,2,52561,360.0
Harmony,gopher,2,53667,780.0
Harmony,gopher,2,54121,80.0
Harmony,gopher,2,55040,380.0
Harmony,gopher,2,55687,100.0
Harmony,gopher,2,56882,580.0
Harmony,gopher,2,57943,420.0
Harmony,gopher,2,59983,1480.0
Harmony,gopher,2,60873,320.0
Harmony,gopher,2,62180,760.0
Harmony,gopher,2,63251,880.0
Harmony,gopher,2,64413,500.0
Harmony,gopher,2,65477,600.0
Harmony,gopher,2,66538,340.0
Harmony,gopher,2,67411,300.0
Harmony,gopher,2,68493,620.0
Harmony,gopher,2,69247,300.0
Harmony,gopher,2,70150,540.0
Harmony,gopher,2,71138,580.0
Harmony,gopher,2,72215,940.0
Harmony,gopher,2,73570,820.0
Harmony,gopher,2,74753,880.0
Harmony,gopher,2,76169,700.0
Harmony,gopher,2,77091,500.0
Harmony,gopher,2,77904,260.0
Harmony,gopher,2,79061,720.0
Harmony,gopher,2,80258,660.0
Harmony,gopher,2,81269,480.0
Harmony,gopher,2,81766,80.0
Harmony,gopher,2,83071,1240.0
Harmony,gopher,2,84239,940.0
Harmony,gopher,2,85639,1040.0
Harmony,gopher,2,87088,920.0
Harmony,gopher,2,87764,240.0
Harmony,gopher,2,88621,560.0
Harmony,gopher,2,89998,840.0
Harmony,gopher,2,90876,520.0
Harmony,gopher,2,91664,160.0
Harmony,gopher,2,93238,1160.0
Harmony,gopher,2,94571,1060.0
Harmony,gopher,2,95457,480.0
Harmony,gopher,2,96208,200.0
Harmony,gopher,2,97337,820.0
Harmony,gopher,2,98499,780.0
Harmony,gopher,2,99273,480.0
Harmony,hero,2,890,2080.0
Harmony,hero,2,1207,0.0
Harmony,hero,2,1619,75.0
Harmony,hero,2,2290,2610.0
Harmony,hero,2,2649,75.0
Harmony,hero,2,3584,1960.0
Harmony,hero,2,4230,2285.0
Harmony,hero,2,4573,0.0
Harmony,hero,2,4918,75.0
Harmony,hero,2,5228,0.0
Harmony,hero,2,6036,2085.0
Harmony,hero,2,6326,75.0
Harmony,hero,2,6993,2410.0
Harmony,hero,2,8051,0.0
Harmony,hero,2,8738,0.0
Harmony,hero,2,9699,0.0
Harmony,hero,2,10290,75.0
Harmony,hero,2,10755,75.0
Harmony,hero,2,11348,2890.0
Harmony,hero,2,12008,2935.0
Harmony,hero,2,12824,75.0
Harmony,hero,2,13561,2985.0
Harmony,hero,2,14579,2290.0
Harmony,hero,2,15239,2760.0
Harmony,hero,2,15951,2780.0
Harmony,hero,2,16382,3025.0
Harmony,hero,2,16755,2960.0
Harmony,hero,2,17039,75.0
Harmony,hero,2,17548,2900.0
Harmony,hero,2,17985,2990.0
Harmony,hero,2,18401,2920.0
Harmony,hero,2,18902,3020.0
Harmony,hero,2,19366,3060.0
Harmony,hero,2,19904,2800.0
Harmony,hero,2,20365,3135.0
Harmony,hero,2,20826,3135.0
Harmony,hero,2,21293,3135.0
Harmony,hero,2,21743,3135.0
Harmony,hero,2,22325,3185.0
Harmony,hero,2,22791,3135.0
Harmony,hero,2,23255,3135.0
Harmony,hero,2,23695,3135.0
Harmony,hero,2,24119,3010.0
Harmony,hero,2,25202,5870.0
Harmony,hero,2,25817,3060.0
Harmony,hero,2,26336,3135.0
Harmony,hero,2,26770,3010.0
Harmony,hero,2,27224,3135.0
Harmony,hero,2,27764,3010.0
Harmony,hero,2,28276,3010.0
Harmony,hero,2,28879,3135.0
Harmony,hero,2,29962,3135.0
Harmony,hero,2,30628,2970.0
Harmony,hero,2,31314,3010.0
Harmony,hero,2,31850,3040.0
Harmony,hero,2,32265,3085.0
Harmony,hero,2,32755,3010.0
Harmony,hero,2,33207,2990.0
Harmony,hero,2,33650,3045.0
Harmony,hero,2,34184,3165.0
Harmony,hero,2,35807,3185.0
Harmony,hero,2,36379,3135.0
Harmony,hero,2,36851,3135.0
Harmony,hero,2,37432,3185.0
Harmony,hero,2,38217,3135.0
Harmony,hero,2,38653,2990.0
Harmony,hero,2,39261,3040.0
Harmony,hero,2,40528,2910.0
Harmony,hero,2,42169,2950.0
Harmony,hero,2,43832,3065.0
Harmony,hero,2,45501,3075.0
Harmony,hero,2,46294,3145.0
Harmony,hero,2,47039,6910.0
Harmony,hero,2,47668,3145.0
Harmony,hero,2,48278,7230.0
Harmony,hero,2,49312,7300.0
Harmony,hero,2,49866,3015.0
Harmony,hero,2,51759,7325.0
Harmony,hero,2,52420,7150.0
Harmony,hero,2,53319,7370.0
Harmony,hero,2,54829,7390.0
Harmony,hero,2,55460,7360.0
Harmony,hero,2,57134,7490.0
Harmony,hero,2,57847,7560.0
Harmony,hero,2,58544,7490.0
Harmony,hero,2,59299,7665.0
Harmony,hero,2,60736,7665.0
Harmony,hero,2,61648,7560.0
Harmony,hero,2,62391,7685.0
Harmony,hero,2,63791,10625.0
Harmony,hero,2,64455,7490.0
Harmony,hero,2,65220,7675.0
Harmony,hero,2,65822,7410.0
Harmony,hero,2,66539,7590.0
Harmony,hero,2,67219,7610.0
Harmony,hero,2,67843,7590.0
Harmony,hero,2,68513,7520.0
Harmony,hero,2,70308,7575.0
Harmony,hero,2,70958,7715.0
Harmony,hero,2,71610,7550.0
Harmony,hero,2,72391,7550.0
Harmony,hero,2,73248,7590.0
Harmony,hero,2,74521,7640.0
Harmony,hero,2,75200,7560.0
Harmony,hero,2,75991,7560.0
Harmony,hero,2,76726,7590.0
Harmony,hero,2,77540,7520.0
Harmony,hero,2,78265,7620.0
Harmony,hero,2,78975,7540.0
Harmony,hero,2,79582,7540.0
Harmony,hero,2,80553,7550.0
Harmony,hero,2,81228,7600.0
Harmony,hero,2,81958,7570.0
Harmony,hero,2,82770,7590.0
Harmony,hero,2,83611,7590.0
Harmony,hero,2,84613,7690.0
Harmony,hero,2,85564,7640.0
Harmony,hero,2,86362,7610.0
Harmony,hero,2,87103,7590.0
Harmony,hero,2,87765,7540.0
Harmony,hero,2,88656,7520.0
Harmony,hero,2,89330,7500.0
Harmony,hero,2,90213,7590.0
Harmony,hero,2,90853,7640.0
Harmony,hero,2,91606,7540.0
Harmony,hero,2,92456,7690.0
Harmony,hero,2,93071,7570.0
Harmony,hero,2,93751,7735.0
Harmony,hero,2,94375,7560.0
Harmony,hero,2,95009,7560.0
Harmony,hero,2,95969,12425.0
Harmony,hero,2,96767,7640.0
Harmony,hero,2,97825,12435.0
Harmony,hero,2,98910,7590.0
Harmony,hero,2,99791,13095.0
Harmony,jamesbond,2,505,100.0
Harmony,jamesbond,2,978,100.0
Harmony,jamesbond,2,1452,0.0
Harmony,jamesbond,2,1931,0.0
Harmony,jamesbond,2,2394,0.0
Harmony,jamesbond,2,2850,0.0
Harmony,jamesbond,2,3346,50.0
Harmony,jamesbond,2,4020,50.0
Harmony,jamesbond,2,4621,0.0
Harmony,jamesbond,2,5091,0.0
Harmony,jamesbond,2,5565,100.0
Harmony,jamesbond,2,6098,100.0
Harmony,jamesbond,2,6579,0.0
Harmony,jamesbond,2,7170,150.0
Harmony,jamesbond,2,7774,50.0
Harmony,jamesbond,2,8249,0.0
Harmony,jamesbond,2,8753,50.0
Harmony,jamesbond,2,9276,50.0
Harmony,jamesbond,2,9753,0.0
Harmony,jamesbond,2,10249,0.0
Harmony,jamesbond,2,10765,50.0
Harmony,jamesbond,2,11227,0.0
Harmony,jamesbond,2,11914,100.0
Harmony,jamesbond,2,12393,0.0
Harmony,jamesbond,2,12889,0.0
Harmony,jamesbond,2,13297,100.0
Harmony,jamesbond,2,13701,50.0
Harmony,jamesbond,2,14202,0.0
Harmony,jamesbond,2,14865,50.0
Harmony,jamesbond,2,15541,0.0
Harmony,jamesbond,2,16276,0.0
Harmony,jamesbond,2,17025,50.0
Harmony,jamesbond,2,17735,0.0
Harmony,jamesbond,2,18510,0.0
Harmony,jamesbond,2,19336,100.0
Harmony,jamesbond,2,19944,0.0
Harmony,jamesbond,2,20584,0.0
Harmony,jamesbond,2,21161,100.0
Harmony,jamesbond,2,21622,0.0
Harmony,jamesbond,2,22139,0.0
Harmony,jamesbond,2,22598,100.0
Harmony,jamesbond,2,23091,100.0
Harmony,jamesbond,2,23585,50.0
Harmony,jamesbond,2,24055,100.0
Harmony,jamesbond,2,24547,50.0
Harmony,jamesbond,2,25060,50.0
Harmony,jamesbond,2,25588,100.0
Harmony,jamesbond,2,26073,100.0
Harmony,jamesbond,2,26553,50.0
Harmony,jamesbond,2,27100,50.0
Harmony,jamesbond,2,27598,50.0
Harmony,jamesbond,2,28141,100.0
Harmony,jamesbond,2,28748,50.0
Harmony,jamesbond,2,29266,150.0
Harmony,jamesbond,2,29784,0.0
Harmony,jamesbond,2,30296,100.0
Harmony,jamesbond,2,30893,50.0
Harmony,jamesbond,2,31637,50.0
Harmony,jamesbond,2,32097,0.0
Harmony,jamesbond,2,32588,50.0
Harmony,jamesbond,2,33589,100.0
Harmony,jamesbond,2,34060,50.0
Harmony,jamesbond,2,34629,0.0
Harmony,jamesbond,2,35122,50.0
Harmony,jamesbond,2,35737,50.0
Harmony,jamesbond,2,36375,100.0
Harmony,jamesbond,2,36878,100.0
Harmony,jamesbond,2,37376,0.0
Harmony,jamesbond,2,37869,50.0
Harmony,jamesbond,2,38369,50.0
Harmony,jamesbond,2,38994,100.0
Harmony,jamesbond,2,39567,100.0
Harmony,jamesbond,2,40081,0.0
Harmony,jamesbond,2,41089,100.0
Harmony,jamesbond,2,41578,100.0
Harmony,jamesbond,2,42130,100.0
Harmony,jamesbond,2,42657,100.0
Harmony,jamesbond,2,43206,150.0
Harmony,jamesbond,2,43700,0.0
Harmony,jamesbond,2,44207,50.0
Harmony,jamesbond,2,44674,100.0
Harmony,jamesbond,2,45235,50.0
Harmony,jamesbond,2,45719,50.0
Harmony,jamesbond,2,46235,0.0
Harmony,jamesbond,2,46703,50.0
Harmony,jamesbond,2,47242,100.0
Harmony,jamesbond,2,47891,100.0
Harmony,jamesbond,2,48348,0.0
Harmony,jamesbond,2,48835,150.0
Harmony,jamesbond,2,49319,50.0
Harmony,jamesbond,2,49844,100.0
Harmony,jamesbond,2,50388,50.0
Harmony,jamesbond,2,50922,50.0
Harmony,jamesbond,2,51438,100.0
Harmony,jamesbond,2,52001,150.0
Harmony,jamesbond,2,52571,100.0
Harmony,jamesbond,2,53128,150.0
Harmony,jamesbond,2,53687,100.0
Harmony,jamesbond,2,54247,100.0
Harmony,jamesbond,2,54940,250.0
Harmony,jamesbond,2,55508,150.0
Harmony,jamesbond,2,56311,400.0
Harmony,jamesbond,2,56912,50.0
Harmony,jamesbond,2,57477,100.0
Harmony,jamesbond,2,58036,200.0
Harmony,jamesbond,2,58667,200.0
Harmony,jamesbond,2,59421,150.0
Harmony,jamesbond,2,59966,200.0
Harmony,jamesbond,2,60494,100.0
Harmony,jamesbond,2,61130,50.0
Harmony,jamesbond,2,61636,100.0
Harmony,jamesbond,2,62363,250.0
Harmony,jamesbond,2,62920,50.0
Harmony,jamesbond,2,63474,200.0
Harmony,jamesbond,2,64015,200.0
Harmony,jamesbond,2,64567,200.0
Harmony,jamesbond,2,65066,150.0
Harmony,jamesbond,2,65700,200.0
Harmony,jamesbond,2,66456,200.0
Harmony,jamesbond,2,66926,150.0
Harmony,jamesbond,2,67433,250.0
Harmony,jamesbond,2,67959,150.0
Harmony,jamesbond,2,68505,100.0
Harmony,jamesbond,2,69168,100.0
Harmony,jamesbond,2,69676,150.0
Harmony,jamesbond,2,70226,200.0
Harmony,jamesbond,2,70891,50.0
Harmony,jamesbond,2,71334,150.0
Harmony,jamesbond,2,71838,100.0
Harmony,jamesbond,2,72368,150.0
Harmony,jamesbond,2,72868,250.0
Harmony,jamesbond,2,73549,200.0
Harmony,jamesbond,2,74098,150.0
Harmony,jamesbond,2,74613,250.0
Harmony,jamesbond,2,75117,250.0
Harmony,jamesbond,2,75619,100.0
Harmony,jamesbond,2,76135,100.0
Harmony,jamesbond,2,76667,250.0
Harmony,jamesbond,2,77155,100.0
Harmony,jamesbond,2,77628,50.0
Harmony,jamesbond,2,78083,50.0
Harmony,jamesbond,2,78630,250.0
Harmony,jamesbond,2,79243,100.0
Harmony,jamesbond,2,79731,150.0
Harmony,jamesbond,2,80420,100.0
Harmony,jamesbond,2,80921,150.0
Harmony,jamesbond,2,81416,150.0
Harmony,jamesbond,2,81928,150.0
Harmony,jamesbond,2,82440,150.0
Harmony,jamesbond,2,82941,200.0
Harmony,jamesbond,2,83409,100.0
Harmony,jamesbond,2,83905,150.0
Harmony,jamesbond,2,84503,250.0
Harmony,jamesbond,2,84998,250.0
Harmony,jamesbond,2,85513,100.0
Harmony,jamesbond,2,86231,250.0
Harmony,jamesbond,2,86737,150.0
Harmony,jamesbond,2,87332,250.0
Harmony,jamesbond,2,88298,350.0
Harmony,jamesbond,2,89081,200.0
Harmony,jamesbond,2,89729,150.0
Harmony,jamesbond,2,90548,100.0
Harmony,jamesbond,2,91281,150.0
Harmony,jamesbond,2,91799,100.0
Harmony,jamesbond,2,92341,250.0
Harmony,jamesbond,2,93054,300.0
Harmony,jamesbond,2,93608,200.0
Harmony,jamesbond,2,94483,250.0
Harmony,jamesbond,2,95082,200.0
Harmony,jamesbond,2,95627,200.0
Harmony,jamesbond,2,96172,250.0
Harmony,jamesbond,2,97146,250.0
Harmony,jamesbond,2,97649,200.0
Harmony,jamesbond,2,98369,250.0
Harmony,jamesbond,2,99094,200.0
Harmony,jamesbond,2,99798,250.0
Harmony,kangaroo,2,293,0.0
Harmony,kangaroo,2,764,0.0
Harmony,kangaroo,2,1179,0.0
Harmony,kangaroo,2,1711,200.0
Harmony,kangaroo,2,2090,0.0
Harmony,kangaroo,2,2507,0.0
Harmony,kangaroo,2,3002,0.0
Harmony,kangaroo,2,3351,0.0
Harmony,kangaroo,2,3633,0.0
Harmony,kangaroo,2,4131,0.0
Harmony,kangaroo,2,4610,0.0
Harmony,kangaroo,2,5090,200.0
Harmony,kangaroo,2,5572,0.0
Harmony,kangaroo,2,5975,0.0
Harmony,kangaroo,2,6451,0.0
Harmony,kangaroo,2,7110,0.0
Harmony,kangaroo,2,7639,600.0
Harmony,kangaroo,2,8104,200.0
Harmony,kangaroo,2,8457,0.0
Harmony,kangaroo,2,8924,0.0
Harmony,kangaroo,2,9199,0.0
Harmony,kangaroo,2,9667,0.0
Harmony,kangaroo,2,10067,200.0
Harmony,kangaroo,2,10467,200.0
Harmony,kangaroo,2,10742,0.0
Harmony,kangaroo,2,11225,0.0
Harmony,kangaroo,2,11737,200.0
Harmony,kangaroo,2,12341,600.0
Harmony,kangaroo,2,12908,600.0
Harmony,kangaroo,2,13594,600.0
Harmony,kangaroo,2,14145,400.0
Harmony,kangaroo,2,14663,400.0
Harmony,kangaroo,2,15160,600.0
Harmony,kangaroo,2,15755,400.0
Harmony,kangaroo,2,16283,600.0
Harmony,kangaroo,2,16873,400.0
Harmony,kangaroo,2,17457,400.0
Harmony,kangaroo,2,18193,600.0
Harmony,kangaroo,2,18767,400.0
Harmony,kangaroo,2,19329,400.0
Harmony,kangaroo,2,19850,400.0
Harmony,kangaroo,2,20365,400.0
Harmony,kangaroo,2,20868,200.0
Harmony,kangaroo,2,21488,400.0
Harmony,kangaroo,2,22133,400.0
Harmony,kangaroo,2,22814,200.0
Harmony,kangaroo,2,23337,400.0
Harmony,kangaroo,2,23847,400.0
Harmony,kangaroo,2,24445,200.0
Harmony,kangaroo,2,24906,400.0
Harmony,kangaroo,2,25424,400.0
Harmony,kangaroo,2,25984,400.0
Harmony,kangaroo,2,26486,200.0
Harmony,kangaroo,2,27061,200.0
Harmony,kangaroo,2,27512,0.0
Harmony,kangaroo,2,28000,600.0
Harmony,kangaroo,2,28506,400.0
Harmony,kangaroo,2,28974,600.0
Harmony,kangaroo,2,29507,400.0
Harmony,kangaroo,2,30041,600.0
Harmony,kangaroo,2,30543,600.0
Harmony,kangaroo,2,31108,400.0
Harmony,kangaroo,2,31629,400.0
Harmony,kangaroo,2,32103,600.0
Harmony,kangaroo,2,32609,200.0
Harmony,kangaroo,2,33125,400.0
Harmony,kangaroo,2,33620,600.0
Harmony,kangaroo,2,34100,400.0
Harmony,kangaroo,2,34569,400.0
Harmony,kangaroo,2,35100,400.0
Harmony,kangaroo,2,35675,400.0
Harmony,kangaroo,2,36169,600.0
Harmony,kangaroo,2,36655,600.0
Harmony,kangaroo,2,37146,600.0
Harmony,kangaroo,2,37640,600.0
Harmony,kangaroo,2,38164,400.0
Harmony,kangaroo,2,38661,600.0
Harmony,kangaroo,2,39146,600.0
Harmony,kangaroo,2,39613,400.0
Harmony,kangaroo,2,40091,600.0
Harmony,kangaroo,2,40625,400.0
Harmony,kangaroo,2,41105,600.0
Harmony,kangaroo,2,41582,600.0
Harmony,kangaroo,2,42094,600.0
Harmony,kangaroo,2,42608,600.0
Harmony,kangaroo,2,43098,600.0
Harmony,kangaroo,2,43573,600.0
Harmony,kangaroo,2,44046,400.0
Harmony,kangaroo,2,44528,600.0
Harmony,kangaroo,2,45001,600.0
Harmony,kangaroo,2,45516,600.0
Harmony,kangaroo,2,46093,400.0
Harmony,kangaroo,2,46564,600.0
Harmony,kangaroo,2,47086,600.0
Harmony,kangaroo,2,47604,600.0
Harmony,kangaroo,2,48171,600.0
Harmony,kangaroo,2,48683,400.0
Harmony,kangaroo,2,49152,600.0
Harmony,kangaroo,2,49714,600.0
Harmony,kangaroo,2,50299,600.0
Harmony,kangaroo,2,50817,600.0
Harmony,kangaroo,2,51341,600.0
Harmony,kangaroo,2,51861,400.0
Harmony,kangaroo,2,52457,600.0
Harmony,kangaroo,2,52939,600.0
Harmony,kangaroo,2,53464,400.0
Harmony,kangaroo,2,53944,600.0
Harmony,kangaroo,2,54424,600.0
Harmony,kangaroo,2,54901,600.0
Harmony,kangaroo,2,55378,600.0
Harmony,kangaroo,2,55859,600.0
Harmony,kangaroo,2,56344,600.0
Harmony,kangaroo,2,56850,400.0
Harmony,kangaroo,2,57405,200.0
Harmony,kangaroo,2,58006,800.0
Harmony,kangaroo,2,58492,600.0
Harmony,kangaroo,2,59014,400.0
Harmony,kangaroo,2,59495,600.0
Harmony,kangaroo,2,60068,600.0
Harmony,kangaroo,2,60545,600.0
Harmony,kangaroo,2,61015,400.0
Harmony,kangaroo,2,61509,600.0
Harmony,kangaroo,2,61991,600.0
Harmony,kangaroo,2,62533,600.0
Harmony,kangaroo,2,63035,600.0
Harmony,kangaroo,2,63748,800.0
Harmony,kangaroo,2,64265,600.0
Harmony,kangaroo,2,64784,600.0
Harmony,kangaroo,2,65291,400.0
Harmony,kangaroo,2,65851,600.0
Harmony,kangaroo,2,66371,600.0
Harmony,kangaroo,2,66886,600.0
Harmony,kangaroo,2,67395,600.0
Harmony,kangaroo,2,67932,600.0
Harmony,kangaroo,2,68438,600.0
Harmony,kangaroo,2,68923,600.0
Harmony,kangaroo,2,69460,600.0
Harmony,kangaroo,2,69959,600.0
Harmony,kangaroo,2,70529,800.0
Harmony,kangaroo,2,71053,600.0
Harmony,kangaroo,2,71555,600.0
Harmony,kangaroo,2,72155,800.0
Harmony,kangaroo,2,72819,1000.0
Harmony,kangaroo,2,73376,600.0
Harmony,kangaroo,2,73934,400.0
Harmony,kangaroo,2,74487,800.0
Harmony,kangaroo,2,75054,800.0
Harmony,kangaroo,2,75636,800.0
Harmony,kangaroo,2,76150,600.0
Harmony,kangaroo,2,76741,800.0
Harmony,kangaroo,2,77318,800.0
Harmony,kangaroo,2,77872,600.0
Harmony,kangaroo,2,78490,800.0
Harmony,kangaroo,2,79093,800.0
Harmony,kangaroo,2,79667,600.0
Harmony,kangaroo,2,80317,1000.0
Harmony,kangaroo,2,80859,600.0
Harmony,kangaroo,2,81564,1000.0
Harmony,kangaroo,2,82191,1000.0
Harmony,kangaroo,2,82759,600.0
Harmony,kangaroo,2,83667,1600.0
Harmony,kangaroo,2,84272,800.0
Harmony,kangaroo,2,84871,800.0
Harmony,kangaroo,2,85462,800.0
Harmony,kangaroo,2,86191,1000.0
Harmony,kangaroo,2,87448,2600.0
Harmony,kangaroo,2,87997,600.0
Harmony,kangaroo,2,88527,600.0
Harmony,kangaroo,2,89434,1800.0
Harmony,kangaroo,2,90260,1400.0
Harmony,kangaroo,2,91332,2200.0
Harmony,kangaroo,2,92272,1600.0
Harmony,kangaroo,2,92933,800.0
Harmony,kangaroo,2,94059,2200.0
Harmony,kangaroo,2,94833,1400.0
Harmony,kangaroo,2,95603,1100.0
Harmony,kangaroo,2,96565,2200.0
Harmony,kangaroo,2,97233,1000.0
Harmony,kangaroo,2,97880,1000.0
Harmony,kangaroo,2,99333,3400.0
Harmony,krull,2,1272,2450.0
Harmony,krull,2,2719,2240.0
Harmony,krull,2,3859,810.0
Harmony,krull,2,5118,780.0
Harmony,krull,2,6563,2870.0
Harmony,krull,2,7751,2380.0
Harmony,krull,2,9440,2670.0
Harmony,krull,2,10537,1220.0
Harmony,krull,2,11751,2370.0
Harmony,krull,2,13204,1830.0
Harmony,krull,2,14836,2700.0
Harmony,krull,2,16887,3760.0
Harmony,krull,2,18077,1830.0
Harmony,krull,2,19434,2680.0
Harmony,krull,2,20894,3120.0
Harmony,krull,2,22168,2700.0
Harmony,krull,2,23514,3200.0
Harmony,krull,2,24987,3570.0
Harmony,krull,2,26425,3550.0
Harmony,krull,2,27834,4060.0
Harmony,krull,2,29289,5290.0
Harmony,krull,2,30121,2530.0
Harmony,krull,2,31331,5040.0
Harmony,krull,2,32766,6090.0
Harmony,krull,2,33671,3310.0
Harmony,krull,2,35131,7140.0
Harmony,krull,2,36221,4630.0
Harmony,krull,2,37668,7290.0
Harmony,krull,2,38956,6450.0
Harmony,krull,2,40407,7300.0
Harmony,krull,2,41866,7710.0
Harmony,krull,2,43187,6480.0
Harmony,krull,2,44269,5330.0
Harmony,krull,2,45563,6410.0
Harmony,krull,2,46960,6940.0
Harmony,krull,2,48381,7700.0
Harmony,krull,2,49842,8150.0
Harmony,krull,2,51018,6490.0
Harmony,krull,2,52509,8100.0
Harmony,krull,2,53954,8180.0
Harmony,krull,2,55405,8300.0
Harmony,krull,2,56773,7460.0
Harmony,krull,2,58236,7670.0
Harmony,krull,2,59701,8580.0
Harmony,krull,2,61167,6480.0
Harmony,krull,2,62641,7580.0
Harmony,krull,2,64001,6580.0
Harmony,krull,2,65458,7730.0
Harmony,krull,2,66886,7780.0
Harmony,krull,2,67905,5090.0
Harmony,krull,2,69324,7830.0
Harmony,krull,2,70186,3830.0
Harmony,krull,2,71602,8210.0
Harmony,krull,2,72994,7140.0
Harmony,krull,2,73738,2940.0
Harmony,krull,2,74922,6130.0
Harmony,krull,2,76413,8740.0
Harmony,krull,2,77616,6500.0
Harmony,krull,2,79073,8220.0
Harmony,krull,2,80520,8320.0
Harmony,krull,2,81845,7530.0
Harmony,krull,2,83281,8250.0
Harmony,krull,2,84446,6330.0
Harmony,krull,2,85901,8520.0
Harmony,krull,2,86992,5780.0
Harmony,krull,2,88458,9190.0
Harmony,krull,2,89949,8670.0
Harmony,krull,2,91400,8160.0
Harmony,krull,2,92445,5100.0
Harmony,krull,2,93810,7530.0
Harmony,krull,2,95175,7520.0
Harmony,krull,2,96265,5550.0
Harmony,krull,2,97366,5990.0
Harmony,krull,2,98839,8430.0
Harmony,kung_fu_master,2,1031,0.0
Harmony,kung_fu_master,2,1934,0.0
Harmony,kung_fu_master,2,3131,1300.0
Harmony,kung_fu_master,2,3896,300.0
Harmony,kung_fu_master,2,4640,200.0
Harmony,kung_fu_master,2,5635,800.0
Harmony,kung_fu_master,2,6536,400.0
Harmony,kung_fu_master,2,7584,400.0
Harmony,kung_fu_master,2,8579,600.0
Harmony,kung_fu_master,2,9528,400.0
Harmony,kung_fu_master,2,10526,800.0
Harmony,kung_fu_master,2,11590,700.0
Harmony,kung_fu_master,2,12551,1100.0
Harmony,kung_fu_master,2,13321,100.0
Harmony,kung_fu_master,2,14407,1300.0
Harmony,kung_fu_master,2,15829,3200.0
Harmony,kung_fu_master,2,18081,8200.0
Harmony,kung_fu_master,2,20002,8100.0
Harmony,kung_fu_master,2,21635,5300.0
Harmony,kung_fu_master,2,23545,7900.0
Harmony,kung_fu_master,2,25954,11100.0
Harmony,kung_fu_master,2,27058,4000.0
Harmony,kung_fu_master,2,28218,3400.0
Harmony,kung_fu_master,2,30729,10900.0
Harmony,kung_fu_master,2,32428,5800.0
Harmony,kung_fu_master,2,35533,15300.0
Harmony,kung_fu_master,2,37920,10500.0
Harmony,kung_fu_master,2,39567,5900.0
Harmony,kung_fu_master,2,41261,5100.0
Harmony,kung_fu_master,2,43031,7100.0
Harmony,kung_fu_master,2,44667,6200.0
Harmony,kung_fu_master,2,47235,13800.0
Harmony,kung_fu_master,2,49149,6900.0
Harmony,kung_fu_master,2,50902,6200.0
Harmony,kung_fu_master,2,52925,8500.0
Harmony,kung_fu_master,2,55087,10100.0
Harmony,kung_fu_master,2,58672,11400.0
Harmony,kung_fu_master,2,60252,5100.0
Harmony,kung_fu_master,2,62521,8700.0
Harmony,kung_fu_master,2,64014,4700.0
Harmony,kung_fu_master,2,65414,5900.0
Harmony,kung_fu_master,2,67971,12800.0
Harmony,kung_fu_master,2,70222,9100.0
Harmony,kung_fu_master,2,72527,10200.0
Harmony,kung_fu_master,2,74440,6900.0
Harmony,kung_fu_master,2,76279,8400.0
Harmony,kung_fu_master,2,78369,9400.0
Harmony,kung_fu_master,2,81373,14300.0
Harmony,kung_fu_master,2,83233,6500.0
Harmony,kung_fu_master,2,85730,11500.0
Harmony,kung_fu_master,2,87873,8200.0
Harmony,kung_fu_master,2,90890,14300.0
Harmony,kung_fu_master,2,93033,8800.0
Harmony,kung_fu_master,2,94855,7900.0
Harmony,kung_fu_master,2,97673,13000.0
Harmony,ms_pacman,2,478,130.0
Harmony,ms_pacman,2,926,310.0
Harmony,ms_pacman,2,1336,120.0
Harmony,ms_pacman,2,1834,240.0
Harmony,ms_pacman,2,2319,280.0
Harmony,ms_pacman,2,2834,210.0
Harmony,ms_pacman,2,3370,250.0
Harmony,ms_pacman,2,3763,270.0
Harmony,ms_pacman,2,4307,230.0
Harmony,ms_pacman,2,4783,220.0
Harmony,ms_pacman,2,5248,220.0
Harmony,ms_pacman,2,5579,170.0
Harmony,ms_pacman,2,6303,500.0
Harmony,ms_pacman,2,6646,170.0
Harmony,ms_pacman,2,7105,270.0
Harmony,ms_pacman,2,7633,220.0
Harmony,ms_pacman,2,8160,210.0
Harmony,ms_pacman,2,8721,310.0
Harmony,ms_pacman,2,9175,290.0
Harmony,ms_pacman,2,9529,170.0
Harmony,ms_pacman,2,10207,750.0
Harmony,ms_pacman,2,10958,430.0
Harmony,ms_pacman,2,11393,500.0
Harmony,ms_pacman,2,11813,320.0
Harmony,ms_pacman,2,12439,720.0
Harmony,ms_pacman,2,13233,350.0
Harmony,ms_pacman,2,13607,210.0
Harmony,ms_pacman,2,14088,320.0
Harmony,ms_pacman,2,14461,210.0
Harmony,ms_pacman,2,14829,210.0
Harmony,ms_pacman,2,15456,420.0
Harmony,ms_pacman,2,15982,330.0
Harmony,ms_pacman,2,16356,210.0
Harmony,ms_pacman,2,16724,210.0
Harmony,ms_pacman,2,17202,320.0
Harmony,ms_pacman,2,17571,210.0
Harmony,ms_pacman,2,17939,270.0
Harmony,ms_pacman,2,18550,800.0
Harmony,ms_pacman,2,18986,400.0
Harmony,ms_pacman,2,19449,390.0
Harmony,ms_pacman,2,19960,360.0
Harmony,ms_pacman,2,20584,740.0
Harmony,ms_pacman,2,21344,920.0
Harmony,ms_pacman,2,21948,500.0
Harmony,ms_pacman,2,22439,500.0
Harmony,ms_pacman,2,22921,370.0
Harmony,ms_pacman,2,23547,490.0
Harmony,ms_pacman,2,24143,280.0
Harmony,ms_pacman,2,24880,1200.0
Harmony,ms_pacman,2,25504,540.0
Harmony,ms_pacman,2,25984,400.0
Harmony,ms_pacman,2,26344,310.0
Harmony,ms_pacman,2,26834,420.0
Harmony,ms_pacman,2,27355,450.0
Harmony,ms_pacman,2,28001,630.0
Harmony,ms_pacman,2,28736,720.0
Harmony,ms_pacman,2,29201,460.0
Harmony,ms_pacman,2,29860,630.0
Harmony,ms_pacman,2,30627,560.0
Harmony,ms_pacman,2,31059,400.0
Harmony,ms_pacman,2,31567,470.0
Harmony,ms_pacman,2,32055,440.0
Harmony,ms_pacman,2,32509,380.0
Harmony,ms_pacman,2,33315,600.0
Harmony,ms_pacman,2,33901,590.0
Harmony,ms_pacman,2,34599,900.0
Harmony,ms_pacman,2,35059,530.0
Harmony,ms_pacman,2,35383,310.0
Harmony,ms_pacman,2,35695,260.0
Harmony,ms_pacman,2,36098,350.0
Harmony,ms_pacman,2,36887,710.0
Harmony,ms_pacman,2,37335,500.0
Harmony,ms_pacman,2,37820,550.0
Harmony,ms_pacman,2,38326,410.0
Harmony,ms_pacman,2,39052,670.0
Harmony,ms_pacman,2,39894,640.0
Harmony,ms_pacman,2,40448,860.0
Harmony,ms_pacman,2,41093,800.0
Harmony,ms_pacman,2,41757,880.0
Harmony,ms_pacman,2,42467,1350.0
Harmony,ms_pacman,2,43033,670.0
Harmony,ms_pacman,2,43885,750.0
Harmony,ms_pacman,2,44668,980.0
Harmony,ms_pacman,2,45451,920.0
Harmony,ms_pacman,2,45961,440.0
Harmony,ms_pacman,2,46516,670.0
Harmony,ms_pacman,2,47483,620.0
Harmony,ms_pacman,2,47926,500.0
Harmony,ms_pacman,2,48586,790.0
Harmony,ms_pacman,2,49410,980.0
Harmony,ms_pacman,2,50088,910.0
Harmony,ms_pacman,2,50933,750.0
Harmony,ms_pacman,2,51491,660.0
Harmony,ms_pacman,2,52143,590.0
Harmony,ms_pacman,2,52901,1250.0
Harmony,ms_pacman,2,53635,880.0
Harmony,ms_pacman,2,54539,1070.0
Harmony,ms_pacman,2,55105,760.0
Harmony,ms_pacman,2,55655,920.0
Harmony,ms_pacman,2,56316,760.0
Harmony,ms_pacman,2,56851,690.0
Harmony,ms_pacman,2,57595,1140.0
Harmony,ms_pacman,2,58052,590.0
Harmony,ms_pacman,2,58676,490.0
Harmony,ms_pacman,2,59855,1620.0
Harmony,ms_pacman,2,60740,1270.0
Harmony,ms_pacman,2,61642,1120.0
Harmony,ms_pacman,2,62130,690.0
Harmony,ms_pacman,2,62613,530.0
Harmony,ms_pacman,2,63313,770.0
Harmony,ms_pacman,2,64051,690.0
Harmony,ms_pacman,2,64719,610.0
Harmony,ms_pacman,2,65355,820.0
Harmony,ms_pacman,2,66091,2260.0
Harmony,ms_pacman,2,66642,630.0
Harmony,ms_pacman,2,67182,540.0
Harmony,ms_pacman,2,67850,590.0
Harmony,ms_pacman,2,68329,500.0
Harmony,ms_pacman,2,69178,1400.0
Harmony,ms_pacman,2,69889,850.0
Harmony,ms_pacman,2,70772,910.0
Harmony,ms_pacman,2,71478,680.0
Harmony,ms_pacman,2,72047,410.0
Harmony,ms_pacman,2,72693,1330.0
Harmony,ms_pacman,2,73581,1250.0
Harmony,ms_pacman,2,74454,1420.0
Harmony,ms_pacman,2,75191,990.0
Harmony,ms_pacman,2,75829,740.0
Harmony,ms_pacman,2,76522,1200.0
Harmony,ms_pacman,2,76991,540.0
Harmony,ms_pacman,2,77890,1100.0
Harmony,ms_pacman,2,78432,530.0
Harmony,ms_pacman,2,79354,910.0
Harmony,ms_pacman,2,80113,1750.0
Harmony,ms_pacman,2,80831,1060.0
Harmony,ms_pacman,2,81344,490.0
Harmony,ms_pacman,2,81896,550.0
Harmony,ms_pacman,2,82898,1600.0
Harmony,ms_pacman,2,83553,640.0
Harmony,ms_pacman,2,84393,820.0
Harmony,ms_pacman,2,85062,1060.0
Harmony,ms_pacman,2,85674,940.0
Harmony,ms_pacman,2,86625,1370.0
Harmony,ms_pacman,2,87356,1410.0
Harmony,ms_pacman,2,87788,570.0
Harmony,ms_pacman,2,88617,950.0
Harmony,ms_pacman,2,89447,770.0
Harmony,ms_pacman,2,90438,1140.0
Harmony,ms_pacman,2,91174,690.0
Harmony,ms_pacman,2,92209,1580.0
Harmony,ms_pacman,2,92680,420.0
Harmony,ms_pacman,2,93506,1760.0
Harmony,ms_pacman,2,94213,850.0
Harmony,ms_pacman,2,94765,540.0
Harmony,ms_pacman,2,95579,1040.0
Harmony,ms_pacman,2,96527,1060.0
Harmony,ms_pacman,2,97292,840.0
Harmony,ms_pacman,2,97791,550.0
Harmony,ms_pacman,2,98634,1150.0
Harmony,ms_pacman,2,99353,860.0
Harmony,ms_pacman,2,99969,670.0
Harmony,pong,2,1007,-19.0
Harmony,pong,2,1831,-21.0
Harmony,pong,2,2785,-20.0
Harmony,pong,2,3665,-21.0
Harmony,pong,2,4424,-21.0
Harmony,pong,2,5271,-21.0
Harmony,pong,2,6136,-21.0
Harmony,pong,2,7005,-21.0
Harmony,pong,2,7872,-20.0
Harmony,pong,2,8777,-21.0
Harmony,pong,2,9878,-20.0
Harmony,pong,2,10718,-20.0
Harmony,pong,2,11556,-20.0
Harmony,pong,2,12313,-21.0
Harmony,pong,2,13150,-20.0
Harmony,pong,2,13988,-20.0
Harmony,pong,2,14773,-21.0
Harmony,pong,2,15560,-21.0
Harmony,pong,2,16322,-21.0
Harmony,pong,2,17143,-21.0
Harmony,pong,2,17989,-21.0
Harmony,pong,2,18834,-21.0
Harmony,pong,2,19731,-20.0
Harmony,pong,2,20615,-21.0
Harmony,pong,2,21618,-21.0
Harmony,pong,2,22377,-21.0
Harmony,pong,2,23141,-21.0
Harmony,pong,2,23964,-21.0
Harmony,pong,2,24727,-21.0
Harmony,pong,2,25563,-20.0
Harmony,pong,2,26384,-21.0
Harmony,pong,2,27210,-21.0
Harmony,pong,2,28034,-21.0
Harmony,pong,2,29033,-21.0
Harmony,pong,2,30734,-14.0
Harmony,pong,2,31874,-21.0
Harmony,pong,2,33593,-21.0
Harmony,pong,2,35504,-15.0
Harmony,pong,2,37582,-19.0
Harmony,pong,2,39396,-20.0
Harmony,pong,2,41308,-20.0
Harmony,pong,2,43425,-20.0
Harmony,pong,2,45928,-15.0
Harmony,pong,2,47952,-17.0
Harmony,pong,2,49861,-20.0
Harmony,pong,2,52803,-16.0
Harmony,pong,2,55490,-15.0
Harmony,pong,2,57781,-16.0
Harmony,pong,2,59916,-15.0
Harmony,pong,2,62367,-17.0
Harmony,pong,2,65321,-14.0
Harmony,pong,2,68860,-7.0
Harmony,pong,2,72156,-15.0
Harmony,pong,2,75331,-12.0
Harmony,pong,2,79082,-14.0
Harmony,pong,2,82445,-14.0
Harmony,pong,2,85615,-12.0
Harmony,pong,2,88731,-20.0
Harmony,pong,2,93700,-8.0
Harmony,pong,2,99474,-1.0
Harmony,private_eye,2,2695,0.0
Harmony,private_eye,2,5392,100.0
Harmony,private_eye,2,8089,100.0
Harmony,private_eye,2,10781,-912.0
Harmony,private_eye,2,13473,4696.0
Harmony,private_eye,2,16163,-736.0
Harmony,private_eye,2,18855,-900.0
Harmony,private_eye,2,21551,-924.0
Harmony,private_eye,2,24246,-900.0
Harmony,private_eye,2,26939,100.0
Harmony,private_eye,2,29637,100.0
Harmony,private_eye,2,32332,100.0
Harmony,private_eye,2,35025,-1000.0
Harmony,private_eye,2,37716,100.0
Harmony,private_eye,2,40409,100.0
Harmony,private_eye,2,43106,-1000.0
Harmony,private_eye,2,45796,4351.0
Harmony,private_eye,2,48489,4100.0
Harmony,private_eye,2,51184,4864.0
Harmony,private_eye,2,53881,4380.0
Harmony,private_eye,2,56572,-100.0
Harmony,private_eye,2,59262,4063.0
Harmony,private_eye,2,61954,4100.0
Harmony,private_eye,2,64651,4640.0
Harmony,private_eye,2,67348,-219.0
Harmony,private_eye,2,70041,-942.0
Harmony,private_eye,2,72738,4297.0
Harmony,private_eye,2,75434,4103.0
Harmony,private_eye,2,78131,3984.0
Harmony,private_eye,2,80822,3857.0
Harmony,private_eye,2,83516,4269.0
Harmony,private_eye,2,86213,3794.0
Harmony,private_eye,2,88911,3730.0
Harmony,private_eye,2,91603,4219.0
Harmony,private_eye,2,94297,235.0
Harmony,private_eye,2,96989,4631.0
Harmony,private_eye,2,99683,4902.0
Harmony,qbert,2,295,175.0
Harmony,qbert,2,645,200.0
Harmony,qbert,2,936,0.0
Harmony,qbert,2,1244,50.0
Harmony,qbert,2,1594,200.0
Harmony,qbert,2,1879,150.0
Harmony,qbert,2,2160,0.0
Harmony,qbert,2,2533,275.0
Harmony,qbert,2,2862,125.0
Harmony,qbert,2,3188,175.0
Harmony,qbert,2,3581,200.0
Harmony,qbert,2,3892,50.0
Harmony,qbert,2,4145,50.0
Harmony,qbert,2,4485,200.0
Harmony,qbert,2,4763,0.0
Harmony,qbert,2,5137,250.0
Harmony,qbert,2,5691,850.0
Harmony,qbert,2,5983,25.0
Harmony,qbert,2,6260,75.0
Harmony,qbert,2,6546,25.0
Harmony,qbert,2,6850,75.0
Harmony,qbert,2,7124,0.0
Harmony,qbert,2,7397,0.0
Harmony,qbert,2,7675,0.0
Harmony,qbert,2,7956,0.0
Harmony,qbert,2,8230,0.0
Harmony,qbert,2,8508,0.0
Harmony,qbert,2,8785,0.0
Harmony,qbert,2,9062,0.0
Harmony,qbert,2,9351,175.0
Harmony,qbert,2,9663,275.0
Harmony,qbert,2,9982,325.0
Harmony,qbert,2,10286,275.0
Harmony,qbert,2,10598,300.0
Harmony,qbert,2,10897,325.0
Harmony,qbert,2,11195,300.0
Harmony,qbert,2,11555,250.0
Harmony,qbert,2,11854,275.0
Harmony,qbert,2,12156,275.0
Harmony,qbert,2,12457,325.0
Harmony,qbert,2,12743,200.0
Harmony,qbert,2,13042,300.0
Harmony,qbert,2,13365,150.0
Harmony,qbert,2,13662,200.0
Harmony,qbert,2,13985,250.0
Harmony,qbert,2,14285,200.0
Harmony,qbert,2,14575,250.0
Harmony,qbert,2,14875,325.0
Harmony,qbert,2,15197,250.0
Harmony,qbert,2,15557,125.0
Harmony,qbert,2,15931,325.0
Harmony,qbert,2,16231,350.0
Harmony,qbert,2,16527,250.0
Harmony,qbert,2,16827,225.0
Harmony,qbert,2,17128,300.0
Harmony,qbert,2,17427,325.0
Harmony,qbert,2,17723,250.0
Harmony,qbert,2,18021,375.0
Harmony,qbert,2,18318,300.0
Harmony,qbert,2,18640,175.0
Harmony,qbert,2,18925,150.0
Harmony,qbert,2,19220,325.0
Harmony,qbert,2,19523,300.0
Harmony,qbert,2,19819,325.0
Harmony,qbert,2,20118,225.0
Harmony,qbert,2,20418,350.0
Harmony,qbert,2,20775,325.0
Harmony,qbert,2,21213,325.0
Harmony,qbert,2,21636,300.0
Harmony,qbert,2,22048,675.0
Harmony,qbert,2,22402,175.0
Harmony,qbert,2,22888,550.0
Harmony,qbert,2,23232,150.0
Harmony,qbert,2,23595,475.0
Harmony,qbert,2,23969,250.0
Harmony,qbert,2,24284,250.0
Harmony,qbert,2,24568,225.0
Harmony,qbert,2,24867,250.0
Harmony,qbert,2,25151,250.0
Harmony,qbert,2,25451,275.0
Harmony,qbert,2,25752,275.0
Harmony,qbert,2,26119,325.0
Harmony,qbert,2,26418,275.0
Harmony,qbert,2,26788,325.0
Harmony,qbert,2,27135,300.0
Harmony,qbert,2,27445,300.0
Harmony,qbert,2,27767,250.0
Harmony,qbert,2,28162,325.0
Harmony,qbert,2,28452,275.0
Harmony,qbert,2,28765,275.0
Harmony,qbert,2,29063,250.0
Harmony,qbert,2,29361,325.0
Harmony,qbert,2,29643,250.0
Harmony,qbert,2,30126,425.0
Harmony,qbert,2,30488,375.0
Harmony,qbert,2,30925,350.0
Harmony,qbert,2,31220,175.0
Harmony,qbert,2,31510,250.0
Harmony,qbert,2,31884,350.0
Harmony,qbert,2,32234,325.0
Harmony,qbert,2,32535,250.0
Harmony,qbert,2,32964,275.0
Harmony,qbert,2,33378,300.0
Harmony,qbert,2,33690,250.0
Harmony,qbert,2,34014,275.0
Harmony,qbert,2,34335,325.0
Harmony,qbert,2,34744,425.0
Harmony,qbert,2,35138,475.0
Harmony,qbert,2,35549,375.0
Harmony,qbert,2,35925,350.0
Harmony,qbert,2,36250,225.0
Harmony,qbert,2,36618,350.0
Harmony,qbert,2,36924,325.0
Harmony,qbert,2,37236,250.0
Harmony,qbert,2,37535,275.0
Harmony,qbert,2,37870,350.0
Harmony,qbert,2,38176,375.0
Harmony,qbert,2,38517,350.0
Harmony,qbert,2,38904,425.0
Harmony,qbert,2,39255,350.0
Harmony,qbert,2,39580,325.0
Harmony,qbert,2,39908,375.0
Harmony,qbert,2,40276,400.0
Harmony,qbert,2,40716,400.0
Harmony,qbert,2,41052,300.0
Harmony,qbert,2,41361,250.0
Harmony,qbert,2,41703,325.0
Harmony,qbert,2,42040,250.0
Harmony,qbert,2,42373,400.0
Harmony,qbert,2,42676,350.0
Harmony,qbert,2,42983,275.0
Harmony,qbert,2,43346,375.0
Harmony,qbert,2,43698,250.0
Harmony,qbert,2,44006,375.0
Harmony,qbert,2,44410,375.0
Harmony,qbert,2,44724,325.0
Harmony,qbert,2,45043,325.0
Harmony,qbert,2,45474,350.0
Harmony,qbert,2,45806,350.0
Harmony,qbert,2,46154,325.0
Harmony,qbert,2,46502,375.0
Harmony,qbert,2,46873,350.0
Harmony,qbert,2,47274,350.0
Harmony,qbert,2,47613,325.0
Harmony,qbert,2,47955,375.0
Harmony,qbert,2,48375,750.0
Harmony,qbert,2,48736,425.0
Harmony,qbert,2,49145,350.0
Harmony,qbert,2,49596,375.0
Harmony,qbert,2,49990,650.0
Harmony,qbert,2,50362,375.0
Harmony,qbert,2,50766,325.0
Harmony,qbert,2,51185,675.0
Harmony,qbert,2,51680,625.0
Harmony,qbert,2,52087,600.0
Harmony,qbert,2,52530,650.0
Harmony,qbert,2,52868,300.0
Harmony,qbert,2,53287,650.0
Harmony,qbert,2,53741,650.0
Harmony,qbert,2,54166,675.0
Harmony,qbert,2,54616,675.0
Harmony,qbert,2,55020,550.0
Harmony,qbert,2,55600,700.0
Harmony,qbert,2,56031,700.0
Harmony,qbert,2,56587,1200.0
Harmony,qbert,2,57029,650.0
Harmony,qbert,2,57474,675.0
Harmony,qbert,2,57879,650.0
Harmony,qbert,2,58300,675.0
Harmony,qbert,2,58684,625.0
Harmony,qbert,2,59087,675.0
Harmony,qbert,2,59559,700.0
Harmony,qbert,2,59980,675.0
Harmony,qbert,2,60328,550.0
Harmony,qbert,2,60796,1175.0
Harmony,qbert,2,61197,675.0
Harmony,qbert,2,61629,625.0
Harmony,qbert,2,62116,675.0
Harmony,qbert,2,62524,650.0
Harmony,qbert,2,62908,650.0
Harmony,qbert,2,63332,625.0
Harmony,qbert,2,63761,675.0
Harmony,qbert,2,64238,675.0
Harmony,qbert,2,64754,725.0
Harmony,qbert,2,65120,625.0
Harmony,qbert,2,65554,650.0
Harmony,qbert,2,66014,675.0
Harmony,qbert,2,66747,825.0
Harmony,qbert,2,67181,625.0
Harmony,qbert,2,67583,650.0
Harmony,qbert,2,68027,625.0
Harmony,qbert,2,68584,650.0
Harmony,qbert,2,69076,725.0
Harmony,qbert,2,69501,700.0
Harmony,qbert,2,69972,650.0
Harmony,qbert,2,70634,675.0
Harmony,qbert,2,71087,725.0
Harmony,qbert,2,71563,650.0
Harmony,qbert,2,72120,725.0
Harmony,qbert,2,72641,700.0
Harmony,qbert,2,73156,675.0
Harmony,qbert,2,73592,650.0
Harmony,qbert,2,74068,1100.0
Harmony,qbert,2,74494,575.0
Harmony,qbert,2,75108,725.0
Harmony,qbert,2,75634,725.0
Harmony,qbert,2,76128,675.0
Harmony,qbert,2,76565,650.0
Harmony,qbert,2,77236,725.0
Harmony,qbert,2,77735,775.0
Harmony,qbert,2,78189,650.0
Harmony,qbert,2,78721,700.0
Harmony,qbert,2,79213,700.0
Harmony,qbert,2,79787,750.0
Harmony,qbert,2,80492,700.0
Harmony,qbert,2,81003,700.0
Harmony,qbert,2,81624,1250.0
Harmony,qbert,2,82212,700.0
Harmony,qbert,2,82757,700.0
Harmony,qbert,2,83288,1175.0
Harmony,qbert,2,83978,1175.0
Harmony,qbert,2,84527,700.0
Harmony,qbert,2,85155,675.0
Harmony,qbert,2,85657,700.0
Harmony,qbert,2,86225,725.0
Harmony,qbert,2,86828,1275.0
Harmony,qbert,2,87235,625.0
Harmony,qbert,2,87730,675.0
Harmony,qbert,2,88139,650.0
Harmony,qbert,2,88624,750.0
Harmony,qbert,2,89129,800.0
Harmony,qbert,2,89688,750.0
Harmony,qbert,2,90145,700.0
Harmony,qbert,2,90603,700.0
Harmony,qbert,2,91172,1300.0
Harmony,qbert,2,91791,1275.0
Harmony,qbert,2,92357,1275.0
Harmony,qbert,2,92985,1300.0
Harmony,qbert,2,93654,1300.0
Harmony,qbert,2,94098,725.0
Harmony,qbert,2,94636,750.0
Harmony,qbert,2,95204,775.0
Harmony,qbert,2,95735,750.0
Harmony,qbert,2,96335,775.0
Harmony,qbert,2,96857,775.0
Harmony,qbert,2,97602,1275.0
Harmony,qbert,2,98518,1275.0
Harmony,qbert,2,99389,1275.0
Harmony,road_runner,2,188,0.0
Harmony,road_runner,2,371,0.0
Harmony,road_runner,2,451,0.0
Harmony,road_runner,2,531,0.0
Harmony,road_runner,2,618,0.0
Harmony,road_runner,2,1003,0.0
Harmony,road_runner,2,1122,0.0
Harmony,road_runner,2,1328,0.0
Harmony,road_runner,2,1398,0.0
Harmony,road_runner,2,1512,0.0
Harmony,road_runner,2,1805,0.0
Harmony,road_runner,2,1922,0.0
Harmony,road_runner,2,2106,0.0
Harmony,road_runner,2,2360,0.0
Harmony,road_runner,2,2534,0.0
Harmony,road_runner,2,2641,0.0
Harmony,road_runner,2,2865,0.0
Harmony,road_runner,2,3077,0.0
Harmony,road_runner,2,3362,0.0
Harmony,road_runner,2,3569,0.0
Harmony,road_runner,2,3676,0.0
Harmony,road_runner,2,3970,0.0
Harmony,road_runner,2,4197,0.0
Harmony,road_runner,2,4522,0.0
Harmony,road_runner,2,4592,0.0
Harmony,road_runner,2,5282,300.0
Harmony,road_runner,2,6257,4800.0
Harmony,road_runner,2,6616,200.0
Harmony,road_runner,2,7219,1100.0
Harmony,road_runner,2,7406,0.0
Harmony,road_runner,2,7996,1200.0
Harmony,road_runner,2,8310,200.0
Harmony,road_runner,2,8787,1100.0
Harmony,road_runner,2,9238,0.0
Harmony,road_runner,2,9600,0.0
Harmony,road_runner,2,9992,2400.0
Harmony,road_runner,2,10530,1000.0
Harmony,road_runner,2,10904,1100.0
Harmony,road_runner,2,11236,1000.0
Harmony,road_runner,2,11527,2000.0
Harmony,road_runner,2,11779,1000.0
Harmony,road_runner,2,12008,0.0
Harmony,road_runner,2,12495,1000.0
Harmony,road_runner,2,13001,1000.0
Harmony,road_runner,2,13311,1300.0
Harmony,road_runner,2,14146,400.0
Harmony,road_runner,2,14844,500.0
Harmony,road_runner,2,15301,2200.0
Harmony,road_runner,2,16159,300.0
Harmony,road_runner,2,16673,1500.0
Harmony,road_runner,2,17518,1000.0
Harmony,road_runner,2,18349,900.0
Harmony,road_runner,2,18938,700.0
Harmony,road_runner,2,19788,1900.0
Harmony,road_runner,2,20697,800.0
Harmony,road_runner,2,21053,1200.0
Harmony,road_runner,2,21319,2200.0
Harmony,road_runner,2,21683,400.0
Harmony,road_runner,2,22012,0.0
Harmony,road_runner,2,22517,1200.0
Harmony,road_runner,2,22823,1100.0
Harmony,road_runner,2,23473,4200.0
Harmony,road_runner,2,23748,1000.0
Harmony,road_runner,2,24187,1200.0
Harmony,road_runner,2,24576,2400.0
Harmony,road_runner,2,24940,2200.0
Harmony,road_runner,2,25304,1200.0
Harmony,road_runner,2,26108,5600.0
Harmony,road_runner,2,26426,2000.0
Harmony,road_runner,2,26876,3300.0
Harmony,road_runner,2,27253,2100.0
Harmony,road_runner,2,27569,1100.0
Harmony,road_runner,2,28043,2400.0
Harmony,road_runner,2,28455,1500.0
Harmony,road_runner,2,28967,2300.0
Harmony,road_runner,2,29282,1000.0
Harmony,road_runner,2,29872,4500.0
Harmony,road_runner,2,30379,3300.0
Harmony,road_runner,2,30900,4300.0
Harmony,road_runner,2,32070,3100.0
Harmony,road_runner,2,33057,2600.0
Harmony,road_runner,2,33527,1200.0
Harmony,road_runner,2,33970,100.0
Harmony,road_runner,2,34378,1100.0
Harmony,road_runner,2,34726,3100.0
Harmony,road_runner,2,35038,4000.0
Harmony,road_runner,2,35514,1000.0
Harmony,road_runner,2,35832,2100.0
Harmony,road_runner,2,36255,2100.0
Harmony,road_runner,2,36530,1200.0
Harmony,road_runner,2,37041,4300.0
Harmony,road_runner,2,37799,3200.0
Harmony,road_runner,2,38618,6400.0
Harmony,road_runner,2,39666,5200.0
Harmony,road_runner,2,40038,1300.0
Harmony,road_runner,2,41063,6300.0
Harmony,road_runner,2,41516,4200.0
Harmony,road_runner,2,42125,5800.0
Harmony,road_runner,2,42627,3400.0
Harmony,road_runner,2,43048,3100.0
Harmony,road_runner,2,43360,1100.0
Harmony,road_runner,2,44284,2900.0
Harmony,road_runner,2,45089,6800.0
Harmony,road_runner,2,45737,7200.0
Harmony,road_runner,2,46764,7500.0
Harmony,road_runner,2,47416,3100.0
Harmony,road_runner,2,48307,4800.0
Harmony,road_runner,2,49309,5000.0
Harmony,road_runner,2,50295,8500.0
Harmony,road_runner,2,51324,5200.0
Harmony,road_runner,2,52129,6600.0
Harmony,road_runner,2,53049,5600.0
Harmony,road_runner,2,54069,7800.0
Harmony,road_runner,2,55042,6100.0
Harmony,road_runner,2,55996,5500.0
Harmony,road_runner,2,56981,9800.0
Harmony,road_runner,2,58023,6700.0
Harmony,road_runner,2,59013,8300.0
Harmony,road_runner,2,60013,8400.0
Harmony,road_runner,2,61006,5700.0
Harmony,road_runner,2,61964,10600.0
Harmony,road_runner,2,62905,8600.0
Harmony,road_runner,2,63951,6500.0
Harmony,road_runner,2,64508,4400.0
Harmony,road_runner,2,65261,8900.0
Harmony,road_runner,2,66237,5600.0
Harmony,road_runner,2,67360,12200.0
Harmony,road_runner,2,68466,10700.0
Harmony,road_runner,2,68840,3100.0
Harmony,road_runner,2,69859,4500.0
Harmony,road_runner,2,70646,5900.0
Harmony,road_runner,2,71640,7100.0
Harmony,road_runner,2,72649,7000.0
Harmony,road_runner,2,73707,8100.0
Harmony,road_runner,2,74791,7900.0
Harmony,road_runner,2,75909,11000.0
Harmony,road_runner,2,76850,12500.0
Harmony,road_runner,2,77898,6500.0
Harmony,road_runner,2,78794,6300.0
Harmony,road_runner,2,79824,6400.0
Harmony,road_runner,2,80863,8300.0
Harmony,road_runner,2,81870,6400.0
Harmony,road_runner,2,82965,6700.0
Harmony,road_runner,2,84062,5300.0
Harmony,road_runner,2,84767,7100.0
Harmony,road_runner,2,85137,2200.0
Harmony,road_runner,2,86183,7200.0
Harmony,road_runner,2,86782,6400.0
Harmony,road_runner,2,87822,7400.0
Harmony,road_runner,2,88855,5700.0
Harmony,road_runner,2,89609,6900.0
Harmony,road_runner,2,90574,6800.0
Harmony,road_runner,2,91702,6800.0
Harmony,road_runner,2,92785,9400.0
Harmony,road_runner,2,93906,6400.0
Harmony,road_runner,2,95039,8900.0
Harmony,road_runner,2,96135,9600.0
Harmony,road_runner,2,97289,8400.0
Harmony,road_runner,2,98441,11700.0
Harmony,road_runner,2,99160,6600.0
Harmony,seaquest,2,419,60.0
Harmony,seaquest,2,766,0.0
Harmony,seaquest,2,1282,60.0
Harmony,seaquest,2,2002,120.0
Harmony,seaquest,2,2464,20.0
Harmony,seaquest,2,3015,60.0
Harmony,seaquest,2,3541,40.0
Harmony,seaquest,2,4102,100.0
Harmony,seaquest,2,4753,120.0
Harmony,seaquest,2,5203,60.0
Harmony,seaquest,2,5587,40.0
Harmony,seaquest,2,5925,20.0
Harmony,seaquest,2,6815,120.0
Harmony,seaquest,2,7383,120.0
Harmony,seaquest,2,7871,40.0
Harmony,seaquest,2,8256,0.0
Harmony,seaquest,2,8603,0.0
Harmony,seaquest,2,9028,60.0
Harmony,seaquest,2,9708,160.0
Harmony,seaquest,2,10419,140.0
Harmony,seaquest,2,11542,300.0
Harmony,seaquest,2,12473,220.0
Harmony,seaquest,2,13437,180.0
Harmony,seaquest,2,14344,200.0
Harmony,seaquest,2,14787,100.0
Harmony,seaquest,2,15832,340.0
Harmony,seaquest,2,16593,200.0
Harmony,seaquest,2,17348,180.0
Harmony,seaquest,2,18335,260.0
Harmony,seaquest,2,19010,160.0
Harmony,seaquest,2,20349,380.0
Harmony,seaquest,2,21371,180.0
Harmony,seaquest,2,22017,100.0
Harmony,seaquest,2,22875,220.0
Harmony,seaquest,2,23704,180.0
Harmony,seaquest,2,24318,140.0
Harmony,seaquest,2,25657,380.0
Harmony,seaquest,2,26892,380.0
Harmony,seaquest,2,27991,300.0
Harmony,seaquest,2,29320,420.0
Harmony,seaquest,2,30309,300.0
Harmony,seaquest,2,30882,160.0
Harmony,seaquest,2,32054,360.0
Harmony,seaquest,2,32714,160.0
Harmony,seaquest,2,33822,320.0
Harmony,seaquest,2,35073,360.0
Harmony,seaquest,2,35755,180.0
Harmony,seaquest,2,36883,340.0
Harmony,seaquest,2,38104,380.0
Harmony,seaquest,2,39070,280.0
Harmony,seaquest,2,40456,460.0
Harmony,seaquest,2,42380,640.0
Harmony,seaquest,2,44635,780.0
Harmony,seaquest,2,46055,480.0
Harmony,seaquest,2,47083,300.0
Harmony,seaquest,2,49350,820.0
Harmony,seaquest,2,50902,540.0
Harmony,seaquest,2,51735,260.0
Harmony,seaquest,2,52960,460.0
Harmony,seaquest,2,53646,180.0
Harmony,seaquest,2,55481,620.0
Harmony,seaquest,2,57272,640.0
Harmony,seaquest,2,58760,480.0
Harmony,seaquest,2,60800,700.0
Harmony,seaquest,2,62738,640.0
Harmony,seaquest,2,63742,340.0
Harmony,seaquest,2,65607,640.0
Harmony,seaquest,2,66755,360.0
Harmony,seaquest,2,67705,300.0
Harmony,seaquest,2,69195,460.0
Harmony,seaquest,2,70734,500.0
Harmony,seaquest,2,72230,480.0
Harmony,seaquest,2,73871,520.0
Harmony,seaquest,2,75403,500.0
Harmony,seaquest,2,77251,600.0
Harmony,seaquest,2,78733,500.0
Harmony,seaquest,2,80607,620.0
Harmony,seaquest,2,82362,620.0
Harmony,seaquest,2,83366,300.0
Harmony,seaquest,2,84914,540.0
Harmony,seaquest,2,86302,480.0
Harmony,seaquest,2,87339,300.0
Harmony,seaquest,2,89278,720.0
Harmony,seaquest,2,90533,420.0
Harmony,seaquest,2,92441,660.0
Harmony,seaquest,2,93719,420.0
Harmony,seaquest,2,95351,560.0
Harmony,seaquest,2,96894,560.0
Harmony,seaquest,2,98194,420.0
Harmony,seaquest,2,99838,560.0
Harmony,up_n_down,2,495,140.0
Harmony,up_n_down,2,1023,670.0
Harmony,up_n_down,2,1652,220.0
Harmony,up_n_down,2,2073,90.0
Harmony,up_n_down,2,2625,570.0
Harmony,up_n_down,2,3061,110.0
Harmony,up_n_down,2,3487,100.0
Harmony,up_n_down,2,4263,1610.0
Harmony,up_n_down,2,4631,60.0
Harmony,up_n_down,2,5104,920.0
Harmony,up_n_down,2,5820,2270.0
Harmony,up_n_down,2,6410,1010.0
Harmony,up_n_down,2,6909,940.0
Harmony,up_n_down,2,7320,1290.0
Harmony,up_n_down,2,7965,1830.0
Harmony,up_n_down,2,8659,1160.0
Harmony,up_n_down,2,9295,1630.0
Harmony,up_n_down,2,9915,1420.0
Harmony,up_n_down,2,11050,2040.0
Harmony,up_n_down,2,12084,3970.0
Harmony,up_n_down,2,12392,20.0
Harmony,up_n_down,2,13040,630.0
Harmony,up_n_down,2,13432,480.0
Harmony,up_n_down,2,15139,2490.0
Harmony,up_n_down,2,17019,4200.0
Harmony,up_n_down,2,23246,18880.0
Harmony,up_n_down,2,50246,101500.0
Harmony,up_n_down,2,64309,61600.0
Harmony,up_n_down,2,72045,35080.0
Harmony,up_n_down,2,89783,76000.0
Harmony,up_n_down,2,94537,20360.0
Harmony,alien,3,505,150.0
Harmony,alien,3,1229,150.0
Harmony,alien,3,1791,160.0
Harmony,alien,3,2481,190.0
Harmony,alien,3,3354,270.0
Harmony,alien,3,4033,190.0
Harmony,alien,3,4530,130.0
Harmony,alien,3,5170,140.0
Harmony,alien,3,5855,160.0
Harmony,alien,3,6372,200.0
Harmony,alien,3,6808,160.0
Harmony,alien,3,7304,140.0
Harmony,alien,3,7916,160.0
Harmony,alien,3,8451,150.0
Harmony,alien,3,9161,200.0
Harmony,alien,3,9876,280.0
Harmony,alien,3,10442,310.0
Harmony,alien,3,11301,220.0
Harmony,alien,3,12043,260.0
Harmony,alien,3,12645,250.0
Harmony,alien,3,13322,340.0
Harmony,alien,3,13966,360.0
Harmony,alien,3,14486,180.0
Harmony,alien,3,15281,270.0
Harmony,alien,3,15782,190.0
Harmony,alien,3,16270,230.0
Harmony,alien,3,16862,190.0
Harmony,alien,3,17342,250.0
Harmony,alien,3,17809,260.0
Harmony,alien,3,18538,510.0
Harmony,alien,3,19108,280.0
Harmony,alien,3,19913,840.0
Harmony,alien,3,20864,390.0
Harmony,alien,3,21553,320.0
Harmony,alien,3,22184,190.0
Harmony,alien,3,22705,180.0
Harmony,alien,3,23189,140.0
Harmony,alien,3,23615,220.0
Harmony,alien,3,24103,280.0
Harmony,alien,3,24630,260.0
Harmony,alien,3,25310,210.0
Harmony,alien,3,25911,240.0
Harmony,alien,3,26776,870.0
Harmony,alien,3,27260,140.0
Harmony,alien,3,27758,170.0
Harmony,alien,3,28241,160.0
Harmony,alien,3,28737,250.0
Harmony,alien,3,29323,240.0
Harmony,alien,3,29881,210.0
Harmony,alien,3,30465,270.0
Harmony,alien,3,31383,890.0
Harmony,alien,3,31801,250.0
Harmony,alien,3,32255,150.0
Harmony,alien,3,32962,900.0
Harmony,alien,3,33510,180.0
Harmony,alien,3,34007,330.0
Harmony,alien,3,34501,260.0
Harmony,alien,3,35254,460.0
Harmony,alien,3,35931,290.0
Harmony,alien,3,36370,280.0
Harmony,alien,3,36858,310.0
Harmony,alien,3,37586,400.0
Harmony,alien,3,38259,420.0
Harmony,alien,3,39026,390.0
Harmony,alien,3,39586,460.0
Harmony,alien,3,40381,350.0
Harmony,alien,3,41008,550.0
Harmony,alien,3,41681,380.0
Harmony,alien,3,42304,390.0
Harmony,alien,3,42804,350.0
Harmony,alien,3,43388,410.0
Harmony,alien,3,44006,400.0
Harmony,alien,3,44742,1030.0
Harmony,alien,3,45332,370.0
Harmony,alien,3,45784,260.0
Harmony,alien,3,46595,560.0
Harmony,alien,3,47271,430.0
Harmony,alien,3,47874,930.0
Harmony,alien,3,48530,450.0
Harmony,alien,3,49071,370.0
Harmony,alien,3,49671,540.0
Harmony,alien,3,50217,380.0
Harmony,alien,3,50812,390.0
Harmony,alien,3,51378,470.0
Harmony,alien,3,51845,360.0
Harmony,alien,3,52366,470.0
Harmony,alien,3,53231,500.0
Harmony,alien,3,53776,510.0
Harmony,alien,3,54401,490.0
Harmony,alien,3,55078,550.0
Harmony,alien,3,55814,470.0
Harmony,alien,3,56313,270.0
Harmony,alien,3,57094,520.0
Harmony,alien,3,57651,550.0
Harmony,alien,3,58454,620.0
Harmony,alien,3,58993,440.0
Harmony,alien,3,59616,970.0
Harmony,alien,3,60184,430.0
Harmony,alien,3,60794,1510.0
Harmony,alien,3,61428,550.0
Harmony,alien,3,61835,310.0
Harmony,alien,3,62249,280.0
Harmony,alien,3,62764,1570.0
Harmony,alien,3,63248,430.0
Harmony,alien,3,63641,370.0
Harmony,alien,3,64082,380.0
Harmony,alien,3,64727,1020.0
Harmony,alien,3,65207,500.0
Harmony,alien,3,65889,540.0
Harmony,alien,3,66575,360.0
Harmony,alien,3,67094,520.0
Harmony,alien,3,67669,520.0
Harmony,alien,3,68201,440.0
Harmony,alien,3,68666,470.0
Harmony,alien,3,69294,490.0
Harmony,alien,3,69913,450.0
Harmony,alien,3,70314,510.0
Harmony,alien,3,70845,390.0
Harmony,alien,3,71429,630.0
Harmony,alien,3,72037,550.0
Harmony,alien,3,73014,590.0
Harmony,alien,3,73441,550.0
Harmony,alien,3,74025,520.0
Harmony,alien,3,75004,1630.0
Harmony,alien,3,75634,1000.0
Harmony,alien,3,76155,530.0
Harmony,alien,3,76861,620.0
Harmony,alien,3,77407,690.0
Harmony,alien,3,77848,980.0
Harmony,alien,3,78323,490.0
Harmony,alien,3,78815,520.0
Harmony,alien,3,79377,590.0
Harmony,alien,3,79932,1010.0
Harmony,alien,3,80653,1030.0
Harmony,alien,3,81460,1120.0
Harmony,alien,3,81847,470.0
Harmony,alien,3,82403,970.0
Harmony,alien,3,83212,670.0
Harmony,alien,3,83659,440.0
Harmony,alien,3,84249,1030.0
Harmony,alien,3,84752,520.0
Harmony,alien,3,85471,2130.0
Harmony,alien,3,86280,770.0
Harmony,alien,3,86911,560.0
Harmony,alien,3,87459,380.0
Harmony,alien,3,87896,430.0
Harmony,alien,3,88372,520.0
Harmony,alien,3,88828,290.0
Harmony,alien,3,89487,1060.0
Harmony,alien,3,90592,510.0
Harmony,alien,3,91274,1140.0
Harmony,alien,3,91807,1000.0
Harmony,alien,3,92470,540.0
Harmony,alien,3,92977,590.0
Harmony,alien,3,93435,490.0
Harmony,alien,3,94071,510.0
Harmony,alien,3,94571,610.0
Harmony,alien,3,95078,410.0
Harmony,alien,3,95654,1010.0
Harmony,alien,3,96278,1040.0
Harmony,alien,3,96772,530.0
Harmony,alien,3,97298,530.0
Harmony,alien,3,97714,970.0
Harmony,alien,3,98108,500.0
Harmony,alien,3,98727,480.0
Harmony,alien,3,99723,2190.0
Harmony,amidar,3,553,5.0
Harmony,amidar,3,1082,0.0
Harmony,amidar,3,1776,12.0
Harmony,amidar,3,2302,1.0
Harmony,amidar,3,2863,0.0
Harmony,amidar,3,3420,3.0
Harmony,amidar,3,3989,5.0
Harmony,amidar,3,4603,5.0
Harmony,amidar,3,5154,0.0
Harmony,amidar,3,5702,4.0
Harmony,amidar,3,6269,1.0
Harmony,amidar,3,6812,0.0
Harmony,amidar,3,7537,23.0
Harmony,amidar,3,8102,24.0
Harmony,amidar,3,8934,33.0
Harmony,amidar,3,9761,33.0
Harmony,amidar,3,10154,23.0
Harmony,amidar,3,10757,31.0
Harmony,amidar,3,11152,12.0
Harmony,amidar,3,11542,12.0
Harmony,amidar,3,11934,12.0
Harmony,amidar,3,12329,12.0
Harmony,amidar,3,12721,12.0
Harmony,amidar,3,13311,31.0
Harmony,amidar,3,13904,31.0
Harmony,amidar,3,14296,12.0
Harmony,amidar,3,14689,12.0
Harmony,amidar,3,15081,12.0
Harmony,amidar,3,15471,12.0
Harmony,amidar,3,15864,12.0
Harmony,amidar,3,16252,26.0
Harmony,amidar,3,16642,23.0
Harmony,amidar,3,17035,12.0
Harmony,amidar,3,17424,12.0
Harmony,amidar,3,17820,12.0
Harmony,amidar,3,18215,12.0
Harmony,amidar,3,18610,12.0
Harmony,amidar,3,19005,12.0
Harmony,amidar,3,19411,12.0
Harmony,amidar,3,19871,65.0
Harmony,amidar,3,20352,18.0
Harmony,amidar,3,21003,32.0
Harmony,amidar,3,21504,12.0
Harmony,amidar,3,22115,17.0
Harmony,amidar,3,22698,11.0
Harmony,amidar,3,23129,19.0
Harmony,amidar,3,23802,44.0
Harmony,amidar,3,24522,49.0
Harmony,amidar,3,25423,62.0
Harmony,amidar,3,26329,61.0
Harmony,amidar,3,27236,49.0
Harmony,amidar,3,27950,103.0
Harmony,amidar,3,28486,34.0
Harmony,amidar,3,28992,32.0
Harmony,amidar,3,29713,101.0
Harmony,amidar,3,30427,60.0
Harmony,amidar,3,31149,47.0
Harmony,amidar,3,31865,60.0
Harmony,amidar,3,32563,49.0
Harmony,amidar,3,33284,63.0
Harmony,amidar,3,34005,59.0
Harmony,amidar,3,34729,59.0
Harmony,amidar,3,35614,57.0
Harmony,amidar,3,36322,52.0
Harmony,amidar,3,36984,51.0
Harmony,amidar,3,37677,51.0
Harmony,amidar,3,38568,51.0
Harmony,amidar,3,39041,50.0
Harmony,amidar,3,39925,48.0
Harmony,amidar,3,40387,38.0
Harmony,amidar,3,41088,66.0
Harmony,amidar,3,41750,53.0
Harmony,amidar,3,42649,54.0
Harmony,amidar,3,43353,52.0
Harmony,amidar,3,44054,55.0
Harmony,amidar,3,44958,89.0
Harmony,amidar,3,45624,53.0
Harmony,amidar,3,46353,81.0
Harmony,amidar,3,46844,50.0
Harmony,amidar,3,47529,53.0
Harmony,amidar,3,48213,49.0
Harmony,amidar,3,48892,49.0
Harmony,amidar,3,49797,76.0
Harmony,amidar,3,50520,64.0
Harmony,amidar,3,51252,62.0
Harmony,amidar,3,51713,38.0
Harmony,amidar,3,52519,69.0
Harmony,amidar,3,53232,53.0
Harmony,amidar,3,53912,68.0
Harmony,amidar,3,54404,35.0
Harmony,amidar,3,55094,53.0
Harmony,amidar,3,55564,50.0
Harmony,amidar,3,56241,57.0
Harmony,amidar,3,57142,123.0
Harmony,amidar,3,57938,81.0
Harmony,amidar,3,58376,39.0
Harmony,amidar,3,59082,61.0
Harmony,amidar,3,59560,50.0
Harmony,amidar,3,60275,66.0
Harmony,amidar,3,61124,85.0
Harmony,amidar,3,61613,53.0
Harmony,amidar,3,62317,62.0
Harmony,amidar,3,62774,35.0
Harmony,amidar,3,63460,46.0
Harmony,amidar,3,63935,50.0
Harmony,amidar,3,64799,123.0
Harmony,amidar,3,65680,126.0
Harmony,amidar,3,66389,49.0
Harmony,amidar,3,67231,83.0
Harmony,amidar,3,67836,71.0
Harmony,amidar,3,68310,34.0
Harmony,amidar,3,68984,68.0
Harmony,amidar,3,69479,35.0
Harmony,amidar,3,70268,103.0
Harmony,amidar,3,70729,38.0
Harmony,amidar,3,71746,193.0
Harmony,amidar,3,72592,87.0
Harmony,amidar,3,73533,95.0
Harmony,amidar,3,74144,67.0
Harmony,amidar,3,74912,92.0
Harmony,amidar,3,75506,63.0
Harmony,amidar,3,76106,70.0
Harmony,amidar,3,76799,68.0
Harmony,amidar,3,77251,35.0
Harmony,amidar,3,77927,79.0
Harmony,amidar,3,78722,76.0
Harmony,amidar,3,79283,55.0
Harmony,amidar,3,79868,70.0
Harmony,amidar,3,80442,60.0
Harmony,amidar,3,81017,48.0
Harmony,amidar,3,81824,93.0
Harmony,amidar,3,82593,98.0
Harmony,amidar,3,83352,74.0
Harmony,amidar,3,84186,94.0
Harmony,amidar,3,85034,75.0
Harmony,amidar,3,85810,92.0
Harmony,amidar,3,86998,110.0
Harmony,amidar,3,87680,61.0
Harmony,amidar,3,88419,115.0
Harmony,amidar,3,89401,113.0
Harmony,amidar,3,90358,94.0
Harmony,amidar,3,91204,63.0
Harmony,amidar,3,92308,165.0
Harmony,amidar,3,92944,82.0
Harmony,amidar,3,93629,79.0
Harmony,amidar,3,94241,69.0
Harmony,amidar,3,94857,69.0
Harmony,amidar,3,95997,144.0
Harmony,amidar,3,96898,100.0
Harmony,amidar,3,97886,207.0
Harmony,amidar,3,98475,36.0
Harmony,amidar,3,99094,83.0
Harmony,amidar,3,99964,118.0
Harmony,assault,3,579,189.0
Harmony,assault,3,1113,252.0
Harmony,assault,3,1751,210.0
Harmony,assault,3,2431,231.0
Harmony,assault,3,2844,168.0
Harmony,assault,3,3326,189.0
Harmony,assault,3,3860,210.0
Harmony,assault,3,4510,189.0
Harmony,assault,3,5059,252.0
Harmony,assault,3,5723,168.0
Harmony,assault,3,6384,189.0
Harmony,assault,3,6769,147.0
Harmony,assault,3,7254,210.0
Harmony,assault,3,7832,189.0
Harmony,assault,3,8416,252.0
Harmony,assault,3,8998,231.0
Harmony,assault,3,9508,231.0
Harmony,assault,3,10087,210.0
Harmony,assault,3,10523,231.0
Harmony,assault,3,10998,84.0
Harmony,assault,3,12312,378.0
Harmony,assault,3,14776,231.0
Harmony,assault,3,15732,273.0
Harmony,assault,3,16685,273.0
Harmony,assault,3,17225,189.0
Harmony,assault,3,17764,210.0
Harmony,assault,3,18455,189.0
Harmony,assault,3,19306,273.0
Harmony,assault,3,20010,231.0
Harmony,assault,3,20968,399.0
Harmony,assault,3,21682,504.0
Harmony,assault,3,22402,420.0
Harmony,assault,3,22725,168.0
Harmony,assault,3,23164,189.0
Harmony,assault,3,23870,525.0
Harmony,assault,3,24403,399.0
Harmony,assault,3,24627,168.0
Harmony,assault,3,25113,231.0
Harmony,assault,3,25686,378.0
Harmony,assault,3,26343,315.0
Harmony,assault,3,26993,420.0
Harmony,assault,3,27700,462.0
Harmony,assault,3,28281,378.0
Harmony,assault,3,29471,546.0
Harmony,assault,3,30307,483.0
Harmony,assault,3,31044,462.0
Harmony,assault,3,31801,378.0
Harmony,assault,3,32493,294.0
Harmony,assault,3,34134,630.0
Harmony,assault,3,35462,630.0
Harmony,assault,3,36242,357.0
Harmony,assault,3,37304,630.0
Harmony,assault,3,38234,651.0
Harmony,assault,3,39005,546.0
Harmony,assault,3,39549,399.0
Harmony,assault,3,40121,357.0
Harmony,assault,3,40729,315.0
Harmony,assault,3,41268,420.0
Harmony,assault,3,41714,378.0
Harmony,assault,3,42676,588.0
Harmony,assault,3,43530,357.0
Harmony,assault,3,44271,462.0
Harmony,assault,3,44747,315.0
Harmony,assault,3,45228,273.0
Harmony,assault,3,46096,462.0
Harmony,assault,3,46707,441.0
Harmony,assault,3,47833,504.0
Harmony,assault,3,48437,420.0
Harmony,assault,3,49554,672.0
Harmony,assault,3,50415,525.0
Harmony,assault,3,51151,546.0
Harmony,assault,3,51726,231.0
Harmony,assault,3,52201,315.0
Harmony,assault,3,52901,567.0
Harmony,assault,3,53573,294.0
Harmony,assault,3,54662,588.0
Harmony,assault,3,55484,399.0
Harmony,assault,3,56380,525.0
Harmony,assault,3,57610,756.0
Harmony,assault,3,58780,630.0
Harmony,assault,3,59836,672.0
Harmony,assault,3,60568,441.0
Harmony,assault,3,61581,693.0
Harmony,assault,3,62478,546.0
Harmony,assault,3,63307,483.0
Harmony,assault,3,64040,399.0
Harmony,assault,3,65439,630.0
Harmony,assault,3,66199,651.0
Harmony,assault,3,66744,462.0
Harmony,assault,3,67614,777.0
Harmony,assault,3,68059,336.0
Harmony,assault,3,68947,672.0
Harmony,assault,3,69953,693.0
Harmony,assault,3,70624,504.0
Harmony,assault,3,71915,672.0
Harmony,assault,3,73015,693.0
Harmony,assault,3,73532,441.0
Harmony,assault,3,74358,672.0
Harmony,assault,3,75571,588.0
Harmony,assault,3,76534,651.0
Harmony,assault,3,77527,609.0
Harmony,assault,3,78705,630.0
Harmony,assault,3,79378,336.0
Harmony,assault,3,80321,651.0
Harmony,assault,3,81523,756.0
Harmony,assault,3,82450,651.0
Harmony,assault,3,83534,609.0
Harmony,assault,3,84333,483.0
Harmony,assault,3,85323,651.0
Harmony,assault,3,86062,567.0
Harmony,assault,3,86938,714.0
Harmony,assault,3,88251,693.0
Harmony,assault,3,89418,714.0
Harmony,assault,3,90367,651.0
Harmony,assault,3,91038,399.0
Harmony,assault,3,92346,672.0
Harmony,assault,3,93439,651.0
Harmony,assault,3,94431,714.0
Harmony,assault,3,95680,567.0
Harmony,assault,3,96194,231.0
Harmony,assault,3,97373,693.0
Harmony,assault,3,98469,693.0
Harmony,assault,3,99418,693.0
Harmony,asterix,3,242,300.0
Harmony,asterix,3,449,100.0
Harmony,asterix,3,691,250.0
Harmony,asterix,3,971,300.0
Harmony,asterix,3,1208,250.0
Harmony,asterix,3,1465,400.0
Harmony,asterix,3,1758,450.0
Harmony,asterix,3,1983,400.0
Harmony,asterix,3,2188,150.0
Harmony,asterix,3,2434,300.0
Harmony,asterix,3,2718,450.0
Harmony,asterix,3,2998,350.0
Harmony,asterix,3,3256,400.0
Harmony,asterix,3,3457,100.0
Harmony,asterix,3,3655,250.0
Harmony,asterix,3,3836,150.0
Harmony,asterix,3,4055,250.0
Harmony,asterix,3,4301,250.0
Harmony,asterix,3,4587,350.0
Harmony,asterix,3,4791,200.0
Harmony,asterix,3,5015,150.0
Harmony,asterix,3,5394,350.0
Harmony,asterix,3,5665,200.0
Harmony,asterix,3,5925,150.0
Harmony,asterix,3,6290,250.0
Harmony,asterix,3,6491,50.0
Harmony,asterix,3,6802,200.0
Harmony,asterix,3,7010,150.0
Harmony,asterix,3,7210,100.0
Harmony,asterix,3,7500,200.0
Harmony,asterix,3,7795,350.0
Harmony,asterix,3,7991,100.0
Harmony,asterix,3,8196,50.0
Harmony,asterix,3,8413,150.0
Harmony,asterix,3,8748,600.0
Harmony,asterix,3,9170,400.0
Harmony,asterix,3,9397,200.0
Harmony,asterix,3,9637,350.0
Harmony,asterix,3,9837,150.0
Harmony,asterix,3,10068,150.0
Harmony,asterix,3,10290,150.0
Harmony,asterix,3,10489,100.0
Harmony,asterix,3,10822,300.0
Harmony,asterix,3,11131,150.0
Harmony,asterix,3,11400,250.0
Harmony,asterix,3,11627,100.0
Harmony,asterix,3,11912,200.0
Harmony,asterix,3,12115,100.0
Harmony,asterix,3,12694,550.0
Harmony,asterix,3,12992,150.0
Harmony,asterix,3,13477,250.0
Harmony,asterix,3,13964,350.0
Harmony,asterix,3,14549,300.0
Harmony,asterix,3,14989,300.0
Harmony,asterix,3,15502,250.0
Harmony,asterix,3,15806,150.0
Harmony,asterix,3,16080,200.0
Harmony,asterix,3,16444,450.0
Harmony,asterix,3,16670,100.0
Harmony,asterix,3,16898,50.0
Harmony,asterix,3,17100,50.0
Harmony,asterix,3,17370,50.0
Harmony,asterix,3,17883,400.0
Harmony,asterix,3,18111,100.0
Harmony,asterix,3,18689,400.0
Harmony,asterix,3,18985,100.0
Harmony,asterix,3,19292,200.0
Harmony,asterix,3,19514,200.0
Harmony,asterix,3,19735,150.0
Harmony,asterix,3,19951,100.0
Harmony,asterix,3,20245,100.0
Harmony,asterix,3,20446,100.0
Harmony,asterix,3,20636,150.0
Harmony,asterix,3,20894,150.0
Harmony,asterix,3,21096,50.0
Harmony,asterix,3,21842,450.0
Harmony,asterix,3,22864,450.0
Harmony,asterix,3,23412,350.0
Harmony,asterix,3,23770,400.0
Harmony,asterix,3,24128,200.0
Harmony,asterix,3,24325,0.0
Harmony,asterix,3,24973,600.0
Harmony,asterix,3,25189,50.0
Harmony,asterix,3,25568,450.0
Harmony,asterix,3,25916,300.0
Harmony,asterix,3,26141,200.0
Harmony,asterix,3,26384,100.0
Harmony,asterix,3,26910,500.0
Harmony,asterix,3,27137,150.0
Harmony,asterix,3,27352,150.0
Harmony,asterix,3,27620,200.0
Harmony,asterix,3,27842,150.0
Harmony,asterix,3,28122,300.0
Harmony,asterix,3,28338,100.0
Harmony,asterix,3,28570,100.0
Harmony,asterix,3,28803,200.0
Harmony,asterix,3,29008,200.0
Harmony,asterix,3,29495,550.0
Harmony,asterix,3,29705,100.0
Harmony,asterix,3,29960,250.0
Harmony,asterix,3,30284,300.0
Harmony,asterix,3,31011,900.0
Harmony,asterix,3,31263,200.0
Harmony,asterix,3,31714,750.0
Harmony,asterix,3,31905,150.0
Harmony,asterix,3,32105,50.0
Harmony,asterix,3,32305,150.0
Harmony,asterix,3,32520,300.0
Harmony,asterix,3,32709,200.0
Harmony,asterix,3,32973,250.0
Harmony,asterix,3,33194,0.0
Harmony,asterix,3,33415,50.0
Harmony,asterix,3,33613,100.0
Harmony,asterix,3,33928,300.0
Harmony,asterix,3,34141,100.0
Harmony,asterix,3,34343,250.0
Harmony,asterix,3,34697,450.0
Harmony,asterix,3,34894,100.0
Harmony,asterix,3,35094,50.0
Harmony,asterix,3,35492,450.0
Harmony,asterix,3,35696,200.0
Harmony,asterix,3,35897,50.0
Harmony,asterix,3,36101,50.0
Harmony,asterix,3,36311,100.0
Harmony,asterix,3,36509,150.0
Harmony,asterix,3,36740,300.0
Harmony,asterix,3,37115,300.0
Harmony,asterix,3,37339,150.0
Harmony,asterix,3,37651,400.0
Harmony,asterix,3,37970,250.0
Harmony,asterix,3,38317,100.0
Harmony,asterix,3,38724,550.0
Harmony,asterix,3,39001,250.0
Harmony,asterix,3,39337,450.0
Harmony,asterix,3,39767,400.0
Harmony,asterix,3,40006,150.0
Harmony,asterix,3,40168,100.0
Harmony,asterix,3,40372,150.0
Harmony,asterix,3,40690,200.0
Harmony,asterix,3,40970,300.0
Harmony,asterix,3,41181,400.0
Harmony,asterix,3,41501,150.0
Harmony,asterix,3,41812,250.0
Harmony,asterix,3,42022,250.0
Harmony,asterix,3,42439,350.0
Harmony,asterix,3,42644,100.0
Harmony,asterix,3,42832,300.0
Harmony,asterix,3,43974,950.0
Harmony,asterix,3,44368,400.0
Harmony,asterix,3,44726,200.0
Harmony,asterix,3,45738,850.0
Harmony,asterix,3,45942,50.0
Harmony,asterix,3,46147,50.0
Harmony,asterix,3,46441,250.0
Harmony,asterix,3,46651,150.0
Harmony,asterix,3,47241,500.0
Harmony,asterix,3,47497,200.0
Harmony,asterix,3,47739,250.0
Harmony,asterix,3,48305,550.0
Harmony,asterix,3,48912,650.0
Harmony,asterix,3,49204,300.0
Harmony,asterix,3,49447,200.0
Harmony,asterix,3,49649,50.0
Harmony,asterix,3,50038,450.0
Harmony,asterix,3,50570,650.0
Harmony,asterix,3,50970,500.0
Harmony,asterix,3,51278,250.0
Harmony,asterix,3,51475,200.0
Harmony,asterix,3,51803,300.0
Harmony,asterix,3,52131,400.0
Harmony,asterix,3,52643,700.0
Harmony,asterix,3,52918,300.0
Harmony,asterix,3,53458,750.0
Harmony,asterix,3,53719,200.0
Harmony,asterix,3,54044,350.0
Harmony,asterix,3,54416,350.0
Harmony,asterix,3,54807,300.0
Harmony,asterix,3,55050,200.0
Harmony,asterix,3,55377,350.0
Harmony,asterix,3,55752,350.0
Harmony,asterix,3,55968,100.0
Harmony,asterix,3,56383,400.0
Harmony,asterix,3,56700,300.0
Harmony,asterix,3,56996,250.0
Harmony,asterix,3,57280,500.0
Harmony,asterix,3,57521,200.0
Harmony,asterix,3,57843,200.0
Harmony,asterix,3,58192,400.0
Harmony,asterix,3,58491,250.0
Harmony,asterix,3,58793,200.0
Harmony,asterix,3,59609,850.0
Harmony,asterix,3,59899,300.0
Harmony,asterix,3,60726,650.0
Harmony,asterix,3,61126,300.0
Harmony,asterix,3,61529,350.0
Harmony,asterix,3,62022,550.0
Harmony,asterix,3,62317,250.0
Harmony,asterix,3,62577,200.0
Harmony,asterix,3,63062,450.0
Harmony,asterix,3,63644,400.0
Harmony,asterix,3,63861,150.0
Harmony,asterix,3,64369,400.0
Harmony,asterix,3,64939,400.0
Harmony,asterix,3,65539,650.0
Harmony,asterix,3,66108,700.0
Harmony,asterix,3,66468,400.0
Harmony,asterix,3,66880,500.0
Harmony,asterix,3,67182,250.0
Harmony,asterix,3,67523,400.0
Harmony,asterix,3,68024,500.0
Harmony,asterix,3,68673,600.0
Harmony,asterix,3,69216,400.0
Harmony,asterix,3,69616,500.0
Harmony,asterix,3,70069,300.0
Harmony,asterix,3,70523,400.0
Harmony,asterix,3,70855,400.0
Harmony,asterix,3,71177,350.0
Harmony,asterix,3,71719,500.0
Harmony,asterix,3,72057,200.0
Harmony,asterix,3,72571,700.0
Harmony,asterix,3,72820,200.0
Harmony,asterix,3,73068,150.0
Harmony,asterix,3,73351,400.0
Harmony,asterix,3,73911,600.0
Harmony,asterix,3,74347,550.0
Harmony,asterix,3,74873,550.0
Harmony,asterix,3,75350,600.0
Harmony,asterix,3,75549,200.0
Harmony,asterix,3,75912,300.0
Harmony,asterix,3,76296,500.0
Harmony,asterix,3,76596,300.0
Harmony,asterix,3,76891,200.0
Harmony,asterix,3,77119,200.0
Harmony,asterix,3,77606,550.0
Harmony,asterix,3,78029,600.0
Harmony,asterix,3,78376,250.0
Harmony,asterix,3,78707,350.0
Harmony,asterix,3,78925,50.0
Harmony,asterix,3,79157,150.0
Harmony,asterix,3,79434,450.0
Harmony,asterix,3,79916,600.0
Harmony,asterix,3,80339,350.0
Harmony,asterix,3,80672,500.0
Harmony,asterix,3,81066,700.0
Harmony,asterix,3,81404,400.0
Harmony,asterix,3,81684,250.0
Harmony,asterix,3,81942,300.0
Harmony,asterix,3,82312,350.0
Harmony,asterix,3,82613,450.0
Harmony,asterix,3,83068,750.0
Harmony,asterix,3,83369,400.0
Harmony,asterix,3,83747,550.0
Harmony,asterix,3,84165,300.0
Harmony,asterix,3,84524,400.0
Harmony,asterix,3,85048,800.0
Harmony,asterix,3,85522,700.0
Harmony,asterix,3,85757,150.0
Harmony,asterix,3,86139,350.0
Harmony,asterix,3,86354,200.0
Harmony,asterix,3,86664,400.0
Harmony,asterix,3,87080,250.0
Harmony,asterix,3,87488,250.0
Harmony,asterix,3,87806,400.0
Harmony,asterix,3,88081,300.0
Harmony,asterix,3,88326,350.0
Harmony,asterix,3,88712,450.0
Harmony,asterix,3,88973,300.0
Harmony,asterix,3,89339,400.0
Harmony,asterix,3,89582,400.0
Harmony,asterix,3,89789,100.0
Harmony,asterix,3,90295,550.0
Harmony,asterix,3,90509,200.0
Harmony,asterix,3,90883,450.0
Harmony,asterix,3,91418,700.0
Harmony,asterix,3,91693,250.0
Harmony,asterix,3,91910,100.0
Harmony,asterix,3,92274,250.0
Harmony,asterix,3,92661,450.0
Harmony,asterix,3,92958,450.0
Harmony,asterix,3,93391,450.0
Harmony,asterix,3,93722,300.0
Harmony,asterix,3,94183,450.0
Harmony,asterix,3,94416,200.0
Harmony,asterix,3,94813,250.0
Harmony,asterix,3,95441,650.0
Harmony,asterix,3,95689,200.0
Harmony,asterix,3,95993,500.0
Harmony,asterix,3,96405,750.0
Harmony,asterix,3,96821,500.0
Harmony,asterix,3,97218,400.0
Harmony,asterix,3,98144,800.0
Harmony,asterix,3,98509,450.0
Harmony,asterix,3,98920,450.0
Harmony,asterix,3,99282,350.0
Harmony,asterix,3,99472,200.0
Harmony,asterix,3,99823,500.0
Harmony,bank_heist,3,410,10.0
Harmony,bank_heist,3,801,10.0
Harmony,bank_heist,3,1503,10.0
Harmony,bank_heist,3,2000,20.0
Harmony,bank_heist,3,2576,20.0
Harmony,bank_heist,3,3186,30.0
Harmony,bank_heist,3,3714,10.0
Harmony,bank_heist,3,4368,30.0
Harmony,bank_heist,3,4895,20.0
Harmony,bank_heist,3,5337,0.0
Harmony,bank_heist,3,5762,10.0
Harmony,bank_heist,3,6237,10.0
Harmony,bank_heist,3,6739,10.0
Harmony,bank_heist,3,7204,20.0
Harmony,bank_heist,3,7705,0.0
Harmony,bank_heist,3,8337,10.0
Harmony,bank_heist,3,8913,20.0
Harmony,bank_heist,3,9670,0.0
Harmony,bank_heist,3,10635,0.0
Harmony,bank_heist,3,11598,0.0
Harmony,bank_heist,3,12538,0.0
Harmony,bank_heist,3,13361,10.0
Harmony,bank_heist,3,14130,0.0
Harmony,bank_heist,3,14802,10.0
Harmony,bank_heist,3,15481,10.0
Harmony,bank_heist,3,16138,20.0
Harmony,bank_heist,3,16463,0.0
Harmony,bank_heist,3,16875,0.0
Harmony,bank_heist,3,17382,0.0
Harmony,bank_heist,3,18015,0.0
Harmony,bank_heist,3,18794,0.0
Harmony,bank_heist,3,19594,20.0
Harmony,bank_heist,3,20472,20.0
Harmony,bank_heist,3,21277,0.0
Harmony,bank_heist,3,21935,0.0
Harmony,bank_heist,3,22879,0.0
Harmony,bank_heist,3,23613,20.0
Harmony,bank_heist,3,24039,10.0
Harmony,bank_heist,3,24964,10.0
Harmony,bank_heist,3,25712,40.0
Harmony,bank_heist,3,26729,20.0
Harmony,bank_heist,3,27540,10.0
Harmony,bank_heist,3,28008,10.0
Harmony,bank_heist,3,28538,20.0
Harmony,bank_heist,3,29064,20.0
Harmony,bank_heist,3,30169,0.0
Harmony,bank_heist,3,31142,20.0
Harmony,bank_heist,3,31776,10.0
Harmony,bank_heist,3,32346,10.0
Harmony,bank_heist,3,33107,40.0
Harmony,bank_heist,3,33605,10.0
Harmony,bank_heist,3,33928,10.0
Harmony,bank_heist,3,34517,0.0
Harmony,bank_heist,3,35100,10.0
Harmony,bank_heist,3,35514,10.0
Harmony,bank_heist,3,35925,10.0
Harmony,bank_heist,3,36779,10.0
Harmony,bank_heist,3,37440,20.0
Harmony,bank_heist,3,38135,10.0
Harmony,bank_heist,3,38738,0.0
Harmony,bank_heist,3,39419,10.0
Harmony,bank_heist,3,40235,10.0
Harmony,bank_heist,3,40952,10.0
Harmony,bank_heist,3,41687,10.0
Harmony,bank_heist,3,42983,10.0
Harmony,bank_heist,3,43840,10.0
Harmony,bank_heist,3,44280,20.0
Harmony,bank_heist,3,44996,30.0
Harmony,bank_heist,3,45643,10.0
Harmony,bank_heist,3,46134,20.0
Harmony,bank_heist,3,46638,10.0
Harmony,bank_heist,3,47407,10.0
Harmony,bank_heist,3,47985,30.0
Harmony,bank_heist,3,48519,10.0
Harmony,bank_heist,3,48932,10.0
Harmony,bank_heist,3,49668,50.0
Harmony,bank_heist,3,50335,10.0
Harmony,bank_heist,3,50980,10.0
Harmony,bank_heist,3,51466,10.0
Harmony,bank_heist,3,52130,10.0
Harmony,bank_heist,3,52815,10.0
Harmony,bank_heist,3,53334,30.0
Harmony,bank_heist,3,54031,20.0
Harmony,bank_heist,3,54515,20.0
Harmony,bank_heist,3,54953,10.0
Harmony,bank_heist,3,55434,10.0
Harmony,bank_heist,3,56084,10.0
Harmony,bank_heist,3,56584,10.0
Harmony,bank_heist,3,56926,10.0
Harmony,bank_heist,3,57567,30.0
Harmony,bank_heist,3,58074,20.0
Harmony,bank_heist,3,58727,10.0
Harmony,bank_heist,3,59412,20.0
Harmony,bank_heist,3,60149,10.0
Harmony,bank_heist,3,60884,10.0
Harmony,bank_heist,3,61631,10.0
Harmony,bank_heist,3,62339,20.0
Harmony,bank_heist,3,62993,10.0
Harmony,bank_heist,3,63740,10.0
Harmony,bank_heist,3,64314,10.0
Harmony,bank_heist,3,64652,20.0
Harmony,bank_heist,3,65109,10.0
Harmony,bank_heist,3,65522,20.0
Harmony,bank_heist,3,66294,20.0
Harmony,bank_heist,3,66701,30.0
Harmony,bank_heist,3,67228,60.0
Harmony,bank_heist,3,68007,20.0
Harmony,bank_heist,3,68551,30.0
Harmony,bank_heist,3,68974,30.0
Harmony,bank_heist,3,69722,30.0
Harmony,bank_heist,3,70501,30.0
Harmony,bank_heist,3,71328,30.0
Harmony,bank_heist,3,71956,30.0
Harmony,bank_heist,3,72592,30.0
Harmony,bank_heist,3,73236,30.0
Harmony,bank_heist,3,74001,40.0
Harmony,bank_heist,3,74752,40.0
Harmony,bank_heist,3,75248,30.0
Harmony,bank_heist,3,76032,40.0
Harmony,bank_heist,3,76710,30.0
Harmony,bank_heist,3,77367,80.0
Harmony,bank_heist,3,77980,10.0
Harmony,bank_heist,3,78858,20.0
Harmony,bank_heist,3,79509,30.0
Harmony,bank_heist,3,80056,30.0
Harmony,bank_heist,3,80871,30.0
Harmony,bank_heist,3,81683,20.0
Harmony,bank_heist,3,82386,30.0
Harmony,bank_heist,3,83199,20.0
Harmony,bank_heist,3,83819,40.0
Harmony,bank_heist,3,84137,10.0
Harmony,bank_heist,3,84754,20.0
Harmony,bank_heist,3,85253,40.0
Harmony,bank_heist,3,85736,20.0
Harmony,bank_heist,3,86646,40.0
Harmony,bank_heist,3,87153,20.0
Harmony,bank_heist,3,87853,30.0
Harmony,bank_heist,3,88478,30.0
Harmony,bank_heist,3,89215,50.0
Harmony,bank_heist,3,89719,30.0
Harmony,bank_heist,3,90562,30.0
Harmony,bank_heist,3,91195,20.0
Harmony,bank_heist,3,91648,30.0
Harmony,bank_heist,3,92131,20.0
Harmony,bank_heist,3,92635,40.0
Harmony,bank_heist,3,93278,40.0
Harmony,bank_heist,3,93901,60.0
Harmony,bank_heist,3,94626,30.0
Harmony,bank_heist,3,95056,40.0
Harmony,bank_heist,3,95619,30.0
Harmony,bank_heist,3,96305,30.0
Harmony,bank_heist,3,96783,40.0
Harmony,bank_heist,3,97352,30.0
Harmony,bank_heist,3,97789,30.0
Harmony,bank_heist,3,98278,30.0
Harmony,bank_heist,3,98910,20.0
Harmony,bank_heist,3,99617,20.0
Harmony,battle_zone,3,1047,0.0
Harmony,battle_zone,3,2751,2000.0
Harmony,battle_zone,3,3666,1000.0
Harmony,battle_zone,3,5015,4000.0
Harmony,battle_zone,3,6752,0.0
Harmony,battle_zone,3,7429,2000.0
Harmony,battle_zone,3,9501,9000.0
Harmony,battle_zone,3,10651,1000.0
Harmony,battle_zone,3,11791,2000.0
Harmony,battle_zone,3,12722,5000.0
Harmony,battle_zone,3,13786,8000.0
Harmony,battle_zone,3,14576,1000.0
Harmony,battle_zone,3,16350,3000.0
Harmony,battle_zone,3,17066,1000.0
Harmony,battle_zone,3,18118,2000.0
Harmony,battle_zone,3,20313,5000.0
Harmony,battle_zone,3,21326,5000.0
Harmony,battle_zone,3,22527,0.0
Harmony,battle_zone,3,23694,2000.0
Harmony,battle_zone,3,25141,1000.0
Harmony,battle_zone,3,26549,3000.0
Harmony,battle_zone,3,27100,1000.0
Harmony,battle_zone,3,28574,1000.0
Harmony,battle_zone,3,29730,1000.0
Harmony,battle_zone,3,31037,2000.0
Harmony,battle_zone,3,35582,3000.0
Harmony,battle_zone,3,37304,3000.0
Harmony,battle_zone,3,40966,5000.0
Harmony,battle_zone,3,41775,3000.0
Harmony,battle_zone,3,43483,4000.0
Harmony,battle_zone,3,45632,11000.0
Harmony,battle_zone,3,48091,11000.0
Harmony,battle_zone,3,49243,6000.0
Harmony,battle_zone,3,52049,6000.0
Harmony,battle_zone,3,53550,9000.0
Harmony,battle_zone,3,54846,7000.0
Harmony,battle_zone,3,55927,5000.0
Harmony,battle_zone,3,57931,16000.0
Harmony,battle_zone,3,59670,16000.0
Harmony,battle_zone,3,61092,9000.0
Harmony,battle_zone,3,61838,10000.0
Harmony,battle_zone,3,63119,17000.0
Harmony,battle_zone,3,64135,6000.0
Harmony,battle_zone,3,64979,11000.0
Harmony,battle_zone,3,66128,13000.0
Harmony,battle_zone,3,67609,13000.0
Harmony,battle_zone,3,69047,12000.0
Harmony,battle_zone,3,70411,11000.0
Harmony,battle_zone,3,71663,11000.0
Harmony,battle_zone,3,73385,20000.0
Harmony,battle_zone,3,74581,8000.0
Harmony,battle_zone,3,76400,14000.0
Harmony,battle_zone,3,77858,27000.0
Harmony,battle_zone,3,79152,13000.0
Harmony,battle_zone,3,80279,9000.0
Harmony,battle_zone,3,82432,19000.0
Harmony,battle_zone,3,83599,10000.0
Harmony,battle_zone,3,85464,17000.0
Harmony,battle_zone,3,86375,7000.0
Harmony,battle_zone,3,87867,12000.0
Harmony,battle_zone,3,89236,29000.0
Harmony,battle_zone,3,90877,25000.0
Harmony,battle_zone,3,92250,15000.0
Harmony,battle_zone,3,94182,29000.0
Harmony,battle_zone,3,95552,24000.0
Harmony,battle_zone,3,96726,11000.0
Harmony,battle_zone,3,98341,17000.0
Harmony,battle_zone,3,99583,14000.0
Harmony,boxing,3,1782,1.0
Harmony,boxing,3,3567,-2.0
Harmony,boxing,3,5352,17.0
Harmony,boxing,3,7131,3.0
Harmony,boxing,3,8912,0.0
Harmony,boxing,3,10693,-8.0
Harmony,boxing,3,12478,1.0
Harmony,boxing,3,14141,2.0
Harmony,boxing,3,15925,10.0
Harmony,boxing,3,17704,10.0
Harmony,boxing,3,19488,9.0
Harmony,boxing,3,21091,49.0
Harmony,boxing,3,22875,8.0
Harmony,boxing,3,24656,10.0
Harmony,boxing,3,26435,38.0
Harmony,boxing,3,27905,45.0
Harmony,boxing,3,29688,17.0
Harmony,boxing,3,31470,37.0
Harmony,boxing,3,33253,12.0
Harmony,boxing,3,34843,23.0
Harmony,boxing,3,36624,15.0
Harmony,boxing,3,37976,80.0
Harmony,boxing,3,39372,62.0
Harmony,boxing,3,40331,74.0
Harmony,boxing,3,42057,61.0
Harmony,boxing,3,42972,73.0
Harmony,boxing,3,44460,49.0
Harmony,boxing,3,45554,68.0
Harmony,boxing,3,46861,57.0
Harmony,boxing,3,48165,48.0
Harmony,boxing,3,49273,67.0
Harmony,boxing,3,50198,71.0
Harmony,boxing,3,51496,71.0
Harmony,boxing,3,52458,69.0
Harmony,boxing,3,53392,78.0
Harmony,boxing,3,54451,71.0
Harmony,boxing,3,55237,90.0
Harmony,boxing,3,55841,91.0
Harmony,boxing,3,57009,73.0
Harmony,boxing,3,58140,76.0
Harmony,boxing,3,59104,65.0
Harmony,boxing,3,60398,69.0
Harmony,boxing,3,61298,83.0
Harmony,boxing,3,62636,75.0
Harmony,boxing,3,63255,93.0
Harmony,boxing,3,64148,72.0
Harmony,boxing,3,64793,83.0
Harmony,boxing,3,65872,77.0
Harmony,boxing,3,66553,91.0
Harmony,boxing,3,67295,87.0
Harmony,boxing,3,67853,94.0
Harmony,boxing,3,68785,78.0
Harmony,boxing,3,69879,80.0
Harmony,boxing,3,71000,73.0
Harmony,boxing,3,72089,65.0
Harmony,boxing,3,73088,76.0
Harmony,boxing,3,73896,67.0
Harmony,boxing,3,75042,73.0
Harmony,boxing,3,76087,61.0
Harmony,boxing,3,76632,93.0
Harmony,boxing,3,77647,78.0
Harmony,boxing,3,78379,85.0
Harmony,boxing,3,78889,94.0
Harmony,boxing,3,79567,89.0
Harmony,boxing,3,80337,83.0
Harmony,boxing,3,81243,76.0
Harmony,boxing,3,82144,78.0
Harmony,boxing,3,83289,72.0
Harmony,boxing,3,84276,77.0
Harmony,boxing,3,85335,79.0
Harmony,boxing,3,86134,84.0
Harmony,boxing,3,87062,84.0
Harmony,boxing,3,88101,79.0
Harmony,boxing,3,88758,97.0
Harmony,boxing,3,90220,70.0
Harmony,boxing,3,91411,57.0
Harmony,boxing,3,92217,84.0
Harmony,boxing,3,93137,83.0
Harmony,boxing,3,94663,58.0
Harmony,boxing,3,95630,80.0
Harmony,boxing,3,96302,90.0
Harmony,boxing,3,97055,86.0
Harmony,boxing,3,97596,90.0
Harmony,boxing,3,98555,79.0
Harmony,boxing,3,99003,93.0
Harmony,boxing,3,99657,89.0
Harmony,breakout,3,141,0.0
Harmony,breakout,3,338,1.0
Harmony,breakout,3,481,0.0
Harmony,breakout,3,631,0.0
Harmony,breakout,3,825,1.0
Harmony,breakout,3,961,0.0
Harmony,breakout,3,1271,4.0
Harmony,breakout,3,1397,0.0
Harmony,breakout,3,1603,2.0
Harmony,breakout,3,2035,7.0
Harmony,breakout,3,2228,1.0
Harmony,breakout,3,2403,1.0
Harmony,breakout,3,2644,3.0
Harmony,breakout,3,2853,2.0
Harmony,breakout,3,2983,0.0
Harmony,breakout,3,3146,1.0
Harmony,breakout,3,3284,0.0
Harmony,breakout,3,3512,2.0
Harmony,breakout,3,3750,2.0
Harmony,breakout,3,3964,2.0
Harmony,breakout,3,4092,0.0
Harmony,breakout,3,4224,0.0
Harmony,breakout,3,4422,1.0
Harmony,breakout,3,4566,0.0
Harmony,breakout,3,4777,2.0
Harmony,breakout,3,5006,2.0
Harmony,breakout,3,5230,2.0
Harmony,breakout,3,5630,6.0
Harmony,breakout,3,5902,4.0
Harmony,breakout,3,6146,3.0
Harmony,breakout,3,6385,2.0
Harmony,breakout,3,6549,1.0
Harmony,breakout,3,6736,1.0
Harmony,breakout,3,6911,1.0
Harmony,breakout,3,7186,3.0
Harmony,breakout,3,7329,0.0
Harmony,breakout,3,7463,0.0
Harmony,breakout,3,7680,2.0
Harmony,breakout,3,7971,4.0
Harmony,breakout,3,8100,0.0
Harmony,breakout,3,8255,1.0
Harmony,breakout,3,8393,0.0
Harmony,breakout,3,8606,2.0
Harmony,breakout,3,8799,1.0
Harmony,breakout,3,9116,3.0
Harmony,breakout,3,9339,2.0
Harmony,breakout,3,9645,4.0
Harmony,breakout,3,9810,0.0
Harmony,breakout,3,9962,1.0
Harmony,breakout,3,10117,1.0
Harmony,breakout,3,10240,0.0
Harmony,breakout,3,10466,3.0
Harmony,breakout,3,10798,2.0
Harmony,breakout,3,10977,0.0
Harmony,breakout,3,11272,2.0
Harmony,breakout,3,11592,0.0
Harmony,breakout,3,12252,3.0
Harmony,breakout,3,12590,1.0
Harmony,breakout,3,13160,3.0
Harmony,breakout,3,13337,0.0
Harmony,breakout,3,13736,1.0
Harmony,breakout,3,14356,0.0
Harmony,breakout,3,14780,0.0
Harmony,breakout,3,15263,0.0
Harmony,breakout,3,16068,5.0
Harmony,breakout,3,16402,2.0
Harmony,breakout,3,16671,0.0
Harmony,breakout,3,16880,0.0
Harmony,breakout,3,17085,0.0
Harmony,breakout,3,17404,3.0
Harmony,breakout,3,17701,2.0
Harmony,breakout,3,17835,0.0
Harmony,breakout,3,18085,3.0
Harmony,breakout,3,18368,3.0
Harmony,breakout,3,18725,3.0
Harmony,breakout,3,19368,5.0
Harmony,breakout,3,19523,0.0
Harmony,breakout,3,19766,3.0
Harmony,breakout,3,20017,0.0
Harmony,breakout,3,20492,2.0
Harmony,breakout,3,24938,5.0
Harmony,breakout,3,25420,8.0
Harmony,breakout,3,26926,7.0
Harmony,breakout,3,27372,1.0
Harmony,breakout,3,27944,3.0
Harmony,breakout,3,28360,7.0
Harmony,breakout,3,28684,5.0
Harmony,breakout,3,31344,11.0
Harmony,breakout,3,31848,13.0
Harmony,breakout,3,32145,4.0
Harmony,breakout,3,32593,7.0
Harmony,breakout,3,32814,2.0
Harmony,breakout,3,33042,3.0
Harmony,breakout,3,33230,1.0
Harmony,breakout,3,33630,7.0
Harmony,breakout,3,33905,2.0
Harmony,breakout,3,34200,4.0
Harmony,breakout,3,34782,6.0
Harmony,breakout,3,35205,8.0
Harmony,breakout,3,35468,4.0
Harmony,breakout,3,35733,4.0
Harmony,breakout,3,35989,3.0
Harmony,breakout,3,36694,10.0
Harmony,breakout,3,37771,11.0
Harmony,breakout,3,38120,7.0
Harmony,breakout,3,38405,5.0
Harmony,breakout,3,38562,1.0
Harmony,breakout,3,38953,7.0
Harmony,breakout,3,39743,14.0
Harmony,breakout,3,39901,1.0
Harmony,breakout,3,40541,9.0
Harmony,breakout,3,41180,8.0
Harmony,breakout,3,41533,5.0
Harmony,breakout,3,41830,4.0
Harmony,breakout,3,42201,6.0
Harmony,breakout,3,42449,4.0
Harmony,breakout,3,42714,4.0
Harmony,breakout,3,43271,13.0
Harmony,breakout,3,43459,1.0
Harmony,breakout,3,43611,0.0
Harmony,breakout,3,43834,1.0
Harmony,breakout,3,44019,2.0
Harmony,breakout,3,44523,10.0
Harmony,breakout,3,44833,5.0
Harmony,breakout,3,45122,4.0
Harmony,breakout,3,45275,1.0
Harmony,breakout,3,45663,6.0
Harmony,breakout,3,45912,3.0
Harmony,breakout,3,46505,12.0
Harmony,breakout,3,46767,3.0
Harmony,breakout,3,47254,9.0
Harmony,breakout,3,48353,24.0
Harmony,breakout,3,48512,1.0
Harmony,breakout,3,48832,5.0
Harmony,breakout,3,49298,12.0
Harmony,breakout,3,49777,9.0
Harmony,breakout,3,50211,10.0
Harmony,breakout,3,50710,13.0
Harmony,breakout,3,51009,4.0
Harmony,breakout,3,51342,6.0
Harmony,breakout,3,51808,8.0
Harmony,breakout,3,52056,3.0
Harmony,breakout,3,52430,6.0
Harmony,breakout,3,52965,24.0
Harmony,breakout,3,53442,9.0
Harmony,breakout,3,53751,6.0
Harmony,breakout,3,54217,10.0
Harmony,breakout,3,54500,4.0
Harmony,breakout,3,54859,6.0
Harmony,breakout,3,55269,7.0
Harmony,breakout,3,55652,4.0
Harmony,breakout,3,56154,14.0
Harmony,breakout,3,56445,3.0
Harmony,breakout,3,56967,10.0
Harmony,breakout,3,57124,1.0
Harmony,breakout,3,57251,0.0
Harmony,breakout,3,57403,1.0
Harmony,breakout,3,57675,3.0
Harmony,breakout,3,58150,8.0
Harmony,breakout,3,58488,5.0
Harmony,breakout,3,59031,9.0
Harmony,breakout,3,59235,2.0
Harmony,breakout,3,59491,3.0
Harmony,breakout,3,59752,4.0
Harmony,breakout,3,59881,0.0
Harmony,breakout,3,60405,10.0
Harmony,breakout,3,60984,10.0
Harmony,breakout,3,61251,3.0
Harmony,breakout,3,61412,1.0
Harmony,breakout,3,62054,13.0
Harmony,breakout,3,62289,2.0
Harmony,breakout,3,62653,6.0
Harmony,breakout,3,63292,12.0
Harmony,breakout,3,63684,5.0
Harmony,breakout,3,64021,3.0
Harmony,breakout,3,64453,6.0
Harmony,breakout,3,64653,2.0
Harmony,breakout,3,64879,1.0
Harmony,breakout,3,65180,2.0
Harmony,breakout,3,65450,4.0
Harmony,breakout,3,65729,2.0
Harmony,breakout,3,66079,4.0
Harmony,breakout,3,66434,5.0
Harmony,breakout,3,66805,6.0
Harmony,breakout,3,67123,5.0
Harmony,breakout,3,67488,6.0
Harmony,breakout,3,67835,5.0
Harmony,breakout,3,68213,7.0
Harmony,breakout,3,68823,20.0
Harmony,breakout,3,69240,12.0
Harmony,breakout,3,69592,6.0
Harmony,breakout,3,70040,9.0
Harmony,breakout,3,70352,9.0
Harmony,breakout,3,70633,5.0
Harmony,breakout,3,70835,2.0
Harmony,breakout,3,71138,6.0
Harmony,breakout,3,71477,9.0
Harmony,breakout,3,71628,1.0
Harmony,breakout,3,72100,8.0
Harmony,breakout,3,72722,10.0
Harmony,breakout,3,73205,10.0
Harmony,breakout,3,73512,5.0
Harmony,breakout,3,73916,9.0
Harmony,breakout,3,74164,3.0
Harmony,breakout,3,74641,11.0
Harmony,breakout,3,75065,6.0
Harmony,breakout,3,75441,7.0
Harmony,breakout,3,75945,9.0
Harmony,breakout,3,76369,7.0
Harmony,breakout,3,76901,9.0
Harmony,breakout,3,77352,8.0
Harmony,breakout,3,77803,7.0
Harmony,breakout,3,78090,8.0
Harmony,breakout,3,78402,5.0
Harmony,breakout,3,78851,8.0
Harmony,breakout,3,79352,9.0
Harmony,breakout,3,79838,0.0
Harmony,breakout,3,80582,6.0
Harmony,breakout,3,80911,4.0
Harmony,breakout,3,81284,3.0
Harmony,breakout,3,81499,1.0
Harmony,breakout,3,81762,4.0
Harmony,breakout,3,82107,6.0
Harmony,breakout,3,82395,4.0
Harmony,breakout,3,82684,5.0
Harmony,breakout,3,82942,4.0
Harmony,breakout,3,83517,9.0
Harmony,breakout,3,83863,3.0
Harmony,breakout,3,84476,13.0
Harmony,breakout,3,85070,11.0
Harmony,breakout,3,85453,6.0
Harmony,breakout,3,85970,8.0
Harmony,breakout,3,86281,5.0
Harmony,breakout,3,86602,5.0
Harmony,breakout,3,86954,5.0
Harmony,breakout,3,87369,4.0
Harmony,breakout,3,87672,4.0
Harmony,breakout,3,88102,6.0
Harmony,breakout,3,88364,4.0
Harmony,breakout,3,88782,10.0
Harmony,breakout,3,89348,10.0
Harmony,breakout,3,89472,0.0
Harmony,breakout,3,89829,4.0
Harmony,breakout,3,90145,4.0
Harmony,breakout,3,90398,4.0
Harmony,breakout,3,90686,4.0
Harmony,breakout,3,90918,3.0
Harmony,breakout,3,91233,6.0
Harmony,breakout,3,91965,7.0
Harmony,breakout,3,92538,16.0
Harmony,breakout,3,92929,5.0
Harmony,breakout,3,93327,7.0
Harmony,breakout,3,93627,5.0
Harmony,breakout,3,94004,6.0
Harmony,breakout,3,94203,2.0
Harmony,breakout,3,94648,9.0
Harmony,breakout,3,95055,8.0
Harmony,breakout,3,95402,7.0
Harmony,breakout,3,95631,3.0
Harmony,breakout,3,96087,9.0
Harmony,breakout,3,96537,6.0
Harmony,breakout,3,97078,13.0
Harmony,breakout,3,97564,9.0
Harmony,breakout,3,97729,1.0
Harmony,breakout,3,97919,0.0
Harmony,breakout,3,98512,12.0
Harmony,breakout,3,98986,10.0
Harmony,breakout,3,99316,5.0
Harmony,breakout,3,99784,5.0
Harmony,chopper_command,3,574,500.0
Harmony,chopper_command,3,1071,500.0
Harmony,chopper_command,3,1748,600.0
Harmony,chopper_command,3,3311,1100.0
Harmony,chopper_command,3,4969,900.0
Harmony,chopper_command,3,5688,300.0
Harmony,chopper_command,3,6357,500.0
Harmony,chopper_command,3,7160,500.0
Harmony,chopper_command,3,9295,900.0
Harmony,chopper_command,3,10050,300.0
Harmony,chopper_command,3,11405,800.0
Harmony,chopper_command,3,14138,1100.0
Harmony,chopper_command,3,15099,900.0
Harmony,chopper_command,3,15953,500.0
Harmony,chopper_command,3,16949,500.0
Harmony,chopper_command,3,17526,600.0
Harmony,chopper_command,3,18128,1300.0
Harmony,chopper_command,3,18457,300.0
Harmony,chopper_command,3,18791,900.0
Harmony,chopper_command,3,18979,0.0
Harmony,chopper_command,3,19179,0.0
Harmony,chopper_command,3,19382,0.0
Harmony,chopper_command,3,19582,0.0
Harmony,chopper_command,3,19778,0.0
Harmony,chopper_command,3,19978,0.0
Harmony,chopper_command,3,20190,300.0
Harmony,chopper_command,3,20686,1000.0
Harmony,chopper_command,3,21198,700.0
Harmony,chopper_command,3,21604,900.0
Harmony,chopper_command,3,22093,1100.0
Harmony,chopper_command,3,23324,1300.0
Harmony,chopper_command,3,24059,1100.0
Harmony,chopper_command,3,24960,1100.0
Harmony,chopper_command,3,25293,1100.0
Harmony,chopper_command,3,26232,1000.0
Harmony,chopper_command,3,26664,1100.0
Harmony,chopper_command,3,27991,1600.0
Harmony,chopper_command,3,28572,1300.0
Harmony,chopper_command,3,28913,800.0
Harmony,chopper_command,3,29241,1000.0
Harmony,chopper_command,3,29608,1100.0
Harmony,chopper_command,3,29978,1100.0
Harmony,chopper_command,3,30310,1000.0
Harmony,chopper_command,3,31474,1000.0
Harmony,chopper_command,3,31805,1000.0
Harmony,chopper_command,3,32177,1100.0
Harmony,chopper_command,3,32732,1100.0
Harmony,chopper_command,3,33103,1100.0
Harmony,chopper_command,3,33435,1000.0
Harmony,chopper_command,3,33989,1100.0
Harmony,chopper_command,3,34544,1200.0
Harmony,chopper_command,3,35161,900.0
Harmony,chopper_command,3,35440,500.0
Harmony,chopper_command,3,35678,900.0
Harmony,chopper_command,3,35882,100.0
Harmony,chopper_command,3,36164,600.0
Harmony,chopper_command,3,36508,600.0
Harmony,chopper_command,3,37531,1200.0
Harmony,chopper_command,3,37796,900.0
Harmony,chopper_command,3,38063,1000.0
Harmony,chopper_command,3,38579,900.0
Harmony,chopper_command,3,38962,1000.0
Harmony,chopper_command,3,39366,1000.0
Harmony,chopper_command,3,39923,1100.0
Harmony,chopper_command,3,40540,1200.0
Harmony,chopper_command,3,40925,1000.0
Harmony,chopper_command,3,41298,1100.0
Harmony,chopper_command,3,41666,1100.0
Harmony,chopper_command,3,42032,1100.0
Harmony,chopper_command,3,42403,1100.0
Harmony,chopper_command,3,42780,1200.0
Harmony,chopper_command,3,43165,1000.0
Harmony,chopper_command,3,43533,1100.0
Harmony,chopper_command,3,43900,1100.0
Harmony,chopper_command,3,44273,1100.0
Harmony,chopper_command,3,45184,1100.0
Harmony,chopper_command,3,45557,1100.0
Harmony,chopper_command,3,45996,1200.0
Harmony,chopper_command,3,46363,1100.0
Harmony,chopper_command,3,46734,1100.0
Harmony,chopper_command,3,47101,1100.0
Harmony,chopper_command,3,47468,1100.0
Harmony,chopper_command,3,47839,1100.0
Harmony,chopper_command,3,48211,1100.0
Harmony,chopper_command,3,48579,1100.0
Harmony,chopper_command,3,48998,1100.0
Harmony,chopper_command,3,49568,900.0
Harmony,chopper_command,3,50182,900.0
Harmony,chopper_command,3,50449,900.0
Harmony,chopper_command,3,50821,1100.0
Harmony,chopper_command,3,51191,1100.0
Harmony,chopper_command,3,51558,1100.0
Harmony,chopper_command,3,51927,1100.0
Harmony,chopper_command,3,52286,1000.0
Harmony,chopper_command,3,52933,1200.0
Harmony,chopper_command,3,53270,900.0
Harmony,chopper_command,3,53621,1200.0
Harmony,chopper_command,3,53896,900.0
Harmony,chopper_command,3,54232,1200.0
Harmony,chopper_command,3,54675,1100.0
Harmony,chopper_command,3,55297,1400.0
Harmony,chopper_command,3,55641,1000.0
Harmony,chopper_command,3,55978,700.0
Harmony,chopper_command,3,56403,700.0
Harmony,chopper_command,3,56855,800.0
Harmony,chopper_command,3,57535,1200.0
Harmony,chopper_command,3,58035,1200.0
Harmony,chopper_command,3,60310,1400.0
Harmony,chopper_command,3,60736,800.0
Harmony,chopper_command,3,61438,1100.0
Harmony,chopper_command,3,61812,900.0
Harmony,chopper_command,3,62138,700.0
Harmony,chopper_command,3,62561,1000.0
Harmony,chopper_command,3,63064,1000.0
Harmony,chopper_command,3,63752,1300.0
Harmony,chopper_command,3,64861,1400.0
Harmony,chopper_command,3,65127,700.0
Harmony,chopper_command,3,65893,1200.0
Harmony,chopper_command,3,66245,1100.0
Harmony,chopper_command,3,66872,1200.0
Harmony,chopper_command,3,67284,800.0
Harmony,chopper_command,3,67789,900.0
Harmony,chopper_command,3,68375,1400.0
Harmony,chopper_command,3,69002,1100.0
Harmony,chopper_command,3,69775,1400.0
Harmony,chopper_command,3,70243,600.0
Harmony,chopper_command,3,70875,1300.0
Harmony,chopper_command,3,71386,1300.0
Harmony,chopper_command,3,71964,1300.0
Harmony,chopper_command,3,72305,900.0
Harmony,chopper_command,3,72678,1100.0
Harmony,chopper_command,3,74823,1700.0
Harmony,chopper_command,3,75884,1100.0
Harmony,chopper_command,3,76416,800.0
Harmony,chopper_command,3,76813,1300.0
Harmony,chopper_command,3,77617,1100.0
Harmony,chopper_command,3,77955,1000.0
Harmony,chopper_command,3,78219,700.0
Harmony,chopper_command,3,79226,1900.0
Harmony,chopper_command,3,79691,900.0
Harmony,chopper_command,3,80025,1200.0
Harmony,chopper_command,3,80370,800.0
Harmony,chopper_command,3,81431,1400.0
Harmony,chopper_command,3,81824,1200.0
Harmony,chopper_command,3,82289,1400.0
Harmony,chopper_command,3,83452,1300.0
Harmony,chopper_command,3,83801,800.0
Harmony,chopper_command,3,84238,800.0
Harmony,chopper_command,3,84582,1200.0
Harmony,chopper_command,3,84914,1100.0
Harmony,chopper_command,3,85184,900.0
Harmony,chopper_command,3,85596,1100.0
Harmony,chopper_command,3,86114,1300.0
Harmony,chopper_command,3,86767,1200.0
Harmony,chopper_command,3,87294,1100.0
Harmony,chopper_command,3,87634,1200.0
Harmony,chopper_command,3,88629,1600.0
Harmony,chopper_command,3,89041,900.0
Harmony,chopper_command,3,89465,1500.0
Harmony,chopper_command,3,90058,1300.0
Harmony,chopper_command,3,90324,1100.0
Harmony,chopper_command,3,90675,1200.0
Harmony,chopper_command,3,91120,1100.0
Harmony,chopper_command,3,91496,1400.0
Harmony,chopper_command,3,91778,1000.0
Harmony,chopper_command,3,92303,1100.0
Harmony,chopper_command,3,92768,900.0
Harmony,chopper_command,3,93398,1100.0
Harmony,chopper_command,3,93737,800.0
Harmony,chopper_command,3,94079,1100.0
Harmony,chopper_command,3,94746,1000.0
Harmony,chopper_command,3,95130,1100.0
Harmony,chopper_command,3,95537,1200.0
Harmony,chopper_command,3,95928,1500.0
Harmony,chopper_command,3,96439,1100.0
Harmony,chopper_command,3,97278,1500.0
Harmony,chopper_command,3,97548,800.0
Harmony,chopper_command,3,98725,1500.0
Harmony,chopper_command,3,99120,1300.0
Harmony,chopper_command,3,99566,1200.0
Harmony,chopper_command,3,99932,1300.0
Harmony,crazy_climber,3,3171,9800.0
Harmony,crazy_climber,3,5907,6100.0
Harmony,crazy_climber,3,7902,6000.0
Harmony,crazy_climber,3,9377,11000.0
Harmony,crazy_climber,3,12642,18300.0
Harmony,crazy_climber,3,16685,11000.0
Harmony,crazy_climber,3,20483,19900.0
Harmony,crazy_climber,3,23226,21500.0
Harmony,crazy_climber,3,25665,38300.0
Harmony,crazy_climber,3,28262,39100.0
Harmony,crazy_climber,3,31146,50900.0
Harmony,crazy_climber,3,34008,35300.0
Harmony,crazy_climber,3,37005,43300.0
Harmony,crazy_climber,3,39443,29300.0
Harmony,crazy_climber,3,41820,38700.0
Harmony,crazy_climber,3,46229,69500.0
Harmony,crazy_climber,3,48757,31900.0
Harmony,crazy_climber,3,52913,76500.0
Harmony,crazy_climber,3,55712,38700.0
Harmony,crazy_climber,3,57981,29100.0
Harmony,crazy_climber,3,60335,26900.0
Harmony,crazy_climber,3,62814,39400.0
Harmony,crazy_climber,3,65249,37600.0
Harmony,crazy_climber,3,68324,48700.0
Harmony,crazy_climber,3,71820,73900.0
Harmony,crazy_climber,3,73741,31800.0
Harmony,crazy_climber,3,75951,38900.0
Harmony,crazy_climber,3,79762,94300.0
Harmony,crazy_climber,3,82139,30500.0
Harmony,crazy_climber,3,84614,30100.0
Harmony,crazy_climber,3,89067,83500.0
Harmony,crazy_climber,3,92742,94800.0
Harmony,crazy_climber,3,95013,40600.0
Harmony,crazy_climber,3,98098,56400.0
Harmony,demon_attack,3,1473,500.0
Harmony,demon_attack,3,2459,80.0
Harmony,demon_attack,3,4726,90.0
Harmony,demon_attack,3,6665,580.0
Harmony,demon_attack,3,7370,110.0
Harmony,demon_attack,3,8312,220.0
Harmony,demon_attack,3,12890,480.0
Harmony,demon_attack,3,13545,110.0
Harmony,demon_attack,3,14099,110.0
Harmony,demon_attack,3,14727,110.0
Harmony,demon_attack,3,16167,325.0
Harmony,demon_attack,3,17871,660.0
Harmony,demon_attack,3,18707,175.0
Harmony,demon_attack,3,20223,520.0
Harmony,demon_attack,3,21321,190.0
Harmony,demon_attack,3,22302,190.0
Harmony,demon_attack,3,23067,160.0
Harmony,demon_attack,3,24496,295.0
Harmony,demon_attack,3,26232,250.0
Harmony,demon_attack,3,26678,80.0
Harmony,demon_attack,3,27246,190.0
Harmony,demon_attack,3,27660,30.0
Harmony,demon_attack,3,28092,50.0
Harmony,demon_attack,3,28713,90.0
Harmony,demon_attack,3,30278,340.0
Harmony,demon_attack,3,31361,205.0
Harmony,demon_attack,3,32193,120.0
Harmony,demon_attack,3,33983,80.0
Harmony,demon_attack,3,37109,1380.0
Harmony,demon_attack,3,38932,540.0
Harmony,demon_attack,3,39214,30.0
Harmony,demon_attack,3,40482,400.0
Harmony,demon_attack,3,42647,540.0
Harmony,demon_attack,3,43448,205.0
Harmony,demon_attack,3,44137,130.0
Harmony,demon_attack,3,45151,295.0
Harmony,demon_attack,3,46414,385.0
Harmony,demon_attack,3,47521,355.0
Harmony,demon_attack,3,48967,520.0
Harmony,demon_attack,3,49602,110.0
Harmony,demon_attack,3,50306,90.0
Harmony,demon_attack,3,50681,90.0
Harmony,demon_attack,3,50949,40.0
Harmony,demon_attack,3,51450,120.0
Harmony,demon_attack,3,53226,520.0
Harmony,demon_attack,3,54215,140.0
Harmony,demon_attack,3,54839,130.0
Harmony,demon_attack,3,55298,110.0
Harmony,demon_attack,3,56044,205.0
Harmony,demon_attack,3,57006,295.0
Harmony,demon_attack,3,58167,190.0
Harmony,demon_attack,3,58570,80.0
Harmony,demon_attack,3,59141,80.0
Harmony,demon_attack,3,60287,325.0
Harmony,demon_attack,3,61408,250.0
Harmony,demon_attack,3,62319,160.0
Harmony,demon_attack,3,62930,150.0
Harmony,demon_attack,3,63909,340.0
Harmony,demon_attack,3,65143,190.0
Harmony,demon_attack,3,65698,130.0
Harmony,demon_attack,3,66353,130.0
Harmony,demon_attack,3,66748,80.0
Harmony,demon_attack,3,67952,340.0
Harmony,demon_attack,3,68344,90.0
Harmony,demon_attack,3,69537,280.0
Harmony,demon_attack,3,70608,220.0
Harmony,demon_attack,3,71290,90.0
Harmony,demon_attack,3,72102,190.0
Harmony,demon_attack,3,73393,370.0
Harmony,demon_attack,3,73918,90.0
Harmony,demon_attack,3,74939,235.0
Harmony,demon_attack,3,76447,385.0
Harmony,demon_attack,3,77486,310.0
Harmony,demon_attack,3,79280,460.0
Harmony,demon_attack,3,80882,520.0
Harmony,demon_attack,3,82391,370.0
Harmony,demon_attack,3,82870,70.0
Harmony,demon_attack,3,83378,50.0
Harmony,demon_attack,3,84030,110.0
Harmony,demon_attack,3,84425,70.0
Harmony,demon_attack,3,85760,295.0
Harmony,demon_attack,3,86503,160.0
Harmony,demon_attack,3,88690,840.0
Harmony,demon_attack,3,89134,40.0
Harmony,demon_attack,3,90008,110.0
Harmony,demon_attack,3,90421,60.0
Harmony,demon_attack,3,91446,250.0
Harmony,demon_attack,3,93325,580.0
Harmony,demon_attack,3,94891,620.0
Harmony,demon_attack,3,96729,480.0
Harmony,demon_attack,3,97560,140.0
Harmony,demon_attack,3,99333,310.0
Harmony,freeway,3,2045,0.0
Harmony,freeway,3,4093,0.0
Harmony,freeway,3,6140,0.0
Harmony,freeway,3,8182,0.0
Harmony,freeway,3,10226,0.0
Harmony,freeway,3,12270,0.0
Harmony,freeway,3,14318,0.0
Harmony,freeway,3,16361,0.0
Harmony,freeway,3,18408,0.0
Harmony,freeway,3,20450,0.0
Harmony,freeway,3,22497,0.0
Harmony,freeway,3,24545,0.0
Harmony,freeway,3,26592,0.0
Harmony,freeway,3,28636,0.0
Harmony,freeway,3,30678,0.0
Harmony,freeway,3,32726,0.0
Harmony,freeway,3,34772,0.0
Harmony,freeway,3,36817,0.0
Harmony,freeway,3,38863,0.0
Harmony,freeway,3,40905,0.0
Harmony,freeway,3,42949,0.0
Harmony,freeway,3,44996,0.0
Harmony,freeway,3,47040,0.0
Harmony,freeway,3,49081,0.0
Harmony,freeway,3,51124,0.0
Harmony,freeway,3,53167,0.0
Harmony,freeway,3,55212,0.0
Harmony,freeway,3,57256,0.0
Harmony,freeway,3,59297,0.0
Harmony,freeway,3,61342,0.0
Harmony,freeway,3,63385,0.0
Harmony,freeway,3,65427,0.0
Harmony,freeway,3,67472,0.0
Harmony,freeway,3,69513,0.0
Harmony,freeway,3,71561,0.0
Harmony,freeway,3,73608,0.0
Harmony,freeway,3,75655,0.0
Harmony,freeway,3,77702,0.0
Harmony,freeway,3,79747,0.0
Harmony,freeway,3,81790,0.0
Harmony,freeway,3,83832,0.0
Harmony,freeway,3,85876,0.0
Harmony,freeway,3,87923,0.0
Harmony,freeway,3,89971,0.0
Harmony,freeway,3,92017,0.0
Harmony,freeway,3,94064,0.0
Harmony,freeway,3,96111,0.0
Harmony,freeway,3,98157,0.0
Harmony,frostbite,3,367,40.0
Harmony,frostbite,3,927,50.0
Harmony,frostbite,3,1329,110.0
Harmony,frostbite,3,1679,80.0
Harmony,frostbite,3,2078,70.0
Harmony,frostbite,3,2393,20.0
Harmony,frostbite,3,2657,10.0
Harmony,frostbite,3,3059,100.0
Harmony,frostbite,3,3400,40.0
Harmony,frostbite,3,3852,140.0
Harmony,frostbite,3,4155,60.0
Harmony,frostbite,3,4537,60.0
Harmony,frostbite,3,5009,150.0
Harmony,frostbite,3,5571,200.0
Harmony,frostbite,3,5930,50.0
Harmony,frostbite,3,6272,30.0
Harmony,frostbite,3,6675,100.0
Harmony,frostbite,3,7115,120.0
Harmony,frostbite,3,7418,40.0
Harmony,frostbite,3,7698,10.0
Harmony,frostbite,3,8132,130.0
Harmony,frostbite,3,8458,80.0
Harmony,frostbite,3,8850,160.0
Harmony,frostbite,3,9181,110.0
Harmony,frostbite,3,9548,140.0
Harmony,frostbite,3,9850,80.0
Harmony,frostbite,3,10172,100.0
Harmony,frostbite,3,10476,80.0
Harmony,frostbite,3,10769,70.0
Harmony,frostbite,3,11074,80.0
Harmony,frostbite,3,11393,100.0
Harmony,frostbite,3,11694,80.0
Harmony,frostbite,3,12015,100.0
Harmony,frostbite,3,12328,80.0
Harmony,frostbite,3,12666,110.0
Harmony,frostbite,3,13018,100.0
Harmony,frostbite,3,13395,150.0
Harmony,frostbite,3,13786,150.0
Harmony,frostbite,3,14090,90.0
Harmony,frostbite,3,14404,70.0
Harmony,frostbite,3,14815,100.0
Harmony,frostbite,3,15161,110.0
Harmony,frostbite,3,15569,150.0
Harmony,frostbite,3,15919,130.0
Harmony,frostbite,3,16260,120.0
Harmony,frostbite,3,16597,120.0
Harmony,frostbite,3,16942,130.0
Harmony,frostbite,3,17294,160.0
Harmony,frostbite,3,17703,190.0
Harmony,frostbite,3,18064,160.0
Harmony,frostbite,3,18495,180.0
Harmony,frostbite,3,18886,160.0
Harmony,frostbite,3,19262,170.0
Harmony,frostbite,3,19657,180.0
Harmony,frostbite,3,20064,190.0
Harmony,frostbite,3,20466,200.0
Harmony,frostbite,3,20825,150.0
Harmony,frostbite,3,21184,160.0
Harmony,frostbite,3,21552,160.0
Harmony,frostbite,3,21934,160.0
Harmony,frostbite,3,22332,180.0
Harmony,frostbite,3,22685,150.0
Harmony,frostbite,3,23033,160.0
Harmony,frostbite,3,23422,180.0
Harmony,frostbite,3,23793,180.0
Harmony,frostbite,3,24205,190.0
Harmony,frostbite,3,24654,180.0
Harmony,frostbite,3,25220,220.0
Harmony,frostbite,3,25623,190.0
Harmony,frostbite,3,26086,180.0
Harmony,frostbite,3,26558,220.0
Harmony,frostbite,3,27051,230.0
Harmony,frostbite,3,27489,220.0
Harmony,frostbite,3,28035,230.0
Harmony,frostbite,3,28543,200.0
Harmony,frostbite,3,29129,230.0
Harmony,frostbite,3,29589,220.0
Harmony,frostbite,3,29994,190.0
Harmony,frostbite,3,30484,220.0
Harmony,frostbite,3,31117,230.0
Harmony,frostbite,3,31593,190.0
Harmony,frostbite,3,32018,200.0
Harmony,frostbite,3,32557,200.0
Harmony,frostbite,3,33077,260.0
Harmony,frostbite,3,33517,200.0
Harmony,frostbite,3,34091,230.0
Harmony,frostbite,3,34571,220.0
Harmony,frostbite,3,35044,220.0
Harmony,frostbite,3,35543,220.0
Harmony,frostbite,3,35996,180.0
Harmony,frostbite,3,36455,220.0
Harmony,frostbite,3,36846,180.0
Harmony,frostbite,3,37377,220.0
Harmony,frostbite,3,37821,220.0
Harmony,frostbite,3,38249,190.0
Harmony,frostbite,3,38651,190.0
Harmony,frostbite,3,39095,240.0
Harmony,frostbite,3,39646,250.0
Harmony,frostbite,3,40036,190.0
Harmony,frostbite,3,40418,170.0
Harmony,frostbite,3,40896,210.0
Harmony,frostbite,3,41380,240.0
Harmony,frostbite,3,41821,230.0
Harmony,frostbite,3,42350,240.0
Harmony,frostbite,3,42737,170.0
Harmony,frostbite,3,43252,240.0
Harmony,frostbite,3,43752,240.0
Harmony,frostbite,3,44177,210.0
Harmony,frostbite,3,44672,240.0
Harmony,frostbite,3,45220,240.0
Harmony,frostbite,3,45668,240.0
Harmony,frostbite,3,46153,220.0
Harmony,frostbite,3,46653,240.0
Harmony,frostbite,3,47110,220.0
Harmony,frostbite,3,47612,240.0
Harmony,frostbite,3,48055,240.0
Harmony,frostbite,3,48536,240.0
Harmony,frostbite,3,48993,240.0
Harmony,frostbite,3,49533,240.0
Harmony,frostbite,3,49973,240.0
Harmony,frostbite,3,50462,240.0
Harmony,frostbite,3,50980,240.0
Harmony,frostbite,3,51445,240.0
Harmony,frostbite,3,51893,220.0
Harmony,frostbite,3,52305,190.0
Harmony,frostbite,3,52796,240.0
Harmony,frostbite,3,53251,240.0
Harmony,frostbite,3,53766,240.0
Harmony,frostbite,3,54250,240.0
Harmony,frostbite,3,54692,240.0
Harmony,frostbite,3,55156,240.0
Harmony,frostbite,3,55606,240.0
Harmony,frostbite,3,56064,240.0
Harmony,frostbite,3,56523,240.0
Harmony,frostbite,3,57033,260.0
Harmony,frostbite,3,57768,230.0
Harmony,frostbite,3,58249,260.0
Harmony,frostbite,3,58763,270.0
Harmony,frostbite,3,59225,240.0
Harmony,frostbite,3,59882,250.0
Harmony,frostbite,3,60363,260.0
Harmony,frostbite,3,60816,230.0
Harmony,frostbite,3,61293,260.0
Harmony,frostbite,3,61782,260.0
Harmony,frostbite,3,62304,240.0
Harmony,frostbite,3,62758,240.0
Harmony,frostbite,3,63192,230.0
Harmony,frostbite,3,63892,280.0
Harmony,frostbite,3,64392,270.0
Harmony,frostbite,3,64840,240.0
Harmony,frostbite,3,65324,250.0
Harmony,frostbite,3,65781,240.0
Harmony,frostbite,3,66227,230.0
Harmony,frostbite,3,66905,280.0
Harmony,frostbite,3,67368,240.0
Harmony,frostbite,3,67880,270.0
Harmony,frostbite,3,68348,230.0
Harmony,frostbite,3,68833,250.0
Harmony,frostbite,3,69308,260.0
Harmony,frostbite,3,69738,240.0
Harmony,frostbite,3,70232,220.0
Harmony,frostbite,3,70756,270.0
Harmony,frostbite,3,71213,240.0
Harmony,frostbite,3,71669,260.0
Harmony,frostbite,3,72095,210.0
Harmony,frostbite,3,72724,290.0
Harmony,frostbite,3,73167,250.0
Harmony,frostbite,3,73626,240.0
Harmony,frostbite,3,74117,260.0
Harmony,frostbite,3,74561,240.0
Harmony,frostbite,3,75023,240.0
Harmony,frostbite,3,75518,280.0
Harmony,frostbite,3,75982,250.0
Harmony,frostbite,3,76436,240.0
Harmony,frostbite,3,76902,240.0
Harmony,frostbite,3,77390,250.0
Harmony,frostbite,3,77813,200.0
Harmony,frostbite,3,78367,280.0
Harmony,frostbite,3,78890,300.0
Harmony,frostbite,3,79370,250.0
Harmony,frostbite,3,79850,260.0
Harmony,frostbite,3,80323,260.0
Harmony,frostbite,3,80807,250.0
Harmony,frostbite,3,81308,270.0
Harmony,frostbite,3,81869,270.0
Harmony,frostbite,3,82367,260.0
Harmony,frostbite,3,82869,250.0
Harmony,frostbite,3,83341,250.0
Harmony,frostbite,3,83788,240.0
Harmony,frostbite,3,84273,210.0
Harmony,frostbite,3,84679,190.0
Harmony,frostbite,3,85216,310.0
Harmony,frostbite,3,85722,250.0
Harmony,frostbite,3,86175,190.0
Harmony,frostbite,3,86556,150.0
Harmony,frostbite,3,87091,310.0
Harmony,frostbite,3,87507,190.0
Harmony,frostbite,3,88024,290.0
Harmony,frostbite,3,88588,270.0
Harmony,frostbite,3,89087,260.0
Harmony,frostbite,3,89604,300.0
Harmony,frostbite,3,90061,250.0
Harmony,frostbite,3,90520,250.0
Harmony,frostbite,3,91032,290.0
Harmony,frostbite,3,91526,280.0
Harmony,frostbite,3,92049,270.0
Harmony,frostbite,3,92561,240.0
Harmony,frostbite,3,93094,310.0
Harmony,frostbite,3,93501,190.0
Harmony,frostbite,3,94016,310.0
Harmony,frostbite,3,94486,250.0
Harmony,frostbite,3,95021,290.0
Harmony,frostbite,3,95604,320.0
Harmony,frostbite,3,96113,290.0
Harmony,frostbite,3,96591,260.0
Harmony,frostbite,3,97100,250.0
Harmony,frostbite,3,97616,270.0
Harmony,frostbite,3,98097,260.0
Harmony,frostbite,3,98573,240.0
Harmony,frostbite,3,99051,250.0
Harmony,frostbite,3,99615,320.0
Harmony,gopher,3,1356,580.0
Harmony,gopher,3,2439,180.0
Harmony,gopher,3,3940,460.0
Harmony,gopher,3,5486,600.0
Harmony,gopher,3,6790,400.0
Harmony,gopher,3,8172,780.0
Harmony,gopher,3,9428,740.0
Harmony,gopher,3,10706,460.0
Harmony,gopher,3,11425,60.0
Harmony,gopher,3,12740,600.0
Harmony,gopher,3,13408,160.0
Harmony,gopher,3,14725,480.0
Harmony,gopher,3,15590,540.0
Harmony,gopher,3,16318,240.0
Harmony,gopher,3,17953,820.0
Harmony,gopher,3,18881,280.0
Harmony,gopher,3,19612,120.0
Harmony,gopher,3,20417,220.0
Harmony,gopher,3,21444,200.0
Harmony,gopher,3,22156,160.0
Harmony,gopher,3,22939,160.0
Harmony,gopher,3,24460,640.0
Harmony,gopher,3,25177,140.0
Harmony,gopher,3,26452,660.0
Harmony,gopher,3,27435,340.0
Harmony,gopher,3,28264,100.0
Harmony,gopher,3,28974,180.0
Harmony,gopher,3,29881,400.0
Harmony,gopher,3,30435,100.0
Harmony,gopher,3,31158,220.0
Harmony,gopher,3,32070,360.0
Harmony,gopher,3,33563,1280.0
Harmony,gopher,3,34401,120.0
Harmony,gopher,3,35920,1160.0
Harmony,gopher,3,36897,540.0
Harmony,gopher,3,38180,1080.0
Harmony,gopher,3,38811,120.0
Harmony,gopher,3,40204,1220.0
Harmony,gopher,3,41833,1160.0
Harmony,gopher,3,42744,460.0
Harmony,gopher,3,43799,660.0
Harmony,gopher,3,44580,520.0
Harmony,gopher,3,45829,980.0
Harmony,gopher,3,46945,840.0
Harmony,gopher,3,48000,660.0
Harmony,gopher,3,48968,540.0
Harmony,gopher,3,50185,880.0
Harmony,gopher,3,51016,340.0
Harmony,gopher,3,51587,160.0
Harmony,gopher,3,52717,700.0
Harmony,gopher,3,53485,260.0
Harmony,gopher,3,55037,1100.0
Harmony,gopher,3,55957,400.0
Harmony,gopher,3,56815,480.0
Harmony,gopher,3,58111,1380.0
Harmony,gopher,3,59126,800.0
Harmony,gopher,3,60287,560.0
Harmony,gopher,3,61493,400.0
Harmony,gopher,3,62524,880.0
Harmony,gopher,3,64299,1800.0
Harmony,gopher,3,64868,180.0
Harmony,gopher,3,65532,260.0
Harmony,gopher,3,66537,520.0
Harmony,gopher,3,67585,600.0
Harmony,gopher,3,68673,640.0
Harmony,gopher,3,70289,1120.0
Harmony,gopher,3,71089,440.0
Harmony,gopher,3,72493,1100.0
Harmony,gopher,3,73356,420.0
Harmony,gopher,3,73923,280.0
Harmony,gopher,3,74875,340.0
Harmony,gopher,3,76142,880.0
Harmony,gopher,3,77138,780.0
Harmony,gopher,3,78613,1220.0
Harmony,gopher,3,79552,260.0
Harmony,gopher,3,80626,500.0
Harmony,gopher,3,81152,100.0
Harmony,gopher,3,82359,600.0
Harmony,gopher,3,83344,540.0
Harmony,gopher,3,84461,680.0
Harmony,gopher,3,85454,640.0
Harmony,gopher,3,87392,1760.0
Harmony,gopher,3,89026,1620.0
Harmony,gopher,3,89583,80.0
Harmony,gopher,3,90421,360.0
Harmony,gopher,3,92303,1580.0
Harmony,gopher,3,92887,80.0
Harmony,gopher,3,93714,440.0
Harmony,gopher,3,94756,500.0
Harmony,gopher,3,96117,960.0
Harmony,gopher,3,97592,1500.0
Harmony,gopher,3,98831,740.0
Harmony,gopher,3,99918,760.0
Harmony,hero,3,343,75.0
Harmony,hero,3,741,75.0
Harmony,hero,3,1129,75.0
Harmony,hero,3,1468,75.0
Harmony,hero,3,1877,0.0
Harmony,hero,3,2203,0.0
Harmony,hero,3,2898,2335.0
Harmony,hero,3,3770,1985.0
Harmony,hero,3,4146,0.0
Harmony,hero,3,4482,0.0
Harmony,hero,3,5671,1870.0
Harmony,hero,3,6056,75.0
Harmony,hero,3,6427,75.0
Harmony,hero,3,8226,150.0
Harmony,hero,3,8507,0.0
Harmony,hero,3,8778,0.0
Harmony,hero,3,12435,75.0
Harmony,hero,3,13023,75.0
Harmony,hero,3,14662,2900.0
Harmony,hero,3,14959,75.0
Harmony,hero,3,15761,2920.0
Harmony,hero,3,16874,2715.0
Harmony,hero,3,17704,2775.0
Harmony,hero,3,18391,2775.0
Harmony,hero,3,20123,2930.0
Harmony,hero,3,20782,2725.0
Harmony,hero,3,21342,2795.0
Harmony,hero,3,21947,2845.0
Harmony,hero,3,22561,2795.0
Harmony,hero,3,23207,2755.0
Harmony,hero,3,23828,75.0
Harmony,hero,3,24284,2940.0
Harmony,hero,3,24678,2920.0
Harmony,hero,3,25082,2940.0
Harmony,hero,3,25652,2900.0
Harmony,hero,3,26117,3010.0
Harmony,hero,3,26540,2970.0
Harmony,hero,3,26932,2940.0
Harmony,hero,3,27407,2990.0
Harmony,hero,3,27810,2900.0
Harmony,hero,3,28189,2990.0
Harmony,hero,3,28682,2970.0
Harmony,hero,3,29076,2940.0
Harmony,hero,3,29466,3010.0
Harmony,hero,3,29891,2940.0
Harmony,hero,3,30337,2920.0
Harmony,hero,3,30717,3010.0
Harmony,hero,3,31088,2990.0
Harmony,hero,3,31464,2960.0
Harmony,hero,3,31841,2940.0
Harmony,hero,3,32259,2990.0
Harmony,hero,3,32686,3020.0
Harmony,hero,3,33117,2940.0
Harmony,hero,3,33563,3085.0
Harmony,hero,3,33941,2940.0
Harmony,hero,3,34297,2940.0
Harmony,hero,3,34770,2990.0
Harmony,hero,3,35207,2990.0
Harmony,hero,3,35559,2865.0
Harmony,hero,3,36460,2940.0
Harmony,hero,3,36919,2940.0
Harmony,hero,3,37307,3060.0
Harmony,hero,3,37694,2940.0
Harmony,hero,3,38127,3065.0
Harmony,hero,3,38546,2940.0
Harmony,hero,3,38898,2940.0
Harmony,hero,3,39330,2990.0
Harmony,hero,3,39781,2910.0
Harmony,hero,3,40263,2920.0
Harmony,hero,3,40689,3085.0
Harmony,hero,3,41123,2990.0
Harmony,hero,3,41570,3045.0
Harmony,hero,3,41964,2990.0
Harmony,hero,3,42395,3065.0
Harmony,hero,3,42756,2940.0
Harmony,hero,3,43161,2940.0
Harmony,hero,3,43542,3010.0
Harmony,hero,3,44016,3065.0
Harmony,hero,3,44406,2920.0
Harmony,hero,3,44835,3085.0
Harmony,hero,3,45213,3065.0
Harmony,hero,3,45618,3085.0
Harmony,hero,3,46004,3065.0
Harmony,hero,3,46417,3065.0
Harmony,hero,3,46864,3065.0
Harmony,hero,3,47212,2865.0
Harmony,hero,3,47553,2940.0
Harmony,hero,3,47951,2920.0
Harmony,hero,3,48336,2920.0
Harmony,hero,3,48712,2990.0
Harmony,hero,3,49097,3065.0
Harmony,hero,3,49486,3065.0
Harmony,hero,3,49848,2940.0
Harmony,hero,3,50223,2940.0
Harmony,hero,3,50586,2920.0
Harmony,hero,3,50935,2940.0
Harmony,hero,3,51312,2940.0
Harmony,hero,3,51778,2930.0
Harmony,hero,3,52233,3065.0
Harmony,hero,3,52612,2960.0
Harmony,hero,3,53134,3165.0
Harmony,hero,3,53651,3075.0
Harmony,hero,3,54104,3085.0
Harmony,hero,3,54592,3115.0
Harmony,hero,3,55068,2950.0
Harmony,hero,3,55490,3115.0
Harmony,hero,3,55912,2950.0
Harmony,hero,3,56398,3115.0
Harmony,hero,3,56859,3095.0
Harmony,hero,3,57304,3065.0
Harmony,hero,3,57760,3185.0
Harmony,hero,3,58201,3135.0
Harmony,hero,3,58666,3135.0
Harmony,hero,3,59286,3185.0
Harmony,hero,3,59755,3060.0
Harmony,hero,3,60279,3185.0
Harmony,hero,3,60732,3060.0
Harmony,hero,3,61232,3135.0
Harmony,hero,3,61729,3185.0
Harmony,hero,3,62287,3135.0
Harmony,hero,3,63277,6040.0
Harmony,hero,3,63693,3135.0
Harmony,hero,3,65036,5300.0
Harmony,hero,3,65550,3135.0
Harmony,hero,3,66027,3135.0
Harmony,hero,3,66467,3135.0
Harmony,hero,3,68070,3060.0
Harmony,hero,3,68482,3135.0
Harmony,hero,3,68956,3135.0
Harmony,hero,3,69360,3065.0
Harmony,hero,3,71336,6945.0
Harmony,hero,3,72616,2990.0
Harmony,hero,3,74209,3060.0
Harmony,hero,3,75312,3060.0
Harmony,hero,3,77266,5970.0
Harmony,hero,3,78153,7025.0
Harmony,hero,3,79361,7365.0
Harmony,hero,3,79783,3235.0
Harmony,hero,3,80330,7480.0
Harmony,hero,3,80849,7560.0
Harmony,hero,3,81877,7445.0
Harmony,hero,3,82505,7560.0
Harmony,hero,3,83427,7485.0
Harmony,hero,3,84257,7485.0
Harmony,hero,3,84980,7485.0
Harmony,hero,3,86323,7485.0
Harmony,hero,3,88103,7445.0
Harmony,hero,3,88667,7560.0
Harmony,hero,3,89212,7560.0
Harmony,hero,3,89726,7560.0
Harmony,hero,3,90246,7560.0
Harmony,hero,3,90806,7560.0
Harmony,hero,3,91340,7600.0
Harmony,hero,3,91852,7560.0
Harmony,hero,3,92366,7600.0
Harmony,hero,3,92887,7560.0
Harmony,hero,3,93302,3235.0
Harmony,hero,3,93814,7560.0
Harmony,hero,3,94324,7560.0
Harmony,hero,3,95562,7395.0
Harmony,hero,3,96195,7600.0
Harmony,hero,3,96791,7560.0
Harmony,hero,3,97309,7485.0
Harmony,hero,3,98050,7520.0
Harmony,hero,3,99134,7570.0
Harmony,jamesbond,3,512,200.0
Harmony,jamesbond,3,989,0.0
Harmony,jamesbond,3,1482,0.0
Harmony,jamesbond,3,1951,0.0
Harmony,jamesbond,3,2411,0.0
Harmony,jamesbond,3,2912,50.0
Harmony,jamesbond,3,3382,0.0
Harmony,jamesbond,3,3895,50.0
Harmony,jamesbond,3,4360,0.0
Harmony,jamesbond,3,4940,50.0
Harmony,jamesbond,3,5412,0.0
Harmony,jamesbond,3,5931,250.0
Harmony,jamesbond,3,6418,50.0
Harmony,jamesbond,3,6937,50.0
Harmony,jamesbond,3,7482,50.0
Harmony,jamesbond,3,7992,0.0
Harmony,jamesbond,3,8532,0.0
Harmony,jamesbond,3,9064,0.0
Harmony,jamesbond,3,9582,50.0
Harmony,jamesbond,3,10152,0.0
Harmony,jamesbond,3,10710,0.0
Harmony,jamesbond,3,11265,50.0
Harmony,jamesbond,3,11732,50.0
Harmony,jamesbond,3,12124,0.0
Harmony,jamesbond,3,12555,0.0
Harmony,jamesbond,3,13133,100.0
Harmony,jamesbond,3,13661,0.0
Harmony,jamesbond,3,14348,50.0
Harmony,jamesbond,3,14870,0.0
Harmony,jamesbond,3,15582,50.0
Harmony,jamesbond,3,16384,150.0
Harmony,jamesbond,3,17086,0.0
Harmony,jamesbond,3,17932,0.0
Harmony,jamesbond,3,18488,0.0
Harmony,jamesbond,3,19095,50.0
Harmony,jamesbond,3,19698,0.0
Harmony,jamesbond,3,20187,50.0
Harmony,jamesbond,3,20686,0.0
Harmony,jamesbond,3,21333,50.0
Harmony,jamesbond,3,22190,150.0
Harmony,jamesbond,3,22812,100.0
Harmony,jamesbond,3,23600,0.0
Harmony,jamesbond,3,24202,0.0
Harmony,jamesbond,3,24839,100.0
Harmony,jamesbond,3,25350,50.0
Harmony,jamesbond,3,25815,50.0
Harmony,jamesbond,3,26400,50.0
Harmony,jamesbond,3,26981,50.0
Harmony,jamesbond,3,27443,100.0
Harmony,jamesbond,3,27886,150.0
Harmony,jamesbond,3,28607,100.0
Harmony,jamesbond,3,29210,100.0
Harmony,jamesbond,3,29611,50.0
Harmony,jamesbond,3,30262,50.0
Harmony,jamesbond,3,31287,50.0
Harmony,jamesbond,3,31817,100.0
Harmony,jamesbond,3,32513,100.0
Harmony,jamesbond,3,33207,200.0
Harmony,jamesbond,3,33895,200.0
Harmony,jamesbond,3,34531,150.0
Harmony,jamesbond,3,35034,100.0
Harmony,jamesbond,3,35523,150.0
Harmony,jamesbond,3,36091,200.0
Harmony,jamesbond,3,36625,150.0
Harmony,jamesbond,3,37162,150.0
Harmony,jamesbond,3,37865,150.0
Harmony,jamesbond,3,38553,200.0
Harmony,jamesbond,3,39089,50.0
Harmony,jamesbond,3,40132,150.0
Harmony,jamesbond,3,41272,250.0
Harmony,jamesbond,3,41765,100.0
Harmony,jamesbond,3,42829,300.0
Harmony,jamesbond,3,43443,150.0
Harmony,jamesbond,3,44417,350.0
Harmony,jamesbond,3,45302,300.0
Harmony,jamesbond,3,46266,200.0
Harmony,jamesbond,3,46767,100.0
Harmony,jamesbond,3,47598,250.0
Harmony,jamesbond,3,48518,250.0
Harmony,jamesbond,3,49171,150.0
Harmony,jamesbond,3,50439,400.0
Harmony,jamesbond,3,51233,250.0
Harmony,jamesbond,3,52773,350.0
Harmony,jamesbond,3,53711,150.0
Harmony,jamesbond,3,54280,150.0
Harmony,jamesbond,3,55105,350.0
Harmony,jamesbond,3,56049,300.0
Harmony,jamesbond,3,56707,250.0
Harmony,jamesbond,3,57240,250.0
Harmony,jamesbond,3,57899,250.0
Harmony,jamesbond,3,58572,200.0
Harmony,jamesbond,3,59824,450.0
Harmony,jamesbond,3,60653,250.0
Harmony,jamesbond,3,61375,50.0
Harmony,jamesbond,3,62741,400.0
Harmony,jamesbond,3,64139,300.0
Harmony,jamesbond,3,64959,350.0
Harmony,jamesbond,3,65613,100.0
Harmony,jamesbond,3,67045,300.0
Harmony,jamesbond,3,67683,200.0
Harmony,jamesbond,3,69127,400.0
Harmony,jamesbond,3,70079,250.0
Harmony,jamesbond,3,71329,400.0
Harmony,jamesbond,3,71849,150.0
Harmony,jamesbond,3,72537,200.0
Harmony,jamesbond,3,73357,300.0
Harmony,jamesbond,3,73878,200.0
Harmony,jamesbond,3,74720,300.0
Harmony,jamesbond,3,75322,200.0
Harmony,jamesbond,3,75855,250.0
Harmony,jamesbond,3,76775,350.0
Harmony,jamesbond,3,77732,400.0
Harmony,jamesbond,3,78378,200.0
Harmony,jamesbond,3,79200,300.0
Harmony,jamesbond,3,80433,350.0
Harmony,jamesbond,3,80932,200.0
Harmony,jamesbond,3,81888,400.0
Harmony,jamesbond,3,82704,250.0
Harmony,jamesbond,3,83212,200.0
Harmony,jamesbond,3,84607,400.0
Harmony,jamesbond,3,85081,100.0
Harmony,jamesbond,3,86133,350.0
Harmony,jamesbond,3,87238,300.0
Harmony,jamesbond,3,88286,350.0
Harmony,jamesbond,3,89101,200.0
Harmony,jamesbond,3,89958,350.0
Harmony,jamesbond,3,90498,250.0
Harmony,jamesbond,3,91357,350.0
Harmony,jamesbond,3,92703,550.0
Harmony,jamesbond,3,93664,400.0
Harmony,jamesbond,3,94161,200.0
Harmony,jamesbond,3,94656,200.0
Harmony,jamesbond,3,95771,500.0
Harmony,jamesbond,3,96587,350.0
Harmony,jamesbond,3,97427,300.0
Harmony,jamesbond,3,98791,450.0
Harmony,jamesbond,3,99288,200.0
Harmony,kangaroo,3,409,0.0
Harmony,kangaroo,3,824,0.0
Harmony,kangaroo,3,1383,0.0
Harmony,kangaroo,3,1730,0.0
Harmony,kangaroo,3,2219,200.0
Harmony,kangaroo,3,2632,0.0
Harmony,kangaroo,3,3316,0.0
Harmony,kangaroo,3,3872,0.0
Harmony,kangaroo,3,4238,0.0
Harmony,kangaroo,3,4525,0.0
Harmony,kangaroo,3,4977,0.0
Harmony,kangaroo,3,5473,0.0
Harmony,kangaroo,3,6017,0.0
Harmony,kangaroo,3,6427,0.0
Harmony,kangaroo,3,6775,0.0
Harmony,kangaroo,3,7119,0.0
Harmony,kangaroo,3,7584,0.0
Harmony,kangaroo,3,8076,0.0
Harmony,kangaroo,3,8432,0.0
Harmony,kangaroo,3,8719,0.0
Harmony,kangaroo,3,9112,0.0
Harmony,kangaroo,3,9772,0.0
Harmony,kangaroo,3,10224,0.0
Harmony,kangaroo,3,10823,200.0
Harmony,kangaroo,3,11301,0.0
Harmony,kangaroo,3,11647,0.0
Harmony,kangaroo,3,12182,0.0
Harmony,kangaroo,3,12520,200.0
Harmony,kangaroo,3,12985,0.0
Harmony,kangaroo,3,13450,200.0
Harmony,kangaroo,3,13820,200.0
Harmony,kangaroo,3,14424,200.0
Harmony,kangaroo,3,14968,200.0
Harmony,kangaroo,3,15559,400.0
Harmony,kangaroo,3,16096,400.0
Harmony,kangaroo,3,16707,200.0
Harmony,kangaroo,3,17200,400.0
Harmony,kangaroo,3,17752,600.0
Harmony,kangaroo,3,18319,600.0
Harmony,kangaroo,3,18725,400.0
Harmony,kangaroo,3,19171,400.0
Harmony,kangaroo,3,19626,200.0
Harmony,kangaroo,3,20084,200.0
Harmony,kangaroo,3,20496,0.0
Harmony,kangaroo,3,20934,200.0
Harmony,kangaroo,3,21516,200.0
Harmony,kangaroo,3,22116,0.0
Harmony,kangaroo,3,22706,0.0
Harmony,kangaroo,3,23290,0.0
Harmony,kangaroo,3,23880,0.0
Harmony,kangaroo,3,24469,0.0
Harmony,kangaroo,3,25054,0.0
Harmony,kangaroo,3,25644,0.0
Harmony,kangaroo,3,26231,0.0
Harmony,kangaroo,3,26822,0.0
Harmony,kangaroo,3,27408,0.0
Harmony,kangaroo,3,27852,200.0
Harmony,kangaroo,3,28401,0.0
Harmony,kangaroo,3,28989,0.0
Harmony,kangaroo,3,29579,0.0
Harmony,kangaroo,3,30105,0.0
Harmony,kangaroo,3,30630,0.0
Harmony,kangaroo,3,31151,0.0
Harmony,kangaroo,3,31677,0.0
Harmony,kangaroo,3,32265,0.0
Harmony,kangaroo,3,32791,0.0
Harmony,kangaroo,3,33317,0.0
Harmony,kangaroo,3,33795,0.0
Harmony,kangaroo,3,34314,0.0
Harmony,kangaroo,3,34838,0.0
Harmony,kangaroo,3,35361,0.0
Harmony,kangaroo,3,35886,0.0
Harmony,kangaroo,3,36544,0.0
Harmony,kangaroo,3,37238,200.0
Harmony,kangaroo,3,37702,400.0
Harmony,kangaroo,3,38201,400.0
Harmony,kangaroo,3,38682,600.0
Harmony,kangaroo,3,39179,600.0
Harmony,kangaroo,3,39774,600.0
Harmony,kangaroo,3,40321,400.0
Harmony,kangaroo,3,40796,600.0
Harmony,kangaroo,3,41382,400.0
Harmony,kangaroo,3,41879,600.0
Harmony,kangaroo,3,42466,600.0
Harmony,kangaroo,3,42962,400.0
Harmony,kangaroo,3,43465,400.0
Harmony,kangaroo,3,43948,600.0
Harmony,kangaroo,3,44532,400.0
Harmony,kangaroo,3,45044,400.0
Harmony,kangaroo,3,45592,400.0
Harmony,kangaroo,3,46144,200.0
Harmony,kangaroo,3,46654,400.0
Harmony,kangaroo,3,47158,400.0
Harmony,kangaroo,3,47664,400.0
Harmony,kangaroo,3,48133,600.0
Harmony,kangaroo,3,48604,600.0
Harmony,kangaroo,3,49179,400.0
Harmony,kangaroo,3,49653,600.0
Harmony,kangaroo,3,50164,400.0
Harmony,kangaroo,3,50669,400.0
Harmony,kangaroo,3,51242,400.0
Harmony,kangaroo,3,51711,600.0
Harmony,kangaroo,3,52219,400.0
Harmony,kangaroo,3,52731,400.0
Harmony,kangaroo,3,53209,600.0
Harmony,kangaroo,3,53887,400.0
Harmony,kangaroo,3,54359,600.0
Harmony,kangaroo,3,54875,600.0
Harmony,kangaroo,3,55350,600.0
Harmony,kangaroo,3,55821,600.0
Harmony,kangaroo,3,56288,600.0
Harmony,kangaroo,3,56761,600.0
Harmony,kangaroo,3,57236,600.0
Harmony,kangaroo,3,57712,600.0
Harmony,kangaroo,3,58181,600.0
Harmony,kangaroo,3,58656,600.0
Harmony,kangaroo,3,59305,600.0
Harmony,kangaroo,3,59819,400.0
Harmony,kangaroo,3,60290,600.0
Harmony,kangaroo,3,60763,600.0
Harmony,kangaroo,3,61344,400.0
Harmony,kangaroo,3,61859,600.0
Harmony,kangaroo,3,62333,600.0
Harmony,kangaroo,3,62818,600.0
Harmony,kangaroo,3,63330,600.0
Harmony,kangaroo,3,63936,600.0
Harmony,kangaroo,3,64412,600.0
Harmony,kangaroo,3,64897,600.0
Harmony,kangaroo,3,65464,400.0
Harmony,kangaroo,3,65934,600.0
Harmony,kangaroo,3,66398,600.0
Harmony,kangaroo,3,67079,600.0
Harmony,kangaroo,3,67550,600.0
Harmony,kangaroo,3,68013,600.0
Harmony,kangaroo,3,68492,600.0
Harmony,kangaroo,3,68982,600.0
Harmony,kangaroo,3,69465,600.0
Harmony,kangaroo,3,69938,600.0
Harmony,kangaroo,3,70431,600.0
Harmony,kangaroo,3,70900,600.0
Harmony,kangaroo,3,71474,600.0
Harmony,kangaroo,3,71991,400.0
Harmony,kangaroo,3,72464,600.0
Harmony,kangaroo,3,72937,600.0
Harmony,kangaroo,3,73408,600.0
Harmony,kangaroo,3,73886,600.0
Harmony,kangaroo,3,74353,600.0
Harmony,kangaroo,3,74833,600.0
Harmony,kangaroo,3,75310,600.0
Harmony,kangaroo,3,75789,600.0
Harmony,kangaroo,3,76258,600.0
Harmony,kangaroo,3,76737,600.0
Harmony,kangaroo,3,77206,600.0
Harmony,kangaroo,3,77680,600.0
Harmony,kangaroo,3,78145,600.0
Harmony,kangaroo,3,78658,400.0
Harmony,kangaroo,3,79125,600.0
Harmony,kangaroo,3,79590,600.0
Harmony,kangaroo,3,80222,400.0
Harmony,kangaroo,3,80684,600.0
Harmony,kangaroo,3,81151,600.0
Harmony,kangaroo,3,81679,400.0
Harmony,kangaroo,3,82153,600.0
Harmony,kangaroo,3,82645,600.0
Harmony,kangaroo,3,83180,800.0
Harmony,kangaroo,3,83728,800.0
Harmony,kangaroo,3,84206,600.0
Harmony,kangaroo,3,84683,600.0
Harmony,kangaroo,3,85174,600.0
Harmony,kangaroo,3,85655,600.0
Harmony,kangaroo,3,86213,800.0
Harmony,kangaroo,3,86688,600.0
Harmony,kangaroo,3,87178,600.0
Harmony,kangaroo,3,87711,400.0
Harmony,kangaroo,3,88419,600.0
Harmony,kangaroo,3,88909,600.0
Harmony,kangaroo,3,89499,600.0
Harmony,kangaroo,3,89989,600.0
Harmony,kangaroo,3,90472,600.0
Harmony,kangaroo,3,90891,400.0
Harmony,kangaroo,3,91395,600.0
Harmony,kangaroo,3,91885,600.0
Harmony,kangaroo,3,92393,600.0
Harmony,kangaroo,3,92887,600.0
Harmony,kangaroo,3,93372,600.0
Harmony,kangaroo,3,93913,800.0
Harmony,kangaroo,3,94420,600.0
Harmony,kangaroo,3,94971,800.0
Harmony,kangaroo,3,95453,600.0
Harmony,kangaroo,3,95937,600.0
Harmony,kangaroo,3,96443,600.0
Harmony,kangaroo,3,96982,800.0
Harmony,kangaroo,3,97467,600.0
Harmony,kangaroo,3,97990,400.0
Harmony,kangaroo,3,98504,600.0
Harmony,kangaroo,3,99145,1000.0
Harmony,kangaroo,3,99662,600.0
Harmony,krull,3,1311,1540.0
Harmony,krull,3,2760,2950.0
Harmony,krull,3,4225,2770.0
Harmony,krull,3,5658,1130.0
Harmony,krull,3,6957,900.0
Harmony,krull,3,8365,2610.0
Harmony,krull,3,9811,2170.0
Harmony,krull,3,11260,2000.0
Harmony,krull,3,12414,2440.0
Harmony,krull,3,13957,2200.0
Harmony,krull,3,15426,2570.0
Harmony,krull,3,16962,2540.0
Harmony,krull,3,18407,2540.0
Harmony,krull,3,19846,2360.0
Harmony,krull,3,21305,2860.0
Harmony,krull,3,22570,2490.0
Harmony,krull,3,24072,2950.0
Harmony,krull,3,25541,3970.0
Harmony,krull,3,27144,3570.0
Harmony,krull,3,29016,4290.0
Harmony,krull,3,30461,5850.0
Harmony,krull,3,31964,6190.0
Harmony,krull,3,33381,5960.0
Harmony,krull,3,34825,7170.0
Harmony,krull,3,35842,4440.0
Harmony,krull,3,37346,7670.0
Harmony,krull,3,38460,4970.0
Harmony,krull,3,39915,7390.0
Harmony,krull,3,40991,5340.0
Harmony,krull,3,42446,8230.0
Harmony,krull,3,43540,5640.0
Harmony,krull,3,45020,7780.0
Harmony,krull,3,46002,4510.0
Harmony,krull,3,47467,7750.0
Harmony,krull,3,48912,7810.0
Harmony,krull,3,50374,7710.0
Harmony,krull,3,51862,8040.0
Harmony,krull,3,52941,5280.0
Harmony,krull,3,54356,7350.0
Harmony,krull,3,55490,5950.0
Harmony,krull,3,57040,6430.0
Harmony,krull,3,58408,7550.0
Harmony,krull,3,60312,9250.0
Harmony,krull,3,62319,10430.0
Harmony,krull,3,64005,7980.0
Harmony,krull,3,66007,10700.0
Harmony,krull,3,67250,6740.0
Harmony,krull,3,68425,6260.0
Harmony,krull,3,70465,10800.0
Harmony,krull,3,71969,8470.0
Harmony,krull,3,73494,6890.0
Harmony,krull,3,74700,6460.0
Harmony,krull,3,76168,8620.0
Harmony,krull,3,77247,5500.0
Harmony,krull,3,79306,10240.0
Harmony,krull,3,80752,7420.0
Harmony,krull,3,82074,6890.0
Harmony,krull,3,83098,5230.0
Harmony,krull,3,86159,14490.0
Harmony,krull,3,88533,12840.0
Harmony,krull,3,90022,8020.0
Harmony,krull,3,91292,6580.0
Harmony,krull,3,92731,7510.0
Harmony,krull,3,94426,7650.0
Harmony,krull,3,95620,6000.0
Harmony,krull,3,96758,5730.0
Harmony,krull,3,98821,10950.0
Harmony,kung_fu_master,3,915,1500.0
Harmony,kung_fu_master,3,1760,500.0
Harmony,kung_fu_master,3,2605,100.0
Harmony,kung_fu_master,3,3384,500.0
Harmony,kung_fu_master,3,4428,1000.0
Harmony,kung_fu_master,3,5489,1100.0
Harmony,kung_fu_master,3,6284,500.0
Harmony,kung_fu_master,3,7309,400.0
Harmony,kung_fu_master,3,8156,1000.0
Harmony,kung_fu_master,3,9221,600.0
Harmony,kung_fu_master,3,11029,2900.0
Harmony,kung_fu_master,3,12530,1500.0
Harmony,kung_fu_master,3,13627,1900.0
Harmony,kung_fu_master,3,14620,800.0
Harmony,kung_fu_master,3,16631,4500.0
Harmony,kung_fu_master,3,20507,19500.0
Harmony,kung_fu_master,3,23249,18100.0
Harmony,kung_fu_master,3,26076,18700.0
Harmony,kung_fu_master,3,29153,24200.0
Harmony,kung_fu_master,3,33265,32800.0
Harmony,kung_fu_master,3,37396,31000.0
Harmony,kung_fu_master,3,40341,20600.0
Harmony,kung_fu_master,3,43188,22800.0
Harmony,kung_fu_master,3,45971,20100.0
Harmony,kung_fu_master,3,49524,30000.0
Harmony,kung_fu_master,3,53715,37800.0
Harmony,kung_fu_master,3,56432,23300.0
Harmony,kung_fu_master,3,59799,26100.0
Harmony,kung_fu_master,3,62084,16700.0
Harmony,kung_fu_master,3,65805,31200.0
Harmony,kung_fu_master,3,67814,13000.0
Harmony,kung_fu_master,3,70646,18100.0
Harmony,kung_fu_master,3,74267,31400.0
Harmony,kung_fu_master,3,77958,30400.0
Harmony,kung_fu_master,3,81770,32600.0
Harmony,kung_fu_master,3,84666,20400.0
Harmony,kung_fu_master,3,88167,30500.0
Harmony,kung_fu_master,3,91840,33800.0
Harmony,kung_fu_master,3,94275,19400.0
Harmony,kung_fu_master,3,98283,33500.0
Harmony,ms_pacman,3,347,140.0
Harmony,ms_pacman,3,851,190.0
Harmony,ms_pacman,3,1381,230.0
Harmony,ms_pacman,3,1865,230.0
Harmony,ms_pacman,3,2399,210.0
Harmony,ms_pacman,3,2901,220.0
Harmony,ms_pacman,3,3679,700.0
Harmony,ms_pacman,3,4169,170.0
Harmony,ms_pacman,3,4648,220.0
Harmony,ms_pacman,3,5138,240.0
Harmony,ms_pacman,3,5545,200.0
Harmony,ms_pacman,3,6106,260.0
Harmony,ms_pacman,3,6569,300.0
Harmony,ms_pacman,3,7061,410.0
Harmony,ms_pacman,3,7609,370.0
Harmony,ms_pacman,3,8071,230.0
Harmony,ms_pacman,3,8605,180.0
Harmony,ms_pacman,3,9048,280.0
Harmony,ms_pacman,3,9626,350.0
Harmony,ms_pacman,3,10104,270.0
Harmony,ms_pacman,3,10620,260.0
Harmony,ms_pacman,3,11088,310.0
Harmony,ms_pacman,3,11504,160.0
Harmony,ms_pacman,3,12065,210.0
Harmony,ms_pacman,3,12609,230.0
Harmony,ms_pacman,3,13094,270.0
Harmony,ms_pacman,3,13703,360.0
Harmony,ms_pacman,3,14312,270.0
Harmony,ms_pacman,3,14976,270.0
Harmony,ms_pacman,3,15630,320.0
Harmony,ms_pacman,3,16346,490.0
Harmony,ms_pacman,3,17054,550.0
Harmony,ms_pacman,3,17605,380.0
Harmony,ms_pacman,3,18306,1050.0
Harmony,ms_pacman,3,18906,570.0
Harmony,ms_pacman,3,19521,650.0
Harmony,ms_pacman,3,20180,530.0
Harmony,ms_pacman,3,20904,610.0
Harmony,ms_pacman,3,21261,260.0
Harmony,ms_pacman,3,21756,570.0
Harmony,ms_pacman,3,22222,750.0
Harmony,ms_pacman,3,22865,770.0
Harmony,ms_pacman,3,23388,320.0
Harmony,ms_pacman,3,23842,400.0
Harmony,ms_pacman,3,24224,220.0
Harmony,ms_pacman,3,24739,220.0
Harmony,ms_pacman,3,25168,240.0
Harmony,ms_pacman,3,25796,250.0
Harmony,ms_pacman,3,26428,370.0
Harmony,ms_pacman,3,26952,210.0
Harmony,ms_pacman,3,27506,260.0
Harmony,ms_pacman,3,28176,530.0
Harmony,ms_pacman,3,28750,610.0
Harmony,ms_pacman,3,29171,270.0
Harmony,ms_pacman,3,29719,550.0
Harmony,ms_pacman,3,30181,350.0
Harmony,ms_pacman,3,30730,470.0
Harmony,ms_pacman,3,31467,790.0
Harmony,ms_pacman,3,31847,460.0
Harmony,ms_pacman,3,32327,430.0
Harmony,ms_pacman,3,32841,560.0
Harmony,ms_pacman,3,33296,280.0
Harmony,ms_pacman,3,34032,870.0
Harmony,ms_pacman,3,34713,440.0
Harmony,ms_pacman,3,35417,470.0
Harmony,ms_pacman,3,36536,1520.0
Harmony,ms_pacman,3,36998,370.0
Harmony,ms_pacman,3,37491,430.0
Harmony,ms_pacman,3,38028,520.0
Harmony,ms_pacman,3,38737,660.0
Harmony,ms_pacman,3,39345,530.0
Harmony,ms_pacman,3,39786,500.0
Harmony,ms_pacman,3,40694,1160.0
Harmony,ms_pacman,3,41178,590.0
Harmony,ms_pacman,3,41734,740.0
Harmony,ms_pacman,3,42269,510.0
Harmony,ms_pacman,3,42892,740.0
Harmony,ms_pacman,3,43492,450.0
Harmony,ms_pacman,3,44164,1120.0
Harmony,ms_pacman,3,44774,650.0
Harmony,ms_pacman,3,45531,680.0
Harmony,ms_pacman,3,46077,510.0
Harmony,ms_pacman,3,46801,670.0
Harmony,ms_pacman,3,47655,800.0
Harmony,ms_pacman,3,48290,640.0
Harmony,ms_pacman,3,48819,770.0
Harmony,ms_pacman,3,49698,1240.0
Harmony,ms_pacman,3,50254,490.0
Harmony,ms_pacman,3,50997,770.0
Harmony,ms_pacman,3,51537,570.0
Harmony,ms_pacman,3,52082,350.0
Harmony,ms_pacman,3,52511,390.0
Harmony,ms_pacman,3,53139,790.0
Harmony,ms_pacman,3,53772,440.0
Harmony,ms_pacman,3,54373,620.0
Harmony,ms_pacman,3,54887,450.0
Harmony,ms_pacman,3,55672,440.0
Harmony,ms_pacman,3,56427,830.0
Harmony,ms_pacman,3,57128,810.0
Harmony,ms_pacman,3,57775,540.0
Harmony,ms_pacman,3,58171,290.0
Harmony,ms_pacman,3,58812,490.0
Harmony,ms_pacman,3,59313,420.0
Harmony,ms_pacman,3,59973,680.0
Harmony,ms_pacman,3,60391,430.0
Harmony,ms_pacman,3,61018,910.0
Harmony,ms_pacman,3,61648,630.0
Harmony,ms_pacman,3,62133,670.0
Harmony,ms_pacman,3,63021,2870.0
Harmony,ms_pacman,3,63698,800.0
Harmony,ms_pacman,3,64392,670.0
Harmony,ms_pacman,3,64895,410.0
Harmony,ms_pacman,3,65581,780.0
Harmony,ms_pacman,3,66224,860.0
Harmony,ms_pacman,3,66819,520.0
Harmony,ms_pacman,3,67696,1130.0
Harmony,ms_pacman,3,68188,380.0
Harmony,ms_pacman,3,69273,1640.0
Harmony,ms_pacman,3,69976,560.0
Harmony,ms_pacman,3,70850,680.0
Harmony,ms_pacman,3,71634,540.0
Harmony,ms_pacman,3,72329,1270.0
Harmony,ms_pacman,3,73006,770.0
Harmony,ms_pacman,3,73426,370.0
Harmony,ms_pacman,3,73904,590.0
Harmony,ms_pacman,3,74548,430.0
Harmony,ms_pacman,3,75226,1250.0
Harmony,ms_pacman,3,75777,580.0
Harmony,ms_pacman,3,76229,240.0
Harmony,ms_pacman,3,76765,740.0
Harmony,ms_pacman,3,77288,490.0
Harmony,ms_pacman,3,77782,500.0
Harmony,ms_pacman,3,78305,430.0
Harmony,ms_pacman,3,79035,830.0
Harmony,ms_pacman,3,79400,300.0
Harmony,ms_pacman,3,80120,820.0
Harmony,ms_pacman,3,80553,530.0
Harmony,ms_pacman,3,81506,1150.0
Harmony,ms_pacman,3,82219,1490.0
Harmony,ms_pacman,3,83251,1090.0
Harmony,ms_pacman,3,83703,490.0
Harmony,ms_pacman,3,84326,870.0
Harmony,ms_pacman,3,84999,630.0
Harmony,ms_pacman,3,85561,710.0
Harmony,ms_pacman,3,86254,770.0
Harmony,ms_pacman,3,86967,800.0
Harmony,ms_pacman,3,87674,640.0
Harmony,ms_pacman,3,88256,570.0
Harmony,ms_pacman,3,89046,950.0
Harmony,ms_pacman,3,89646,520.0
Harmony,ms_pacman,3,90607,600.0
Harmony,ms_pacman,3,91030,330.0
Harmony,ms_pacman,3,91716,1030.0
Harmony,ms_pacman,3,92452,1300.0
Harmony,ms_pacman,3,93062,700.0
Harmony,ms_pacman,3,93679,560.0
Harmony,ms_pacman,3,94551,1080.0
Harmony,ms_pacman,3,95011,480.0
Harmony,ms_pacman,3,95675,840.0
Harmony,ms_pacman,3,96688,2080.0
Harmony,ms_pacman,3,97148,510.0
Harmony,ms_pacman,3,97869,770.0
Harmony,ms_pacman,3,98590,1310.0
Harmony,ms_pacman,3,99173,630.0
Harmony,ms_pacman,3,99751,770.0
Harmony,pong,3,913,-20.0
Harmony,pong,3,2036,-20.0
Harmony,pong,3,2860,-21.0
Harmony,pong,3,3803,-19.0
Harmony,pong,3,4624,-21.0
Harmony,pong,3,5476,-20.0
Harmony,pong,3,6442,-20.0
Harmony,pong,3,7413,-21.0
Harmony,pong,3,8387,-19.0
Harmony,pong,3,9145,-21.0
Harmony,pong,3,10042,-20.0
Harmony,pong,3,10806,-21.0
Harmony,pong,3,11569,-21.0
Harmony,pong,3,12329,-21.0
Harmony,pong,3,13255,-20.0
Harmony,pong,3,14203,-20.0
Harmony,pong,3,14965,-21.0
Harmony,pong,3,15726,-21.0
Harmony,pong,3,16611,-21.0
Harmony,pong,3,17369,-21.0
Harmony,pong,3,18217,-21.0
Harmony,pong,3,19106,-21.0
Harmony,pong,3,20126,-20.0
Harmony,pong,3,21101,-20.0
Harmony,pong,3,22040,-21.0
Harmony,pong,3,22861,-21.0
Harmony,pong,3,23728,-20.0
Harmony,pong,3,24488,-21.0
Harmony,pong,3,25246,-21.0
Harmony,pong,3,26007,-21.0
Harmony,pong,3,26766,-21.0
Harmony,pong,3,27524,-21.0
Harmony,pong,3,28285,-21.0
Harmony,pong,3,29103,-21.0
Harmony,pong,3,29945,-20.0
Harmony,pong,3,30834,-20.0
Harmony,pong,3,31766,-21.0
Harmony,pong,3,32691,-20.0
Harmony,pong,3,33803,-20.0
Harmony,pong,3,35348,-16.0
Harmony,pong,3,36632,-18.0
Harmony,pong,3,37725,-18.0
Harmony,pong,3,38845,-19.0
Harmony,pong,3,40124,-18.0
Harmony,pong,3,41611,-17.0
Harmony,pong,3,43169,-17.0
Harmony,pong,3,44698,-16.0
Harmony,pong,3,46146,-18.0
Harmony,pong,3,47741,-16.0
Harmony,pong,3,49235,-19.0
Harmony,pong,3,50675,-16.0
Harmony,pong,3,52109,-18.0
Harmony,pong,3,53718,-15.0
Harmony,pong,3,55770,-13.0
Harmony,pong,3,57422,-18.0
Harmony,pong,3,59064,-16.0
Harmony,pong,3,61661,-9.0
Harmony,pong,3,63468,-15.0
Harmony,pong,3,65212,-16.0
Harmony,pong,3,67155,-14.0
Harmony,pong,3,69238,-15.0
Harmony,pong,3,71183,-15.0
Harmony,pong,3,74046,-7.0
Harmony,pong,3,75698,-19.0
Harmony,pong,3,78070,-12.0
Harmony,pong,3,79737,-16.0
Harmony,pong,3,81647,-14.0
Harmony,pong,3,84012,-14.0
Harmony,pong,3,86766,-10.0
Harmony,pong,3,88564,-16.0
Harmony,pong,3,91855,-4.0
Harmony,pong,3,94583,-9.0
Harmony,pong,3,97810,-8.0
Harmony,private_eye,3,2694,36.0
Harmony,private_eye,3,5392,100.0
Harmony,private_eye,3,8089,-300.0
Harmony,private_eye,3,10780,4100.0
Harmony,private_eye,3,13473,-1000.0
Harmony,private_eye,3,16166,-1000.0
Harmony,private_eye,3,18864,-813.0
Harmony,private_eye,3,21557,4442.0
Harmony,private_eye,3,24253,4036.0
Harmony,private_eye,3,26945,4232.0
Harmony,private_eye,3,29641,4064.0
Harmony,private_eye,3,32339,4527.0
Harmony,private_eye,3,35036,4445.0
Harmony,private_eye,3,37729,-121.0
Harmony,private_eye,3,40420,-900.0
Harmony,private_eye,3,43117,45.0
Harmony,private_eye,3,45812,-900.0
Harmony,private_eye,3,48506,-50.0
Harmony,private_eye,3,51202,-700.0
Harmony,private_eye,3,53894,4000.0
Harmony,private_eye,3,56587,4124.0
Harmony,private_eye,3,59284,0.0
Harmony,private_eye,3,61977,-335.0
Harmony,private_eye,3,64667,4700.0
Harmony,private_eye,3,67360,4557.0
Harmony,private_eye,3,70053,100.0
Harmony,private_eye,3,72747,-1000.0
Harmony,private_eye,3,75441,4000.0
Harmony,private_eye,3,78132,4126.0
Harmony,private_eye,3,80827,-700.0
Harmony,private_eye,3,83520,3969.0
Harmony,private_eye,3,86211,4000.0
Harmony,private_eye,3,88905,4000.0
Harmony,private_eye,3,91595,1381.0
Harmony,private_eye,3,94293,3146.0
Harmony,private_eye,3,96989,3869.0
Harmony,private_eye,3,99685,4279.0
Harmony,qbert,3,372,175.0
Harmony,qbert,3,678,50.0
Harmony,qbert,3,1015,200.0
Harmony,qbert,3,1285,75.0
Harmony,qbert,3,1589,50.0
Harmony,qbert,3,1958,200.0
Harmony,qbert,3,2281,150.0
Harmony,qbert,3,2600,50.0
Harmony,qbert,3,2979,200.0
Harmony,qbert,3,3294,100.0
Harmony,qbert,3,3758,700.0
Harmony,qbert,3,4068,75.0
Harmony,qbert,3,4411,175.0
Harmony,qbert,3,4750,175.0
Harmony,qbert,3,5058,50.0
Harmony,qbert,3,5384,125.0
Harmony,qbert,3,5649,75.0
Harmony,qbert,3,5962,50.0
Harmony,qbert,3,6313,100.0
Harmony,qbert,3,6734,150.0
Harmony,qbert,3,7108,275.0
Harmony,qbert,3,7405,25.0
Harmony,qbert,3,7704,50.0
Harmony,qbert,3,7957,50.0
Harmony,qbert,3,8257,50.0
Harmony,qbert,3,8547,175.0
Harmony,qbert,3,8818,150.0
Harmony,qbert,3,9124,125.0
Harmony,qbert,3,9437,200.0
Harmony,qbert,3,9749,125.0
Harmony,qbert,3,10083,200.0
Harmony,qbert,3,10444,225.0
Harmony,qbert,3,10859,275.0
Harmony,qbert,3,11155,225.0
Harmony,qbert,3,11549,375.0
Harmony,qbert,3,11912,150.0
Harmony,qbert,3,12275,225.0
Harmony,qbert,3,12639,150.0
Harmony,qbert,3,13001,125.0
Harmony,qbert,3,13360,125.0
Harmony,qbert,3,13684,125.0
Harmony,qbert,3,14098,225.0
Harmony,qbert,3,14488,200.0
Harmony,qbert,3,14852,125.0
Harmony,qbert,3,15152,250.0
Harmony,qbert,3,15454,250.0
Harmony,qbert,3,15832,275.0
Harmony,qbert,3,16103,225.0
Harmony,qbert,3,16378,250.0
Harmony,qbert,3,16692,225.0
Harmony,qbert,3,17005,275.0
Harmony,qbert,3,17336,300.0
Harmony,qbert,3,17699,350.0
Harmony,qbert,3,18021,250.0
Harmony,qbert,3,18324,350.0
Harmony,qbert,3,18622,325.0
Harmony,qbert,3,18923,350.0
Harmony,qbert,3,19243,250.0
Harmony,qbert,3,19545,300.0
Harmony,qbert,3,19848,300.0
Harmony,qbert,3,20173,250.0
Harmony,qbert,3,20474,350.0
Harmony,qbert,3,20772,350.0
Harmony,qbert,3,21075,350.0
Harmony,qbert,3,21376,350.0
Harmony,qbert,3,21679,350.0
Harmony,qbert,3,21980,250.0
Harmony,qbert,3,22269,200.0
Harmony,qbert,3,22587,325.0
Harmony,qbert,3,22911,350.0
Harmony,qbert,3,23195,225.0
Harmony,qbert,3,23496,325.0
Harmony,qbert,3,23786,225.0
Harmony,qbert,3,24082,325.0
Harmony,qbert,3,24385,300.0
Harmony,qbert,3,24732,350.0
Harmony,qbert,3,25035,350.0
Harmony,qbert,3,25447,700.0
Harmony,qbert,3,25858,375.0
Harmony,qbert,3,26243,350.0
Harmony,qbert,3,26505,150.0
Harmony,qbert,3,27015,825.0
Harmony,qbert,3,27413,375.0
Harmony,qbert,3,27791,350.0
Harmony,qbert,3,28106,225.0
Harmony,qbert,3,28421,275.0
Harmony,qbert,3,28721,250.0
Harmony,qbert,3,29183,625.0
Harmony,qbert,3,29612,300.0
Harmony,qbert,3,29954,300.0
Harmony,qbert,3,30469,425.0
Harmony,qbert,3,30859,275.0
Harmony,qbert,3,31327,300.0
Harmony,qbert,3,31858,375.0
Harmony,qbert,3,32174,250.0
Harmony,qbert,3,32562,325.0
Harmony,qbert,3,32866,300.0
Harmony,qbert,3,33173,325.0
Harmony,qbert,3,33604,425.0
Harmony,qbert,3,33973,250.0
Harmony,qbert,3,34315,300.0
Harmony,qbert,3,34846,325.0
Harmony,qbert,3,35199,325.0
Harmony,qbert,3,35519,375.0
Harmony,qbert,3,35825,275.0
Harmony,qbert,3,36143,300.0
Harmony,qbert,3,36424,250.0
Harmony,qbert,3,36760,300.0
Harmony,qbert,3,37059,300.0
Harmony,qbert,3,37364,325.0
Harmony,qbert,3,37706,300.0
Harmony,qbert,3,38108,275.0
Harmony,qbert,3,38435,300.0
Harmony,qbert,3,38771,325.0
Harmony,qbert,3,39087,350.0
Harmony,qbert,3,39425,300.0
Harmony,qbert,3,39839,400.0
Harmony,qbert,3,40208,375.0
Harmony,qbert,3,40532,275.0
Harmony,qbert,3,40850,350.0
Harmony,qbert,3,41197,275.0
Harmony,qbert,3,41531,275.0
Harmony,qbert,3,41875,325.0
Harmony,qbert,3,42243,325.0
Harmony,qbert,3,42582,325.0
Harmony,qbert,3,42882,350.0
Harmony,qbert,3,43201,275.0
Harmony,qbert,3,43532,300.0
Harmony,qbert,3,43832,300.0
Harmony,qbert,3,44162,325.0
Harmony,qbert,3,44473,350.0
Harmony,qbert,3,44802,300.0
Harmony,qbert,3,45134,325.0
Harmony,qbert,3,45478,325.0
Harmony,qbert,3,45776,300.0
Harmony,qbert,3,46074,350.0
Harmony,qbert,3,46404,300.0
Harmony,qbert,3,46732,325.0
Harmony,qbert,3,47035,350.0
Harmony,qbert,3,47333,325.0
Harmony,qbert,3,47631,300.0
Harmony,qbert,3,47992,350.0
Harmony,qbert,3,48326,300.0
Harmony,qbert,3,48665,325.0
Harmony,qbert,3,48994,350.0
Harmony,qbert,3,49295,350.0
Harmony,qbert,3,49624,375.0
Harmony,qbert,3,49933,325.0
Harmony,qbert,3,50295,350.0
Harmony,qbert,3,50637,350.0
Harmony,qbert,3,50937,300.0
Harmony,qbert,3,51283,350.0
Harmony,qbert,3,51607,350.0
Harmony,qbert,3,51956,350.0
Harmony,qbert,3,52277,375.0
Harmony,qbert,3,52581,275.0
Harmony,qbert,3,52894,350.0
Harmony,qbert,3,53191,325.0
Harmony,qbert,3,53507,375.0
Harmony,qbert,3,53807,325.0
Harmony,qbert,3,54178,375.0
Harmony,qbert,3,54484,350.0
Harmony,qbert,3,54795,350.0
Harmony,qbert,3,55110,350.0
Harmony,qbert,3,55413,350.0
Harmony,qbert,3,55728,325.0
Harmony,qbert,3,56043,350.0
Harmony,qbert,3,56363,375.0
Harmony,qbert,3,56705,375.0
Harmony,qbert,3,57033,325.0
Harmony,qbert,3,57341,350.0
Harmony,qbert,3,57702,425.0
Harmony,qbert,3,58345,925.0
Harmony,qbert,3,58775,350.0
Harmony,qbert,3,59209,350.0
Harmony,qbert,3,59608,325.0
Harmony,qbert,3,60054,325.0
Harmony,qbert,3,60597,450.0
Harmony,qbert,3,61103,275.0
Harmony,qbert,3,61595,450.0
Harmony,qbert,3,62090,425.0
Harmony,qbert,3,62492,375.0
Harmony,qbert,3,63070,450.0
Harmony,qbert,3,63541,425.0
Harmony,qbert,3,64025,400.0
Harmony,qbert,3,64592,375.0
Harmony,qbert,3,65043,375.0
Harmony,qbert,3,65571,450.0
Harmony,qbert,3,65930,350.0
Harmony,qbert,3,66380,375.0
Harmony,qbert,3,66970,775.0
Harmony,qbert,3,67553,450.0
Harmony,qbert,3,68084,900.0
Harmony,qbert,3,68621,450.0
Harmony,qbert,3,69152,450.0
Harmony,qbert,3,69644,350.0
Harmony,qbert,3,70039,300.0
Harmony,qbert,3,70513,475.0
Harmony,qbert,3,71052,475.0
Harmony,qbert,3,71583,375.0
Harmony,qbert,3,72138,500.0
Harmony,qbert,3,72712,475.0
Harmony,qbert,3,73271,500.0
Harmony,qbert,3,73854,475.0
Harmony,qbert,3,74428,350.0
Harmony,qbert,3,74920,450.0
Harmony,qbert,3,75428,500.0
Harmony,qbert,3,76108,450.0
Harmony,qbert,3,76611,475.0
Harmony,qbert,3,77125,450.0
Harmony,qbert,3,77643,525.0
Harmony,qbert,3,78191,425.0
Harmony,qbert,3,78660,450.0
Harmony,qbert,3,79252,500.0
Harmony,qbert,3,79787,500.0
Harmony,qbert,3,80257,475.0
Harmony,qbert,3,80770,450.0
Harmony,qbert,3,81241,500.0
Harmony,qbert,3,81824,525.0
Harmony,qbert,3,82276,475.0
Harmony,qbert,3,82747,525.0
Harmony,qbert,3,83221,500.0
Harmony,qbert,3,83743,525.0
Harmony,qbert,3,84183,500.0
Harmony,qbert,3,84762,500.0
Harmony,qbert,3,85361,500.0
Harmony,qbert,3,85898,500.0
Harmony,qbert,3,86409,500.0
Harmony,qbert,3,86975,500.0
Harmony,qbert,3,87483,425.0
Harmony,qbert,3,88048,525.0
Harmony,qbert,3,88666,500.0
Harmony,qbert,3,89178,500.0
Harmony,qbert,3,89775,525.0
Harmony,qbert,3,90440,500.0
Harmony,qbert,3,91009,525.0
Harmony,qbert,3,91726,525.0
Harmony,qbert,3,92191,500.0
Harmony,qbert,3,92793,500.0
Harmony,qbert,3,93405,525.0
Harmony,qbert,3,93933,525.0
Harmony,qbert,3,94438,475.0
Harmony,qbert,3,95133,3650.0
Harmony,qbert,3,95778,3775.0
Harmony,qbert,3,96176,475.0
Harmony,qbert,3,96736,525.0
Harmony,qbert,3,97197,500.0
Harmony,qbert,3,97737,525.0
Harmony,qbert,3,98360,525.0
Harmony,qbert,3,98872,3650.0
Harmony,qbert,3,99466,3900.0
Harmony,road_runner,3,264,0.0
Harmony,road_runner,3,337,0.0
Harmony,road_runner,3,434,0.0
Harmony,road_runner,3,550,0.0
Harmony,road_runner,3,639,0.0
Harmony,road_runner,3,715,0.0
Harmony,road_runner,3,944,0.0
Harmony,road_runner,3,1131,0.0
Harmony,road_runner,3,1298,0.0
Harmony,road_runner,3,1596,0.0
Harmony,road_runner,3,1880,100.0
Harmony,road_runner,3,2048,0.0
Harmony,road_runner,3,2224,0.0
Harmony,road_runner,3,2311,0.0
Harmony,road_runner,3,2452,0.0
Harmony,road_runner,3,2575,0.0
Harmony,road_runner,3,2706,0.0
Harmony,road_runner,3,2892,0.0
Harmony,road_runner,3,3036,0.0
Harmony,road_runner,3,3170,0.0
Harmony,road_runner,3,3438,100.0
Harmony,road_runner,3,3544,0.0
Harmony,road_runner,3,3612,0.0
Harmony,road_runner,3,3833,0.0
Harmony,road_runner,3,4085,100.0
Harmony,road_runner,3,4188,0.0
Harmony,road_runner,3,4305,0.0
Harmony,road_runner,3,4468,0.0
Harmony,road_runner,3,4646,0.0
Harmony,road_runner,3,4740,0.0
Harmony,road_runner,3,4836,0.0
Harmony,road_runner,3,4935,0.0
Harmony,road_runner,3,5106,0.0
Harmony,road_runner,3,5608,100.0
Harmony,road_runner,3,5696,0.0
Harmony,road_runner,3,6179,100.0
Harmony,road_runner,3,6721,1200.0
Harmony,road_runner,3,7581,400.0
Harmony,road_runner,3,8445,600.0
Harmony,road_runner,3,9298,700.0
Harmony,road_runner,3,10043,800.0
Harmony,road_runner,3,10345,1100.0
Harmony,road_runner,3,10649,200.0
Harmony,road_runner,3,11499,800.0
Harmony,road_runner,3,12338,1300.0
Harmony,road_runner,3,13171,900.0
Harmony,road_runner,3,14000,800.0
Harmony,road_runner,3,14839,2200.0
Harmony,road_runner,3,15257,500.0
Harmony,road_runner,3,15848,7500.0
Harmony,road_runner,3,16687,5400.0
Harmony,road_runner,3,17138,3400.0
Harmony,road_runner,3,17826,6600.0
Harmony,road_runner,3,18034,200.0
Harmony,road_runner,3,18544,2100.0
Harmony,road_runner,3,18929,1700.0
Harmony,road_runner,3,19337,4200.0
Harmony,road_runner,3,19792,4500.0
Harmony,road_runner,3,20571,8000.0
Harmony,road_runner,3,21260,6100.0
Harmony,road_runner,3,22153,11100.0
Harmony,road_runner,3,22362,200.0
Harmony,road_runner,3,22971,7900.0
Harmony,road_runner,3,23425,4800.0
Harmony,road_runner,3,23878,4600.0
Harmony,road_runner,3,24575,10000.0
Harmony,road_runner,3,24881,1200.0
Harmony,road_runner,3,25330,8600.0
Harmony,road_runner,3,25697,4800.0
Harmony,road_runner,3,25906,1300.0
Harmony,road_runner,3,26530,11300.0
Harmony,road_runner,3,27294,14500.0
Harmony,road_runner,3,27901,8900.0
Harmony,road_runner,3,28349,5700.0
Harmony,road_runner,3,28803,6000.0
Harmony,road_runner,3,29658,12300.0
Harmony,road_runner,3,30262,7700.0
Harmony,road_runner,3,31033,10600.0
Harmony,road_runner,3,31883,11300.0
Harmony,road_runner,3,32884,15000.0
Harmony,road_runner,3,33811,15600.0
Harmony,road_runner,3,34647,16800.0
Harmony,road_runner,3,35494,12600.0
Harmony,road_runner,3,36375,13900.0
Harmony,road_runner,3,37214,16200.0
Harmony,road_runner,3,38050,12300.0
Harmony,road_runner,3,38893,14600.0
Harmony,road_runner,3,39741,15400.0
Harmony,road_runner,3,40606,13200.0
Harmony,road_runner,3,41448,12600.0
Harmony,road_runner,3,42267,12600.0
Harmony,road_runner,3,43088,16700.0
Harmony,road_runner,3,43959,14800.0
Harmony,road_runner,3,44779,14000.0
Harmony,road_runner,3,45638,14300.0
Harmony,road_runner,3,46477,16000.0
Harmony,road_runner,3,47367,15300.0
Harmony,road_runner,3,48232,14000.0
Harmony,road_runner,3,49087,16300.0
Harmony,road_runner,3,50060,15700.0
Harmony,road_runner,3,50891,14500.0
Harmony,road_runner,3,51714,17000.0
Harmony,road_runner,3,52534,15500.0
Harmony,road_runner,3,53395,14100.0
Harmony,road_runner,3,54510,13700.0
Harmony,road_runner,3,55454,14400.0
Harmony,road_runner,3,56353,17000.0
Harmony,road_runner,3,57212,13300.0
Harmony,road_runner,3,58060,14300.0
Harmony,road_runner,3,59271,14700.0
Harmony,road_runner,3,60114,15500.0
Harmony,road_runner,3,60938,14300.0
Harmony,road_runner,3,61830,15000.0
Harmony,road_runner,3,62723,11200.0
Harmony,road_runner,3,63579,13500.0
Harmony,road_runner,3,64425,15500.0
Harmony,road_runner,3,65339,12900.0
Harmony,road_runner,3,66225,16200.0
Harmony,road_runner,3,67148,13700.0
Harmony,road_runner,3,68169,15200.0
Harmony,road_runner,3,69115,12100.0
Harmony,road_runner,3,70078,14300.0
Harmony,road_runner,3,70990,16100.0
Harmony,road_runner,3,71921,15100.0
Harmony,road_runner,3,72803,13200.0
Harmony,road_runner,3,73673,14100.0
Harmony,road_runner,3,74545,15200.0
Harmony,road_runner,3,75448,14000.0
Harmony,road_runner,3,76348,15600.0
Harmony,road_runner,3,77226,14800.0
Harmony,road_runner,3,78131,13700.0
Harmony,road_runner,3,79024,15400.0
Harmony,road_runner,3,79905,13000.0
Harmony,road_runner,3,80746,16000.0
Harmony,road_runner,3,81632,15700.0
Harmony,road_runner,3,82617,15100.0
Harmony,road_runner,3,83484,16600.0
Harmony,road_runner,3,84319,14400.0
Harmony,road_runner,3,85277,14800.0
Harmony,road_runner,3,86192,15500.0
Harmony,road_runner,3,87109,15800.0
Harmony,road_runner,3,88003,15500.0
Harmony,road_runner,3,88936,13000.0
Harmony,road_runner,3,89852,13100.0
Harmony,road_runner,3,90829,14000.0
Harmony,road_runner,3,91758,10500.0
Harmony,road_runner,3,92630,16800.0
Harmony,road_runner,3,93655,14100.0
Harmony,road_runner,3,94536,14400.0
Harmony,road_runner,3,95416,16100.0
Harmony,road_runner,3,96251,15200.0
Harmony,road_runner,3,97151,15400.0
Harmony,road_runner,3,98025,15400.0
Harmony,road_runner,3,98936,13100.0
Harmony,road_runner,3,99791,13300.0
Harmony,seaquest,3,573,140.0
Harmony,seaquest,3,1013,60.0
Harmony,seaquest,3,1442,20.0
Harmony,seaquest,3,2108,180.0
Harmony,seaquest,3,2521,40.0
Harmony,seaquest,3,2968,20.0
Harmony,seaquest,3,3650,100.0
Harmony,seaquest,3,4116,80.0
Harmony,seaquest,3,4712,100.0
Harmony,seaquest,3,5336,120.0
Harmony,seaquest,3,5972,100.0
Harmony,seaquest,3,6513,80.0
Harmony,seaquest,3,7166,120.0
Harmony,seaquest,3,7730,100.0
Harmony,seaquest,3,8428,180.0
Harmony,seaquest,3,9198,200.0
Harmony,seaquest,3,9909,200.0
Harmony,seaquest,3,11166,420.0
Harmony,seaquest,3,12104,220.0
Harmony,seaquest,3,12961,240.0
Harmony,seaquest,3,14039,320.0
Harmony,seaquest,3,14820,160.0
Harmony,seaquest,3,15486,140.0
Harmony,seaquest,3,16098,140.0
Harmony,seaquest,3,17275,300.0
Harmony,seaquest,3,17771,140.0
Harmony,seaquest,3,18982,320.0
Harmony,seaquest,3,19948,280.0
Harmony,seaquest,3,20511,160.0
Harmony,seaquest,3,21210,220.0
Harmony,seaquest,3,22223,280.0
Harmony,seaquest,3,22738,100.0
Harmony,seaquest,3,23845,240.0
Harmony,seaquest,3,25116,400.0
Harmony,seaquest,3,25658,120.0
Harmony,seaquest,3,26307,160.0
Harmony,seaquest,3,26818,120.0
Harmony,seaquest,3,27646,240.0
Harmony,seaquest,3,28465,200.0
Harmony,seaquest,3,29913,440.0
Harmony,seaquest,3,30773,240.0
Harmony,seaquest,3,31658,260.0
Harmony,seaquest,3,32685,300.0
Harmony,seaquest,3,33440,200.0
Harmony,seaquest,3,34215,180.0
Harmony,seaquest,3,35144,220.0
Harmony,seaquest,3,35871,160.0
Harmony,seaquest,3,37284,440.0
Harmony,seaquest,3,38807,480.0
Harmony,seaquest,3,40093,420.0
Harmony,seaquest,3,41561,480.0
Harmony,seaquest,3,42480,280.0
Harmony,seaquest,3,43727,440.0
Harmony,seaquest,3,45125,460.0
Harmony,seaquest,3,47115,700.0
Harmony,seaquest,3,48634,520.0
Harmony,seaquest,3,50367,540.0
Harmony,seaquest,3,52030,540.0
Harmony,seaquest,3,54202,700.0
Harmony,seaquest,3,55967,560.0
Harmony,seaquest,3,57725,600.0
Harmony,seaquest,3,58738,280.0
Harmony,seaquest,3,60116,460.0
Harmony,seaquest,3,61742,600.0
Harmony,seaquest,3,62874,400.0
Harmony,seaquest,3,64071,400.0
Harmony,seaquest,3,65197,380.0
Harmony,seaquest,3,66294,340.0
Harmony,seaquest,3,67789,520.0
Harmony,seaquest,3,68906,400.0
Harmony,seaquest,3,70734,620.0
Harmony,seaquest,3,72251,540.0
Harmony,seaquest,3,73677,440.0
Harmony,seaquest,3,75389,560.0
Harmony,seaquest,3,76897,560.0
Harmony,seaquest,3,78798,680.0
Harmony,seaquest,3,80117,440.0
Harmony,seaquest,3,82385,780.0
Harmony,seaquest,3,84249,660.0
Harmony,seaquest,3,86517,820.0
Harmony,seaquest,3,88526,700.0
Harmony,seaquest,3,90063,540.0
Harmony,seaquest,3,92311,800.0
Harmony,seaquest,3,94341,740.0
Harmony,seaquest,3,95918,560.0
Harmony,seaquest,3,97513,540.0
Harmony,seaquest,3,98928,540.0
Harmony,up_n_down,3,421,490.0
Harmony,up_n_down,3,901,130.0
Harmony,up_n_down,3,1306,80.0
Harmony,up_n_down,3,1766,120.0
Harmony,up_n_down,3,2241,1230.0
Harmony,up_n_down,3,2662,490.0
Harmony,up_n_down,3,3121,510.0
Harmony,up_n_down,3,3599,230.0
Harmony,up_n_down,3,3978,60.0
Harmony,up_n_down,3,4377,80.0
Harmony,up_n_down,3,4929,670.0
Harmony,up_n_down,3,5452,650.0
Harmony,up_n_down,3,5934,930.0
Harmony,up_n_down,3,6414,1430.0
Harmony,up_n_down,3,6825,890.0
Harmony,up_n_down,3,7236,480.0
Harmony,up_n_down,3,7726,130.0
Harmony,up_n_down,3,8256,1060.0
Harmony,up_n_down,3,8765,1340.0
Harmony,up_n_down,3,9118,50.0
Harmony,up_n_down,3,9686,2580.0
Harmony,up_n_down,3,10065,60.0
Harmony,up_n_down,3,10566,2140.0
Harmony,up_n_down,3,10930,60.0
Harmony,up_n_down,3,11264,50.0
Harmony,up_n_down,3,11610,40.0
Harmony,up_n_down,3,12009,890.0
Harmony,up_n_down,3,12628,1410.0
Harmony,up_n_down,3,13028,480.0
Harmony,up_n_down,3,13453,100.0
Harmony,up_n_down,3,14152,1470.0
Harmony,up_n_down,3,14709,980.0
Harmony,up_n_down,3,15512,2330.0
Harmony,up_n_down,3,16296,720.0
Harmony,up_n_down,3,16646,40.0
Harmony,up_n_down,3,16992,40.0
Harmony,up_n_down,3,17738,690.0
Harmony,up_n_down,3,24487,23400.0
Harmony,up_n_down,3,25427,1610.0
Harmony,up_n_down,3,26144,680.0
Harmony,up_n_down,3,42393,39110.0
Harmony,up_n_down,3,43389,3150.0
Harmony,up_n_down,3,47522,13970.0
Harmony,up_n_down,3,51204,11590.0
Harmony,up_n_down,3,51812,2910.0
Harmony,up_n_down,3,53473,8360.0
Harmony,up_n_down,3,54768,3440.0
Harmony,up_n_down,3,55693,3210.0
Harmony,up_n_down,3,57134,3130.0
Harmony,up_n_down,3,57754,3110.0
Harmony,up_n_down,3,59333,5610.0
Harmony,up_n_down,3,60904,3610.0
Harmony,up_n_down,3,65716,19690.0
Harmony,up_n_down,3,70190,17480.0
Harmony,up_n_down,3,72033,8080.0
Harmony,up_n_down,3,73969,8940.0
Harmony,up_n_down,3,74873,4290.0
Harmony,up_n_down,3,76361,4860.0
Harmony,up_n_down,3,77446,4410.0
Harmony,up_n_down,3,80618,15670.0
Harmony,up_n_down,3,86920,28130.0
Harmony,up_n_down,3,91139,22020.0
Harmony,up_n_down,3,94119,16450.0
Harmony,up_n_down,3,96311,12660.0
Harmony,up_n_down,3,97401,4410.0
Harmony,up_n_down,3,99626,11480.0
Harmony,alien,4,588,130.0
Harmony,alien,4,1245,180.0
Harmony,alien,4,1889,190.0
Harmony,alien,4,2493,180.0
Harmony,alien,4,3095,160.0
Harmony,alien,4,3624,180.0
Harmony,alien,4,4176,120.0
Harmony,alien,4,4739,130.0
Harmony,alien,4,5491,200.0
Harmony,alien,4,6265,240.0
Harmony,alien,4,6680,150.0
Harmony,alien,4,7464,300.0
Harmony,alien,4,8110,150.0
Harmony,alien,4,8743,200.0
Harmony,alien,4,9306,120.0
Harmony,alien,4,10003,280.0
Harmony,alien,4,10649,200.0
Harmony,alien,4,11356,270.0
Harmony,alien,4,11972,250.0
Harmony,alien,4,12869,260.0
Harmony,alien,4,13447,100.0
Harmony,alien,4,14102,160.0
Harmony,alien,4,15154,320.0
Harmony,alien,4,15696,140.0
Harmony,alien,4,16146,150.0
Harmony,alien,4,16966,380.0
Harmony,alien,4,17857,1040.0
Harmony,alien,4,18735,530.0
Harmony,alien,4,19567,390.0
Harmony,alien,4,20376,390.0
Harmony,alien,4,20878,190.0
Harmony,alien,4,21333,30.0
Harmony,alien,4,21810,200.0
Harmony,alien,4,22416,160.0
Harmony,alien,4,23098,140.0
Harmony,alien,4,24039,410.0
Harmony,alien,4,24885,270.0
Harmony,alien,4,25690,230.0
Harmony,alien,4,26560,260.0
Harmony,alien,4,27336,230.0
Harmony,alien,4,28055,330.0
Harmony,alien,4,28673,350.0
Harmony,alien,4,29063,390.0
Harmony,alien,4,29573,320.0
Harmony,alien,4,30276,250.0
Harmony,alien,4,30993,140.0
Harmony,alien,4,31586,250.0
Harmony,alien,4,32296,330.0
Harmony,alien,4,32900,250.0
Harmony,alien,4,33470,140.0
Harmony,alien,4,34216,160.0
Harmony,alien,4,34723,250.0
Harmony,alien,4,35169,270.0
Harmony,alien,4,35943,410.0
Harmony,alien,4,36286,290.0
Harmony,alien,4,36706,310.0
Harmony,alien,4,37348,210.0
Harmony,alien,4,37903,290.0
Harmony,alien,4,38288,220.0
Harmony,alien,4,38769,150.0
Harmony,alien,4,39325,150.0
Harmony,alien,4,39974,270.0
Harmony,alien,4,40496,270.0
Harmony,alien,4,40943,340.0
Harmony,alien,4,41620,280.0
Harmony,alien,4,42044,230.0
Harmony,alien,4,42632,240.0
Harmony,alien,4,43223,280.0
Harmony,alien,4,43825,250.0
Harmony,alien,4,44526,350.0
Harmony,alien,4,45149,340.0
Harmony,alien,4,45683,310.0
Harmony,alien,4,46321,330.0
Harmony,alien,4,46914,320.0
Harmony,alien,4,47601,360.0
Harmony,alien,4,48375,290.0
Harmony,alien,4,49049,450.0
Harmony,alien,4,49626,390.0
Harmony,alien,4,50412,360.0
Harmony,alien,4,51269,470.0
Harmony,alien,4,51826,410.0
Harmony,alien,4,52281,160.0
Harmony,alien,4,53701,1290.0
Harmony,alien,4,54196,370.0
Harmony,alien,4,54690,270.0
Harmony,alien,4,55573,590.0
Harmony,alien,4,56347,540.0
Harmony,alien,4,57065,330.0
Harmony,alien,4,57846,520.0
Harmony,alien,4,58354,380.0
Harmony,alien,4,59294,440.0
Harmony,alien,4,60279,430.0
Harmony,alien,4,61101,1060.0
Harmony,alien,4,61823,470.0
Harmony,alien,4,62326,530.0
Harmony,alien,4,62866,990.0
Harmony,alien,4,63398,400.0
Harmony,alien,4,63888,360.0
Harmony,alien,4,64429,390.0
Harmony,alien,4,65333,510.0
Harmony,alien,4,65810,330.0
Harmony,alien,4,66776,670.0
Harmony,alien,4,67456,460.0
Harmony,alien,4,67951,560.0
Harmony,alien,4,68715,580.0
Harmony,alien,4,69065,440.0
Harmony,alien,4,69757,550.0
Harmony,alien,4,70291,340.0
Harmony,alien,4,70627,310.0
Harmony,alien,4,71180,340.0
Harmony,alien,4,71675,440.0
Harmony,alien,4,72454,1040.0
Harmony,alien,4,72823,400.0
Harmony,alien,4,73399,940.0
Harmony,alien,4,74105,900.0
Harmony,alien,4,74869,320.0
Harmony,alien,4,75366,350.0
Harmony,alien,4,76003,480.0
Harmony,alien,4,76699,540.0
Harmony,alien,4,77489,1050.0
Harmony,alien,4,78165,500.0
Harmony,alien,4,78701,470.0
Harmony,alien,4,79534,640.0
Harmony,alien,4,80334,670.0
Harmony,alien,4,80891,440.0
Harmony,alien,4,81673,500.0
Harmony,alien,4,82985,450.0
Harmony,alien,4,83409,380.0
Harmony,alien,4,84175,700.0
Harmony,alien,4,84937,450.0
Harmony,alien,4,85770,1040.0
Harmony,alien,4,87527,730.0
Harmony,alien,4,88328,530.0
Harmony,alien,4,89072,450.0
Harmony,alien,4,89718,480.0
Harmony,alien,4,90195,330.0
Harmony,alien,4,90931,630.0
Harmony,alien,4,91587,540.0
Harmony,alien,4,92200,420.0
Harmony,alien,4,93257,1100.0
Harmony,alien,4,94057,460.0
Harmony,alien,4,94531,460.0
Harmony,alien,4,94905,340.0
Harmony,alien,4,95654,630.0
Harmony,alien,4,96448,500.0
Harmony,alien,4,97076,590.0
Harmony,alien,4,97508,490.0
Harmony,alien,4,98249,590.0
Harmony,alien,4,98908,540.0
Harmony,alien,4,99614,550.0
Harmony,amidar,4,862,5.0
Harmony,amidar,4,1411,1.0
Harmony,amidar,4,1964,0.0
Harmony,amidar,4,2602,9.0
Harmony,amidar,4,3193,1.0
Harmony,amidar,4,3770,1.0
Harmony,amidar,4,4291,1.0
Harmony,amidar,4,4831,0.0
Harmony,amidar,4,5402,0.0
Harmony,amidar,4,5963,1.0
Harmony,amidar,4,6512,0.0
Harmony,amidar,4,7130,2.0
Harmony,amidar,4,7731,2.0
Harmony,amidar,4,8328,2.0
Harmony,amidar,4,8943,5.0
Harmony,amidar,4,9523,2.0
Harmony,amidar,4,10074,8.0
Harmony,amidar,4,10789,8.0
Harmony,amidar,4,11389,14.0
Harmony,amidar,4,11991,2.0
Harmony,amidar,4,12676,33.0
Harmony,amidar,4,13281,2.0
Harmony,amidar,4,13903,2.0
Harmony,amidar,4,14489,8.0
Harmony,amidar,4,15067,2.0
Harmony,amidar,4,15626,8.0
Harmony,amidar,4,16226,2.0
Harmony,amidar,4,16824,2.0
Harmony,amidar,4,17442,2.0
Harmony,amidar,4,18044,2.0
Harmony,amidar,4,18645,2.0
Harmony,amidar,4,19226,62.0
Harmony,amidar,4,19749,8.0
Harmony,amidar,4,20608,33.0
Harmony,amidar,4,21345,67.0
Harmony,amidar,4,22096,77.0
Harmony,amidar,4,23015,64.0
Harmony,amidar,4,23828,71.0
Harmony,amidar,4,24621,70.0
Harmony,amidar,4,25209,45.0
Harmony,amidar,4,25970,63.0
Harmony,amidar,4,26556,43.0
Harmony,amidar,4,27115,44.0
Harmony,amidar,4,27715,31.0
Harmony,amidar,4,28311,31.0
Harmony,amidar,4,28893,32.0
Harmony,amidar,4,29479,32.0
Harmony,amidar,4,30051,32.0
Harmony,amidar,4,30620,32.0
Harmony,amidar,4,31237,49.0
Harmony,amidar,4,31791,34.0
Harmony,amidar,4,32362,93.0
Harmony,amidar,4,32905,45.0
Harmony,amidar,4,33606,77.0
Harmony,amidar,4,34311,62.0
Harmony,amidar,4,35119,65.0
Harmony,amidar,4,35877,62.0
Harmony,amidar,4,36612,51.0
Harmony,amidar,4,37326,44.0
Harmony,amidar,4,37883,55.0
Harmony,amidar,4,38420,48.0
Harmony,amidar,4,38991,38.0
Harmony,amidar,4,39583,45.0
Harmony,amidar,4,40366,77.0
Harmony,amidar,4,40978,40.0
Harmony,amidar,4,41721,79.0
Harmony,amidar,4,42263,45.0
Harmony,amidar,4,42894,99.0
Harmony,amidar,4,43777,86.0
Harmony,amidar,4,44552,83.0
Harmony,amidar,4,45176,51.0
Harmony,amidar,4,45880,98.0
Harmony,amidar,4,46478,110.0
Harmony,amidar,4,47239,50.0
Harmony,amidar,4,47870,78.0
Harmony,amidar,4,48803,144.0
Harmony,amidar,4,49374,61.0
Harmony,amidar,4,49940,64.0
Harmony,amidar,4,50741,81.0
Harmony,amidar,4,51596,61.0
Harmony,amidar,4,52433,64.0
Harmony,amidar,4,53353,95.0
Harmony,amidar,4,53997,52.0
Harmony,amidar,4,54616,44.0
Harmony,amidar,4,55460,90.0
Harmony,amidar,4,56245,95.0
Harmony,amidar,4,56837,63.0
Harmony,amidar,4,57704,37.0
Harmony,amidar,4,58292,101.0
Harmony,amidar,4,59059,118.0
Harmony,amidar,4,59761,85.0
Harmony,amidar,4,60341,56.0
Harmony,amidar,4,60784,27.0
Harmony,amidar,4,61555,92.0
Harmony,amidar,4,62137,75.0
Harmony,amidar,4,62850,126.0
Harmony,amidar,4,63564,95.0
Harmony,amidar,4,64268,78.0
Harmony,amidar,4,65131,95.0
Harmony,amidar,4,65926,85.0
Harmony,amidar,4,66606,67.0
Harmony,amidar,4,67189,75.0
Harmony,amidar,4,68077,103.0
Harmony,amidar,4,68669,75.0
Harmony,amidar,4,69523,126.0
Harmony,amidar,4,70104,73.0
Harmony,amidar,4,71033,105.0
Harmony,amidar,4,71656,71.0
Harmony,amidar,4,72107,27.0
Harmony,amidar,4,72979,98.0
Harmony,amidar,4,73849,96.0
Harmony,amidar,4,74572,95.0
Harmony,amidar,4,75438,150.0
Harmony,amidar,4,76231,133.0
Harmony,amidar,4,77124,158.0
Harmony,amidar,4,78052,124.0
Harmony,amidar,4,79158,183.0
Harmony,amidar,4,79876,126.0
Harmony,amidar,4,80772,106.0
Harmony,amidar,4,81370,106.0
Harmony,amidar,4,81946,72.0
Harmony,amidar,4,82692,110.0
Harmony,amidar,4,83324,106.0
Harmony,amidar,4,84287,201.0
Harmony,amidar,4,85018,142.0
Harmony,amidar,4,85813,131.0
Harmony,amidar,4,86702,199.0
Harmony,amidar,4,87431,141.0
Harmony,amidar,4,88157,117.0
Harmony,amidar,4,89075,123.0
Harmony,amidar,4,89923,96.0
Harmony,amidar,4,90954,166.0
Harmony,amidar,4,91762,170.0
Harmony,amidar,4,92555,109.0
Harmony,amidar,4,93230,107.0
Harmony,amidar,4,93906,91.0
Harmony,amidar,4,94729,159.0
Harmony,amidar,4,95548,145.0
Harmony,amidar,4,96415,134.0
Harmony,amidar,4,97423,205.0
Harmony,amidar,4,98039,110.0
Harmony,amidar,4,98624,67.0
Harmony,amidar,4,99271,119.0
Harmony,amidar,4,99913,119.0
Harmony,assault,4,675,273.0
Harmony,assault,4,1293,189.0
Harmony,assault,4,1929,210.0
Harmony,assault,4,2346,105.0
Harmony,assault,4,2919,231.0
Harmony,assault,4,3448,252.0
Harmony,assault,4,3777,168.0
Harmony,assault,4,4459,399.0
Harmony,assault,4,4969,189.0
Harmony,assault,4,5608,315.0
Harmony,assault,4,6091,210.0
Harmony,assault,4,6912,105.0
Harmony,assault,4,9983,168.0
Harmony,assault,4,11321,294.0
Harmony,assault,4,11931,231.0
Harmony,assault,4,12625,294.0
Harmony,assault,4,13317,315.0
Harmony,assault,4,13917,231.0
Harmony,assault,4,14594,357.0
Harmony,assault,4,15266,294.0
Harmony,assault,4,16099,336.0
Harmony,assault,4,16845,378.0
Harmony,assault,4,17521,336.0
Harmony,assault,4,17899,210.0
Harmony,assault,4,18374,231.0
Harmony,assault,4,19031,399.0
Harmony,assault,4,19995,483.0
Harmony,assault,4,20925,378.0
Harmony,assault,4,21565,378.0
Harmony,assault,4,22227,420.0
Harmony,assault,4,22856,399.0
Harmony,assault,4,23357,252.0
Harmony,assault,4,23891,357.0
Harmony,assault,4,24528,462.0
Harmony,assault,4,25218,483.0
Harmony,assault,4,25686,210.0
Harmony,assault,4,26201,336.0
Harmony,assault,4,26893,378.0
Harmony,assault,4,27524,357.0
Harmony,assault,4,28134,231.0
Harmony,assault,4,28856,546.0
Harmony,assault,4,29515,378.0
Harmony,assault,4,30176,420.0
Harmony,assault,4,30941,273.0
Harmony,assault,4,31665,441.0
Harmony,assault,4,32345,399.0
Harmony,assault,4,33047,420.0
Harmony,assault,4,33755,378.0
Harmony,assault,4,34357,399.0
Harmony,assault,4,35345,630.0
Harmony,assault,4,35921,399.0
Harmony,assault,4,36705,567.0
Harmony,assault,4,38321,630.0
Harmony,assault,4,38796,357.0
Harmony,assault,4,40910,672.0
Harmony,assault,4,41933,504.0
Harmony,assault,4,42434,336.0
Harmony,assault,4,43028,462.0
Harmony,assault,4,44014,567.0
Harmony,assault,4,44975,504.0
Harmony,assault,4,45616,336.0
Harmony,assault,4,46641,525.0
Harmony,assault,4,47955,525.0
Harmony,assault,4,48464,420.0
Harmony,assault,4,49650,630.0
Harmony,assault,4,50131,315.0
Harmony,assault,4,50894,336.0
Harmony,assault,4,51757,399.0
Harmony,assault,4,52553,483.0
Harmony,assault,4,53226,483.0
Harmony,assault,4,53989,420.0
Harmony,assault,4,55141,525.0
Harmony,assault,4,56380,735.0
Harmony,assault,4,57561,525.0
Harmony,assault,4,58423,483.0
Harmony,assault,4,59916,651.0
Harmony,assault,4,60685,420.0
Harmony,assault,4,61715,630.0
Harmony,assault,4,62933,525.0
Harmony,assault,4,63314,273.0
Harmony,assault,4,64437,651.0
Harmony,assault,4,65236,399.0
Harmony,assault,4,66292,588.0
Harmony,assault,4,67472,630.0
Harmony,assault,4,68460,567.0
Harmony,assault,4,69679,546.0
Harmony,assault,4,70347,294.0
Harmony,assault,4,71411,672.0
Harmony,assault,4,72530,609.0
Harmony,assault,4,73621,651.0
Harmony,assault,4,74705,546.0
Harmony,assault,4,75571,546.0
Harmony,assault,4,76431,546.0
Harmony,assault,4,77325,462.0
Harmony,assault,4,77772,231.0
Harmony,assault,4,78919,609.0
Harmony,assault,4,79779,462.0
Harmony,assault,4,80284,357.0
Harmony,assault,4,81049,378.0
Harmony,assault,4,82103,567.0
Harmony,assault,4,83092,609.0
Harmony,assault,4,84660,609.0
Harmony,assault,4,85866,693.0
Harmony,assault,4,86576,567.0
Harmony,assault,4,87473,567.0
Harmony,assault,4,88302,420.0
Harmony,assault,4,89131,609.0
Harmony,assault,4,90253,651.0
Harmony,assault,4,91762,630.0
Harmony,assault,4,92722,525.0
Harmony,assault,4,93583,588.0
Harmony,assault,4,94480,504.0
Harmony,assault,4,94954,441.0
Harmony,assault,4,96208,693.0
Harmony,assault,4,96527,252.0
Harmony,assault,4,97803,567.0
Harmony,assault,4,98996,693.0
Harmony,asterix,4,212,150.0
Harmony,asterix,4,537,550.0
Harmony,asterix,4,792,250.0
Harmony,asterix,4,1004,250.0
Harmony,asterix,4,1208,100.0
Harmony,asterix,4,1442,250.0
Harmony,asterix,4,1638,150.0
Harmony,asterix,4,1836,200.0
Harmony,asterix,4,2024,50.0
Harmony,asterix,4,2353,250.0
Harmony,asterix,4,2858,750.0
Harmony,asterix,4,3103,250.0
Harmony,asterix,4,3315,150.0
Harmony,asterix,4,3553,300.0
Harmony,asterix,4,3725,50.0
Harmony,asterix,4,4014,400.0
Harmony,asterix,4,4230,200.0
Harmony,asterix,4,4581,450.0
Harmony,asterix,4,5072,550.0
Harmony,asterix,4,5472,450.0
Harmony,asterix,4,5675,200.0
Harmony,asterix,4,5891,200.0
Harmony,asterix,4,6147,350.0
Harmony,asterix,4,6479,450.0
Harmony,asterix,4,6917,300.0
Harmony,asterix,4,7568,350.0
Harmony,asterix,4,8398,450.0
Harmony,asterix,4,8828,150.0
Harmony,asterix,4,9035,100.0
Harmony,asterix,4,9473,400.0
Harmony,asterix,4,9684,50.0
Harmony,asterix,4,9895,50.0
Harmony,asterix,4,10288,200.0
Harmony,asterix,4,10532,150.0
Harmony,asterix,4,10850,150.0
Harmony,asterix,4,11347,400.0
Harmony,asterix,4,11598,200.0
Harmony,asterix,4,11817,50.0
Harmony,asterix,4,12016,100.0
Harmony,asterix,4,12338,150.0
Harmony,asterix,4,12547,150.0
Harmony,asterix,4,12758,50.0
Harmony,asterix,4,12970,100.0
Harmony,asterix,4,13181,200.0
Harmony,asterix,4,13393,150.0
Harmony,asterix,4,13630,200.0
Harmony,asterix,4,13836,100.0
Harmony,asterix,4,14232,300.0
Harmony,asterix,4,14543,100.0
Harmony,asterix,4,14898,450.0
Harmony,asterix,4,15187,300.0
Harmony,asterix,4,15388,100.0
Harmony,asterix,4,15655,100.0
Harmony,asterix,4,15899,100.0
Harmony,asterix,4,16297,300.0
Harmony,asterix,4,16853,350.0
Harmony,asterix,4,17150,150.0
Harmony,asterix,4,17544,200.0
Harmony,asterix,4,17939,250.0
Harmony,asterix,4,18409,250.0
Harmony,asterix,4,18619,50.0
Harmony,asterix,4,18949,150.0
Harmony,asterix,4,19347,250.0
Harmony,asterix,4,19546,50.0
Harmony,asterix,4,20107,400.0
Harmony,asterix,4,20672,350.0
Harmony,asterix,4,20904,50.0
Harmony,asterix,4,21347,350.0
Harmony,asterix,4,22080,450.0
Harmony,asterix,4,22512,600.0
Harmony,asterix,4,22849,150.0
Harmony,asterix,4,23358,400.0
Harmony,asterix,4,23881,450.0
Harmony,asterix,4,24416,400.0
Harmony,asterix,4,24965,600.0
Harmony,asterix,4,25455,300.0
Harmony,asterix,4,25975,350.0
Harmony,asterix,4,26514,450.0
Harmony,asterix,4,27063,550.0
Harmony,asterix,4,27262,100.0
Harmony,asterix,4,27484,400.0
Harmony,asterix,4,27950,550.0
Harmony,asterix,4,28165,100.0
Harmony,asterix,4,28383,150.0
Harmony,asterix,4,28736,550.0
Harmony,asterix,4,29090,450.0
Harmony,asterix,4,29294,50.0
Harmony,asterix,4,29569,300.0
Harmony,asterix,4,29794,100.0
Harmony,asterix,4,29993,250.0
Harmony,asterix,4,30329,450.0
Harmony,asterix,4,30534,100.0
Harmony,asterix,4,30735,150.0
Harmony,asterix,4,30958,150.0
Harmony,asterix,4,31184,200.0
Harmony,asterix,4,31382,100.0
Harmony,asterix,4,31675,350.0
Harmony,asterix,4,31882,100.0
Harmony,asterix,4,32088,200.0
Harmony,asterix,4,32333,350.0
Harmony,asterix,4,32498,150.0
Harmony,asterix,4,32730,250.0
Harmony,asterix,4,33054,350.0
Harmony,asterix,4,33343,300.0
Harmony,asterix,4,33623,450.0
Harmony,asterix,4,33961,350.0
Harmony,asterix,4,34379,450.0
Harmony,asterix,4,34622,200.0
Harmony,asterix,4,34899,250.0
Harmony,asterix,4,35107,150.0
Harmony,asterix,4,35329,150.0
Harmony,asterix,4,35720,450.0
Harmony,asterix,4,36067,500.0
Harmony,asterix,4,36318,250.0
Harmony,asterix,4,36643,350.0
Harmony,asterix,4,36849,300.0
Harmony,asterix,4,37088,300.0
Harmony,asterix,4,37291,200.0
Harmony,asterix,4,37496,250.0
Harmony,asterix,4,37734,300.0
Harmony,asterix,4,38086,250.0
Harmony,asterix,4,38283,150.0
Harmony,asterix,4,38480,100.0
Harmony,asterix,4,38709,200.0
Harmony,asterix,4,39014,200.0
Harmony,asterix,4,39427,350.0
Harmony,asterix,4,39844,500.0
Harmony,asterix,4,40344,400.0
Harmony,asterix,4,40543,250.0
Harmony,asterix,4,40837,300.0
Harmony,asterix,4,41211,400.0
Harmony,asterix,4,41445,300.0
Harmony,asterix,4,41678,250.0
Harmony,asterix,4,42019,300.0
Harmony,asterix,4,42971,800.0
Harmony,asterix,4,43671,650.0
Harmony,asterix,4,44369,650.0
Harmony,asterix,4,44686,400.0
Harmony,asterix,4,45010,250.0
Harmony,asterix,4,45443,400.0
Harmony,asterix,4,45665,250.0
Harmony,asterix,4,45930,300.0
Harmony,asterix,4,46154,300.0
Harmony,asterix,4,46480,400.0
Harmony,asterix,4,46900,300.0
Harmony,asterix,4,47274,450.0
Harmony,asterix,4,47852,600.0
Harmony,asterix,4,48105,400.0
Harmony,asterix,4,48476,350.0
Harmony,asterix,4,48873,300.0
Harmony,asterix,4,49310,400.0
Harmony,asterix,4,49716,450.0
Harmony,asterix,4,50287,800.0
Harmony,asterix,4,50557,250.0
Harmony,asterix,4,50860,300.0
Harmony,asterix,4,51248,350.0
Harmony,asterix,4,51977,500.0
Harmony,asterix,4,52607,550.0
Harmony,asterix,4,52995,350.0
Harmony,asterix,4,53797,700.0
Harmony,asterix,4,54128,400.0
Harmony,asterix,4,54493,400.0
Harmony,asterix,4,54691,300.0
Harmony,asterix,4,55108,300.0
Harmony,asterix,4,55557,500.0
Harmony,asterix,4,55875,450.0
Harmony,asterix,4,56198,450.0
Harmony,asterix,4,56803,550.0
Harmony,asterix,4,57102,450.0
Harmony,asterix,4,57532,550.0
Harmony,asterix,4,57775,350.0
Harmony,asterix,4,58166,550.0
Harmony,asterix,4,58576,300.0
Harmony,asterix,4,58926,600.0
Harmony,asterix,4,59552,650.0
Harmony,asterix,4,59817,300.0
Harmony,asterix,4,60180,400.0
Harmony,asterix,4,60635,550.0
Harmony,asterix,4,61131,750.0
Harmony,asterix,4,61569,500.0
Harmony,asterix,4,61935,450.0
Harmony,asterix,4,62280,550.0
Harmony,asterix,4,62782,750.0
Harmony,asterix,4,63139,500.0
Harmony,asterix,4,63458,500.0
Harmony,asterix,4,63726,300.0
Harmony,asterix,4,64093,600.0
Harmony,asterix,4,64376,300.0
Harmony,asterix,4,64693,450.0
Harmony,asterix,4,64994,300.0
Harmony,asterix,4,65391,450.0
Harmony,asterix,4,65782,600.0
Harmony,asterix,4,65990,200.0
Harmony,asterix,4,66294,400.0
Harmony,asterix,4,66840,750.0
Harmony,asterix,4,67280,650.0
Harmony,asterix,4,67584,450.0
Harmony,asterix,4,68090,700.0
Harmony,asterix,4,68392,350.0
Harmony,asterix,4,68758,450.0
Harmony,asterix,4,68958,200.0
Harmony,asterix,4,69414,750.0
Harmony,asterix,4,69880,550.0
Harmony,asterix,4,70237,600.0
Harmony,asterix,4,70537,450.0
Harmony,asterix,4,70861,500.0
Harmony,asterix,4,71664,1100.0
Harmony,asterix,4,71916,450.0
Harmony,asterix,4,72164,300.0
Harmony,asterix,4,72466,550.0
Harmony,asterix,4,72747,450.0
Harmony,asterix,4,73090,500.0
Harmony,asterix,4,73330,350.0
Harmony,asterix,4,73624,450.0
Harmony,asterix,4,74067,700.0
Harmony,asterix,4,74482,700.0
Harmony,asterix,4,75056,550.0
Harmony,asterix,4,75313,550.0
Harmony,asterix,4,75618,600.0
Harmony,asterix,4,75892,450.0
Harmony,asterix,4,76255,550.0
Harmony,asterix,4,76511,350.0
Harmony,asterix,4,76938,550.0
Harmony,asterix,4,77472,950.0
Harmony,asterix,4,77785,500.0
Harmony,asterix,4,78152,400.0
Harmony,asterix,4,78565,750.0
Harmony,asterix,4,78864,500.0
Harmony,asterix,4,79183,550.0
Harmony,asterix,4,79487,550.0
Harmony,asterix,4,79781,500.0
Harmony,asterix,4,80467,1000.0
Harmony,asterix,4,80700,400.0
Harmony,asterix,4,81190,750.0
Harmony,asterix,4,81481,350.0
Harmony,asterix,4,81753,300.0
Harmony,asterix,4,81989,300.0
Harmony,asterix,4,82329,450.0
Harmony,asterix,4,82736,500.0
Harmony,asterix,4,83107,600.0
Harmony,asterix,4,83515,600.0
Harmony,asterix,4,84462,950.0
Harmony,asterix,4,84732,350.0
Harmony,asterix,4,85391,700.0
Harmony,asterix,4,85858,550.0
Harmony,asterix,4,86707,1150.0
Harmony,asterix,4,86938,300.0
Harmony,asterix,4,87309,400.0
Harmony,asterix,4,87617,550.0
Harmony,asterix,4,87980,500.0
Harmony,asterix,4,88733,800.0
Harmony,asterix,4,89330,750.0
Harmony,asterix,4,89793,650.0
Harmony,asterix,4,90087,450.0
Harmony,asterix,4,90505,550.0
Harmony,asterix,4,90924,600.0
Harmony,asterix,4,91416,750.0
Harmony,asterix,4,91721,550.0
Harmony,asterix,4,92154,650.0
Harmony,asterix,4,92457,600.0
Harmony,asterix,4,92770,500.0
Harmony,asterix,4,93076,500.0
Harmony,asterix,4,93653,1000.0
Harmony,asterix,4,93990,550.0
Harmony,asterix,4,94656,850.0
Harmony,asterix,4,94947,600.0
Harmony,asterix,4,95158,250.0
Harmony,asterix,4,95664,800.0
Harmony,asterix,4,95971,450.0
Harmony,asterix,4,96258,300.0
Harmony,asterix,4,96731,700.0
Harmony,asterix,4,97133,450.0
Harmony,asterix,4,97450,350.0
Harmony,asterix,4,97783,500.0
Harmony,asterix,4,98454,800.0
Harmony,asterix,4,98756,450.0
Harmony,asterix,4,99068,600.0
Harmony,asterix,4,99375,450.0
Harmony,asterix,4,99710,500.0
Harmony,bank_heist,4,702,10.0
Harmony,bank_heist,4,1390,10.0
Harmony,bank_heist,4,1844,20.0
Harmony,bank_heist,4,2504,0.0
Harmony,bank_heist,4,2940,0.0
Harmony,bank_heist,4,3306,10.0
Harmony,bank_heist,4,3949,10.0
Harmony,bank_heist,4,4345,10.0
Harmony,bank_heist,4,4753,0.0
Harmony,bank_heist,4,5310,20.0
Harmony,bank_heist,4,5849,30.0
Harmony,bank_heist,4,6194,10.0
Harmony,bank_heist,4,6657,10.0
Harmony,bank_heist,4,7192,10.0
Harmony,bank_heist,4,7894,10.0
Harmony,bank_heist,4,8556,10.0
Harmony,bank_heist,4,9243,20.0
Harmony,bank_heist,4,9916,10.0
Harmony,bank_heist,4,10892,0.0
Harmony,bank_heist,4,11349,0.0
Harmony,bank_heist,4,14786,0.0
Harmony,bank_heist,4,15488,0.0
Harmony,bank_heist,4,16271,0.0
Harmony,bank_heist,4,17209,20.0
Harmony,bank_heist,4,18104,0.0
Harmony,bank_heist,4,18821,20.0
Harmony,bank_heist,4,19476,10.0
Harmony,bank_heist,4,19875,0.0
Harmony,bank_heist,4,20717,0.0
Harmony,bank_heist,4,21542,0.0
Harmony,bank_heist,4,22478,10.0
Harmony,bank_heist,4,23294,20.0
Harmony,bank_heist,4,24113,10.0
Harmony,bank_heist,4,24673,10.0
Harmony,bank_heist,4,25739,0.0
Harmony,bank_heist,4,26676,10.0
Harmony,bank_heist,4,27587,0.0
Harmony,bank_heist,4,28563,10.0
Harmony,bank_heist,4,29248,0.0
Harmony,bank_heist,4,30030,0.0
Harmony,bank_heist,4,31339,0.0
Harmony,bank_heist,4,31999,20.0
Harmony,bank_heist,4,32850,10.0
Harmony,bank_heist,4,33895,10.0
Harmony,bank_heist,4,35215,30.0
Harmony,bank_heist,4,36085,0.0
Harmony,bank_heist,4,36807,10.0
Harmony,bank_heist,4,37610,10.0
Harmony,bank_heist,4,38139,20.0
Harmony,bank_heist,4,38966,90.0
Harmony,bank_heist,4,39406,10.0
Harmony,bank_heist,4,40217,10.0
Harmony,bank_heist,4,41120,0.0
Harmony,bank_heist,4,41926,10.0
Harmony,bank_heist,4,42634,10.0
Harmony,bank_heist,4,43178,10.0
Harmony,bank_heist,4,44173,20.0
Harmony,bank_heist,4,44994,20.0
Harmony,bank_heist,4,45761,20.0
Harmony,bank_heist,4,46565,10.0
Harmony,bank_heist,4,47476,20.0
Harmony,bank_heist,4,48037,10.0
Harmony,bank_heist,4,49207,0.0
Harmony,bank_heist,4,49769,0.0
Harmony,bank_heist,4,50624,20.0
Harmony,bank_heist,4,51453,20.0
Harmony,bank_heist,4,52204,10.0
Harmony,bank_heist,4,53680,40.0
Harmony,bank_heist,4,54515,20.0
Harmony,bank_heist,4,54924,30.0
Harmony,bank_heist,4,55665,30.0
Harmony,bank_heist,4,56475,30.0
Harmony,bank_heist,4,56974,30.0
Harmony,bank_heist,4,57639,40.0
Harmony,bank_heist,4,58242,30.0
Harmony,bank_heist,4,58806,10.0
Harmony,bank_heist,4,59658,0.0
Harmony,bank_heist,4,60468,30.0
Harmony,bank_heist,4,61417,20.0
Harmony,bank_heist,4,62447,20.0
Harmony,bank_heist,4,63234,10.0
Harmony,bank_heist,4,63775,10.0
Harmony,bank_heist,4,64558,60.0
Harmony,bank_heist,4,65134,10.0
Harmony,bank_heist,4,65662,20.0
Harmony,bank_heist,4,66437,30.0
Harmony,bank_heist,4,67111,10.0
Harmony,bank_heist,4,68011,50.0
Harmony,bank_heist,4,68889,20.0
Harmony,bank_heist,4,69510,40.0
Harmony,bank_heist,4,70223,30.0
Harmony,bank_heist,4,71018,30.0
Harmony,bank_heist,4,71694,40.0
Harmony,bank_heist,4,72290,30.0
Harmony,bank_heist,4,73167,50.0
Harmony,bank_heist,4,73892,10.0
Harmony,bank_heist,4,74666,30.0
Harmony,bank_heist,4,75141,30.0
Harmony,bank_heist,4,75806,10.0
Harmony,bank_heist,4,76610,10.0
Harmony,bank_heist,4,77201,20.0
Harmony,bank_heist,4,77875,10.0
Harmony,bank_heist,4,78589,20.0
Harmony,bank_heist,4,79189,20.0
Harmony,bank_heist,4,79832,60.0
Harmony,bank_heist,4,80708,70.0
Harmony,bank_heist,4,81182,10.0
Harmony,bank_heist,4,81613,10.0
Harmony,bank_heist,4,82286,30.0
Harmony,bank_heist,4,82882,20.0
Harmony,bank_heist,4,83692,50.0
Harmony,bank_heist,4,84182,20.0
Harmony,bank_heist,4,84673,30.0
Harmony,bank_heist,4,85467,30.0
Harmony,bank_heist,4,86172,30.0
Harmony,bank_heist,4,86852,70.0
Harmony,bank_heist,4,87336,10.0
Harmony,bank_heist,4,88019,30.0
Harmony,bank_heist,4,88751,20.0
Harmony,bank_heist,4,89400,20.0
Harmony,bank_heist,4,90135,40.0
Harmony,bank_heist,4,90817,10.0
Harmony,bank_heist,4,91566,30.0
Harmony,bank_heist,4,92187,20.0
Harmony,bank_heist,4,92938,20.0
Harmony,bank_heist,4,93632,20.0
Harmony,bank_heist,4,94433,20.0
Harmony,bank_heist,4,95147,10.0
Harmony,bank_heist,4,95833,20.0
Harmony,bank_heist,4,96497,10.0
Harmony,bank_heist,4,96935,20.0
Harmony,bank_heist,4,97845,20.0
Harmony,bank_heist,4,98487,60.0
Harmony,bank_heist,4,99231,80.0
Harmony,battle_zone,4,1181,2000.0
Harmony,battle_zone,4,2272,6000.0
Harmony,battle_zone,4,3877,3000.0
Harmony,battle_zone,4,4706,1000.0
Harmony,battle_zone,4,5873,4000.0
Harmony,battle_zone,4,7498,6000.0
Harmony,battle_zone,4,8307,1000.0
Harmony,battle_zone,4,9244,4000.0
Harmony,battle_zone,4,11361,9000.0
Harmony,battle_zone,4,13045,2000.0
Harmony,battle_zone,4,13967,2000.0
Harmony,battle_zone,4,14986,2000.0
Harmony,battle_zone,4,16059,1000.0
Harmony,battle_zone,4,18384,3000.0
Harmony,battle_zone,4,19222,3000.0
Harmony,battle_zone,4,21159,3000.0
Harmony,battle_zone,4,23189,2000.0
Harmony,battle_zone,4,23871,1000.0
Harmony,battle_zone,4,26581,14000.0
Harmony,battle_zone,4,29284,2000.0
Harmony,battle_zone,4,30393,3000.0
Harmony,battle_zone,4,31613,2000.0
Harmony,battle_zone,4,37292,3000.0
Harmony,battle_zone,4,38563,3000.0
Harmony,battle_zone,4,40429,4000.0
Harmony,battle_zone,4,41890,6000.0
Harmony,battle_zone,4,43121,4000.0
Harmony,battle_zone,4,44297,1000.0
Harmony,battle_zone,4,45471,3000.0
Harmony,battle_zone,4,47588,10000.0
Harmony,battle_zone,4,48373,1000.0
Harmony,battle_zone,4,49518,8000.0
Harmony,battle_zone,4,50961,14000.0
Harmony,battle_zone,4,52055,13000.0
Harmony,battle_zone,4,53664,18000.0
Harmony,battle_zone,4,55083,10000.0
Harmony,battle_zone,4,56179,9000.0
Harmony,battle_zone,4,57462,17000.0
Harmony,battle_zone,4,58319,3000.0
Harmony,battle_zone,4,59694,19000.0
Harmony,battle_zone,4,60479,9000.0
Harmony,battle_zone,4,61793,11000.0
Harmony,battle_zone,4,63111,12000.0
Harmony,battle_zone,4,64485,18000.0
Harmony,battle_zone,4,66102,15000.0
Harmony,battle_zone,4,67557,16000.0
Harmony,battle_zone,4,68842,16000.0
Harmony,battle_zone,4,70254,16000.0
Harmony,battle_zone,4,71438,15000.0
Harmony,battle_zone,4,72813,22000.0
Harmony,battle_zone,4,74099,14000.0
Harmony,battle_zone,4,75571,28000.0
Harmony,battle_zone,4,76544,11000.0
Harmony,battle_zone,4,77938,21000.0
Harmony,battle_zone,4,79273,18000.0
Harmony,battle_zone,4,80757,24000.0
Harmony,battle_zone,4,82234,24000.0
Harmony,battle_zone,4,83693,25000.0
Harmony,battle_zone,4,85230,20000.0
Harmony,battle_zone,4,86603,23000.0
Harmony,battle_zone,4,87783,10000.0
Harmony,battle_zone,4,88765,10000.0
Harmony,battle_zone,4,90260,19000.0
Harmony,battle_zone,4,92133,22000.0
Harmony,battle_zone,4,93863,25000.0
Harmony,battle_zone,4,95394,17000.0
Harmony,battle_zone,4,96476,9000.0
Harmony,battle_zone,4,97833,12000.0
Harmony,battle_zone,4,98814,9000.0
Harmony,boxing,4,1782,-1.0
Harmony,boxing,4,3564,5.0
Harmony,boxing,4,5347,-4.0
Harmony,boxing,4,7133,1.0
Harmony,boxing,4,8917,-2.0
Harmony,boxing,4,10697,-22.0
Harmony,boxing,4,12477,0.0
Harmony,boxing,4,14258,31.0
Harmony,boxing,4,16041,-3.0
Harmony,boxing,4,17825,31.0
Harmony,boxing,4,19607,18.0
Harmony,boxing,4,21391,6.0
Harmony,boxing,4,23175,15.0
Harmony,boxing,4,24954,19.0
Harmony,boxing,4,26735,41.0
Harmony,boxing,4,28520,30.0
Harmony,boxing,4,30303,32.0
Harmony,boxing,4,32082,37.0
Harmony,boxing,4,33866,41.0
Harmony,boxing,4,35651,41.0
Harmony,boxing,4,37431,25.0
Harmony,boxing,4,39212,23.0
Harmony,boxing,4,40995,51.0
Harmony,boxing,4,42774,68.0
Harmony,boxing,4,44555,50.0
Harmony,boxing,4,46335,57.0
Harmony,boxing,4,48118,54.0
Harmony,boxing,4,49863,62.0
Harmony,boxing,4,51642,50.0
Harmony,boxing,4,53427,35.0
Harmony,boxing,4,55211,53.0
Harmony,boxing,4,56995,75.0
Harmony,boxing,4,58780,69.0
Harmony,boxing,4,60560,57.0
Harmony,boxing,4,62341,51.0
Harmony,boxing,4,64124,56.0
Harmony,boxing,4,65906,74.0
Harmony,boxing,4,67689,39.0
Harmony,boxing,4,69467,70.0
Harmony,boxing,4,71248,75.0
Harmony,boxing,4,73029,45.0
Harmony,boxing,4,74811,45.0
Harmony,boxing,4,76595,55.0
Harmony,boxing,4,78377,45.0
Harmony,boxing,4,80160,57.0
Harmony,boxing,4,81939,64.0
Harmony,boxing,4,83724,51.0
Harmony,boxing,4,85507,47.0
Harmony,boxing,4,87281,69.0
Harmony,boxing,4,89059,55.0
Harmony,boxing,4,90844,69.0
Harmony,boxing,4,92623,48.0
Harmony,boxing,4,94338,76.0
Harmony,boxing,4,96118,69.0
Harmony,boxing,4,97902,51.0
Harmony,boxing,4,99684,36.0
Harmony,breakout,4,187,1.0
Harmony,breakout,4,380,2.0
Harmony,breakout,4,547,1.0
Harmony,breakout,4,797,3.0
Harmony,breakout,4,923,0.0
Harmony,breakout,4,1053,0.0
Harmony,breakout,4,1195,0.0
Harmony,breakout,4,1359,1.0
Harmony,breakout,4,1489,0.0
Harmony,breakout,4,1682,1.0
Harmony,breakout,4,1901,2.0
Harmony,breakout,4,2143,3.0
Harmony,breakout,4,2311,1.0
Harmony,breakout,4,2513,2.0
Harmony,breakout,4,2689,1.0
Harmony,breakout,4,2888,1.0
Harmony,breakout,4,3081,1.0
Harmony,breakout,4,3300,2.0
Harmony,breakout,4,3515,2.0
Harmony,breakout,4,3686,1.0
Harmony,breakout,4,4002,4.0
Harmony,breakout,4,4330,4.0
Harmony,breakout,4,4507,1.0
Harmony,breakout,4,4637,0.0
Harmony,breakout,4,4801,1.0
Harmony,breakout,4,4948,0.0
Harmony,breakout,4,5223,4.0
Harmony,breakout,4,5404,1.0
Harmony,breakout,4,5647,2.0
Harmony,breakout,4,5789,0.0
Harmony,breakout,4,5921,0.0
Harmony,breakout,4,6052,0.0
Harmony,breakout,4,6305,3.0
Harmony,breakout,4,6592,3.0
Harmony,breakout,4,6810,2.0
Harmony,breakout,4,7038,2.0
Harmony,breakout,4,7175,0.0
Harmony,breakout,4,7313,0.0
Harmony,breakout,4,7447,0.0
Harmony,breakout,4,7847,6.0
Harmony,breakout,4,7992,0.0
Harmony,breakout,4,8419,5.0
Harmony,breakout,4,8805,4.0
Harmony,breakout,4,8974,1.0
Harmony,breakout,4,9118,0.0
Harmony,breakout,4,9380,1.0
Harmony,breakout,4,9738,2.0
Harmony,breakout,4,10410,2.0
Harmony,breakout,4,11475,5.0
Harmony,breakout,4,11754,3.0
Harmony,breakout,4,12244,3.0
Harmony,breakout,4,12499,3.0
Harmony,breakout,4,12746,3.0
Harmony,breakout,4,12873,0.0
Harmony,breakout,4,13507,4.0
Harmony,breakout,4,14040,0.0
Harmony,breakout,4,14392,2.0
Harmony,breakout,4,14896,4.0
Harmony,breakout,4,15755,2.0
Harmony,breakout,4,16104,0.0
Harmony,breakout,4,16275,0.0
Harmony,breakout,4,17535,10.0
Harmony,breakout,4,17890,3.0
Harmony,breakout,4,18237,3.0
Harmony,breakout,4,18361,0.0
Harmony,breakout,4,18667,2.0
Harmony,breakout,4,19203,5.0
Harmony,breakout,4,19520,2.0
Harmony,breakout,4,19842,1.0
Harmony,breakout,4,19999,0.0
Harmony,breakout,4,20387,2.0
Harmony,breakout,4,20619,0.0
Harmony,breakout,4,20818,2.0
Harmony,breakout,4,21038,0.0
Harmony,breakout,4,21291,2.0
Harmony,breakout,4,21739,2.0
Harmony,breakout,4,22012,3.0
Harmony,breakout,4,22337,1.0
Harmony,breakout,4,22615,4.0
Harmony,breakout,4,22910,2.0
Harmony,breakout,4,23115,2.0
Harmony,breakout,4,23242,0.0
Harmony,breakout,4,23479,2.0
Harmony,breakout,4,23727,3.0
Harmony,breakout,4,23986,2.0
Harmony,breakout,4,24302,3.0
Harmony,breakout,4,24655,4.0
Harmony,breakout,4,24903,3.0
Harmony,breakout,4,25055,1.0
Harmony,breakout,4,25255,2.0
Harmony,breakout,4,25533,3.0
Harmony,breakout,4,25876,3.0
Harmony,breakout,4,26076,2.0
Harmony,breakout,4,26273,2.0
Harmony,breakout,4,26473,2.0
Harmony,breakout,4,26672,2.0
Harmony,breakout,4,26946,3.0
Harmony,breakout,4,27197,2.0
Harmony,breakout,4,27713,4.0
Harmony,breakout,4,28020,3.0
Harmony,breakout,4,28221,2.0
Harmony,breakout,4,28462,2.0
Harmony,breakout,4,28681,2.0
Harmony,breakout,4,28929,3.0
Harmony,breakout,4,29129,2.0
Harmony,breakout,4,29380,3.0
Harmony,breakout,4,29717,2.0
Harmony,breakout,4,29924,2.0
Harmony,breakout,4,30368,3.0
Harmony,breakout,4,30773,6.0
Harmony,breakout,4,31072,4.0
Harmony,breakout,4,31280,2.0
Harmony,breakout,4,31495,2.0
Harmony,breakout,4,31942,6.0
Harmony,breakout,4,32468,6.0
Harmony,breakout,4,33021,10.0
Harmony,breakout,4,33282,3.0
Harmony,breakout,4,33495,2.0
Harmony,breakout,4,33827,4.0
Harmony,breakout,4,34027,2.0
Harmony,breakout,4,34323,2.0
Harmony,breakout,4,34762,6.0
Harmony,breakout,4,35049,3.0
Harmony,breakout,4,35291,2.0
Harmony,breakout,4,35590,2.0
Harmony,breakout,4,36045,8.0
Harmony,breakout,4,36418,2.0
Harmony,breakout,4,36742,3.0
Harmony,breakout,4,37255,4.0
Harmony,breakout,4,37922,4.0
Harmony,breakout,4,38361,5.0
Harmony,breakout,4,38643,2.0
Harmony,breakout,4,38884,2.0
Harmony,breakout,4,39104,2.0
Harmony,breakout,4,39861,13.0
Harmony,breakout,4,40136,3.0
Harmony,breakout,4,40405,3.0
Harmony,breakout,4,40625,2.0
Harmony,breakout,4,40952,3.0
Harmony,breakout,4,41488,5.0
Harmony,breakout,4,41688,2.0
Harmony,breakout,4,41917,2.0
Harmony,breakout,4,42268,4.0
Harmony,breakout,4,42692,3.0
Harmony,breakout,4,43038,3.0
Harmony,breakout,4,43456,2.0
Harmony,breakout,4,43944,6.0
Harmony,breakout,4,44335,9.0
Harmony,breakout,4,44584,3.0
Harmony,breakout,4,47382,5.0
Harmony,breakout,4,47845,5.0
Harmony,breakout,4,48234,4.0
Harmony,breakout,4,49575,4.0
Harmony,breakout,4,49865,4.0
Harmony,breakout,4,50592,4.0
Harmony,breakout,4,51849,4.0
Harmony,breakout,4,52165,5.0
Harmony,breakout,4,52603,7.0
Harmony,breakout,4,53511,11.0
Harmony,breakout,4,54040,5.0
Harmony,breakout,4,54339,2.0
Harmony,breakout,4,54594,2.0
Harmony,breakout,4,55246,6.0
Harmony,breakout,4,55575,4.0
Harmony,breakout,4,55895,5.0
Harmony,breakout,4,56152,2.0
Harmony,breakout,4,56498,6.0
Harmony,breakout,4,56829,3.0
Harmony,breakout,4,57139,4.0
Harmony,breakout,4,57708,4.0
Harmony,breakout,4,57908,2.0
Harmony,breakout,4,58348,3.0
Harmony,breakout,4,58607,4.0
Harmony,breakout,4,58897,4.0
Harmony,breakout,4,59215,4.0
Harmony,breakout,4,59507,2.0
Harmony,breakout,4,60134,3.0
Harmony,breakout,4,60473,3.0
Harmony,breakout,4,61383,3.0
Harmony,breakout,4,61945,8.0
Harmony,breakout,4,62492,15.0
Harmony,breakout,4,62715,2.0
Harmony,breakout,4,63190,3.0
Harmony,breakout,4,63517,4.0
Harmony,breakout,4,63962,2.0
Harmony,breakout,4,65001,8.0
Harmony,breakout,4,65709,5.0
Harmony,breakout,4,65999,4.0
Harmony,breakout,4,66434,3.0
Harmony,breakout,4,66993,3.0
Harmony,breakout,4,67338,4.0
Harmony,breakout,4,68401,4.0
Harmony,breakout,4,68770,2.0
Harmony,breakout,4,69861,2.0
Harmony,breakout,4,70193,5.0
Harmony,breakout,4,73957,15.0
Harmony,breakout,4,74315,8.0
Harmony,breakout,4,74925,10.0
Harmony,breakout,4,75475,16.0
Harmony,breakout,4,76090,7.0
Harmony,breakout,4,76380,4.0
Harmony,breakout,4,77652,5.0
Harmony,breakout,4,78262,4.0
Harmony,breakout,4,79412,4.0
Harmony,breakout,4,79734,5.0
Harmony,breakout,4,80423,3.0
Harmony,breakout,4,81235,12.0
Harmony,breakout,4,81549,3.0
Harmony,breakout,4,82729,5.0
Harmony,breakout,4,83164,4.0
Harmony,breakout,4,83605,11.0
Harmony,breakout,4,84039,4.0
Harmony,breakout,4,85117,5.0
Harmony,breakout,4,85708,2.0
Harmony,breakout,4,86100,5.0
Harmony,breakout,4,86472,1.0
Harmony,breakout,4,87436,5.0
Harmony,breakout,4,87817,6.0
Harmony,breakout,4,88625,16.0
Harmony,breakout,4,89335,7.0
Harmony,breakout,4,89663,2.0
Harmony,breakout,4,90079,7.0
Harmony,breakout,4,90471,6.0
Harmony,breakout,4,90798,1.0
Harmony,breakout,4,91452,5.0
Harmony,breakout,4,92479,8.0
Harmony,breakout,4,92832,4.0
Harmony,breakout,4,93135,4.0
Harmony,breakout,4,93616,5.0
Harmony,breakout,4,93987,5.0
Harmony,breakout,4,94291,4.0
Harmony,breakout,4,94818,4.0
Harmony,breakout,4,96192,2.0
Harmony,breakout,4,96467,0.0
Harmony,breakout,4,96931,5.0
Harmony,breakout,4,97568,7.0
Harmony,breakout,4,97997,5.0
Harmony,breakout,4,98457,7.0
Harmony,breakout,4,99142,11.0
Harmony,breakout,4,99574,6.0
Harmony,chopper_command,4,608,700.0
Harmony,chopper_command,4,1453,500.0
Harmony,chopper_command,4,2122,700.0
Harmony,chopper_command,4,2750,500.0
Harmony,chopper_command,4,3352,500.0
Harmony,chopper_command,4,4506,800.0
Harmony,chopper_command,4,6005,900.0
Harmony,chopper_command,4,7007,300.0
Harmony,chopper_command,4,7643,400.0
Harmony,chopper_command,4,8238,0.0
Harmony,chopper_command,4,8850,100.0
Harmony,chopper_command,4,9490,400.0
Harmony,chopper_command,4,10084,200.0
Harmony,chopper_command,4,10802,200.0
Harmony,chopper_command,4,11282,500.0
Harmony,chopper_command,4,12066,500.0
Harmony,chopper_command,4,12380,500.0
Harmony,chopper_command,4,13009,600.0
Harmony,chopper_command,4,13575,400.0
Harmony,chopper_command,4,15023,1200.0
Harmony,chopper_command,4,15352,300.0
Harmony,chopper_command,4,15719,900.0
Harmony,chopper_command,4,16068,600.0
Harmony,chopper_command,4,16458,1000.0
Harmony,chopper_command,4,16681,300.0
Harmony,chopper_command,4,18311,700.0
Harmony,chopper_command,4,18731,500.0
Harmony,chopper_command,4,19155,700.0
Harmony,chopper_command,4,19984,800.0
Harmony,chopper_command,4,20405,900.0
Harmony,chopper_command,4,20867,600.0
Harmony,chopper_command,4,21865,1200.0
Harmony,chopper_command,4,23083,600.0
Harmony,chopper_command,4,23440,700.0
Harmony,chopper_command,4,23667,500.0
Harmony,chopper_command,4,24090,1300.0
Harmony,chopper_command,4,24447,700.0
Harmony,chopper_command,4,24621,500.0
Harmony,chopper_command,4,25006,600.0
Harmony,chopper_command,4,25957,900.0
Harmony,chopper_command,4,26379,700.0
Harmony,chopper_command,4,26743,900.0
Harmony,chopper_command,4,27228,900.0
Harmony,chopper_command,4,27710,600.0
Harmony,chopper_command,4,28500,700.0
Harmony,chopper_command,4,29499,1000.0
Harmony,chopper_command,4,29733,800.0
Harmony,chopper_command,4,30100,500.0
Harmony,chopper_command,4,30464,700.0
Harmony,chopper_command,4,31514,800.0
Harmony,chopper_command,4,31927,600.0
Harmony,chopper_command,4,32155,800.0
Harmony,chopper_command,4,32667,700.0
Harmony,chopper_command,4,33970,800.0
Harmony,chopper_command,4,34374,800.0
Harmony,chopper_command,4,34789,800.0
Harmony,chopper_command,4,35341,700.0
Harmony,chopper_command,4,36128,1100.0
Harmony,chopper_command,4,36930,1000.0
Harmony,chopper_command,4,37162,800.0
Harmony,chopper_command,4,37407,900.0
Harmony,chopper_command,4,37770,400.0
Harmony,chopper_command,4,38109,600.0
Harmony,chopper_command,4,38289,500.0
Harmony,chopper_command,4,38641,400.0
Harmony,chopper_command,4,39061,700.0
Harmony,chopper_command,4,39996,900.0
Harmony,chopper_command,4,40269,800.0
Harmony,chopper_command,4,40496,800.0
Harmony,chopper_command,4,41139,1100.0
Harmony,chopper_command,4,41565,700.0
Harmony,chopper_command,4,42174,1000.0
Harmony,chopper_command,4,42670,1000.0
Harmony,chopper_command,4,43248,1000.0
Harmony,chopper_command,4,43513,600.0
Harmony,chopper_command,4,43788,1000.0
Harmony,chopper_command,4,44069,800.0
Harmony,chopper_command,4,44287,600.0
Harmony,chopper_command,4,44616,1000.0
Harmony,chopper_command,4,45182,600.0
Harmony,chopper_command,4,46020,1300.0
Harmony,chopper_command,4,46500,400.0
Harmony,chopper_command,4,46792,700.0
Harmony,chopper_command,4,47090,1000.0
Harmony,chopper_command,4,47409,900.0
Harmony,chopper_command,4,47724,1000.0
Harmony,chopper_command,4,48195,1000.0
Harmony,chopper_command,4,48536,1000.0
Harmony,chopper_command,4,48865,700.0
Harmony,chopper_command,4,49406,900.0
Harmony,chopper_command,4,49789,1100.0
Harmony,chopper_command,4,50250,600.0
Harmony,chopper_command,4,50519,1000.0
Harmony,chopper_command,4,50836,500.0
Harmony,chopper_command,4,51158,700.0
Harmony,chopper_command,4,51458,500.0
Harmony,chopper_command,4,51806,1000.0
Harmony,chopper_command,4,52265,1000.0
Harmony,chopper_command,4,52494,700.0
Harmony,chopper_command,4,52863,600.0
Harmony,chopper_command,4,53204,1100.0
Harmony,chopper_command,4,53737,1000.0
Harmony,chopper_command,4,54436,1000.0
Harmony,chopper_command,4,54986,700.0
Harmony,chopper_command,4,55501,800.0
Harmony,chopper_command,4,55799,400.0
Harmony,chopper_command,4,56123,900.0
Harmony,chopper_command,4,56415,800.0
Harmony,chopper_command,4,56746,500.0
Harmony,chopper_command,4,57112,600.0
Harmony,chopper_command,4,57422,1100.0
Harmony,chopper_command,4,57677,600.0
Harmony,chopper_command,4,58180,1100.0
Harmony,chopper_command,4,58617,1100.0
Harmony,chopper_command,4,59132,900.0
Harmony,chopper_command,4,59499,1100.0
Harmony,chopper_command,4,59834,900.0
Harmony,chopper_command,4,60131,500.0
Harmony,chopper_command,4,60530,800.0
Harmony,chopper_command,4,60863,800.0
Harmony,chopper_command,4,61101,600.0
Harmony,chopper_command,4,61352,700.0
Harmony,chopper_command,4,61619,900.0
Harmony,chopper_command,4,62090,1300.0
Harmony,chopper_command,4,62482,700.0
Harmony,chopper_command,4,62943,1200.0
Harmony,chopper_command,4,63254,600.0
Harmony,chopper_command,4,63496,500.0
Harmony,chopper_command,4,64392,1000.0
Harmony,chopper_command,4,64885,900.0
Harmony,chopper_command,4,65464,1000.0
Harmony,chopper_command,4,65764,700.0
Harmony,chopper_command,4,66012,600.0
Harmony,chopper_command,4,66320,900.0
Harmony,chopper_command,4,66674,1000.0
Harmony,chopper_command,4,67076,1500.0
Harmony,chopper_command,4,68391,2200.0
Harmony,chopper_command,4,68693,600.0
Harmony,chopper_command,4,68879,500.0
Harmony,chopper_command,4,69235,1200.0
Harmony,chopper_command,4,69648,900.0
Harmony,chopper_command,4,69982,700.0
Harmony,chopper_command,4,70240,600.0
Harmony,chopper_command,4,70721,1300.0
Harmony,chopper_command,4,71813,1200.0
Harmony,chopper_command,4,72110,800.0
Harmony,chopper_command,4,72580,1000.0
Harmony,chopper_command,4,72830,600.0
Harmony,chopper_command,4,73449,900.0
Harmony,chopper_command,4,73775,1000.0
Harmony,chopper_command,4,74283,900.0
Harmony,chopper_command,4,74641,1100.0
Harmony,chopper_command,4,74942,900.0
Harmony,chopper_command,4,75462,1000.0
Harmony,chopper_command,4,75822,900.0
Harmony,chopper_command,4,76113,700.0
Harmony,chopper_command,4,76774,1000.0
Harmony,chopper_command,4,77202,1100.0
Harmony,chopper_command,4,77466,700.0
Harmony,chopper_command,4,78419,2200.0
Harmony,chopper_command,4,78685,700.0
Harmony,chopper_command,4,78973,800.0
Harmony,chopper_command,4,79360,700.0
Harmony,chopper_command,4,79857,1300.0
Harmony,chopper_command,4,80152,600.0
Harmony,chopper_command,4,80445,900.0
Harmony,chopper_command,4,80753,700.0
Harmony,chopper_command,4,80980,500.0
Harmony,chopper_command,4,82364,2800.0
Harmony,chopper_command,4,82731,1100.0
Harmony,chopper_command,4,82981,600.0
Harmony,chopper_command,4,83213,600.0
Harmony,chopper_command,4,83627,900.0
Harmony,chopper_command,4,84320,1100.0
Harmony,chopper_command,4,84941,1600.0
Harmony,chopper_command,4,85268,1300.0
Harmony,chopper_command,4,85947,1600.0
Harmony,chopper_command,4,86144,600.0
Harmony,chopper_command,4,86457,700.0
Harmony,chopper_command,4,87851,2400.0
Harmony,chopper_command,4,88432,1100.0
Harmony,chopper_command,4,88762,900.0
Harmony,chopper_command,4,89129,1000.0
Harmony,chopper_command,4,89523,900.0
Harmony,chopper_command,4,90069,1600.0
Harmony,chopper_command,4,90466,1000.0
Harmony,chopper_command,4,91420,1400.0
Harmony,chopper_command,4,91812,900.0
Harmony,chopper_command,4,92356,1600.0
Harmony,chopper_command,4,92755,1100.0
Harmony,chopper_command,4,93194,1600.0
Harmony,chopper_command,4,93693,1200.0
Harmony,chopper_command,4,94122,900.0
Harmony,chopper_command,4,95295,4400.0
Harmony,chopper_command,4,95818,900.0
Harmony,chopper_command,4,96059,700.0
Harmony,chopper_command,4,96381,1000.0
Harmony,chopper_command,4,97558,1500.0
Harmony,chopper_command,4,98334,2400.0
Harmony,chopper_command,4,99304,2300.0
Harmony,crazy_climber,4,4264,11200.0
Harmony,crazy_climber,4,8058,8700.0
Harmony,crazy_climber,4,11171,4300.0
Harmony,crazy_climber,4,15190,11000.0
Harmony,crazy_climber,4,19065,26700.0
Harmony,crazy_climber,4,22070,16500.0
Harmony,crazy_climber,4,24899,18300.0
Harmony,crazy_climber,4,27421,29600.0
Harmony,crazy_climber,4,30613,26100.0
Harmony,crazy_climber,4,33323,18500.0
Harmony,crazy_climber,4,38571,66800.0
Harmony,crazy_climber,4,41164,38900.0
Harmony,crazy_climber,4,43751,40800.0
Harmony,crazy_climber,4,46935,40500.0
Harmony,crazy_climber,4,50472,48500.0
Harmony,crazy_climber,4,52901,23900.0
Harmony,crazy_climber,4,55206,28300.0
Harmony,crazy_climber,4,57629,28700.0
Harmony,crazy_climber,4,60977,51700.0
Harmony,crazy_climber,4,63382,40700.0
Harmony,crazy_climber,4,65727,38400.0
Harmony,crazy_climber,4,68201,29500.0
Harmony,crazy_climber,4,70183,28500.0
Harmony,crazy_climber,4,72437,35600.0
Harmony,crazy_climber,4,75465,56800.0
Harmony,crazy_climber,4,77945,38200.0
Harmony,crazy_climber,4,80755,37300.0
Harmony,crazy_climber,4,82968,34900.0
Harmony,crazy_climber,4,85494,37900.0
Harmony,crazy_climber,4,87974,28500.0
Harmony,crazy_climber,4,90749,46700.0
Harmony,crazy_climber,4,94752,74700.0
Harmony,crazy_climber,4,97920,52500.0
Harmony,demon_attack,4,443,60.0
Harmony,demon_attack,4,1841,140.0
Harmony,demon_attack,4,2090,40.0
Harmony,demon_attack,4,2646,100.0
Harmony,demon_attack,4,4563,175.0
Harmony,demon_attack,4,5233,90.0
Harmony,demon_attack,4,6129,150.0
Harmony,demon_attack,4,6719,70.0
Harmony,demon_attack,4,7676,160.0
Harmony,demon_attack,4,10898,310.0
Harmony,demon_attack,4,12006,295.0
Harmony,demon_attack,4,13583,325.0
Harmony,demon_attack,4,14563,220.0
Harmony,demon_attack,4,16242,310.0
Harmony,demon_attack,4,16971,150.0
Harmony,demon_attack,4,17840,190.0
Harmony,demon_attack,4,19075,250.0
Harmony,demon_attack,4,19953,190.0
Harmony,demon_attack,4,20517,140.0
Harmony,demon_attack,4,21680,310.0
Harmony,demon_attack,4,22546,150.0
Harmony,demon_attack,4,23755,295.0
Harmony,demon_attack,4,24060,40.0
Harmony,demon_attack,4,26012,250.0
Harmony,demon_attack,4,26957,140.0
Harmony,demon_attack,4,27412,90.0
Harmony,demon_attack,4,29318,620.0
Harmony,demon_attack,4,29524,30.0
Harmony,demon_attack,4,30060,100.0
Harmony,demon_attack,4,30360,50.0
Harmony,demon_attack,4,30818,40.0
Harmony,demon_attack,4,31030,30.0
Harmony,demon_attack,4,31613,120.0
Harmony,demon_attack,4,33450,420.0
Harmony,demon_attack,4,35085,860.0
Harmony,demon_attack,4,36822,400.0
Harmony,demon_attack,4,37848,220.0
Harmony,demon_attack,4,39291,385.0
Harmony,demon_attack,4,40386,235.0
Harmony,demon_attack,4,41513,280.0
Harmony,demon_attack,4,42816,220.0
Harmony,demon_attack,4,43333,150.0
Harmony,demon_attack,4,44458,175.0
Harmony,demon_attack,4,44847,80.0
Harmony,demon_attack,4,46273,355.0
Harmony,demon_attack,4,48037,520.0
Harmony,demon_attack,4,49201,235.0
Harmony,demon_attack,4,49755,110.0
Harmony,demon_attack,4,50198,100.0
Harmony,demon_attack,4,52403,520.0
Harmony,demon_attack,4,53610,295.0
Harmony,demon_attack,4,54855,280.0
Harmony,demon_attack,4,56596,310.0
Harmony,demon_attack,4,57842,325.0
Harmony,demon_attack,4,59008,355.0
Harmony,demon_attack,4,59695,140.0
Harmony,demon_attack,4,60773,205.0
Harmony,demon_attack,4,61132,80.0
Harmony,demon_attack,4,62905,310.0
Harmony,demon_attack,4,63837,235.0
Harmony,demon_attack,4,64875,220.0
Harmony,demon_attack,4,65946,355.0
Harmony,demon_attack,4,67061,160.0
Harmony,demon_attack,4,67685,140.0
Harmony,demon_attack,4,68520,190.0
Harmony,demon_attack,4,69697,310.0
Harmony,demon_attack,4,70461,190.0
Harmony,demon_attack,4,71884,370.0
Harmony,demon_attack,4,73726,940.0
Harmony,demon_attack,4,74169,50.0
Harmony,demon_attack,4,75374,310.0
Harmony,demon_attack,4,75996,150.0
Harmony,demon_attack,4,76402,90.0
Harmony,demon_attack,4,77405,250.0
Harmony,demon_attack,4,78060,160.0
Harmony,demon_attack,4,79615,310.0
Harmony,demon_attack,4,80241,100.0
Harmony,demon_attack,4,81881,500.0
Harmony,demon_attack,4,82920,150.0
Harmony,demon_attack,4,83819,175.0
Harmony,demon_attack,4,84982,220.0
Harmony,demon_attack,4,85220,60.0
Harmony,demon_attack,4,86799,295.0
Harmony,demon_attack,4,87075,40.0
Harmony,demon_attack,4,87519,80.0
Harmony,demon_attack,4,88441,220.0
Harmony,demon_attack,4,89710,325.0
Harmony,demon_attack,4,90483,140.0
Harmony,demon_attack,4,91601,250.0
Harmony,demon_attack,4,92931,190.0
Harmony,demon_attack,4,93499,120.0
Harmony,demon_attack,4,93987,80.0
Harmony,demon_attack,4,95058,220.0
Harmony,demon_attack,4,96887,640.0
Harmony,demon_attack,4,97688,190.0
Harmony,demon_attack,4,97921,60.0
Harmony,demon_attack,4,98386,120.0
Harmony,demon_attack,4,98916,175.0
Harmony,demon_attack,4,99591,140.0
Harmony,freeway,4,2045,0.0
Harmony,freeway,4,4089,0.0
Harmony,freeway,4,6135,0.0
Harmony,freeway,4,8183,0.0
Harmony,freeway,4,10230,0.0
Harmony,freeway,4,12273,0.0
Harmony,freeway,4,14316,0.0
Harmony,freeway,4,16359,0.0
Harmony,freeway,4,18405,0.0
Harmony,freeway,4,20452,0.0
Harmony,freeway,4,22497,0.0
Harmony,freeway,4,24543,0.0
Harmony,freeway,4,26589,0.0
Harmony,freeway,4,28631,0.0
Harmony,freeway,4,30674,0.0
Harmony,freeway,4,32722,0.0
Harmony,freeway,4,34767,0.0
Harmony,freeway,4,36809,0.0
Harmony,freeway,4,38856,0.0
Harmony,freeway,4,40904,0.0
Harmony,freeway,4,42947,0.0
Harmony,freeway,4,44991,0.0
Harmony,freeway,4,47036,0.0
Harmony,freeway,4,49078,0.0
Harmony,freeway,4,51121,0.0
Harmony,freeway,4,53164,0.0
Harmony,freeway,4,55210,0.0
Harmony,freeway,4,57254,0.0
Harmony,freeway,4,59295,0.0
Harmony,freeway,4,61343,0.0
Harmony,freeway,4,63389,0.0
Harmony,freeway,4,65436,0.0
Harmony,freeway,4,67484,0.0
Harmony,freeway,4,69526,0.0
Harmony,freeway,4,71570,0.0
Harmony,freeway,4,73615,0.0
Harmony,freeway,4,75660,0.0
Harmony,freeway,4,77706,0.0
Harmony,freeway,4,79747,0.0
Harmony,freeway,4,81791,0.0
Harmony,freeway,4,83835,0.0
Harmony,freeway,4,85880,0.0
Harmony,freeway,4,87927,0.0
Harmony,freeway,4,89972,0.0
Harmony,freeway,4,92018,0.0
Harmony,freeway,4,94060,0.0
Harmony,freeway,4,96108,0.0
Harmony,freeway,4,98153,0.0
Harmony,frostbite,4,497,80.0
Harmony,frostbite,4,851,70.0
Harmony,frostbite,4,1182,30.0
Harmony,frostbite,4,1432,0.0
Harmony,frostbite,4,1835,80.0
Harmony,frostbite,4,2150,20.0
Harmony,frostbite,4,2525,90.0
Harmony,frostbite,4,2968,100.0
Harmony,frostbite,4,3457,80.0
Harmony,frostbite,4,3916,140.0
Harmony,frostbite,4,4350,150.0
Harmony,frostbite,4,4761,50.0
Harmony,frostbite,4,5066,30.0
Harmony,frostbite,4,5378,70.0
Harmony,frostbite,4,5759,70.0
Harmony,frostbite,4,6010,10.0
Harmony,frostbite,4,6510,70.0
Harmony,frostbite,4,6852,100.0
Harmony,frostbite,4,7224,100.0
Harmony,frostbite,4,7613,70.0
Harmony,frostbite,4,7975,120.0
Harmony,frostbite,4,8276,50.0
Harmony,frostbite,4,8700,60.0
Harmony,frostbite,4,9004,30.0
Harmony,frostbite,4,9375,100.0
Harmony,frostbite,4,9633,20.0
Harmony,frostbite,4,10204,150.0
Harmony,frostbite,4,10734,140.0
Harmony,frostbite,4,11254,150.0
Harmony,frostbite,4,11918,180.0
Harmony,frostbite,4,12728,200.0
Harmony,frostbite,4,13226,180.0
Harmony,frostbite,4,13674,160.0
Harmony,frostbite,4,14087,160.0
Harmony,frostbite,4,14484,180.0
Harmony,frostbite,4,14864,140.0
Harmony,frostbite,4,15317,160.0
Harmony,frostbite,4,15727,160.0
Harmony,frostbite,4,16099,170.0
Harmony,frostbite,4,16503,160.0
Harmony,frostbite,4,16895,170.0
Harmony,frostbite,4,17334,220.0
Harmony,frostbite,4,17827,250.0
Harmony,frostbite,4,18290,230.0
Harmony,frostbite,4,19066,1340.0
Harmony,frostbite,4,19577,190.0
Harmony,frostbite,4,20167,780.0
Harmony,frostbite,4,20586,160.0
Harmony,frostbite,4,21192,240.0
Harmony,frostbite,4,21963,230.0
Harmony,frostbite,4,22845,2590.0
Harmony,frostbite,4,23644,900.0
Harmony,frostbite,4,24340,230.0
Harmony,frostbite,4,25170,770.0
Harmony,frostbite,4,25771,790.0
Harmony,frostbite,4,26346,710.0
Harmony,frostbite,4,26939,750.0
Harmony,frostbite,4,27479,710.0
Harmony,frostbite,4,28331,970.0
Harmony,frostbite,4,28810,210.0
Harmony,frostbite,4,29703,3010.0
Harmony,frostbite,4,30409,1100.0
Harmony,frostbite,4,31274,1840.0
Harmony,frostbite,4,32050,1600.0
Harmony,frostbite,4,32888,1730.0
Harmony,frostbite,4,33724,1460.0
Harmony,frostbite,4,34446,1380.0
Harmony,frostbite,4,35166,960.0
Harmony,frostbite,4,35564,200.0
Harmony,frostbite,4,36067,250.0
Harmony,frostbite,4,37091,2480.0
Harmony,frostbite,4,37951,1630.0
Harmony,frostbite,4,39065,2550.0
Harmony,frostbite,4,39814,1180.0
Harmony,frostbite,4,40700,1540.0
Harmony,frostbite,4,41515,1770.0
Harmony,frostbite,4,42187,1300.0
Harmony,frostbite,4,43266,2120.0
Harmony,frostbite,4,43678,190.0
Harmony,frostbite,4,44860,3570.0
Harmony,frostbite,4,45676,1580.0
Harmony,frostbite,4,46474,1790.0
Harmony,frostbite,4,47316,1470.0
Harmony,frostbite,4,48215,2030.0
Harmony,frostbite,4,49027,1990.0
Harmony,frostbite,4,49919,2200.0
Harmony,frostbite,4,50793,2230.0
Harmony,frostbite,4,51856,3170.0
Harmony,frostbite,4,52670,2190.0
Harmony,frostbite,4,53518,2190.0
Harmony,frostbite,4,54690,3510.0
Harmony,frostbite,4,55646,2440.0
Harmony,frostbite,4,56519,2200.0
Harmony,frostbite,4,57407,2020.0
Harmony,frostbite,4,57877,250.0
Harmony,frostbite,4,58734,1770.0
Harmony,frostbite,4,59711,2570.0
Harmony,frostbite,4,60629,2200.0
Harmony,frostbite,4,61572,2390.0
Harmony,frostbite,4,62444,2570.0
Harmony,frostbite,4,63486,3080.0
Harmony,frostbite,4,64462,2370.0
Harmony,frostbite,4,65278,1560.0
Harmony,frostbite,4,66309,2210.0
Harmony,frostbite,4,67184,2170.0
Harmony,frostbite,4,68029,2170.0
Harmony,frostbite,4,68858,1600.0
Harmony,frostbite,4,69643,1570.0
Harmony,frostbite,4,70667,2630.0
Harmony,frostbite,4,71506,1760.0
Harmony,frostbite,4,72511,2570.0
Harmony,frostbite,4,73777,3520.0
Harmony,frostbite,4,74658,2390.0
Harmony,frostbite,4,75752,3520.0
Harmony,frostbite,4,76547,1770.0
Harmony,frostbite,4,77334,1570.0
Harmony,frostbite,4,78184,1960.0
Harmony,frostbite,4,79278,3150.0
Harmony,frostbite,4,80138,1620.0
Harmony,frostbite,4,80968,2170.0
Harmony,frostbite,4,81985,3090.0
Harmony,frostbite,4,82865,2370.0
Harmony,frostbite,4,83780,1970.0
Harmony,frostbite,4,84735,2220.0
Harmony,frostbite,4,85577,2190.0
Harmony,frostbite,4,86364,1570.0
Harmony,frostbite,4,87573,3590.0
Harmony,frostbite,4,88468,2400.0
Harmony,frostbite,4,89154,1450.0
Harmony,frostbite,4,90034,2580.0
Harmony,frostbite,4,91095,3880.0
Harmony,frostbite,4,92165,3760.0
Harmony,frostbite,4,93187,2940.0
Harmony,frostbite,4,94280,3470.0
Harmony,frostbite,4,95125,2380.0
Harmony,frostbite,4,95991,1960.0
Harmony,frostbite,4,97089,3560.0
Harmony,frostbite,4,98246,3650.0
Harmony,frostbite,4,99124,2170.0
Harmony,frostbite,4,99957,2390.0
Harmony,gopher,4,1605,520.0
Harmony,gopher,4,2649,380.0
Harmony,gopher,4,4043,220.0
Harmony,gopher,4,4999,120.0
Harmony,gopher,4,6115,480.0
Harmony,gopher,4,7253,320.0
Harmony,gopher,4,8553,640.0
Harmony,gopher,4,9161,160.0
Harmony,gopher,4,9864,80.0
Harmony,gopher,4,10885,280.0
Harmony,gopher,4,11765,160.0
Harmony,gopher,4,13184,840.0
Harmony,gopher,4,14202,400.0
Harmony,gopher,4,15437,500.0
Harmony,gopher,4,16103,80.0
Harmony,gopher,4,16817,100.0
Harmony,gopher,4,17688,340.0
Harmony,gopher,4,18275,80.0
Harmony,gopher,4,19162,260.0
Harmony,gopher,4,20086,200.0
Harmony,gopher,4,21829,980.0
Harmony,gopher,4,23081,780.0
Harmony,gopher,4,23674,20.0
Harmony,gopher,4,24183,120.0
Harmony,gopher,4,24944,100.0
Harmony,gopher,4,25622,100.0
Harmony,gopher,4,26655,480.0
Harmony,gopher,4,27533,340.0
Harmony,gopher,4,28732,300.0
Harmony,gopher,4,29376,140.0
Harmony,gopher,4,30463,260.0
Harmony,gopher,4,30992,60.0
Harmony,gopher,4,31706,120.0
Harmony,gopher,4,32642,120.0
Harmony,gopher,4,33442,40.0
Harmony,gopher,4,34095,120.0
Harmony,gopher,4,35291,680.0
Harmony,gopher,4,36047,180.0
Harmony,gopher,4,37023,520.0
Harmony,gopher,4,38299,660.0
Harmony,gopher,4,39844,980.0
Harmony,gopher,4,41356,1100.0
Harmony,gopher,4,42670,840.0
Harmony,gopher,4,43865,700.0
Harmony,gopher,4,45508,1440.0
Harmony,gopher,4,47185,2200.0
Harmony,gopher,4,48445,820.0
Harmony,gopher,4,50006,1380.0
Harmony,gopher,4,50980,860.0
Harmony,gopher,4,52225,1120.0
Harmony,gopher,4,52803,60.0
Harmony,gopher,4,54429,1180.0
Harmony,gopher,4,55707,1140.0
Harmony,gopher,4,56737,600.0
Harmony,gopher,4,58301,1180.0
Harmony,gopher,4,59404,760.0
Harmony,gopher,4,61495,1660.0
Harmony,gopher,4,62228,360.0
Harmony,gopher,4,63640,1120.0
Harmony,gopher,4,64567,660.0
Harmony,gopher,4,65576,460.0
Harmony,gopher,4,66641,440.0
Harmony,gopher,4,67214,100.0
Harmony,gopher,4,68307,640.0
Harmony,gopher,4,69714,880.0
Harmony,gopher,4,71986,2040.0
Harmony,gopher,4,73110,700.0
Harmony,gopher,4,74035,620.0
Harmony,gopher,4,74766,320.0
Harmony,gopher,4,75690,940.0
Harmony,gopher,4,76595,680.0
Harmony,gopher,4,78258,1560.0
Harmony,gopher,4,79624,680.0
Harmony,gopher,4,80651,1180.0
Harmony,gopher,4,82194,1680.0
Harmony,gopher,4,83162,600.0
Harmony,gopher,4,84033,740.0
Harmony,gopher,4,85506,1720.0
Harmony,gopher,4,86851,900.0
Harmony,gopher,4,87479,240.0
Harmony,gopher,4,88686,720.0
Harmony,gopher,4,90300,920.0
Harmony,gopher,4,92016,1320.0
Harmony,gopher,4,93241,660.0
Harmony,gopher,4,94167,520.0
Harmony,gopher,4,95485,1380.0
Harmony,gopher,4,96956,1180.0
Harmony,gopher,4,98196,1100.0
Harmony,gopher,4,99274,820.0
Harmony,hero,4,1359,1605.0
Harmony,hero,4,2820,0.0
Harmony,hero,4,4005,1565.0
Harmony,hero,4,5486,0.0
Harmony,hero,4,5816,0.0
Harmony,hero,4,7275,0.0
Harmony,hero,4,7736,0.0
Harmony,hero,4,8068,0.0
Harmony,hero,4,9093,2045.0
Harmony,hero,4,11110,2905.0
Harmony,hero,4,11835,75.0
Harmony,hero,4,13602,2710.0
Harmony,hero,4,15769,2435.0
Harmony,hero,4,17500,2925.0
Harmony,hero,4,17893,75.0
Harmony,hero,4,18371,2855.0
Harmony,hero,4,18853,2825.0
Harmony,hero,4,19403,2750.0
Harmony,hero,4,19805,2755.0
Harmony,hero,4,20173,75.0
Harmony,hero,4,20636,2695.0
Harmony,hero,4,21205,2825.0
Harmony,hero,4,21869,2845.0
Harmony,hero,4,22779,2805.0
Harmony,hero,4,23354,3060.0
Harmony,hero,4,24082,2805.0
Harmony,hero,4,25897,2805.0
Harmony,hero,4,26437,3000.0
Harmony,hero,4,27003,2900.0
Harmony,hero,4,28612,3165.0
Harmony,hero,4,29051,2960.0
Harmony,hero,4,29490,2920.0
Harmony,hero,4,30175,2990.0
Harmony,hero,4,30659,3000.0
Harmony,hero,4,31148,3060.0
Harmony,hero,4,32822,3135.0
Harmony,hero,4,33332,3040.0
Harmony,hero,4,33768,3010.0
Harmony,hero,4,34376,3060.0
Harmony,hero,4,36029,3000.0
Harmony,hero,4,37644,5950.0
Harmony,hero,4,38244,3060.0
Harmony,hero,4,38856,3010.0
Harmony,hero,4,39397,3010.0
Harmony,hero,4,40674,3010.0
Harmony,hero,4,42277,3060.0
Harmony,hero,4,42742,3060.0
Harmony,hero,4,43164,3040.0
Harmony,hero,4,43601,3060.0
Harmony,hero,4,45171,3060.0
Harmony,hero,4,45629,2990.0
Harmony,hero,4,46082,2970.0
Harmony,hero,4,46540,3040.0
Harmony,hero,4,46947,3135.0
Harmony,hero,4,47409,3060.0
Harmony,hero,4,47953,3035.0
Harmony,hero,4,48358,3040.0
Harmony,hero,4,49070,6775.0
Harmony,hero,4,49603,2990.0
Harmony,hero,4,50049,2940.0
Harmony,hero,4,50490,3115.0
Harmony,hero,4,52110,3060.0
Harmony,hero,4,53156,3185.0
Harmony,hero,4,54149,3040.0
Harmony,hero,4,54554,3060.0
Harmony,hero,4,55212,2990.0
Harmony,hero,4,55799,3135.0
Harmony,hero,4,56313,3010.0
Harmony,hero,4,56839,3060.0
Harmony,hero,4,57367,3060.0
Harmony,hero,4,57831,2970.0
Harmony,hero,4,58253,3135.0
Harmony,hero,4,58911,6975.0
Harmony,hero,4,59325,3135.0
Harmony,hero,4,59801,3235.0
Harmony,hero,4,60274,3235.0
Harmony,hero,4,60855,3135.0
Harmony,hero,4,61359,3135.0
Harmony,hero,4,62043,7325.0
Harmony,hero,4,62486,3135.0
Harmony,hero,4,63265,7005.0
Harmony,hero,4,64318,6590.0
Harmony,hero,4,64792,3135.0
Harmony,hero,4,65941,6900.0
Harmony,hero,4,67848,7215.0
Harmony,hero,4,71041,7180.0
Harmony,hero,4,71701,7215.0
Harmony,hero,4,73626,7275.0
Harmony,hero,4,74412,7380.0
Harmony,hero,4,75313,7025.0
Harmony,hero,4,75860,7400.0
Harmony,hero,4,76711,7315.0
Harmony,hero,4,77234,7520.0
Harmony,hero,4,77765,7470.0
Harmony,hero,4,78144,3135.0
Harmony,hero,4,78650,7560.0
Harmony,hero,4,79185,7560.0
Harmony,hero,4,79739,7480.0
Harmony,hero,4,80256,7560.0
Harmony,hero,4,80763,7560.0
Harmony,hero,4,81289,7520.0
Harmony,hero,4,81801,7560.0
Harmony,hero,4,82312,7560.0
Harmony,hero,4,82827,7560.0
Harmony,hero,4,83416,7400.0
Harmony,hero,4,83958,7390.0
Harmony,hero,4,84546,7570.0
Harmony,hero,4,85115,7530.0
Harmony,hero,4,85635,7560.0
Harmony,hero,4,86475,7530.0
Harmony,hero,4,87172,7485.0
Harmony,hero,4,88107,7530.0
Harmony,hero,4,88743,7530.0
Harmony,hero,4,89464,7470.0
Harmony,hero,4,90020,7560.0
Harmony,hero,4,90624,7560.0
Harmony,hero,4,91154,7510.0
Harmony,hero,4,91784,7610.0
Harmony,hero,4,92333,7520.0
Harmony,hero,4,92916,7560.0
Harmony,hero,4,93503,7390.0
Harmony,hero,4,94062,7570.0
Harmony,hero,4,95061,7620.0
Harmony,hero,4,96483,7560.0
Harmony,hero,4,97261,7560.0
Harmony,hero,4,97993,7560.0
Harmony,hero,4,98737,7520.0
Harmony,hero,4,99504,7485.0
Harmony,jamesbond,4,498,50.0
Harmony,jamesbond,4,1079,50.0
Harmony,jamesbond,4,1627,50.0
Harmony,jamesbond,4,2125,0.0
Harmony,jamesbond,4,2623,50.0
Harmony,jamesbond,4,3154,0.0
Harmony,jamesbond,4,3646,50.0
Harmony,jamesbond,4,4135,0.0
Harmony,jamesbond,4,4603,0.0
Harmony,jamesbond,4,5070,50.0
Harmony,jamesbond,4,5604,0.0
Harmony,jamesbond,4,6112,100.0
Harmony,jamesbond,4,6617,100.0
Harmony,jamesbond,4,7097,0.0
Harmony,jamesbond,4,7556,0.0
Harmony,jamesbond,4,8011,0.0
Harmony,jamesbond,4,8473,0.0
Harmony,jamesbond,4,8933,0.0
Harmony,jamesbond,4,9341,0.0
Harmony,jamesbond,4,9754,150.0
Harmony,jamesbond,4,10124,50.0
Harmony,jamesbond,4,10663,50.0
Harmony,jamesbond,4,11074,0.0
Harmony,jamesbond,4,11505,100.0
Harmony,jamesbond,4,11898,0.0
Harmony,jamesbond,4,12456,100.0
Harmony,jamesbond,4,12975,50.0
Harmony,jamesbond,4,13855,50.0
Harmony,jamesbond,4,14504,0.0
Harmony,jamesbond,4,15358,0.0
Harmony,jamesbond,4,16106,150.0
Harmony,jamesbond,4,16830,0.0
Harmony,jamesbond,4,17461,0.0
Harmony,jamesbond,4,18008,0.0
Harmony,jamesbond,4,18757,50.0
Harmony,jamesbond,4,19638,50.0
Harmony,jamesbond,4,20539,0.0
Harmony,jamesbond,4,21833,0.0
Harmony,jamesbond,4,22439,0.0
Harmony,jamesbond,4,23163,0.0
Harmony,jamesbond,4,23956,50.0
Harmony,jamesbond,4,24485,50.0
Harmony,jamesbond,4,25331,0.0
Harmony,jamesbond,4,26144,50.0
Harmony,jamesbond,4,26887,0.0
Harmony,jamesbond,4,27325,50.0
Harmony,jamesbond,4,27838,50.0
Harmony,jamesbond,4,28448,100.0
Harmony,jamesbond,4,28986,50.0
Harmony,jamesbond,4,29969,50.0
Harmony,jamesbond,4,30873,50.0
Harmony,jamesbond,4,31653,200.0
Harmony,jamesbond,4,32657,50.0
Harmony,jamesbond,4,33403,100.0
Harmony,jamesbond,4,34377,100.0
Harmony,jamesbond,4,35114,100.0
Harmony,jamesbond,4,35911,0.0
Harmony,jamesbond,4,36709,50.0
Harmony,jamesbond,4,37701,0.0
Harmony,jamesbond,4,38397,100.0
Harmony,jamesbond,4,39045,100.0
Harmony,jamesbond,4,39734,0.0
Harmony,jamesbond,4,40734,100.0
Harmony,jamesbond,4,41248,100.0
Harmony,jamesbond,4,42195,100.0
Harmony,jamesbond,4,42869,50.0
Harmony,jamesbond,4,43401,0.0
Harmony,jamesbond,4,44090,150.0
Harmony,jamesbond,4,44998,200.0
Harmony,jamesbond,4,46544,300.0
Harmony,jamesbond,4,47905,150.0
Harmony,jamesbond,4,49381,350.0
Harmony,jamesbond,4,50131,100.0
Harmony,jamesbond,4,50918,100.0
Harmony,jamesbond,4,52718,400.0
Harmony,jamesbond,4,53751,300.0
Harmony,jamesbond,4,54620,100.0
Harmony,jamesbond,4,55722,400.0
Harmony,jamesbond,4,56454,150.0
Harmony,jamesbond,4,57603,250.0
Harmony,jamesbond,4,58770,300.0
Harmony,jamesbond,4,60650,350.0
Harmony,jamesbond,4,62138,400.0
Harmony,jamesbond,4,63303,300.0
Harmony,jamesbond,4,64665,400.0
Harmony,jamesbond,4,66501,450.0
Harmony,jamesbond,4,67791,400.0
Harmony,jamesbond,4,68923,250.0
Harmony,jamesbond,4,71026,600.0
Harmony,jamesbond,4,72673,350.0
Harmony,jamesbond,4,73722,350.0
Harmony,jamesbond,4,75497,650.0
Harmony,jamesbond,4,76882,350.0
Harmony,jamesbond,4,78142,400.0
Harmony,jamesbond,4,80080,600.0
Harmony,jamesbond,4,81235,450.0
Harmony,jamesbond,4,82830,500.0
Harmony,jamesbond,4,85365,950.0
Harmony,jamesbond,4,86637,500.0
Harmony,jamesbond,4,88274,450.0
Harmony,jamesbond,4,89613,500.0
Harmony,jamesbond,4,90535,400.0
Harmony,jamesbond,4,92157,450.0
Harmony,jamesbond,4,93880,500.0
Harmony,jamesbond,4,95906,500.0
Harmony,jamesbond,4,97524,250.0
Harmony,jamesbond,4,98619,300.0
Harmony,jamesbond,4,99847,450.0
Harmony,kangaroo,4,355,0.0
Harmony,kangaroo,4,1079,200.0
Harmony,kangaroo,4,1361,0.0
Harmony,kangaroo,4,1786,200.0
Harmony,kangaroo,4,2389,0.0
Harmony,kangaroo,4,2937,200.0
Harmony,kangaroo,4,3210,0.0
Harmony,kangaroo,4,3749,200.0
Harmony,kangaroo,4,4029,0.0
Harmony,kangaroo,4,4575,0.0
Harmony,kangaroo,4,4952,0.0
Harmony,kangaroo,4,5621,0.0
Harmony,kangaroo,4,6031,0.0
Harmony,kangaroo,4,6575,200.0
Harmony,kangaroo,4,6990,0.0
Harmony,kangaroo,4,7468,0.0
Harmony,kangaroo,4,8070,0.0
Harmony,kangaroo,4,8544,200.0
Harmony,kangaroo,4,8827,0.0
Harmony,kangaroo,4,9194,0.0
Harmony,kangaroo,4,9473,0.0
Harmony,kangaroo,4,9955,200.0
Harmony,kangaroo,4,10437,400.0
Harmony,kangaroo,4,10842,0.0
Harmony,kangaroo,4,11318,0.0
Harmony,kangaroo,4,11808,0.0
Harmony,kangaroo,4,12211,0.0
Harmony,kangaroo,4,12796,0.0
Harmony,kangaroo,4,13462,0.0
Harmony,kangaroo,4,13904,0.0
Harmony,kangaroo,4,14331,0.0
Harmony,kangaroo,4,14612,0.0
Harmony,kangaroo,4,14884,0.0
Harmony,kangaroo,4,15152,0.0
Harmony,kangaroo,4,15421,0.0
Harmony,kangaroo,4,15692,0.0
Harmony,kangaroo,4,15963,0.0
Harmony,kangaroo,4,16298,0.0
Harmony,kangaroo,4,16565,0.0
Harmony,kangaroo,4,16835,0.0
Harmony,kangaroo,4,17104,0.0
Harmony,kangaroo,4,17375,0.0
Harmony,kangaroo,4,17649,0.0
Harmony,kangaroo,4,17985,0.0
Harmony,kangaroo,4,18321,0.0
Harmony,kangaroo,4,18590,0.0
Harmony,kangaroo,4,18866,0.0
Harmony,kangaroo,4,19139,0.0
Harmony,kangaroo,4,19537,0.0
Harmony,kangaroo,4,19935,0.0
Harmony,kangaroo,4,20282,0.0
Harmony,kangaroo,4,20566,0.0
Harmony,kangaroo,4,20975,200.0
Harmony,kangaroo,4,21260,0.0
Harmony,kangaroo,4,21549,0.0
Harmony,kangaroo,4,21836,0.0
Harmony,kangaroo,4,22181,0.0
Harmony,kangaroo,4,22468,0.0
Harmony,kangaroo,4,22751,0.0
Harmony,kangaroo,4,23040,0.0
Harmony,kangaroo,4,23453,0.0
Harmony,kangaroo,4,23866,0.0
Harmony,kangaroo,4,24163,0.0
Harmony,kangaroo,4,24523,0.0
Harmony,kangaroo,4,24810,0.0
Harmony,kangaroo,4,25104,0.0
Harmony,kangaroo,4,25391,0.0
Harmony,kangaroo,4,25677,0.0
Harmony,kangaroo,4,26028,200.0
Harmony,kangaroo,4,26316,0.0
Harmony,kangaroo,4,26596,0.0
Harmony,kangaroo,4,27022,0.0
Harmony,kangaroo,4,27451,0.0
Harmony,kangaroo,4,28006,200.0
Harmony,kangaroo,4,28292,0.0
Harmony,kangaroo,4,28745,400.0
Harmony,kangaroo,4,29102,0.0
Harmony,kangaroo,4,29395,0.0
Harmony,kangaroo,4,29755,0.0
Harmony,kangaroo,4,30186,400.0
Harmony,kangaroo,4,30532,200.0
Harmony,kangaroo,4,30891,0.0
Harmony,kangaroo,4,31245,200.0
Harmony,kangaroo,4,31606,0.0
Harmony,kangaroo,4,32080,0.0
Harmony,kangaroo,4,32572,200.0
Harmony,kangaroo,4,32860,0.0
Harmony,kangaroo,4,33152,0.0
Harmony,kangaroo,4,33513,200.0
Harmony,kangaroo,4,33937,200.0
Harmony,kangaroo,4,34295,200.0
Harmony,kangaroo,4,34597,0.0
Harmony,kangaroo,4,34886,0.0
Harmony,kangaroo,4,35495,0.0
Harmony,kangaroo,4,35794,0.0
Harmony,kangaroo,4,36334,400.0
Harmony,kangaroo,4,36754,200.0
Harmony,kangaroo,4,37170,200.0
Harmony,kangaroo,4,37533,0.0
Harmony,kangaroo,4,37950,400.0
Harmony,kangaroo,4,38434,200.0
Harmony,kangaroo,4,38857,0.0
Harmony,kangaroo,4,39333,200.0
Harmony,kangaroo,4,39761,200.0
Harmony,kangaroo,4,40188,0.0
Harmony,kangaroo,4,40611,400.0
Harmony,kangaroo,4,41220,200.0
Harmony,kangaroo,4,41893,400.0
Harmony,kangaroo,4,42445,400.0
Harmony,kangaroo,4,43000,600.0
Harmony,kangaroo,4,43480,200.0
Harmony,kangaroo,4,43904,400.0
Harmony,kangaroo,4,44454,200.0
Harmony,kangaroo,4,44945,400.0
Harmony,kangaroo,4,45435,600.0
Harmony,kangaroo,4,45797,0.0
Harmony,kangaroo,4,46286,200.0
Harmony,kangaroo,4,46896,1000.0
Harmony,kangaroo,4,47362,400.0
Harmony,kangaroo,4,47913,600.0
Harmony,kangaroo,4,48397,600.0
Harmony,kangaroo,4,48982,1000.0
Harmony,kangaroo,4,49411,200.0
Harmony,kangaroo,4,50023,800.0
Harmony,kangaroo,4,50508,600.0
Harmony,kangaroo,4,51058,800.0
Harmony,kangaroo,4,51485,200.0
Harmony,kangaroo,4,52094,1000.0
Harmony,kangaroo,4,52705,800.0
Harmony,kangaroo,4,53306,1000.0
Harmony,kangaroo,4,53843,400.0
Harmony,kangaroo,4,54450,800.0
Harmony,kangaroo,4,55171,1200.0
Harmony,kangaroo,4,55845,1000.0
Harmony,kangaroo,4,56515,1200.0
Harmony,kangaroo,4,56998,600.0
Harmony,kangaroo,4,57531,400.0
Harmony,kangaroo,4,58199,800.0
Harmony,kangaroo,4,59000,1000.0
Harmony,kangaroo,4,59613,1000.0
Harmony,kangaroo,4,60412,1600.0
Harmony,kangaroo,4,61019,800.0
Harmony,kangaroo,4,61819,1400.0
Harmony,kangaroo,4,62492,1200.0
Harmony,kangaroo,4,63227,1000.0
Harmony,kangaroo,4,63840,600.0
Harmony,kangaroo,4,64643,1000.0
Harmony,kangaroo,4,65311,1200.0
Harmony,kangaroo,4,65985,600.0
Harmony,kangaroo,4,66602,600.0
Harmony,kangaroo,4,67212,400.0
Harmony,kangaroo,4,68014,1400.0
Harmony,kangaroo,4,68752,1200.0
Harmony,kangaroo,4,69490,800.0
Harmony,kangaroo,4,70166,800.0
Harmony,kangaroo,4,70839,1000.0
Harmony,kangaroo,4,71572,1400.0
Harmony,kangaroo,4,72313,1200.0
Harmony,kangaroo,4,72928,1000.0
Harmony,kangaroo,4,73663,1200.0
Harmony,kangaroo,4,74340,800.0
Harmony,kangaroo,4,74952,800.0
Harmony,kangaroo,4,75750,1400.0
Harmony,kangaroo,4,76420,1200.0
Harmony,kangaroo,4,77034,1000.0
Harmony,kangaroo,4,77764,1400.0
Harmony,kangaroo,4,78441,1000.0
Harmony,kangaroo,4,79241,1000.0
Harmony,kangaroo,4,79786,600.0
Harmony,kangaroo,4,80382,600.0
Harmony,kangaroo,4,80993,1000.0
Harmony,kangaroo,4,81539,800.0
Harmony,kangaroo,4,82095,600.0
Harmony,kangaroo,4,82701,600.0
Harmony,kangaroo,4,83117,400.0
Harmony,kangaroo,4,83788,800.0
Harmony,kangaroo,4,84527,1000.0
Harmony,kangaroo,4,85261,800.0
Harmony,kangaroo,4,85933,800.0
Harmony,kangaroo,4,86478,800.0
Harmony,kangaroo,4,87151,1000.0
Harmony,kangaroo,4,87632,600.0
Harmony,kangaroo,4,88373,1200.0
Harmony,kangaroo,4,89049,1000.0
Harmony,kangaroo,4,89726,1000.0
Harmony,kangaroo,4,90531,1800.0
Harmony,kangaroo,4,91277,1200.0
Harmony,kangaroo,4,91890,1000.0
Harmony,kangaroo,4,92559,1200.0
Harmony,kangaroo,4,93487,1800.0
Harmony,kangaroo,4,94101,1200.0
Harmony,kangaroo,4,94838,1400.0
Harmony,kangaroo,4,95515,1200.0
Harmony,kangaroo,4,96123,800.0
Harmony,kangaroo,4,96928,1800.0
Harmony,kangaroo,4,97672,1400.0
Harmony,kangaroo,4,98281,1000.0
Harmony,kangaroo,4,98955,1000.0
Harmony,kangaroo,4,99697,1600.0
Harmony,krull,4,1463,1910.0
Harmony,krull,4,2940,2340.0
Harmony,krull,4,4388,980.0
Harmony,krull,4,5849,1530.0
Harmony,krull,4,7335,1260.0
Harmony,krull,4,8780,2620.0
Harmony,krull,4,10281,1430.0
Harmony,krull,4,11728,2320.0
Harmony,krull,4,13242,1450.0
Harmony,krull,4,14852,2090.0
Harmony,krull,4,16331,2870.0
Harmony,krull,4,17765,2600.0
Harmony,krull,4,19181,2870.0
Harmony,krull,4,20562,2600.0
Harmony,krull,4,21333,1240.0
Harmony,krull,4,22775,3520.0
Harmony,krull,4,23913,2680.0
Harmony,krull,4,25009,2380.0
Harmony,krull,4,26125,2780.0
Harmony,krull,4,27232,3020.0
Harmony,krull,4,28505,4350.0
Harmony,krull,4,29613,3910.0
Harmony,krull,4,30981,5900.0
Harmony,krull,4,32434,6530.0
Harmony,krull,4,33923,7790.0
Harmony,krull,4,35364,7500.0
Harmony,krull,4,36819,7400.0
Harmony,krull,4,38298,7890.0
Harmony,krull,4,39770,7710.0
Harmony,krull,4,40537,2480.0
Harmony,krull,4,41990,7800.0
Harmony,krull,4,43100,5340.0
Harmony,krull,4,44569,8080.0
Harmony,krull,4,46018,8230.0
Harmony,krull,4,47294,6960.0
Harmony,krull,4,48735,8440.0
Harmony,krull,4,50217,8320.0
Harmony,krull,4,51644,8010.0
Harmony,krull,4,53093,8500.0
Harmony,krull,4,54569,8230.0
Harmony,krull,4,56046,8730.0
Harmony,krull,4,57515,8510.0
Harmony,krull,4,59346,9560.0
Harmony,krull,4,60419,5100.0
Harmony,krull,4,62454,11130.0
Harmony,krull,4,63457,5210.0
Harmony,krull,4,64455,5260.0
Harmony,krull,4,67288,15100.0
Harmony,krull,4,68383,5960.0
Harmony,krull,4,70427,11220.0
Harmony,krull,4,71334,4430.0
Harmony,krull,4,73324,10240.0
Harmony,krull,4,74800,8360.0
Harmony,krull,4,76203,8250.0
Harmony,krull,4,78239,9770.0
Harmony,krull,4,79698,8020.0
Harmony,krull,4,81517,9290.0
Harmony,krull,4,83303,8400.0
Harmony,krull,4,84387,5680.0
Harmony,krull,4,85633,6490.0
Harmony,krull,4,86805,6340.0
Harmony,krull,4,89861,14610.0
Harmony,krull,4,91866,11180.0
Harmony,krull,4,93315,8960.0
Harmony,krull,4,94667,7360.0
Harmony,krull,4,96666,10570.0
Harmony,krull,4,98716,11140.0
Harmony,krull,4,99677,4420.0
Harmony,kung_fu_master,4,932,500.0
Harmony,kung_fu_master,4,2134,800.0
Harmony,kung_fu_master,4,2955,0.0
Harmony,kung_fu_master,4,3754,300.0
Harmony,kung_fu_master,4,4522,200.0
Harmony,kung_fu_master,4,5370,100.0
Harmony,kung_fu_master,4,6412,1100.0
Harmony,kung_fu_master,4,7444,600.0
Harmony,kung_fu_master,4,8132,400.0
Harmony,kung_fu_master,4,9171,900.0
Harmony,kung_fu_master,4,10125,400.0
Harmony,kung_fu_master,4,11110,300.0
Harmony,kung_fu_master,4,12314,1400.0
Harmony,kung_fu_master,4,13584,1200.0
Harmony,kung_fu_master,4,14517,700.0
Harmony,kung_fu_master,4,15668,1200.0
Harmony,kung_fu_master,4,16837,4300.0
Harmony,kung_fu_master,4,18324,4800.0
Harmony,kung_fu_master,4,19784,7000.0
Harmony,kung_fu_master,4,20853,3600.0
Harmony,kung_fu_master,4,22533,8500.0
Harmony,kung_fu_master,4,24160,7600.0
Harmony,kung_fu_master,4,25571,3900.0
Harmony,kung_fu_master,4,27278,8000.0
Harmony,kung_fu_master,4,28767,7100.0
Harmony,kung_fu_master,4,30568,8800.0
Harmony,kung_fu_master,4,31917,5000.0
Harmony,kung_fu_master,4,33634,7100.0
Harmony,kung_fu_master,4,35705,8200.0
Harmony,kung_fu_master,4,37329,7200.0
Harmony,kung_fu_master,4,39061,9400.0
Harmony,kung_fu_master,4,40797,8600.0
Harmony,kung_fu_master,4,42556,8400.0
Harmony,kung_fu_master,4,44317,8800.0
Harmony,kung_fu_master,4,46383,10800.0
Harmony,kung_fu_master,4,47987,7000.0
Harmony,kung_fu_master,4,49457,4200.0
Harmony,kung_fu_master,4,51108,8400.0
Harmony,kung_fu_master,4,53227,12200.0
Harmony,kung_fu_master,4,55247,10200.0
Harmony,kung_fu_master,4,57263,10800.0
Harmony,kung_fu_master,4,59190,12400.0
Harmony,kung_fu_master,4,60690,5900.0
Harmony,kung_fu_master,4,62318,8600.0
Harmony,kung_fu_master,4,64529,10000.0
Harmony,kung_fu_master,4,66262,10000.0
Harmony,kung_fu_master,4,68547,12600.0
Harmony,kung_fu_master,4,70569,15200.0
Harmony,kung_fu_master,4,73278,21000.0
Harmony,kung_fu_master,4,76760,31600.0
Harmony,kung_fu_master,4,79218,19600.0
Harmony,kung_fu_master,4,81801,18800.0
Harmony,kung_fu_master,4,84952,24200.0
Harmony,kung_fu_master,4,86636,9800.0
Harmony,kung_fu_master,4,88566,14000.0
Harmony,kung_fu_master,4,91577,25800.0
Harmony,kung_fu_master,4,95662,37200.0
Harmony,kung_fu_master,4,98368,20400.0
Harmony,ms_pacman,4,493,290.0
Harmony,ms_pacman,4,914,140.0
Harmony,ms_pacman,4,1378,200.0
Harmony,ms_pacman,4,1815,270.0
Harmony,ms_pacman,4,2512,700.0
Harmony,ms_pacman,4,2983,330.0
Harmony,ms_pacman,4,3404,230.0
Harmony,ms_pacman,4,3954,270.0
Harmony,ms_pacman,4,4376,180.0
Harmony,ms_pacman,4,4811,190.0
Harmony,ms_pacman,4,5212,140.0
Harmony,ms_pacman,4,5619,180.0
Harmony,ms_pacman,4,6064,160.0
Harmony,ms_pacman,4,6512,260.0
Harmony,ms_pacman,4,7060,280.0
Harmony,ms_pacman,4,7392,150.0
Harmony,ms_pacman,4,7940,200.0
Harmony,ms_pacman,4,8532,390.0
Harmony,ms_pacman,4,9069,110.0
Harmony,ms_pacman,4,9721,500.0
Harmony,ms_pacman,4,10218,390.0
Harmony,ms_pacman,4,10760,170.0
Harmony,ms_pacman,4,11264,230.0
Harmony,ms_pacman,4,11718,210.0
Harmony,ms_pacman,4,12182,240.0
Harmony,ms_pacman,4,12683,380.0
Harmony,ms_pacman,4,13237,240.0
Harmony,ms_pacman,4,13847,120.0
Harmony,ms_pacman,4,14359,260.0
Harmony,ms_pacman,4,14815,280.0
Harmony,ms_pacman,4,15562,420.0
Harmony,ms_pacman,4,16179,250.0
Harmony,ms_pacman,4,17043,260.0
Harmony,ms_pacman,4,17852,260.0
Harmony,ms_pacman,4,18312,180.0
Harmony,ms_pacman,4,18972,540.0
Harmony,ms_pacman,4,19505,560.0
Harmony,ms_pacman,4,20053,980.0
Harmony,ms_pacman,4,20518,270.0
Harmony,ms_pacman,4,21112,670.0
Harmony,ms_pacman,4,21616,270.0
Harmony,ms_pacman,4,22583,490.0
Harmony,ms_pacman,4,23028,310.0
Harmony,ms_pacman,4,23753,930.0
Harmony,ms_pacman,4,24287,170.0
Harmony,ms_pacman,4,24807,170.0
Harmony,ms_pacman,4,25419,370.0
Harmony,ms_pacman,4,26113,500.0
Harmony,ms_pacman,4,26455,370.0
Harmony,ms_pacman,4,27002,480.0
Harmony,ms_pacman,4,27426,330.0
Harmony,ms_pacman,4,27904,460.0
Harmony,ms_pacman,4,28394,620.0
Harmony,ms_pacman,4,28893,500.0
Harmony,ms_pacman,4,29394,400.0
Harmony,ms_pacman,4,29841,290.0
Harmony,ms_pacman,4,30614,400.0
Harmony,ms_pacman,4,31228,580.0
Harmony,ms_pacman,4,31724,640.0
Harmony,ms_pacman,4,32225,440.0
Harmony,ms_pacman,4,32660,460.0
Harmony,ms_pacman,4,33265,460.0
Harmony,ms_pacman,4,33799,330.0
Harmony,ms_pacman,4,34172,220.0
Harmony,ms_pacman,4,34914,400.0
Harmony,ms_pacman,4,35442,400.0
Harmony,ms_pacman,4,36329,1070.0
Harmony,ms_pacman,4,36847,420.0
Harmony,ms_pacman,4,37389,440.0
Harmony,ms_pacman,4,37746,310.0
Harmony,ms_pacman,4,38199,410.0
Harmony,ms_pacman,4,38621,270.0
Harmony,ms_pacman,4,39256,860.0
Harmony,ms_pacman,4,39645,240.0
Harmony,ms_pacman,4,40245,780.0
Harmony,ms_pacman,4,40906,640.0
Harmony,ms_pacman,4,41479,570.0
Harmony,ms_pacman,4,42023,700.0
Harmony,ms_pacman,4,42811,460.0
Harmony,ms_pacman,4,43576,550.0
Harmony,ms_pacman,4,44161,610.0
Harmony,ms_pacman,4,44873,510.0
Harmony,ms_pacman,4,45775,1540.0
Harmony,ms_pacman,4,46363,560.0
Harmony,ms_pacman,4,46873,360.0
Harmony,ms_pacman,4,47350,500.0
Harmony,ms_pacman,4,47928,770.0
Harmony,ms_pacman,4,48504,750.0
Harmony,ms_pacman,4,49125,630.0
Harmony,ms_pacman,4,49750,1110.0
Harmony,ms_pacman,4,50310,580.0
Harmony,ms_pacman,4,50972,760.0
Harmony,ms_pacman,4,51688,910.0
Harmony,ms_pacman,4,52396,650.0
Harmony,ms_pacman,4,52876,440.0
Harmony,ms_pacman,4,53375,460.0
Harmony,ms_pacman,4,54341,790.0
Harmony,ms_pacman,4,55062,910.0
Harmony,ms_pacman,4,55596,510.0
Harmony,ms_pacman,4,56152,590.0
Harmony,ms_pacman,4,56839,820.0
Harmony,ms_pacman,4,57571,960.0
Harmony,ms_pacman,4,58190,690.0
Harmony,ms_pacman,4,58944,1110.0
Harmony,ms_pacman,4,59667,500.0
Harmony,ms_pacman,4,60220,1140.0
Harmony,ms_pacman,4,60841,1330.0
Harmony,ms_pacman,4,61435,650.0
Harmony,ms_pacman,4,61861,420.0
Harmony,ms_pacman,4,62659,920.0
Harmony,ms_pacman,4,63257,760.0
Harmony,ms_pacman,4,63786,670.0
Harmony,ms_pacman,4,64144,370.0
Harmony,ms_pacman,4,64638,510.0
Harmony,ms_pacman,4,65283,960.0
Harmony,ms_pacman,4,65999,820.0
Harmony,ms_pacman,4,66760,720.0
Harmony,ms_pacman,4,67253,620.0
Harmony,ms_pacman,4,67744,480.0
Harmony,ms_pacman,4,68341,1340.0
Harmony,ms_pacman,4,68975,750.0
Harmony,ms_pacman,4,69592,720.0
Harmony,ms_pacman,4,70087,510.0
Harmony,ms_pacman,4,70703,450.0
Harmony,ms_pacman,4,71309,620.0
Harmony,ms_pacman,4,72005,810.0
Harmony,ms_pacman,4,72809,1670.0
Harmony,ms_pacman,4,73256,480.0
Harmony,ms_pacman,4,73884,820.0
Harmony,ms_pacman,4,74421,500.0
Harmony,ms_pacman,4,74803,330.0
Harmony,ms_pacman,4,75331,550.0
Harmony,ms_pacman,4,76030,540.0
Harmony,ms_pacman,4,76632,510.0
Harmony,ms_pacman,4,77707,1620.0
Harmony,ms_pacman,4,78392,1030.0
Harmony,ms_pacman,4,78996,830.0
Harmony,ms_pacman,4,79749,1630.0
Harmony,ms_pacman,4,80324,1350.0
Harmony,ms_pacman,4,80804,530.0
Harmony,ms_pacman,4,81481,750.0
Harmony,ms_pacman,4,82073,820.0
Harmony,ms_pacman,4,82902,650.0
Harmony,ms_pacman,4,83471,740.0
Harmony,ms_pacman,4,84287,1430.0
Harmony,ms_pacman,4,84805,550.0
Harmony,ms_pacman,4,85467,760.0
Harmony,ms_pacman,4,85838,330.0
Harmony,ms_pacman,4,86639,930.0
Harmony,ms_pacman,4,87116,530.0
Harmony,ms_pacman,4,87610,480.0
Harmony,ms_pacman,4,88206,710.0
Harmony,ms_pacman,4,88908,900.0
Harmony,ms_pacman,4,89700,790.0
Harmony,ms_pacman,4,90183,450.0
Harmony,ms_pacman,4,90835,660.0
Harmony,ms_pacman,4,91472,560.0
Harmony,ms_pacman,4,91965,510.0
Harmony,ms_pacman,4,92436,450.0
Harmony,ms_pacman,4,93202,1140.0
Harmony,ms_pacman,4,93816,1460.0
Harmony,ms_pacman,4,94347,820.0
Harmony,ms_pacman,4,94862,460.0
Harmony,ms_pacman,4,95526,1090.0
Harmony,ms_pacman,4,96139,970.0
Harmony,ms_pacman,4,96698,860.0
Harmony,ms_pacman,4,97207,650.0
Harmony,ms_pacman,4,98108,1300.0
Harmony,ms_pacman,4,98804,1040.0
Harmony,ms_pacman,4,99630,1040.0
Harmony,pong,4,952,-20.0
Harmony,pong,4,1740,-21.0
Harmony,pong,4,2558,-21.0
Harmony,pong,4,3490,-20.0
Harmony,pong,4,4419,-20.0
Harmony,pong,4,5387,-21.0
Harmony,pong,4,6264,-21.0
Harmony,pong,4,7336,-20.0
Harmony,pong,4,8171,-20.0
Harmony,pong,4,9013,-20.0
Harmony,pong,4,9792,-21.0
Harmony,pong,4,10573,-21.0
Harmony,pong,4,11395,-21.0
Harmony,pong,4,12349,-20.0
Harmony,pong,4,13108,-21.0
Harmony,pong,4,13891,-21.0
Harmony,pong,4,14671,-21.0
Harmony,pong,4,15429,-21.0
Harmony,pong,4,16252,-21.0
Harmony,pong,4,17133,-21.0
Harmony,pong,4,17952,-21.0
Harmony,pong,4,18790,-20.0
Harmony,pong,4,19660,-20.0
Harmony,pong,4,20576,-20.0
Harmony,pong,4,21395,-21.0
Harmony,pong,4,22274,-21.0
Harmony,pong,4,23257,-20.0
Harmony,pong,4,24166,-21.0
Harmony,pong,4,24985,-21.0
Harmony,pong,4,25768,-21.0
Harmony,pong,4,26652,-21.0
Harmony,pong,4,27475,-21.0
Harmony,pong,4,28301,-21.0
Harmony,pong,4,29215,-20.0
Harmony,pong,4,30279,-18.0
Harmony,pong,4,31346,-20.0
Harmony,pong,4,33035,-17.0
Harmony,pong,4,34660,-18.0
Harmony,pong,4,36743,-16.0
Harmony,pong,4,38176,-21.0
Harmony,pong,4,40274,-19.0
Harmony,pong,4,42751,-15.0
Harmony,pong,4,44977,-19.0
Harmony,pong,4,47568,-17.0
Harmony,pong,4,49924,-17.0
Harmony,pong,4,52320,-19.0
Harmony,pong,4,55294,-13.0
Harmony,pong,4,57904,-13.0
Harmony,pong,4,61342,-10.0
Harmony,pong,4,64455,-9.0
Harmony,pong,4,66980,-11.0
Harmony,pong,4,68993,-17.0
Harmony,pong,4,71379,-15.0
Harmony,pong,4,73840,-14.0
Harmony,pong,4,76840,-16.0
Harmony,pong,4,79721,-14.0
Harmony,pong,4,84004,-9.0
Harmony,pong,4,87733,-10.0
Harmony,pong,4,91156,-11.0
Harmony,pong,4,95670,-8.0
Harmony,private_eye,4,2694,0.0
Harmony,private_eye,4,5388,100.0
Harmony,private_eye,4,8083,-1000.0
Harmony,private_eye,4,10781,-927.0
Harmony,private_eye,4,13478,0.0
Harmony,private_eye,4,16170,0.0
Harmony,private_eye,4,18862,0.0
Harmony,private_eye,4,21555,0.0
Harmony,private_eye,4,24250,0.0
Harmony,private_eye,4,26946,34.0
Harmony,private_eye,4,29640,0.0
Harmony,private_eye,4,32336,0.0
Harmony,private_eye,4,35032,0.0
Harmony,private_eye,4,37723,0.0
Harmony,private_eye,4,40416,0.0
Harmony,private_eye,4,43113,-138.0
Harmony,private_eye,4,45808,-11.0
Harmony,private_eye,4,48499,-535.0
Harmony,private_eye,4,51196,0.0
Harmony,private_eye,4,53893,0.0
Harmony,private_eye,4,56586,0.0
Harmony,private_eye,4,59280,-1000.0
Harmony,private_eye,4,61975,0.0
Harmony,private_eye,4,64667,0.0
Harmony,private_eye,4,67360,0.0
Harmony,private_eye,4,70052,0.0
Harmony,private_eye,4,72747,0.0
Harmony,private_eye,4,75440,0.0
Harmony,private_eye,4,78131,0.0
Harmony,private_eye,4,80829,100.0
Harmony,private_eye,4,83525,100.0
Harmony,private_eye,4,86221,0.0
Harmony,private_eye,4,88918,100.0
Harmony,private_eye,4,91610,100.0
Harmony,private_eye,4,94303,100.0
Harmony,private_eye,4,96998,100.0
Harmony,private_eye,4,99693,100.0
Harmony,qbert,4,324,125.0
Harmony,qbert,4,684,125.0
Harmony,qbert,4,1131,625.0
Harmony,qbert,4,1711,750.0
Harmony,qbert,4,2051,150.0
Harmony,qbert,4,2293,25.0
Harmony,qbert,4,2578,0.0
Harmony,qbert,4,3077,700.0
Harmony,qbert,4,3412,475.0
Harmony,qbert,4,3765,200.0
Harmony,qbert,4,4274,300.0
Harmony,qbert,4,4740,300.0
Harmony,qbert,4,5158,300.0
Harmony,qbert,4,5449,125.0
Harmony,qbert,4,5698,50.0
Harmony,qbert,4,5991,25.0
Harmony,qbert,4,6352,200.0
Harmony,qbert,4,6686,100.0
Harmony,qbert,4,7012,75.0
Harmony,qbert,4,7265,25.0
Harmony,qbert,4,7639,175.0
Harmony,qbert,4,7935,25.0
Harmony,qbert,4,8243,50.0
Harmony,qbert,4,8533,25.0
Harmony,qbert,4,8951,200.0
Harmony,qbert,4,9284,200.0
Harmony,qbert,4,9635,300.0
Harmony,qbert,4,9956,175.0
Harmony,qbert,4,10286,150.0
Harmony,qbert,4,10612,150.0
Harmony,qbert,4,10968,150.0
Harmony,qbert,4,11339,275.0
Harmony,qbert,4,11682,275.0
Harmony,qbert,4,11981,175.0
Harmony,qbert,4,12357,350.0
Harmony,qbert,4,12676,350.0
Harmony,qbert,4,12976,275.0
Harmony,qbert,4,13339,125.0
Harmony,qbert,4,13683,150.0
Harmony,qbert,4,14044,300.0
Harmony,qbert,4,14342,375.0
Harmony,qbert,4,14703,250.0
Harmony,qbert,4,15005,325.0
Harmony,qbert,4,15365,200.0
Harmony,qbert,4,15665,250.0
Harmony,qbert,4,16023,300.0
Harmony,qbert,4,16326,350.0
Harmony,qbert,4,16626,275.0
Harmony,qbert,4,16984,250.0
Harmony,qbert,4,17341,375.0
Harmony,qbert,4,17705,250.0
Harmony,qbert,4,18048,300.0
Harmony,qbert,4,18346,375.0
Harmony,qbert,4,18698,275.0
Harmony,qbert,4,19062,250.0
Harmony,qbert,4,19537,350.0
Harmony,qbert,4,19895,800.0
Harmony,qbert,4,20429,300.0
Harmony,qbert,4,20733,300.0
Harmony,qbert,4,21208,275.0
Harmony,qbert,4,21679,225.0
Harmony,qbert,4,22025,300.0
Harmony,qbert,4,22393,350.0
Harmony,qbert,4,22676,175.0
Harmony,qbert,4,22978,350.0
Harmony,qbert,4,23379,300.0
Harmony,qbert,4,23677,275.0
Harmony,qbert,4,23978,300.0
Harmony,qbert,4,24283,325.0
Harmony,qbert,4,24639,325.0
Harmony,qbert,4,24963,250.0
Harmony,qbert,4,25286,300.0
Harmony,qbert,4,25575,175.0
Harmony,qbert,4,25872,250.0
Harmony,qbert,4,26198,300.0
Harmony,qbert,4,26600,350.0
Harmony,qbert,4,26952,375.0
Harmony,qbert,4,27264,275.0
Harmony,qbert,4,27567,350.0
Harmony,qbert,4,27881,350.0
Harmony,qbert,4,28204,275.0
Harmony,qbert,4,28506,325.0
Harmony,qbert,4,28920,375.0
Harmony,qbert,4,29307,675.0
Harmony,qbert,4,29645,300.0
Harmony,qbert,4,30009,400.0
Harmony,qbert,4,30306,350.0
Harmony,qbert,4,30730,375.0
Harmony,qbert,4,31137,725.0
Harmony,qbert,4,31448,275.0
Harmony,qbert,4,31734,250.0
Harmony,qbert,4,32065,675.0
Harmony,qbert,4,32482,625.0
Harmony,qbert,4,32770,225.0
Harmony,qbert,4,33152,300.0
Harmony,qbert,4,33554,375.0
Harmony,qbert,4,33940,375.0
Harmony,qbert,4,34249,325.0
Harmony,qbert,4,34700,700.0
Harmony,qbert,4,35110,425.0
Harmony,qbert,4,35399,250.0
Harmony,qbert,4,35819,700.0
Harmony,qbert,4,36210,375.0
Harmony,qbert,4,36535,325.0
Harmony,qbert,4,36958,675.0
Harmony,qbert,4,37275,250.0
Harmony,qbert,4,37717,350.0
Harmony,qbert,4,38105,300.0
Harmony,qbert,4,38546,600.0
Harmony,qbert,4,38988,550.0
Harmony,qbert,4,39507,750.0
Harmony,qbert,4,39986,675.0
Harmony,qbert,4,40452,650.0
Harmony,qbert,4,40863,700.0
Harmony,qbert,4,41155,525.0
Harmony,qbert,4,41644,425.0
Harmony,qbert,4,42023,675.0
Harmony,qbert,4,42411,700.0
Harmony,qbert,4,42983,1200.0
Harmony,qbert,4,43402,600.0
Harmony,qbert,4,43775,675.0
Harmony,qbert,4,44415,725.0
Harmony,qbert,4,44788,700.0
Harmony,qbert,4,45418,1200.0
Harmony,qbert,4,45732,325.0
Harmony,qbert,4,46080,525.0
Harmony,qbert,4,46519,675.0
Harmony,qbert,4,46909,625.0
Harmony,qbert,4,47286,650.0
Harmony,qbert,4,47576,600.0
Harmony,qbert,4,47918,725.0
Harmony,qbert,4,48475,650.0
Harmony,qbert,4,48942,325.0
Harmony,qbert,4,49481,675.0
Harmony,qbert,4,49971,675.0
Harmony,qbert,4,50546,700.0
Harmony,qbert,4,50995,700.0
Harmony,qbert,4,51423,700.0
Harmony,qbert,4,51915,1200.0
Harmony,qbert,4,52282,625.0
Harmony,qbert,4,52789,1200.0
Harmony,qbert,4,53221,725.0
Harmony,qbert,4,53620,675.0
Harmony,qbert,4,54207,1200.0
Harmony,qbert,4,54765,725.0
Harmony,qbert,4,55301,1225.0
Harmony,qbert,4,55856,650.0
Harmony,qbert,4,56332,675.0
Harmony,qbert,4,56824,600.0
Harmony,qbert,4,57256,675.0
Harmony,qbert,4,57893,1175.0
Harmony,qbert,4,58529,1200.0
Harmony,qbert,4,59035,725.0
Harmony,qbert,4,59547,750.0
Harmony,qbert,4,60185,750.0
Harmony,qbert,4,60667,700.0
Harmony,qbert,4,61178,750.0
Harmony,qbert,4,61688,1250.0
Harmony,qbert,4,62189,725.0
Harmony,qbert,4,62696,750.0
Harmony,qbert,4,63159,700.0
Harmony,qbert,4,63786,750.0
Harmony,qbert,4,64206,725.0
Harmony,qbert,4,64671,650.0
Harmony,qbert,4,65099,650.0
Harmony,qbert,4,65633,750.0
Harmony,qbert,4,66027,675.0
Harmony,qbert,4,66473,675.0
Harmony,qbert,4,67012,725.0
Harmony,qbert,4,67457,750.0
Harmony,qbert,4,67920,725.0
Harmony,qbert,4,68349,750.0
Harmony,qbert,4,68797,650.0
Harmony,qbert,4,69324,775.0
Harmony,qbert,4,69871,700.0
Harmony,qbert,4,70284,675.0
Harmony,qbert,4,70759,775.0
Harmony,qbert,4,71466,725.0
Harmony,qbert,4,72019,675.0
Harmony,qbert,4,72545,675.0
Harmony,qbert,4,73136,700.0
Harmony,qbert,4,73715,750.0
Harmony,qbert,4,74268,450.0
Harmony,qbert,4,74871,750.0
Harmony,qbert,4,75497,800.0
Harmony,qbert,4,76094,775.0
Harmony,qbert,4,76539,750.0
Harmony,qbert,4,77152,1250.0
Harmony,qbert,4,77702,1275.0
Harmony,qbert,4,78205,725.0
Harmony,qbert,4,78797,775.0
Harmony,qbert,4,79342,775.0
Harmony,qbert,4,79806,725.0
Harmony,qbert,4,80324,700.0
Harmony,qbert,4,80948,1250.0
Harmony,qbert,4,81629,750.0
Harmony,qbert,4,82121,700.0
Harmony,qbert,4,82496,375.0
Harmony,qbert,4,83057,700.0
Harmony,qbert,4,83523,600.0
Harmony,qbert,4,84130,750.0
Harmony,qbert,4,84577,725.0
Harmony,qbert,4,85240,775.0
Harmony,qbert,4,85690,425.0
Harmony,qbert,4,86190,775.0
Harmony,qbert,4,86613,550.0
Harmony,qbert,4,87261,1300.0
Harmony,qbert,4,87879,775.0
Harmony,qbert,4,88774,1325.0
Harmony,qbert,4,89464,825.0
Harmony,qbert,4,90085,775.0
Harmony,qbert,4,90624,750.0
Harmony,qbert,4,91188,750.0
Harmony,qbert,4,91776,775.0
Harmony,qbert,4,92293,775.0
Harmony,qbert,4,93074,1275.0
Harmony,qbert,4,93680,1225.0
Harmony,qbert,4,94182,750.0
Harmony,qbert,4,94828,1275.0
Harmony,qbert,4,95491,1275.0
Harmony,qbert,4,96086,800.0
Harmony,qbert,4,96816,1325.0
Harmony,qbert,4,97361,725.0
Harmony,qbert,4,97931,825.0
Harmony,qbert,4,98599,1325.0
Harmony,qbert,4,99129,700.0
Harmony,qbert,4,99946,1325.0
Harmony,road_runner,4,136,0.0
Harmony,road_runner,4,203,0.0
Harmony,road_runner,4,370,0.0
Harmony,road_runner,4,654,100.0
Harmony,road_runner,4,802,0.0
Harmony,road_runner,4,1269,100.0
Harmony,road_runner,4,1684,100.0
Harmony,road_runner,4,1871,0.0
Harmony,road_runner,4,2065,0.0
Harmony,road_runner,4,2276,0.0
Harmony,road_runner,4,2363,0.0
Harmony,road_runner,4,2457,0.0
Harmony,road_runner,4,2767,100.0
Harmony,road_runner,4,2957,0.0
Harmony,road_runner,4,3105,0.0
Harmony,road_runner,4,3501,100.0
Harmony,road_runner,4,3602,0.0
Harmony,road_runner,4,3721,0.0
Harmony,road_runner,4,4061,0.0
Harmony,road_runner,4,4159,0.0
Harmony,road_runner,4,4384,0.0
Harmony,road_runner,4,4507,0.0
Harmony,road_runner,4,4623,0.0
Harmony,road_runner,4,4794,0.0
Harmony,road_runner,4,4883,0.0
Harmony,road_runner,4,5147,0.0
Harmony,road_runner,4,5286,0.0
Harmony,road_runner,4,5486,0.0
Harmony,road_runner,4,5576,0.0
Harmony,road_runner,4,5718,0.0
Harmony,road_runner,4,5925,0.0
Harmony,road_runner,4,6406,1000.0
Harmony,road_runner,4,6829,100.0
Harmony,road_runner,4,7189,0.0
Harmony,road_runner,4,7551,1100.0
Harmony,road_runner,4,7861,1000.0
Harmony,road_runner,4,8163,1200.0
Harmony,road_runner,4,8571,1000.0
Harmony,road_runner,4,8941,300.0
Harmony,road_runner,4,9312,100.0
Harmony,road_runner,4,9747,2100.0
Harmony,road_runner,4,10400,2700.0
Harmony,road_runner,4,10769,100.0
Harmony,road_runner,4,11121,200.0
Harmony,road_runner,4,11475,0.0
Harmony,road_runner,4,11835,1100.0
Harmony,road_runner,4,12488,400.0
Harmony,road_runner,4,12943,2200.0
Harmony,road_runner,4,13687,500.0
Harmony,road_runner,4,14575,1700.0
Harmony,road_runner,4,15421,800.0
Harmony,road_runner,4,16289,1600.0
Harmony,road_runner,4,17141,5900.0
Harmony,road_runner,4,17559,4900.0
Harmony,road_runner,4,18408,5600.0
Harmony,road_runner,4,19255,5600.0
Harmony,road_runner,4,20099,8000.0
Harmony,road_runner,4,20957,6300.0
Harmony,road_runner,4,21830,10600.0
Harmony,road_runner,4,22666,9800.0
Harmony,road_runner,4,23498,6800.0
Harmony,road_runner,4,24351,8400.0
Harmony,road_runner,4,25185,8300.0
Harmony,road_runner,4,26015,9800.0
Harmony,road_runner,4,26860,9500.0
Harmony,road_runner,4,27070,200.0
Harmony,road_runner,4,27761,7900.0
Harmony,road_runner,4,28596,10300.0
Harmony,road_runner,4,29443,7200.0
Harmony,road_runner,4,30307,6300.0
Harmony,road_runner,4,31072,9100.0
Harmony,road_runner,4,31785,7200.0
Harmony,road_runner,4,32649,9100.0
Harmony,road_runner,4,33493,10300.0
Harmony,road_runner,4,34330,9100.0
Harmony,road_runner,4,35170,8100.0
Harmony,road_runner,4,36010,11300.0
Harmony,road_runner,4,36879,8900.0
Harmony,road_runner,4,37716,12000.0
Harmony,road_runner,4,38554,9000.0
Harmony,road_runner,4,39390,10000.0
Harmony,road_runner,4,40230,10200.0
Harmony,road_runner,4,41069,9100.0
Harmony,road_runner,4,41905,10600.0
Harmony,road_runner,4,42741,9800.0
Harmony,road_runner,4,43575,8600.0
Harmony,road_runner,4,44409,8600.0
Harmony,road_runner,4,45253,9600.0
Harmony,road_runner,4,46087,10100.0
Harmony,road_runner,4,46923,10100.0
Harmony,road_runner,4,47762,7000.0
Harmony,road_runner,4,48608,8100.0
Harmony,road_runner,4,49439,12700.0
Harmony,road_runner,4,50276,12300.0
Harmony,road_runner,4,51068,9000.0
Harmony,road_runner,4,51903,11300.0
Harmony,road_runner,4,52763,12000.0
Harmony,road_runner,4,53597,10400.0
Harmony,road_runner,4,54448,9100.0
Harmony,road_runner,4,55282,8800.0
Harmony,road_runner,4,56119,10200.0
Harmony,road_runner,4,56954,10000.0
Harmony,road_runner,4,57784,6600.0
Harmony,road_runner,4,58618,8000.0
Harmony,road_runner,4,59451,8800.0
Harmony,road_runner,4,60293,8400.0
Harmony,road_runner,4,61200,9300.0
Harmony,road_runner,4,62070,9500.0
Harmony,road_runner,4,62912,10400.0
Harmony,road_runner,4,63765,11300.0
Harmony,road_runner,4,64624,9300.0
Harmony,road_runner,4,65483,12500.0
Harmony,road_runner,4,66349,13300.0
Harmony,road_runner,4,67311,11300.0
Harmony,road_runner,4,68260,9900.0
Harmony,road_runner,4,69147,11900.0
Harmony,road_runner,4,70205,10500.0
Harmony,road_runner,4,71214,5700.0
Harmony,road_runner,4,72097,12500.0
Harmony,road_runner,4,72985,12100.0
Harmony,road_runner,4,73901,12400.0
Harmony,road_runner,4,74728,10800.0
Harmony,road_runner,4,75572,9900.0
Harmony,road_runner,4,76411,9500.0
Harmony,road_runner,4,77285,11000.0
Harmony,road_runner,4,78167,8700.0
Harmony,road_runner,4,79117,8900.0
Harmony,road_runner,4,80004,9400.0
Harmony,road_runner,4,80858,9900.0
Harmony,road_runner,4,81775,9900.0
Harmony,road_runner,4,82706,10300.0
Harmony,road_runner,4,83710,10600.0
Harmony,road_runner,4,84592,7300.0
Harmony,road_runner,4,85503,11700.0
Harmony,road_runner,4,86433,8100.0
Harmony,road_runner,4,87376,12400.0
Harmony,road_runner,4,88272,10500.0
Harmony,road_runner,4,89214,10900.0
Harmony,road_runner,4,90131,8800.0
Harmony,road_runner,4,91011,10000.0
Harmony,road_runner,4,91896,8400.0
Harmony,road_runner,4,92768,11200.0
Harmony,road_runner,4,93635,12400.0
Harmony,road_runner,4,94509,10600.0
Harmony,road_runner,4,95435,7400.0
Harmony,road_runner,4,96129,9400.0
Harmony,road_runner,4,97034,11900.0
Harmony,road_runner,4,97936,7800.0
Harmony,road_runner,4,98849,10900.0
Harmony,road_runner,4,99757,8300.0
Harmony,seaquest,4,383,60.0
Harmony,seaquest,4,870,60.0
Harmony,seaquest,4,1213,20.0
Harmony,seaquest,4,1624,0.0
Harmony,seaquest,4,2276,100.0
Harmony,seaquest,4,3058,180.0
Harmony,seaquest,4,3893,140.0
Harmony,seaquest,4,4984,280.0
Harmony,seaquest,4,5483,60.0
Harmony,seaquest,4,5957,100.0
Harmony,seaquest,4,6541,80.0
Harmony,seaquest,4,7036,100.0
Harmony,seaquest,4,7976,200.0
Harmony,seaquest,4,8533,140.0
Harmony,seaquest,4,9040,120.0
Harmony,seaquest,4,9649,160.0
Harmony,seaquest,4,10683,260.0
Harmony,seaquest,4,11635,260.0
Harmony,seaquest,4,12427,120.0
Harmony,seaquest,4,13940,460.0
Harmony,seaquest,4,15146,360.0
Harmony,seaquest,4,16513,420.0
Harmony,seaquest,4,17864,420.0
Harmony,seaquest,4,18432,120.0
Harmony,seaquest,4,19922,500.0
Harmony,seaquest,4,21144,360.0
Harmony,seaquest,4,22191,320.0
Harmony,seaquest,4,23241,340.0
Harmony,seaquest,4,24277,280.0
Harmony,seaquest,4,25262,320.0
Harmony,seaquest,4,26438,380.0
Harmony,seaquest,4,27389,300.0
Harmony,seaquest,4,29030,580.0
Harmony,seaquest,4,30073,300.0
Harmony,seaquest,4,31867,540.0
Harmony,seaquest,4,33595,600.0
Harmony,seaquest,4,35591,680.0
Harmony,seaquest,4,36669,340.0
Harmony,seaquest,4,37837,360.0
Harmony,seaquest,4,38769,280.0
Harmony,seaquest,4,39562,240.0
Harmony,seaquest,4,40478,280.0
Harmony,seaquest,4,41529,380.0
Harmony,seaquest,4,42198,120.0
Harmony,seaquest,4,43526,420.0
Harmony,seaquest,4,44222,180.0
Harmony,seaquest,4,46081,620.0
Harmony,seaquest,4,46643,120.0
Harmony,seaquest,4,47389,200.0
Harmony,seaquest,4,48645,380.0
Harmony,seaquest,4,49511,240.0
Harmony,seaquest,4,51343,620.0
Harmony,seaquest,4,52792,460.0
Harmony,seaquest,4,54065,380.0
Harmony,seaquest,4,55547,520.0
Harmony,seaquest,4,57108,560.0
Harmony,seaquest,4,57985,240.0
Harmony,seaquest,4,59431,460.0
Harmony,seaquest,4,60778,440.0
Harmony,seaquest,4,61741,280.0
Harmony,seaquest,4,63411,580.0
Harmony,seaquest,4,64638,380.0
Harmony,seaquest,4,66189,540.0
Harmony,seaquest,4,67342,360.0
Harmony,seaquest,4,68406,320.0
Harmony,seaquest,4,69860,500.0
Harmony,seaquest,4,71486,520.0
Harmony,seaquest,4,72631,400.0
Harmony,seaquest,4,73767,380.0
Harmony,seaquest,4,75292,520.0
Harmony,seaquest,4,76509,380.0
Harmony,seaquest,4,77696,400.0
Harmony,seaquest,4,78877,340.0
Harmony,seaquest,4,80518,500.0
Harmony,seaquest,4,81394,280.0
Harmony,seaquest,4,82711,440.0
Harmony,seaquest,4,83852,360.0
Harmony,seaquest,4,84790,280.0
Harmony,seaquest,4,86244,500.0
Harmony,seaquest,4,87160,300.0
Harmony,seaquest,4,88569,500.0
Harmony,seaquest,4,89511,320.0
Harmony,seaquest,4,91019,500.0
Harmony,seaquest,4,92422,480.0
Harmony,seaquest,4,93839,500.0
Harmony,seaquest,4,94717,280.0
Harmony,seaquest,4,95848,340.0
Harmony,seaquest,4,97020,400.0
Harmony,seaquest,4,99023,720.0
Harmony,up_n_down,4,473,220.0
Harmony,up_n_down,4,1029,580.0
Harmony,up_n_down,4,1458,100.0
Harmony,up_n_down,4,2049,590.0
Harmony,up_n_down,4,2500,110.0
Harmony,up_n_down,4,2882,70.0
Harmony,up_n_down,4,3447,880.0
Harmony,up_n_down,4,3955,650.0
Harmony,up_n_down,4,4408,510.0
Harmony,up_n_down,4,4824,90.0
Harmony,up_n_down,4,5299,130.0
Harmony,up_n_down,4,5920,1410.0
Harmony,up_n_down,4,6517,1810.0
Harmony,up_n_down,4,7020,740.0
Harmony,up_n_down,4,7417,80.0
Harmony,up_n_down,4,7847,100.0
Harmony,up_n_down,4,8418,580.0
Harmony,up_n_down,4,8890,120.0
Harmony,up_n_down,4,9407,150.0
Harmony,up_n_down,4,9967,2580.0
Harmony,up_n_down,4,10352,470.0
Harmony,up_n_down,4,10669,30.0
Harmony,up_n_down,4,11193,550.0
Harmony,up_n_down,4,12340,3350.0
Harmony,up_n_down,4,12813,520.0
Harmony,up_n_down,4,14330,5980.0
Harmony,up_n_down,4,19135,14390.0
Harmony,up_n_down,4,24230,12570.0
Harmony,up_n_down,4,26164,3440.0
Harmony,up_n_down,4,27846,4880.0
Harmony,up_n_down,4,32498,12590.0
Harmony,up_n_down,4,33569,3600.0
Harmony,up_n_down,4,34744,4860.0
Harmony,up_n_down,4,36601,7700.0
Harmony,up_n_down,4,37452,2260.0
Harmony,up_n_down,4,38230,3810.0
Harmony,up_n_down,4,39038,3830.0
Harmony,up_n_down,4,40032,4750.0
Harmony,up_n_down,4,41236,6080.0
Harmony,up_n_down,4,42888,7960.0
Harmony,up_n_down,4,44764,8100.0
Harmony,up_n_down,4,47165,8430.0
Harmony,up_n_down,4,51901,21060.0
Harmony,up_n_down,4,54682,8370.0
Harmony,up_n_down,4,56527,6280.0
Harmony,up_n_down,4,58008,5150.0
Harmony,up_n_down,4,61360,15780.0
Harmony,up_n_down,4,65666,17780.0
Harmony,up_n_down,4,67404,6920.0
Harmony,up_n_down,4,68999,7630.0
Harmony,up_n_down,4,80473,55280.0
Harmony,up_n_down,4,82902,8850.0
Harmony,up_n_down,4,85146,8830.0
Harmony,up_n_down,4,89947,24400.0
Harmony,up_n_down,4,90795,3860.0
