role,arm,game,key,value_json
ablation,separable_flat,boxing,agent.ac_grads,false
ablation,separable_flat,boxing,agent.advnorm.impl,"""none"""
ablation,separable_flat,boxing,agent.advnorm.limit,1e-08
ablation,separable_flat,boxing,agent.advnorm.rate,0.01
ablation,separable_flat,boxing,agent.conhead.act,"""silu"""
ablation,separable_flat,boxing,agent.conhead.layers,1
ablation,separable_flat,boxing,agent.conhead.norm,"""rms"""
ablation,separable_flat,boxing,agent.conhead.output,"""binary"""
ablation,separable_flat,boxing,agent.conhead.outscale,1.0
ablation,separable_flat,boxing,agent.conhead.units,256
ablation,separable_flat,boxing,agent.conhead.winit,"""trunc_normal_in"""
ablation,separable_flat,boxing,agent.contdisc,true
ablation,separable_flat,boxing,agent.dec.simple.act,"""silu"""
ablation,separable_flat,boxing,agent.dec.simple.bspace,8
ablation,separable_flat,boxing,agent.dec.simple.depth,16
ablation,separable_flat,boxing,agent.dec.simple.kernel,5
ablation,separable_flat,boxing,agent.dec.simple.layers,3
ablation,separable_flat,boxing,agent.dec.simple.mults,"[2, 3, 4, 4]"
ablation,separable_flat,boxing,agent.dec.simple.norm,"""rms"""
ablation,separable_flat,boxing,agent.dec.simple.outer,false
ablation,separable_flat,boxing,agent.dec.simple.outscale,1.0
ablation,separable_flat,boxing,agent.dec.simple.strided,false
ablation,separable_flat,boxing,agent.dec.simple.units,256
ablation,separable_flat,boxing,agent.dec.simple.winit,"""trunc_normal_in"""
ablation,separable_flat,boxing,agent.dec.typ,"""simple"""
ablation,separable_flat,boxing,agent.dyn.rssm.absolute,false
ablation,separable_flat,boxing,agent.dyn.rssm.act,"""silu"""
ablation,separable_flat,boxing,agent.dyn.rssm.blocks,8
ablation,separable_flat,boxing,agent.dyn.rssm.classes,16
ablation,separable_flat,boxing,agent.dyn.rssm.deter,2048
ablation,separable_flat,boxing,agent.dyn.rssm.dynlayers,1
ablation,separable_flat,boxing,agent.dyn.rssm.free_nats,1.0
ablation,separable_flat,boxing,agent.dyn.rssm.hidden,256
ablation,separable_flat,boxing,agent.dyn.rssm.imglayers,2
ablation,separable_flat,boxing,agent.dyn.rssm.norm,"""rms"""
ablation,separable_flat,boxing,agent.dyn.rssm.obslayers,1
ablation,separable_flat,boxing,agent.dyn.rssm.outscale,1.0
ablation,separable_flat,boxing,agent.dyn.rssm.stoch,32
ablation,separable_flat,boxing,agent.dyn.rssm.unimix,0.01
ablation,separable_flat,boxing,agent.dyn.rssm.winit,"""trunc_normal_in"""
ablation,separable_flat,boxing,agent.dyn.typ,"""rssm"""
ablation,separable_flat,boxing,agent.enc.simple.act,"""silu"""
ablation,separable_flat,boxing,agent.enc.simple.depth,16
ablation,separable_flat,boxing,agent.enc.simple.kernel,5
ablation,separable_flat,boxing,agent.enc.simple.layers,3
ablation,separable_flat,boxing,agent.enc.simple.mults,"[2, 3, 4, 4]"
ablation,separable_flat,boxing,agent.enc.simple.norm,"""rms"""
ablation,separable_flat,boxing,agent.enc.simple.outer,false
ablation,separable_flat,boxing,agent.enc.simple.strided,false
ablation,separable_flat,boxing,agent.enc.simple.symlog,true
ablation,separable_flat,boxing,agent.enc.simple.units,256
ablation,separable_flat,boxing,agent.enc.simple.winit,"""trunc_normal_in"""
ablation,separable_flat,boxing,agent.enc.typ,"""simple"""
ablation,separable_flat,boxing,agent.horizon,333
ablation,separable_flat,boxing,agent.htp.ablation_online_target,false
ablation,separable_flat,boxing,agent.htp.ablation_raw_readout,false
ablation,separable_flat,boxing,agent.htp.ablation_stop_actions,0
ablation,separable_flat,boxing,agent.htp.ablation_warmup_actions,0
ablation,separable_flat,boxing,agent.htp.enabled,true
ablation,separable_flat,boxing,agent.htp.grad_to_backbone,false
ablation,separable_flat,boxing,agent.htp.pdyn.act,"""silu"""
ablation,separable_flat,boxing,agent.htp.pdyn.dims,"[128, 256, 512, 1024, 2048]"
ablation,separable_flat,boxing,agent.htp.pdyn.enforce_coarse_to_fine,true
ablation,separable_flat,boxing,agent.htp.pdyn.hidden,512
ablation,separable_flat,boxing,agent.htp.pdyn.isolate_previous,true
ablation,separable_flat,boxing,agent.htp.pdyn.layers,2
ablation,separable_flat,boxing,agent.htp.pdyn.mask_resets,false
ablation,separable_flat,boxing,agent.htp.pdyn.norm,"""rms"""
ablation,separable_flat,boxing,agent.htp.pdyn.normalize_valid,false
ablation,separable_flat,boxing,agent.htp.pdyn.outscale,1.0
ablation,separable_flat,boxing,agent.htp.pdyn.strides,"[16, 8, 4, 2, 1]"
ablation,separable_flat,boxing,agent.htp.pdyn.zero_actions,false
ablation,separable_flat,boxing,agent.htp.proj.act,"""silu"""
ablation,separable_flat,boxing,agent.htp.proj.dims,"[128, 256, 512, 1024, 2048]"
ablation,separable_flat,boxing,agent.htp.proj.hidden,512
ablation,separable_flat,boxing,agent.htp.proj.layers,2
ablation,separable_flat,boxing,agent.htp.proj.norm,"""rms"""
ablation,separable_flat,boxing,agent.htp.proj.outscale,1.0
ablation,separable_flat,boxing,agent.htp.proj.separable,true
ablation,separable_flat,boxing,agent.htp.recon.act,"""silu"""
ablation,separable_flat,boxing,agent.htp.recon.final_only,false
ablation,separable_flat,boxing,agent.htp.recon.hidden,512
ablation,separable_flat,boxing,agent.htp.recon.layers,1
ablation,separable_flat,boxing,agent.htp.recon.norm,"""rms"""
ablation,separable_flat,boxing,agent.htp.recon.outscale,1.0
ablation,separable_flat,boxing,agent.htp.recon.stop_previous,true
ablation,separable_flat,boxing,agent.htp.use_pdyn,true
ablation,separable_flat,boxing,agent.htp.use_proj,true
ablation,separable_flat,boxing,agent.htp.use_recon,true
ablation,separable_flat,boxing,agent.htp.use_vicreg,false
ablation,separable_flat,boxing,agent.htp.vicreg_gamma,1.0
ablation,separable_flat,boxing,agent.htp.vicreg_scale,1.0
ablation,separable_flat,boxing,agent.hts.act,"""silu"""
ablation,separable_flat,boxing,agent.hts.action_units,128
ablation,separable_flat,boxing,agent.hts.actor_critic_input,"""rssm_feat"""
ablation,separable_flat,boxing,agent.hts.actor_critic_stopgrad_z,false
ablation,separable_flat,boxing,agent.hts.alpha_sdyn,"[0.1666666667, 0.1666666667, 0.1666666667, 0.1666666667, 0.1666666667, 0.1666666667]"
ablation,separable_flat,boxing,agent.hts.aux_warmup_action_repeat,4
ablation,separable_flat,boxing,agent.hts.aux_warmup_agent_actions,0
ablation,separable_flat,boxing,agent.hts.aux_warmup_mode,"""linear"""
ablation,separable_flat,boxing,agent.hts.aux_warmup_optimizer_updates,0
ablation,separable_flat,boxing,agent.hts.aux_warmup_raw_frames,0
ablation,separable_flat,boxing,agent.hts.aux_warmup_train_ratio,256
ablation,separable_flat,boxing,agent.hts.backbone_lr_scale,1.0
ablation,separable_flat,boxing,agent.hts.beta_hier,"[0.1666666667, 0.1666666667, 0.1666666667, 0.1666666667, 0.1666666667, 0.1666666667]"
ablation,separable_flat,boxing,agent.hts.ctrl_continue_scale,1.0
ablation,separable_flat,boxing,agent.hts.ctrl_reward_scale,1.0
ablation,separable_flat,boxing,agent.hts.ctrl_value_scale,1.0
ablation,separable_flat,boxing,agent.hts.decoder_prefix_stop_gradient,true
ablation,separable_flat,boxing,agent.hts.discount,0.997
ablation,separable_flat,boxing,agent.hts.dynamics_target_stop_gradient,true
ablation,separable_flat,boxing,agent.hts.flat_topk,48
ablation,separable_flat,boxing,agent.hts.flat_width,192
ablation,separable_flat,boxing,agent.hts.head_dim,32
ablation,separable_flat,boxing,agent.hts.hidden,256
ablation,separable_flat,boxing,agent.hts.hier_beta0,1.0
ablation,separable_flat,boxing,agent.hts.hier_rho,0.75
ablation,separable_flat,boxing,agent.hts.hierarchy_lr_scale,1.0
ablation,separable_flat,boxing,agent.hts.hts_lr_scale,1.0
ablation,separable_flat,boxing,agent.hts.impl,"""hts2"""
ablation,separable_flat,boxing,agent.hts.l_ctrl,0.0
ablation,separable_flat,boxing,agent.hts.l_hier,0.1
ablation,separable_flat,boxing,agent.hts.l_sdyn,0.1
ablation,separable_flat,boxing,agent.hts.l_sparse,1e-05
ablation,separable_flat,boxing,agent.hts.l_temp,0.01
ablation,separable_flat,boxing,agent.hts.l_vc,0.01
ablation,separable_flat,boxing,agent.hts.latent_anchor_name,"""rssm_repfeat"""
ablation,separable_flat,boxing,agent.hts.latent_anchor_source_module,"""dreamerv3.rssm.RSSM.loss"""
ablation,separable_flat,boxing,agent.hts.layers,2
ablation,separable_flat,boxing,agent.hts.levels,6
ablation,separable_flat,boxing,agent.hts.method,"""auxiliary_hierarchy"""
ablation,separable_flat,boxing,agent.hts.norm,"""rms"""
ablation,separable_flat,boxing,agent.hts.phase1_steps,0
ablation,separable_flat,boxing,agent.hts.phase2_steps,0
ablation,separable_flat,boxing,agent.hts.predictor_prefix_stop_gradient,false
ablation,separable_flat,boxing,agent.hts.proj_dim,64
ablation,separable_flat,boxing,agent.hts.sgf_action_units,18
ablation,separable_flat,boxing,agent.hts.sparsity_mode,"""levelwise_topk"""
ablation,separable_flat,boxing,agent.hts.strides,"[32, 16, 8, 4, 2, 1]"
ablation,separable_flat,boxing,agent.hts.strides_coarse_to_fine,"[32, 16, 8, 4, 2, 1]"
ablation,separable_flat,boxing,agent.hts.temporal_far_negative_mode,"""none"""
ablation,separable_flat,boxing,agent.hts.temporal_far_weight,0.25
ablation,separable_flat,boxing,agent.hts.temporal_k_pos,4
ablation,separable_flat,boxing,agent.hts.temporal_min_far_distance,16
ablation,separable_flat,boxing,agent.hts.temporal_temperature,0.1
ablation,separable_flat,boxing,agent.hts.topk,8
ablation,separable_flat,boxing,agent.hts.topk_per_level,"[8, 8, 8, 8, 8, 8]"
ablation,separable_flat,boxing,agent.hts.training_regime,"""joint"""
ablation,separable_flat,boxing,agent.hts.use_lctrl,false
ablation,separable_flat,boxing,agent.hts.use_lhier,true
ablation,separable_flat,boxing,agent.hts.use_lred,false
ablation,separable_flat,boxing,agent.hts.use_lsdyn,true
ablation,separable_flat,boxing,agent.hts.use_lsparse,true
ablation,separable_flat,boxing,agent.hts.use_ltemp,true
ablation,separable_flat,boxing,agent.hts.use_lvc,true
ablation,separable_flat,boxing,agent.hts.variant,"""hts_full"""
ablation,separable_flat,boxing,agent.hts.vicreg_cov_scale,1.0
ablation,separable_flat,boxing,agent.hts.vicreg_gamma,1.0
ablation,separable_flat,boxing,agent.hts.warmup_steps,0
ablation,separable_flat,boxing,agent.imag_last,0
ablation,separable_flat,boxing,agent.imag_length,15
ablation,separable_flat,boxing,agent.imag_loss.actent,0.0003
ablation,separable_flat,boxing,agent.imag_loss.lam,0.95
ablation,separable_flat,boxing,agent.imag_loss.slowreg,1.0
ablation,separable_flat,boxing,agent.imag_loss.slowtar,false
ablation,separable_flat,boxing,agent.loss_scales.con,1.0
ablation,separable_flat,boxing,agent.loss_scales.dyn,1.0
ablation,separable_flat,boxing,agent.loss_scales.htp_pdyn,0.0
ablation,separable_flat,boxing,agent.loss_scales.htp_rec,0.0
ablation,separable_flat,boxing,agent.loss_scales.htp_vicreg,1.0
ablation,separable_flat,boxing,agent.loss_scales.policy,1.0
ablation,separable_flat,boxing,agent.loss_scales.rec,1.0
ablation,separable_flat,boxing,agent.loss_scales.rep,0.1
ablation,separable_flat,boxing,agent.loss_scales.repval,0.3
ablation,separable_flat,boxing,agent.loss_scales.rew,1.0
ablation,separable_flat,boxing,agent.loss_scales.value,1.0
ablation,separable_flat,boxing,agent.opt.agc,0.3
ablation,separable_flat,boxing,agent.opt.anneal,0
ablation,separable_flat,boxing,agent.opt.beta1,0.9
ablation,separable_flat,boxing,agent.opt.beta2,0.999
ablation,separable_flat,boxing,agent.opt.eps,1e-20
ablation,separable_flat,boxing,agent.opt.lr,4e-05
ablation,separable_flat,boxing,agent.opt.momentum,true
ablation,separable_flat,boxing,agent.opt.schedule,"""const"""
ablation,separable_flat,boxing,agent.opt.warmup,1000
ablation,separable_flat,boxing,agent.opt.wd,0.0
ablation,separable_flat,boxing,agent.policy.act,"""silu"""
ablation,separable_flat,boxing,agent.policy.layers,3
ablation,separable_flat,boxing,agent.policy.maxstd,1.0
ablation,separable_flat,boxing,agent.policy.minstd,0.1
ablation,separable_flat,boxing,agent.policy.norm,"""rms"""
ablation,separable_flat,boxing,agent.policy.outscale,0.01
ablation,separable_flat,boxing,agent.policy.unimix,0.01
ablation,separable_flat,boxing,agent.policy.units,256
ablation,separable_flat,boxing,agent.policy.winit,"""trunc_normal_in"""
ablation,separable_flat,boxing,agent.policy_dist_cont,"""bounded_normal"""
ablation,separable_flat,boxing,agent.policy_dist_disc,"""categorical"""
ablation,separable_flat,boxing,agent.repl_loss.lam,0.95
ablation,separable_flat,boxing,agent.repl_loss.slowreg,1.0
ablation,separable_flat,boxing,agent.repl_loss.slowtar,false
ablation,separable_flat,boxing,agent.report,true
ablation,separable_flat,boxing,agent.report_gradnorms,false
ablation,separable_flat,boxing,agent.repval_grad,true
ablation,separable_flat,boxing,agent.repval_loss,true
ablation,separable_flat,boxing,agent.retnorm.debias,false
ablation,separable_flat,boxing,agent.retnorm.impl,"""perc"""
ablation,separable_flat,boxing,agent.retnorm.limit,1.0
ablation,separable_flat,boxing,agent.retnorm.perchi,95.0
ablation,separable_flat,boxing,agent.retnorm.perclo,5.0
ablation,separable_flat,boxing,agent.retnorm.rate,0.01
ablation,separable_flat,boxing,agent.reward_grad,true
ablation,separable_flat,boxing,agent.rewhead.act,"""silu"""
ablation,separable_flat,boxing,agent.rewhead.bins,255
ablation,separable_flat,boxing,agent.rewhead.layers,1
ablation,separable_flat,boxing,agent.rewhead.norm,"""rms"""
ablation,separable_flat,boxing,agent.rewhead.output,"""symexp_twohot"""
ablation,separable_flat,boxing,agent.rewhead.outscale,0.0
ablation,separable_flat,boxing,agent.rewhead.units,256
ablation,separable_flat,boxing,agent.rewhead.winit,"""trunc_normal_in"""
ablation,separable_flat,boxing,agent.slowhtp.every,1
ablation,separable_flat,boxing,agent.slowhtp.rate,0.02
ablation,separable_flat,boxing,agent.slowvalue.every,1
ablation,separable_flat,boxing,agent.slowvalue.rate,0.02
ablation,separable_flat,boxing,agent.valnorm.impl,"""none"""
ablation,separable_flat,boxing,agent.valnorm.limit,1e-08
ablation,separable_flat,boxing,agent.valnorm.rate,0.01
ablation,separable_flat,boxing,agent.value.act,"""silu"""
ablation,separable_flat,boxing,agent.value.bins,255
ablation,separable_flat,boxing,agent.value.layers,3
ablation,separable_flat,boxing,agent.value.norm,"""rms"""
ablation,separable_flat,boxing,agent.value.output,"""symexp_twohot"""
ablation,separable_flat,boxing,agent.value.outscale,0.0
ablation,separable_flat,boxing,agent.value.units,256
ablation,separable_flat,boxing,agent.value.winit,"""trunc_normal_in"""
ablation,separable_flat,boxing,batch_length,64
ablation,separable_flat,boxing,batch_size,16
ablation,separable_flat,boxing,clock_addr,""""""
ablation,separable_flat,boxing,clock_port,""""""
ablation,separable_flat,boxing,consec_report,1
ablation,separable_flat,boxing,consec_train,1
ablation,separable_flat,boxing,env.atari.actions,"""all"""
ablation,separable_flat,boxing,env.atari.aggregate,"""max"""
ablation,separable_flat,boxing,env.atari.autostart,false
ablation,separable_flat,boxing,env.atari.clip_reward,false
ablation,separable_flat,boxing,env.atari.gray,true
ablation,separable_flat,boxing,env.atari.lives,"""unused"""
ablation,separable_flat,boxing,env.atari.noops,30
ablation,separable_flat,boxing,env.atari.pooling,2
ablation,separable_flat,boxing,env.atari.repeat,4
ablation,separable_flat,boxing,env.atari.resize,"""pillow"""
ablation,separable_flat,boxing,env.atari.size,"[96, 96]"
ablation,separable_flat,boxing,env.atari.sticky,true
ablation,separable_flat,boxing,env.atari100k.actions,"""needed"""
ablation,separable_flat,boxing,env.atari100k.autostart,false
ablation,separable_flat,boxing,env.atari100k.clip_reward,false
ablation,separable_flat,boxing,env.atari100k.gray,false
ablation,separable_flat,boxing,env.atari100k.lives,"""unused"""
ablation,separable_flat,boxing,env.atari100k.noops,30
ablation,separable_flat,boxing,env.atari100k.repeat,4
ablation,separable_flat,boxing,env.atari100k.resize,"""pillow"""
ablation,separable_flat,boxing,env.atari100k.size,"[64, 64]"
ablation,separable_flat,boxing,env.atari100k.sticky,false
ablation,separable_flat,boxing,env.atari100k.use_seed,true
ablation,separable_flat,boxing,env.crafter.logs,false
ablation,separable_flat,boxing,env.crafter.size,"[64, 64]"
ablation,separable_flat,boxing,env.dmc.camera,-1
ablation,separable_flat,boxing,env.dmc.image,true
ablation,separable_flat,boxing,env.dmc.proprio,true
ablation,separable_flat,boxing,env.dmc.repeat,1
ablation,separable_flat,boxing,env.dmc.size,"[64, 64]"
ablation,separable_flat,boxing,env.dmlab.episodic,true
ablation,separable_flat,boxing,env.dmlab.repeat,4
ablation,separable_flat,boxing,env.dmlab.size,"[64, 64]"
ablation,separable_flat,boxing,env.dmlab.use_seed,true
ablation,separable_flat,boxing,env.loconav.camera,-1
ablation,separable_flat,boxing,env.loconav.repeat,1
ablation,separable_flat,boxing,env.loconav.size,"[64, 64]"
ablation,separable_flat,boxing,env.minecraft.break_speed,100.0
ablation,separable_flat,boxing,env.minecraft.length,36000
ablation,separable_flat,boxing,env.minecraft.logs,false
ablation,separable_flat,boxing,env.minecraft.size,"[64, 64]"
ablation,separable_flat,boxing,env.procgen.resize,"""pillow"""
ablation,separable_flat,boxing,env.procgen.size,"[96, 96]"
ablation,separable_flat,boxing,errfile,false
ablation,separable_flat,boxing,ipv6,false
ablation,separable_flat,boxing,jax.compute_dtype,"""bfloat16"""
ablation,separable_flat,boxing,jax.coordinator_address,""""""
ablation,separable_flat,boxing,jax.debug,false
ablation,separable_flat,boxing,jax.deterministic,true
ablation,separable_flat,boxing,jax.enable_policy,true
ablation,separable_flat,boxing,jax.expect_devices,0
ablation,separable_flat,boxing,jax.jit,true
ablation,separable_flat,boxing,jax.mock_devices,0
ablation,separable_flat,boxing,jax.platform,"""cuda"""
ablation,separable_flat,boxing,jax.policy_devices,[0]
ablation,separable_flat,boxing,jax.prealloc,false
ablation,separable_flat,boxing,jax.precompile,true
ablation,separable_flat,boxing,jax.train_devices,[0]
ablation,separable_flat,boxing,logger.filter,""".*"""
ablation,separable_flat,boxing,logger.fps,15
ablation,separable_flat,boxing,logger.outputs,"[""jsonl""]"
ablation,separable_flat,boxing,logger.timer,true
ablation,separable_flat,boxing,logger.user,""""""
ablation,separable_flat,boxing,logger.wandb_media,false
ablation,separable_flat,boxing,method,"""name"""
ablation,separable_flat,boxing,random_agent,false
ablation,separable_flat,boxing,replay.chunksize,1024
ablation,separable_flat,boxing,replay.fracs.priority,0.0
ablation,separable_flat,boxing,replay.fracs.recency,0.0
ablation,separable_flat,boxing,replay.fracs.uniform,1.0
ablation,separable_flat,boxing,replay.online,true
ablation,separable_flat,boxing,replay.prio.exponent,0.8
ablation,separable_flat,boxing,replay.prio.initial,"""inf"""
ablation,separable_flat,boxing,replay.prio.maxfrac,0.5
ablation,separable_flat,boxing,replay.prio.zero_on_sample,true
ablation,separable_flat,boxing,replay.priosignal,"""model"""
ablation,separable_flat,boxing,replay.recexp,1.0
ablation,separable_flat,boxing,replay.size,5000000.0
ablation,separable_flat,boxing,replay_context,1
ablation,separable_flat,boxing,replica,0
ablation,separable_flat,boxing,replicas,1
ablation,separable_flat,boxing,report_length,32
ablation,separable_flat,boxing,run.action_milestones,"[10000, 20000, 30000, 40000, 50000, 60000, 70000, 80000, 90000, 100000]"
ablation,separable_flat,boxing,run.actor_addr,"""localhost:{auto}"""
ablation,separable_flat,boxing,run.actor_batch,-1
ablation,separable_flat,boxing,run.actor_threads,1
ablation,separable_flat,boxing,run.agent_process,false
ablation,separable_flat,boxing,run.debug,true
ablation,separable_flat,boxing,run.duration,0
ablation,separable_flat,boxing,run.envs,1
ablation,separable_flat,boxing,run.episode_timeout,180
ablation,separable_flat,boxing,run.eval_envs,4
ablation,separable_flat,boxing,run.eval_eps,1
ablation,separable_flat,boxing,run.exact_env_action_budget,true
ablation,separable_flat,boxing,run.from_checkpoint_regex,""".*"""
ablation,separable_flat,boxing,run.log_every,30
ablation,separable_flat,boxing,run.log_policy_video,false
ablation,separable_flat,boxing,run.logger_addr,"""localhost:{auto}"""
ablation,separable_flat,boxing,run.remote_envs,false
ablation,separable_flat,boxing,run.remote_replay,false
ablation,separable_flat,boxing,run.replay_addr,"""localhost:{auto}"""
ablation,separable_flat,boxing,run.report_batches,1
ablation,separable_flat,boxing,run.report_every,300
ablation,separable_flat,boxing,run.save_every,10000
ablation,separable_flat,boxing,run.steps,100000.0
ablation,separable_flat,boxing,run.train_ratio,256.0
ablation,separable_flat,boxing,run.usage.gc,false
ablation,separable_flat,boxing,run.usage.gputil,false
ablation,separable_flat,boxing,run.usage.malloc,false
ablation,separable_flat,boxing,run.usage.nvsmi,true
ablation,separable_flat,boxing,run.usage.psutil,true
ablation,separable_flat,boxing,script,"""train"""
ablation,separable_flat,boxing,seed,0
ablation,separable_flat,boxing,task,"""atari100k_boxing"""
ablation,separable_flat,up_n_down,agent.ac_grads,false
ablation,separable_flat,up_n_down,agent.advnorm.impl,"""none"""
ablation,separable_flat,up_n_down,agent.advnorm.limit,1e-08
ablation,separable_flat,up_n_down,agent.advnorm.rate,0.01
ablation,separable_flat,up_n_down,agent.conhead.act,"""silu"""
ablation,separable_flat,up_n_down,agent.conhead.layers,1
ablation,separable_flat,up_n_down,agent.conhead.norm,"""rms"""
ablation,separable_flat,up_n_down,agent.conhead.output,"""binary"""
ablation,separable_flat,up_n_down,agent.conhead.outscale,1.0
ablation,separable_flat,up_n_down,agent.conhead.units,256
ablation,separable_flat,up_n_down,agent.conhead.winit,"""trunc_normal_in"""
ablation,separable_flat,up_n_down,agent.contdisc,true
ablation,separable_flat,up_n_down,agent.dec.simple.act,"""silu"""
ablation,separable_flat,up_n_down,agent.dec.simple.bspace,8
ablation,separable_flat,up_n_down,agent.dec.simple.depth,16
ablation,separable_flat,up_n_down,agent.dec.simple.kernel,5
ablation,separable_flat,up_n_down,agent.dec.simple.layers,3
ablation,separable_flat,up_n_down,agent.dec.simple.mults,"[2, 3, 4, 4]"
ablation,separable_flat,up_n_down,agent.dec.simple.norm,"""rms"""
ablation,separable_flat,up_n_down,agent.dec.simple.outer,false
ablation,separable_flat,up_n_down,agent.dec.simple.outscale,1.0
ablation,separable_flat,up_n_down,agent.dec.simple.strided,false
ablation,separable_flat,up_n_down,agent.dec.simple.units,256
ablation,separable_flat,up_n_down,agent.dec.simple.winit,"""trunc_normal_in"""
ablation,separable_flat,up_n_down,agent.dec.typ,"""simple"""
ablation,separable_flat,up_n_down,agent.dyn.rssm.absolute,false
ablation,separable_flat,up_n_down,agent.dyn.rssm.act,"""silu"""
ablation,separable_flat,up_n_down,agent.dyn.rssm.blocks,8
ablation,separable_flat,up_n_down,agent.dyn.rssm.classes,16
ablation,separable_flat,up_n_down,agent.dyn.rssm.deter,2048
ablation,separable_flat,up_n_down,agent.dyn.rssm.dynlayers,1
ablation,separable_flat,up_n_down,agent.dyn.rssm.free_nats,1.0
ablation,separable_flat,up_n_down,agent.dyn.rssm.hidden,256
ablation,separable_flat,up_n_down,agent.dyn.rssm.imglayers,2
ablation,separable_flat,up_n_down,agent.dyn.rssm.norm,"""rms"""
ablation,separable_flat,up_n_down,agent.dyn.rssm.obslayers,1
ablation,separable_flat,up_n_down,agent.dyn.rssm.outscale,1.0
ablation,separable_flat,up_n_down,agent.dyn.rssm.stoch,32
ablation,separable_flat,up_n_down,agent.dyn.rssm.unimix,0.01
ablation,separable_flat,up_n_down,agent.dyn.rssm.winit,"""trunc_normal_in"""
ablation,separable_flat,up_n_down,agent.dyn.typ,"""rssm"""
ablation,separable_flat,up_n_down,agent.enc.simple.act,"""silu"""
ablation,separable_flat,up_n_down,agent.enc.simple.depth,16
ablation,separable_flat,up_n_down,agent.enc.simple.kernel,5
ablation,separable_flat,up_n_down,agent.enc.simple.layers,3
ablation,separable_flat,up_n_down,agent.enc.simple.mults,"[2, 3, 4, 4]"
ablation,separable_flat,up_n_down,agent.enc.simple.norm,"""rms"""
ablation,separable_flat,up_n_down,agent.enc.simple.outer,false
ablation,separable_flat,up_n_down,agent.enc.simple.strided,false
ablation,separable_flat,up_n_down,agent.enc.simple.symlog,true
ablation,separable_flat,up_n_down,agent.enc.simple.units,256
ablation,separable_flat,up_n_down,agent.enc.simple.winit,"""trunc_normal_in"""
ablation,separable_flat,up_n_down,agent.enc.typ,"""simple"""
ablation,separable_flat,up_n_down,agent.horizon,333
ablation,separable_flat,up_n_down,agent.htp.ablation_online_target,false
ablation,separable_flat,up_n_down,agent.htp.ablation_raw_readout,false
ablation,separable_flat,up_n_down,agent.htp.ablation_stop_actions,0
ablation,separable_flat,up_n_down,agent.htp.ablation_warmup_actions,0
ablation,separable_flat,up_n_down,agent.htp.enabled,true
ablation,separable_flat,up_n_down,agent.htp.grad_to_backbone,false
ablation,separable_flat,up_n_down,agent.htp.pdyn.act,"""silu"""
ablation,separable_flat,up_n_down,agent.htp.pdyn.dims,"[128, 256, 512, 1024, 2048]"
ablation,separable_flat,up_n_down,agent.htp.pdyn.enforce_coarse_to_fine,true
ablation,separable_flat,up_n_down,agent.htp.pdyn.hidden,512
ablation,separable_flat,up_n_down,agent.htp.pdyn.isolate_previous,true
ablation,separable_flat,up_n_down,agent.htp.pdyn.layers,2
ablation,separable_flat,up_n_down,agent.htp.pdyn.mask_resets,false
ablation,separable_flat,up_n_down,agent.htp.pdyn.norm,"""rms"""
ablation,separable_flat,up_n_down,agent.htp.pdyn.normalize_valid,false
ablation,separable_flat,up_n_down,agent.htp.pdyn.outscale,1.0
ablation,separable_flat,up_n_down,agent.htp.pdyn.strides,"[16, 8, 4, 2, 1]"
ablation,separable_flat,up_n_down,agent.htp.pdyn.zero_actions,false
ablation,separable_flat,up_n_down,agent.htp.proj.act,"""silu"""
ablation,separable_flat,up_n_down,agent.htp.proj.dims,"[128, 256, 512, 1024, 2048]"
ablation,separable_flat,up_n_down,agent.htp.proj.hidden,512
ablation,separable_flat,up_n_down,agent.htp.proj.layers,2
ablation,separable_flat,up_n_down,agent.htp.proj.norm,"""rms"""
ablation,separable_flat,up_n_down,agent.htp.proj.outscale,1.0
ablation,separable_flat,up_n_down,agent.htp.proj.separable,true
ablation,separable_flat,up_n_down,agent.htp.recon.act,"""silu"""
ablation,separable_flat,up_n_down,agent.htp.recon.final_only,false
ablation,separable_flat,up_n_down,agent.htp.recon.hidden,512
ablation,separable_flat,up_n_down,agent.htp.recon.layers,1
ablation,separable_flat,up_n_down,agent.htp.recon.norm,"""rms"""
ablation,separable_flat,up_n_down,agent.htp.recon.outscale,1.0
ablation,separable_flat,up_n_down,agent.htp.recon.stop_previous,true
ablation,separable_flat,up_n_down,agent.htp.use_pdyn,true
ablation,separable_flat,up_n_down,agent.htp.use_proj,true
ablation,separable_flat,up_n_down,agent.htp.use_recon,true
ablation,separable_flat,up_n_down,agent.htp.use_vicreg,false
ablation,separable_flat,up_n_down,agent.htp.vicreg_gamma,1.0
ablation,separable_flat,up_n_down,agent.htp.vicreg_scale,1.0
ablation,separable_flat,up_n_down,agent.hts.act,"""silu"""
ablation,separable_flat,up_n_down,agent.hts.action_units,128
ablation,separable_flat,up_n_down,agent.hts.actor_critic_input,"""rssm_feat"""
ablation,separable_flat,up_n_down,agent.hts.actor_critic_stopgrad_z,false
ablation,separable_flat,up_n_down,agent.hts.alpha_sdyn,"[0.1666666667, 0.1666666667, 0.1666666667, 0.1666666667, 0.1666666667, 0.1666666667]"
ablation,separable_flat,up_n_down,agent.hts.aux_warmup_action_repeat,4
ablation,separable_flat,up_n_down,agent.hts.aux_warmup_agent_actions,0
ablation,separable_flat,up_n_down,agent.hts.aux_warmup_mode,"""linear"""
ablation,separable_flat,up_n_down,agent.hts.aux_warmup_optimizer_updates,0
ablation,separable_flat,up_n_down,agent.hts.aux_warmup_raw_frames,0
ablation,separable_flat,up_n_down,agent.hts.aux_warmup_train_ratio,256
ablation,separable_flat,up_n_down,agent.hts.backbone_lr_scale,1.0
ablation,separable_flat,up_n_down,agent.hts.beta_hier,"[0.1666666667, 0.1666666667, 0.1666666667, 0.1666666667, 0.1666666667, 0.1666666667]"
ablation,separable_flat,up_n_down,agent.hts.ctrl_continue_scale,1.0
ablation,separable_flat,up_n_down,agent.hts.ctrl_reward_scale,1.0
ablation,separable_flat,up_n_down,agent.hts.ctrl_value_scale,1.0
ablation,separable_flat,up_n_down,agent.hts.decoder_prefix_stop_gradient,true
ablation,separable_flat,up_n_down,agent.hts.discount,0.997
ablation,separable_flat,up_n_down,agent.hts.dynamics_target_stop_gradient,true
ablation,separable_flat,up_n_down,agent.hts.flat_topk,48
ablation,separable_flat,up_n_down,agent.hts.flat_width,192
ablation,separable_flat,up_n_down,agent.hts.head_dim,32
ablation,separable_flat,up_n_down,agent.hts.hidden,256
ablation,separable_flat,up_n_down,agent.hts.hier_beta0,1.0
ablation,separable_flat,up_n_down,agent.hts.hier_rho,0.75
ablation,separable_flat,up_n_down,agent.hts.hierarchy_lr_scale,1.0
ablation,separable_flat,up_n_down,agent.hts.hts_lr_scale,1.0
ablation,separable_flat,up_n_down,agent.hts.impl,"""hts2"""
ablation,separable_flat,up_n_down,agent.hts.l_ctrl,0.0
ablation,separable_flat,up_n_down,agent.hts.l_hier,0.1
ablation,separable_flat,up_n_down,agent.hts.l_sdyn,0.1
ablation,separable_flat,up_n_down,agent.hts.l_sparse,1e-05
ablation,separable_flat,up_n_down,agent.hts.l_temp,0.01
ablation,separable_flat,up_n_down,agent.hts.l_vc,0.01
ablation,separable_flat,up_n_down,agent.hts.latent_anchor_name,"""rssm_repfeat"""
ablation,separable_flat,up_n_down,agent.hts.latent_anchor_source_module,"""dreamerv3.rssm.RSSM.loss"""
ablation,separable_flat,up_n_down,agent.hts.layers,2
ablation,separable_flat,up_n_down,agent.hts.levels,6
ablation,separable_flat,up_n_down,agent.hts.method,"""auxiliary_hierarchy"""
ablation,separable_flat,up_n_down,agent.hts.norm,"""rms"""
ablation,separable_flat,up_n_down,agent.hts.phase1_steps,0
ablation,separable_flat,up_n_down,agent.hts.phase2_steps,0
ablation,separable_flat,up_n_down,agent.hts.predictor_prefix_stop_gradient,false
ablation,separable_flat,up_n_down,agent.hts.proj_dim,64
ablation,separable_flat,up_n_down,agent.hts.sgf_action_units,18
ablation,separable_flat,up_n_down,agent.hts.sparsity_mode,"""levelwise_topk"""
ablation,separable_flat,up_n_down,agent.hts.strides,"[32, 16, 8, 4, 2, 1]"
ablation,separable_flat,up_n_down,agent.hts.strides_coarse_to_fine,"[32, 16, 8, 4, 2, 1]"
ablation,separable_flat,up_n_down,agent.hts.temporal_far_negative_mode,"""none"""
ablation,separable_flat,up_n_down,agent.hts.temporal_far_weight,0.25
ablation,separable_flat,up_n_down,agent.hts.temporal_k_pos,4
ablation,separable_flat,up_n_down,agent.hts.temporal_min_far_distance,16
ablation,separable_flat,up_n_down,agent.hts.temporal_temperature,0.1
ablation,separable_flat,up_n_down,agent.hts.topk,8
ablation,separable_flat,up_n_down,agent.hts.topk_per_level,"[8, 8, 8, 8, 8, 8]"
ablation,separable_flat,up_n_down,agent.hts.training_regime,"""joint"""
ablation,separable_flat,up_n_down,agent.hts.use_lctrl,false
ablation,separable_flat,up_n_down,agent.hts.use_lhier,true
ablation,separable_flat,up_n_down,agent.hts.use_lred,false
ablation,separable_flat,up_n_down,agent.hts.use_lsdyn,true
ablation,separable_flat,up_n_down,agent.hts.use_lsparse,true
ablation,separable_flat,up_n_down,agent.hts.use_ltemp,true
ablation,separable_flat,up_n_down,agent.hts.use_lvc,true
ablation,separable_flat,up_n_down,agent.hts.variant,"""hts_full"""
ablation,separable_flat,up_n_down,agent.hts.vicreg_cov_scale,1.0
ablation,separable_flat,up_n_down,agent.hts.vicreg_gamma,1.0
ablation,separable_flat,up_n_down,agent.hts.warmup_steps,0
ablation,separable_flat,up_n_down,agent.imag_last,0
ablation,separable_flat,up_n_down,agent.imag_length,15
ablation,separable_flat,up_n_down,agent.imag_loss.actent,0.0003
ablation,separable_flat,up_n_down,agent.imag_loss.lam,0.95
ablation,separable_flat,up_n_down,agent.imag_loss.slowreg,1.0
ablation,separable_flat,up_n_down,agent.imag_loss.slowtar,false
ablation,separable_flat,up_n_down,agent.loss_scales.con,1.0
ablation,separable_flat,up_n_down,agent.loss_scales.dyn,1.0
ablation,separable_flat,up_n_down,agent.loss_scales.htp_pdyn,0.0
ablation,separable_flat,up_n_down,agent.loss_scales.htp_rec,0.0
ablation,separable_flat,up_n_down,agent.loss_scales.htp_vicreg,1.0
ablation,separable_flat,up_n_down,agent.loss_scales.policy,1.0
ablation,separable_flat,up_n_down,agent.loss_scales.rec,1.0
ablation,separable_flat,up_n_down,agent.loss_scales.rep,0.1
ablation,separable_flat,up_n_down,agent.loss_scales.repval,0.3
ablation,separable_flat,up_n_down,agent.loss_scales.rew,1.0
ablation,separable_flat,up_n_down,agent.loss_scales.value,1.0
ablation,separable_flat,up_n_down,agent.opt.agc,0.3
ablation,separable_flat,up_n_down,agent.opt.anneal,0
ablation,separable_flat,up_n_down,agent.opt.beta1,0.9
ablation,separable_flat,up_n_down,agent.opt.beta2,0.999
ablation,separable_flat,up_n_down,agent.opt.eps,1e-20
ablation,separable_flat,up_n_down,agent.opt.lr,4e-05
ablation,separable_flat,up_n_down,agent.opt.momentum,true
ablation,separable_flat,up_n_down,agent.opt.schedule,"""const"""
ablation,separable_flat,up_n_down,agent.opt.warmup,1000
ablation,separable_flat,up_n_down,agent.opt.wd,0.0
ablation,separable_flat,up_n_down,agent.policy.act,"""silu"""
ablation,separable_flat,up_n_down,agent.policy.layers,3
ablation,separable_flat,up_n_down,agent.policy.maxstd,1.0
ablation,separable_flat,up_n_down,agent.policy.minstd,0.1
ablation,separable_flat,up_n_down,agent.policy.norm,"""rms"""
ablation,separable_flat,up_n_down,agent.policy.outscale,0.01
ablation,separable_flat,up_n_down,agent.policy.unimix,0.01
ablation,separable_flat,up_n_down,agent.policy.units,256
ablation,separable_flat,up_n_down,agent.policy.winit,"""trunc_normal_in"""
ablation,separable_flat,up_n_down,agent.policy_dist_cont,"""bounded_normal"""
ablation,separable_flat,up_n_down,agent.policy_dist_disc,"""categorical"""
ablation,separable_flat,up_n_down,agent.repl_loss.lam,0.95
ablation,separable_flat,up_n_down,agent.repl_loss.slowreg,1.0
ablation,separable_flat,up_n_down,agent.repl_loss.slowtar,false
ablation,separable_flat,up_n_down,agent.report,true
ablation,separable_flat,up_n_down,agent.report_gradnorms,false
ablation,separable_flat,up_n_down,agent.repval_grad,true
ablation,separable_flat,up_n_down,agent.repval_loss,true
ablation,separable_flat,up_n_down,agent.retnorm.debias,false
ablation,separable_flat,up_n_down,agent.retnorm.impl,"""perc"""
ablation,separable_flat,up_n_down,agent.retnorm.limit,1.0
ablation,separable_flat,up_n_down,agent.retnorm.perchi,95.0
ablation,separable_flat,up_n_down,agent.retnorm.perclo,5.0
ablation,separable_flat,up_n_down,agent.retnorm.rate,0.01
ablation,separable_flat,up_n_down,agent.reward_grad,true
ablation,separable_flat,up_n_down,agent.rewhead.act,"""silu"""
ablation,separable_flat,up_n_down,agent.rewhead.bins,255
ablation,separable_flat,up_n_down,agent.rewhead.layers,1
ablation,separable_flat,up_n_down,agent.rewhead.norm,"""rms"""
ablation,separable_flat,up_n_down,agent.rewhead.output,"""symexp_twohot"""
ablation,separable_flat,up_n_down,agent.rewhead.outscale,0.0
ablation,separable_flat,up_n_down,agent.rewhead.units,256
ablation,separable_flat,up_n_down,agent.rewhead.winit,"""trunc_normal_in"""
ablation,separable_flat,up_n_down,agent.slowhtp.every,1
ablation,separable_flat,up_n_down,agent.slowhtp.rate,0.02
ablation,separable_flat,up_n_down,agent.slowvalue.every,1
ablation,separable_flat,up_n_down,agent.slowvalue.rate,0.02
ablation,separable_flat,up_n_down,agent.valnorm.impl,"""none"""
ablation,separable_flat,up_n_down,agent.valnorm.limit,1e-08
ablation,separable_flat,up_n_down,agent.valnorm.rate,0.01
ablation,separable_flat,up_n_down,agent.value.act,"""silu"""
ablation,separable_flat,up_n_down,agent.value.bins,255
ablation,separable_flat,up_n_down,agent.value.layers,3
ablation,separable_flat,up_n_down,agent.value.norm,"""rms"""
ablation,separable_flat,up_n_down,agent.value.output,"""symexp_twohot"""
ablation,separable_flat,up_n_down,agent.value.outscale,0.0
ablation,separable_flat,up_n_down,agent.value.units,256
ablation,separable_flat,up_n_down,agent.value.winit,"""trunc_normal_in"""
ablation,separable_flat,up_n_down,batch_length,64
ablation,separable_flat,up_n_down,batch_size,16
ablation,separable_flat,up_n_down,clock_addr,""""""
ablation,separable_flat,up_n_down,clock_port,""""""
ablation,separable_flat,up_n_down,consec_report,1
ablation,separable_flat,up_n_down,consec_train,1
ablation,separable_flat,up_n_down,env.atari.actions,"""all"""
ablation,separable_flat,up_n_down,env.atari.aggregate,"""max"""
ablation,separable_flat,up_n_down,env.atari.autostart,false
ablation,separable_flat,up_n_down,env.atari.clip_reward,false
ablation,separable_flat,up_n_down,env.atari.gray,true
ablation,separable_flat,up_n_down,env.atari.lives,"""unused"""
ablation,separable_flat,up_n_down,env.atari.noops,30
ablation,separable_flat,up_n_down,env.atari.pooling,2
ablation,separable_flat,up_n_down,env.atari.repeat,4
ablation,separable_flat,up_n_down,env.atari.resize,"""pillow"""
ablation,separable_flat,up_n_down,env.atari.size,"[96, 96]"
ablation,separable_flat,up_n_down,env.atari.sticky,true
ablation,separable_flat,up_n_down,env.atari100k.actions,"""needed"""
ablation,separable_flat,up_n_down,env.atari100k.autostart,false
ablation,separable_flat,up_n_down,env.atari100k.clip_reward,false
ablation,separable_flat,up_n_down,env.atari100k.gray,false
ablation,separable_flat,up_n_down,env.atari100k.lives,"""unused"""
ablation,separable_flat,up_n_down,env.atari100k.noops,30
ablation,separable_flat,up_n_down,env.atari100k.repeat,4
ablation,separable_flat,up_n_down,env.atari100k.resize,"""pillow"""
ablation,separable_flat,up_n_down,env.atari100k.size,"[64, 64]"
ablation,separable_flat,up_n_down,env.atari100k.sticky,false
ablation,separable_flat,up_n_down,env.atari100k.use_seed,true
ablation,separable_flat,up_n_down,env.crafter.logs,false
ablation,separable_flat,up_n_down,env.crafter.size,"[64, 64]"
ablation,separable_flat,up_n_down,env.dmc.camera,-1
ablation,separable_flat,up_n_down,env.dmc.image,true
ablation,separable_flat,up_n_down,env.dmc.proprio,true
ablation,separable_flat,up_n_down,env.dmc.repeat,1
ablation,separable_flat,up_n_down,env.dmc.size,"[64, 64]"
ablation,separable_flat,up_n_down,env.dmlab.episodic,true
ablation,separable_flat,up_n_down,env.dmlab.repeat,4
ablation,separable_flat,up_n_down,env.dmlab.size,"[64, 64]"
ablation,separable_flat,up_n_down,env.dmlab.use_seed,true
ablation,separable_flat,up_n_down,env.loconav.camera,-1
ablation,separable_flat,up_n_down,env.loconav.repeat,1
ablation,separable_flat,up_n_down,env.loconav.size,"[64, 64]"
ablation,separable_flat,up_n_down,env.minecraft.break_speed,100.0
ablation,separable_flat,up_n_down,env.minecraft.length,36000
ablation,separable_flat,up_n_down,env.minecraft.logs,false
ablation,separable_flat,up_n_down,env.minecraft.size,"[64, 64]"
ablation,separable_flat,up_n_down,env.procgen.resize,"""pillow"""
ablation,separable_flat,up_n_down,env.procgen.size,"[96, 96]"
ablation,separable_flat,up_n_down,errfile,false
ablation,separable_flat,up_n_down,ipv6,false
ablation,separable_flat,up_n_down,jax.compute_dtype,"""bfloat16"""
ablation,separable_flat,up_n_down,jax.coordinator_address,""""""
ablation,separable_flat,up_n_down,jax.debug,false
ablation,separable_flat,up_n_down,jax.deterministic,true
ablation,separable_flat,up_n_down,jax.enable_policy,true
ablation,separable_flat,up_n_down,jax.expect_devices,0
ablation,separable_flat,up_n_down,jax.jit,true
ablation,separable_flat,up_n_down,jax.mock_devices,0
ablation,separable_flat,up_n_down,jax.platform,"""cuda"""
ablation,separable_flat,up_n_down,jax.policy_devices,[0]
ablation,separable_flat,up_n_down,jax.prealloc,false
ablation,separable_flat,up_n_down,jax.precompile,true
ablation,separable_flat,up_n_down,jax.train_devices,[0]
ablation,separable_flat,up_n_down,logger.filter,""".*"""
ablation,separable_flat,up_n_down,logger.fps,15
ablation,separable_flat,up_n_down,logger.outputs,"[""jsonl""]"
ablation,separable_flat,up_n_down,logger.timer,true
ablation,separable_flat,up_n_down,logger.user,""""""
ablation,separable_flat,up_n_down,logger.wandb_media,false
ablation,separable_flat,up_n_down,method,"""name"""
ablation,separable_flat,up_n_down,random_agent,false
ablation,separable_flat,up_n_down,replay.chunksize,1024
ablation,separable_flat,up_n_down,replay.fracs.priority,0.0
ablation,separable_flat,up_n_down,replay.fracs.recency,0.0
ablation,separable_flat,up_n_down,replay.fracs.uniform,1.0
ablation,separable_flat,up_n_down,replay.online,true
ablation,separable_flat,up_n_down,replay.prio.exponent,0.8
ablation,separable_flat,up_n_down,replay.prio.initial,"""inf"""
ablation,separable_flat,up_n_down,replay.prio.maxfrac,0.5
ablation,separable_flat,up_n_down,replay.prio.zero_on_sample,true
ablation,separable_flat,up_n_down,replay.priosignal,"""model"""
ablation,separable_flat,up_n_down,replay.recexp,1.0
ablation,separable_flat,up_n_down,replay.size,5000000.0
ablation,separable_flat,up_n_down,replay_context,1
ablation,separable_flat,up_n_down,replica,0
ablation,separable_flat,up_n_down,replicas,1
ablation,separable_flat,up_n_down,report_length,32
ablation,separable_flat,up_n_down,run.action_milestones,"[10000, 20000, 30000, 40000, 50000, 60000, 70000, 80000, 90000, 100000]"
ablation,separable_flat,up_n_down,run.actor_addr,"""localhost:{auto}"""
ablation,separable_flat,up_n_down,run.actor_batch,-1
ablation,separable_flat,up_n_down,run.actor_threads,1
ablation,separable_flat,up_n_down,run.agent_process,false
ablation,separable_flat,up_n_down,run.debug,true
ablation,separable_flat,up_n_down,run.duration,0
ablation,separable_flat,up_n_down,run.envs,1
ablation,separable_flat,up_n_down,run.episode_timeout,180
ablation,separable_flat,up_n_down,run.eval_envs,4
ablation,separable_flat,up_n_down,run.eval_eps,1
ablation,separable_flat,up_n_down,run.exact_env_action_budget,true
ablation,separable_flat,up_n_down,run.from_checkpoint_regex,""".*"""
ablation,separable_flat,up_n_down,run.log_every,30
ablation,separable_flat,up_n_down,run.log_policy_video,false
ablation,separable_flat,up_n_down,run.logger_addr,"""localhost:{auto}"""
ablation,separable_flat,up_n_down,run.remote_envs,false
ablation,separable_flat,up_n_down,run.remote_replay,false
ablation,separable_flat,up_n_down,run.replay_addr,"""localhost:{auto}"""
ablation,separable_flat,up_n_down,run.report_batches,1
ablation,separable_flat,up_n_down,run.report_every,300
ablation,separable_flat,up_n_down,run.save_every,10000
ablation,separable_flat,up_n_down,run.steps,100000.0
ablation,separable_flat,up_n_down,run.train_ratio,256.0
ablation,separable_flat,up_n_down,run.usage.gc,false
ablation,separable_flat,up_n_down,run.usage.gputil,false
ablation,separable_flat,up_n_down,run.usage.malloc,false
ablation,separable_flat,up_n_down,run.usage.nvsmi,true
ablation,separable_flat,up_n_down,run.usage.psutil,true
ablation,separable_flat,up_n_down,script,"""train"""
ablation,separable_flat,up_n_down,seed,0
ablation,separable_flat,up_n_down,task,"""atari100k_up_n_down"""
ablation,separable_flat,frostbite,agent.ac_grads,false
ablation,separable_flat,frostbite,agent.advnorm.impl,"""none"""
ablation,separable_flat,frostbite,agent.advnorm.limit,1e-08
ablation,separable_flat,frostbite,agent.advnorm.rate,0.01
ablation,separable_flat,frostbite,agent.conhead.act,"""silu"""
ablation,separable_flat,frostbite,agent.conhead.layers,1
ablation,separable_flat,frostbite,agent.conhead.norm,"""rms"""
ablation,separable_flat,frostbite,agent.conhead.output,"""binary"""
ablation,separable_flat,frostbite,agent.conhead.outscale,1.0
ablation,separable_flat,frostbite,agent.conhead.units,256
ablation,separable_flat,frostbite,agent.conhead.winit,"""trunc_normal_in"""
ablation,separable_flat,frostbite,agent.contdisc,true
ablation,separable_flat,frostbite,agent.dec.simple.act,"""silu"""
ablation,separable_flat,frostbite,agent.dec.simple.bspace,8
ablation,separable_flat,frostbite,agent.dec.simple.depth,16
ablation,separable_flat,frostbite,agent.dec.simple.kernel,5
ablation,separable_flat,frostbite,agent.dec.simple.layers,3
ablation,separable_flat,frostbite,agent.dec.simple.mults,"[2, 3, 4, 4]"
ablation,separable_flat,frostbite,agent.dec.simple.norm,"""rms"""
ablation,separable_flat,frostbite,agent.dec.simple.outer,false
ablation,separable_flat,frostbite,agent.dec.simple.outscale,1.0
ablation,separable_flat,frostbite,agent.dec.simple.strided,false
ablation,separable_flat,frostbite,agent.dec.simple.units,256
ablation,separable_flat,frostbite,agent.dec.simple.winit,"""trunc_normal_in"""
ablation,separable_flat,frostbite,agent.dec.typ,"""simple"""
ablation,separable_flat,frostbite,agent.dyn.rssm.absolute,false
ablation,separable_flat,frostbite,agent.dyn.rssm.act,"""silu"""
ablation,separable_flat,frostbite,agent.dyn.rssm.blocks,8
ablation,separable_flat,frostbite,agent.dyn.rssm.classes,16
ablation,separable_flat,frostbite,agent.dyn.rssm.deter,2048
ablation,separable_flat,frostbite,agent.dyn.rssm.dynlayers,1
ablation,separable_flat,frostbite,agent.dyn.rssm.free_nats,1.0
ablation,separable_flat,frostbite,agent.dyn.rssm.hidden,256
ablation,separable_flat,frostbite,agent.dyn.rssm.imglayers,2
ablation,separable_flat,frostbite,agent.dyn.rssm.norm,"""rms"""
ablation,separable_flat,frostbite,agent.dyn.rssm.obslayers,1
ablation,separable_flat,frostbite,agent.dyn.rssm.outscale,1.0
ablation,separable_flat,frostbite,agent.dyn.rssm.stoch,32
ablation,separable_flat,frostbite,agent.dyn.rssm.unimix,0.01
ablation,separable_flat,frostbite,agent.dyn.rssm.winit,"""trunc_normal_in"""
ablation,separable_flat,frostbite,agent.dyn.typ,"""rssm"""
ablation,separable_flat,frostbite,agent.enc.simple.act,"""silu"""
ablation,separable_flat,frostbite,agent.enc.simple.depth,16
ablation,separable_flat,frostbite,agent.enc.simple.kernel,5
ablation,separable_flat,frostbite,agent.enc.simple.layers,3
ablation,separable_flat,frostbite,agent.enc.simple.mults,"[2, 3, 4, 4]"
ablation,separable_flat,frostbite,agent.enc.simple.norm,"""rms"""
ablation,separable_flat,frostbite,agent.enc.simple.outer,false
ablation,separable_flat,frostbite,agent.enc.simple.strided,false
ablation,separable_flat,frostbite,agent.enc.simple.symlog,true
ablation,separable_flat,frostbite,agent.enc.simple.units,256
ablation,separable_flat,frostbite,agent.enc.simple.winit,"""trunc_normal_in"""
ablation,separable_flat,frostbite,agent.enc.typ,"""simple"""
ablation,separable_flat,frostbite,agent.horizon,333
ablation,separable_flat,frostbite,agent.htp.ablation_online_target,false
ablation,separable_flat,frostbite,agent.htp.ablation_raw_readout,false
ablation,separable_flat,frostbite,agent.htp.ablation_stop_actions,0
ablation,separable_flat,frostbite,agent.htp.ablation_warmup_actions,0
ablation,separable_flat,frostbite,agent.htp.enabled,true
ablation,separable_flat,frostbite,agent.htp.grad_to_backbone,false
ablation,separable_flat,frostbite,agent.htp.pdyn.act,"""silu"""
ablation,separable_flat,frostbite,agent.htp.pdyn.dims,"[128, 256, 512, 1024, 2048]"
ablation,separable_flat,frostbite,agent.htp.pdyn.enforce_coarse_to_fine,true
ablation,separable_flat,frostbite,agent.htp.pdyn.hidden,512
ablation,separable_flat,frostbite,agent.htp.pdyn.isolate_previous,true
ablation,separable_flat,frostbite,agent.htp.pdyn.layers,2
ablation,separable_flat,frostbite,agent.htp.pdyn.mask_resets,false
ablation,separable_flat,frostbite,agent.htp.pdyn.norm,"""rms"""
ablation,separable_flat,frostbite,agent.htp.pdyn.normalize_valid,false
ablation,separable_flat,frostbite,agent.htp.pdyn.outscale,1.0
ablation,separable_flat,frostbite,agent.htp.pdyn.strides,"[16, 8, 4, 2, 1]"
ablation,separable_flat,frostbite,agent.htp.pdyn.zero_actions,false
ablation,separable_flat,frostbite,agent.htp.proj.act,"""silu"""
ablation,separable_flat,frostbite,agent.htp.proj.dims,"[128, 256, 512, 1024, 2048]"
ablation,separable_flat,frostbite,agent.htp.proj.hidden,512
ablation,separable_flat,frostbite,agent.htp.proj.layers,2
ablation,separable_flat,frostbite,agent.htp.proj.norm,"""rms"""
ablation,separable_flat,frostbite,agent.htp.proj.outscale,1.0
ablation,separable_flat,frostbite,agent.htp.proj.separable,true
ablation,separable_flat,frostbite,agent.htp.recon.act,"""silu"""
ablation,separable_flat,frostbite,agent.htp.recon.final_only,false
ablation,separable_flat,frostbite,agent.htp.recon.hidden,512
ablation,separable_flat,frostbite,agent.htp.recon.layers,1
ablation,separable_flat,frostbite,agent.htp.recon.norm,"""rms"""
ablation,separable_flat,frostbite,agent.htp.recon.outscale,1.0
ablation,separable_flat,frostbite,agent.htp.recon.stop_previous,true
ablation,separable_flat,frostbite,agent.htp.use_pdyn,true
ablation,separable_flat,frostbite,agent.htp.use_proj,true
ablation,separable_flat,frostbite,agent.htp.use_recon,true
ablation,separable_flat,frostbite,agent.htp.use_vicreg,false
ablation,separable_flat,frostbite,agent.htp.vicreg_gamma,1.0
ablation,separable_flat,frostbite,agent.htp.vicreg_scale,1.0
ablation,separable_flat,frostbite,agent.hts.act,"""silu"""
ablation,separable_flat,frostbite,agent.hts.action_units,128
ablation,separable_flat,frostbite,agent.hts.actor_critic_input,"""rssm_feat"""
ablation,separable_flat,frostbite,agent.hts.actor_critic_stopgrad_z,false
ablation,separable_flat,frostbite,agent.hts.alpha_sdyn,"[0.1666666667, 0.1666666667, 0.1666666667, 0.1666666667, 0.1666666667, 0.1666666667]"
ablation,separable_flat,frostbite,agent.hts.aux_warmup_action_repeat,4
ablation,separable_flat,frostbite,agent.hts.aux_warmup_agent_actions,0
ablation,separable_flat,frostbite,agent.hts.aux_warmup_mode,"""linear"""
ablation,separable_flat,frostbite,agent.hts.aux_warmup_optimizer_updates,0
ablation,separable_flat,frostbite,agent.hts.aux_warmup_raw_frames,0
ablation,separable_flat,frostbite,agent.hts.aux_warmup_train_ratio,256
ablation,separable_flat,frostbite,agent.hts.backbone_lr_scale,1.0
ablation,separable_flat,frostbite,agent.hts.beta_hier,"[0.1666666667, 0.1666666667, 0.1666666667, 0.1666666667, 0.1666666667, 0.1666666667]"
ablation,separable_flat,frostbite,agent.hts.ctrl_continue_scale,1.0
ablation,separable_flat,frostbite,agent.hts.ctrl_reward_scale,1.0
ablation,separable_flat,frostbite,agent.hts.ctrl_value_scale,1.0
ablation,separable_flat,frostbite,agent.hts.decoder_prefix_stop_gradient,true
ablation,separable_flat,frostbite,agent.hts.discount,0.997
ablation,separable_flat,frostbite,agent.hts.dynamics_target_stop_gradient,true
ablation,separable_flat,frostbite,agent.hts.flat_topk,48
ablation,separable_flat,frostbite,agent.hts.flat_width,192
ablation,separable_flat,frostbite,agent.hts.head_dim,32
ablation,separable_flat,frostbite,agent.hts.hidden,256
ablation,separable_flat,frostbite,agent.hts.hier_beta0,1.0
ablation,separable_flat,frostbite,agent.hts.hier_rho,0.75
ablation,separable_flat,frostbite,agent.hts.hierarchy_lr_scale,1.0
ablation,separable_flat,frostbite,agent.hts.hts_lr_scale,1.0
ablation,separable_flat,frostbite,agent.hts.impl,"""hts2"""
ablation,separable_flat,frostbite,agent.hts.l_ctrl,0.0
ablation,separable_flat,frostbite,agent.hts.l_hier,0.1
ablation,separable_flat,frostbite,agent.hts.l_sdyn,0.1
ablation,separable_flat,frostbite,agent.hts.l_sparse,1e-05
ablation,separable_flat,frostbite,agent.hts.l_temp,0.01
ablation,separable_flat,frostbite,agent.hts.l_vc,0.01
ablation,separable_flat,frostbite,agent.hts.latent_anchor_name,"""rssm_repfeat"""
ablation,separable_flat,frostbite,agent.hts.latent_anchor_source_module,"""dreamerv3.rssm.RSSM.loss"""
ablation,separable_flat,frostbite,agent.hts.layers,2
ablation,separable_flat,frostbite,agent.hts.levels,6
ablation,separable_flat,frostbite,agent.hts.method,"""auxiliary_hierarchy"""
ablation,separable_flat,frostbite,agent.hts.norm,"""rms"""
ablation,separable_flat,frostbite,agent.hts.phase1_steps,0
ablation,separable_flat,frostbite,agent.hts.phase2_steps,0
ablation,separable_flat,frostbite,agent.hts.predictor_prefix_stop_gradient,false
ablation,separable_flat,frostbite,agent.hts.proj_dim,64
ablation,separable_flat,frostbite,agent.hts.sgf_action_units,18
ablation,separable_flat,frostbite,agent.hts.sparsity_mode,"""levelwise_topk"""
ablation,separable_flat,frostbite,agent.hts.strides,"[32, 16, 8, 4, 2, 1]"
ablation,separable_flat,frostbite,agent.hts.strides_coarse_to_fine,"[32, 16, 8, 4, 2, 1]"
ablation,separable_flat,frostbite,agent.hts.temporal_far_negative_mode,"""none"""
ablation,separable_flat,frostbite,agent.hts.temporal_far_weight,0.25
ablation,separable_flat,frostbite,agent.hts.temporal_k_pos,4
ablation,separable_flat,frostbite,agent.hts.temporal_min_far_distance,16
ablation,separable_flat,frostbite,agent.hts.temporal_temperature,0.1
ablation,separable_flat,frostbite,agent.hts.topk,8
ablation,separable_flat,frostbite,agent.hts.topk_per_level,"[8, 8, 8, 8, 8, 8]"
ablation,separable_flat,frostbite,agent.hts.training_regime,"""joint"""
ablation,separable_flat,frostbite,agent.hts.use_lctrl,false
ablation,separable_flat,frostbite,agent.hts.use_lhier,true
ablation,separable_flat,frostbite,agent.hts.use_lred,false
ablation,separable_flat,frostbite,agent.hts.use_lsdyn,true
ablation,separable_flat,frostbite,agent.hts.use_lsparse,true
ablation,separable_flat,frostbite,agent.hts.use_ltemp,true
ablation,separable_flat,frostbite,agent.hts.use_lvc,true
ablation,separable_flat,frostbite,agent.hts.variant,"""hts_full"""
ablation,separable_flat,frostbite,agent.hts.vicreg_cov_scale,1.0
ablation,separable_flat,frostbite,agent.hts.vicreg_gamma,1.0
ablation,separable_flat,frostbite,agent.hts.warmup_steps,0
ablation,separable_flat,frostbite,agent.imag_last,0
ablation,separable_flat,frostbite,agent.imag_length,15
ablation,separable_flat,frostbite,agent.imag_loss.actent,0.0003
ablation,separable_flat,frostbite,agent.imag_loss.lam,0.95
ablation,separable_flat,frostbite,agent.imag_loss.slowreg,1.0
ablation,separable_flat,frostbite,agent.imag_loss.slowtar,false
ablation,separable_flat,frostbite,agent.loss_scales.con,1.0
ablation,separable_flat,frostbite,agent.loss_scales.dyn,1.0
ablation,separable_flat,frostbite,agent.loss_scales.htp_pdyn,0.0
ablation,separable_flat,frostbite,agent.loss_scales.htp_rec,0.0
ablation,separable_flat,frostbite,agent.loss_scales.htp_vicreg,1.0
ablation,separable_flat,frostbite,agent.loss_scales.policy,1.0
ablation,separable_flat,frostbite,agent.loss_scales.rec,1.0
ablation,separable_flat,frostbite,agent.loss_scales.rep,0.1
ablation,separable_flat,frostbite,agent.loss_scales.repval,0.3
ablation,separable_flat,frostbite,agent.loss_scales.rew,1.0
ablation,separable_flat,frostbite,agent.loss_scales.value,1.0
ablation,separable_flat,frostbite,agent.opt.agc,0.3
ablation,separable_flat,frostbite,agent.opt.anneal,0
ablation,separable_flat,frostbite,agent.opt.beta1,0.9
ablation,separable_flat,frostbite,agent.opt.beta2,0.999
ablation,separable_flat,frostbite,agent.opt.eps,1e-20
ablation,separable_flat,frostbite,agent.opt.lr,4e-05
ablation,separable_flat,frostbite,agent.opt.momentum,true
ablation,separable_flat,frostbite,agent.opt.schedule,"""const"""
ablation,separable_flat,frostbite,agent.opt.warmup,1000
ablation,separable_flat,frostbite,agent.opt.wd,0.0
ablation,separable_flat,frostbite,agent.policy.act,"""silu"""
ablation,separable_flat,frostbite,agent.policy.layers,3
ablation,separable_flat,frostbite,agent.policy.maxstd,1.0
ablation,separable_flat,frostbite,agent.policy.minstd,0.1
ablation,separable_flat,frostbite,agent.policy.norm,"""rms"""
ablation,separable_flat,frostbite,agent.policy.outscale,0.01
ablation,separable_flat,frostbite,agent.policy.unimix,0.01
ablation,separable_flat,frostbite,agent.policy.units,256
ablation,separable_flat,frostbite,agent.policy.winit,"""trunc_normal_in"""
ablation,separable_flat,frostbite,agent.policy_dist_cont,"""bounded_normal"""
ablation,separable_flat,frostbite,agent.policy_dist_disc,"""categorical"""
ablation,separable_flat,frostbite,agent.repl_loss.lam,0.95
ablation,separable_flat,frostbite,agent.repl_loss.slowreg,1.0
ablation,separable_flat,frostbite,agent.repl_loss.slowtar,false
ablation,separable_flat,frostbite,agent.report,true
ablation,separable_flat,frostbite,agent.report_gradnorms,false
ablation,separable_flat,frostbite,agent.repval_grad,true
ablation,separable_flat,frostbite,agent.repval_loss,true
ablation,separable_flat,frostbite,agent.retnorm.debias,false
ablation,separable_flat,frostbite,agent.retnorm.impl,"""perc"""
ablation,separable_flat,frostbite,agent.retnorm.limit,1.0
ablation,separable_flat,frostbite,agent.retnorm.perchi,95.0
ablation,separable_flat,frostbite,agent.retnorm.perclo,5.0
ablation,separable_flat,frostbite,agent.retnorm.rate,0.01
ablation,separable_flat,frostbite,agent.reward_grad,true
ablation,separable_flat,frostbite,agent.rewhead.act,"""silu"""
ablation,separable_flat,frostbite,agent.rewhead.bins,255
ablation,separable_flat,frostbite,agent.rewhead.layers,1
ablation,separable_flat,frostbite,agent.rewhead.norm,"""rms"""
ablation,separable_flat,frostbite,agent.rewhead.output,"""symexp_twohot"""
ablation,separable_flat,frostbite,agent.rewhead.outscale,0.0
ablation,separable_flat,frostbite,agent.rewhead.units,256
ablation,separable_flat,frostbite,agent.rewhead.winit,"""trunc_normal_in"""
ablation,separable_flat,frostbite,agent.slowhtp.every,1
ablation,separable_flat,frostbite,agent.slowhtp.rate,0.02
ablation,separable_flat,frostbite,agent.slowvalue.every,1
ablation,separable_flat,frostbite,agent.slowvalue.rate,0.02
ablation,separable_flat,frostbite,agent.valnorm.impl,"""none"""
ablation,separable_flat,frostbite,agent.valnorm.limit,1e-08
ablation,separable_flat,frostbite,agent.valnorm.rate,0.01
ablation,separable_flat,frostbite,agent.value.act,"""silu"""
ablation,separable_flat,frostbite,agent.value.bins,255
ablation,separable_flat,frostbite,agent.value.layers,3
ablation,separable_flat,frostbite,agent.value.norm,"""rms"""
ablation,separable_flat,frostbite,agent.value.output,"""symexp_twohot"""
ablation,separable_flat,frostbite,agent.value.outscale,0.0
ablation,separable_flat,frostbite,agent.value.units,256
ablation,separable_flat,frostbite,agent.value.winit,"""trunc_normal_in"""
ablation,separable_flat,frostbite,batch_length,64
ablation,separable_flat,frostbite,batch_size,16
ablation,separable_flat,frostbite,clock_addr,""""""
ablation,separable_flat,frostbite,clock_port,""""""
ablation,separable_flat,frostbite,consec_report,1
ablation,separable_flat,frostbite,consec_train,1
ablation,separable_flat,frostbite,env.atari.actions,"""all"""
ablation,separable_flat,frostbite,env.atari.aggregate,"""max"""
ablation,separable_flat,frostbite,env.atari.autostart,false
ablation,separable_flat,frostbite,env.atari.clip_reward,false
ablation,separable_flat,frostbite,env.atari.gray,true
ablation,separable_flat,frostbite,env.atari.lives,"""unused"""
ablation,separable_flat,frostbite,env.atari.noops,30
ablation,separable_flat,frostbite,env.atari.pooling,2
ablation,separable_flat,frostbite,env.atari.repeat,4
ablation,separable_flat,frostbite,env.atari.resize,"""pillow"""
ablation,separable_flat,frostbite,env.atari.size,"[96, 96]"
ablation,separable_flat,frostbite,env.atari.sticky,true
ablation,separable_flat,frostbite,env.atari100k.actions,"""needed"""
ablation,separable_flat,frostbite,env.atari100k.autostart,false
ablation,separable_flat,frostbite,env.atari100k.clip_reward,false
ablation,separable_flat,frostbite,env.atari100k.gray,false
ablation,separable_flat,frostbite,env.atari100k.lives,"""unused"""
ablation,separable_flat,frostbite,env.atari100k.noops,30
ablation,separable_flat,frostbite,env.atari100k.repeat,4
ablation,separable_flat,frostbite,env.atari100k.resize,"""pillow"""
ablation,separable_flat,frostbite,env.atari100k.size,"[64, 64]"
ablation,separable_flat,frostbite,env.atari100k.sticky,false
ablation,separable_flat,frostbite,env.atari100k.use_seed,true
ablation,separable_flat,frostbite,env.crafter.logs,false
ablation,separable_flat,frostbite,env.crafter.size,"[64, 64]"
ablation,separable_flat,frostbite,env.dmc.camera,-1
ablation,separable_flat,frostbite,env.dmc.image,true
ablation,separable_flat,frostbite,env.dmc.proprio,true
ablation,separable_flat,frostbite,env.dmc.repeat,1
ablation,separable_flat,frostbite,env.dmc.size,"[64, 64]"
ablation,separable_flat,frostbite,env.dmlab.episodic,true
ablation,separable_flat,frostbite,env.dmlab.repeat,4
ablation,separable_flat,frostbite,env.dmlab.size,"[64, 64]"
ablation,separable_flat,frostbite,env.dmlab.use_seed,true
ablation,separable_flat,frostbite,env.loconav.camera,-1
ablation,separable_flat,frostbite,env.loconav.repeat,1
ablation,separable_flat,frostbite,env.loconav.size,"[64, 64]"
ablation,separable_flat,frostbite,env.minecraft.break_speed,100.0
ablation,separable_flat,frostbite,env.minecraft.length,36000
ablation,separable_flat,frostbite,env.minecraft.logs,false
ablation,separable_flat,frostbite,env.minecraft.size,"[64, 64]"
ablation,separable_flat,frostbite,env.procgen.resize,"""pillow"""
ablation,separable_flat,frostbite,env.procgen.size,"[96, 96]"
ablation,separable_flat,frostbite,errfile,false
ablation,separable_flat,frostbite,ipv6,false
ablation,separable_flat,frostbite,jax.compute_dtype,"""bfloat16"""
ablation,separable_flat,frostbite,jax.coordinator_address,""""""
ablation,separable_flat,frostbite,jax.debug,false
ablation,separable_flat,frostbite,jax.deterministic,true
ablation,separable_flat,frostbite,jax.enable_policy,true
ablation,separable_flat,frostbite,jax.expect_devices,0
ablation,separable_flat,frostbite,jax.jit,true
ablation,separable_flat,frostbite,jax.mock_devices,0
ablation,separable_flat,frostbite,jax.platform,"""cuda"""
ablation,separable_flat,frostbite,jax.policy_devices,[0]
ablation,separable_flat,frostbite,jax.prealloc,false
ablation,separable_flat,frostbite,jax.precompile,true
ablation,separable_flat,frostbite,jax.train_devices,[0]
ablation,separable_flat,frostbite,logger.filter,""".*"""
ablation,separable_flat,frostbite,logger.fps,15
ablation,separable_flat,frostbite,logger.outputs,"[""jsonl""]"
ablation,separable_flat,frostbite,logger.timer,true
ablation,separable_flat,frostbite,logger.user,""""""
ablation,separable_flat,frostbite,logger.wandb_media,false
ablation,separable_flat,frostbite,method,"""name"""
ablation,separable_flat,frostbite,random_agent,false
ablation,separable_flat,frostbite,replay.chunksize,1024
ablation,separable_flat,frostbite,replay.fracs.priority,0.0
ablation,separable_flat,frostbite,replay.fracs.recency,0.0
ablation,separable_flat,frostbite,replay.fracs.uniform,1.0
ablation,separable_flat,frostbite,replay.online,true
ablation,separable_flat,frostbite,replay.prio.exponent,0.8
ablation,separable_flat,frostbite,replay.prio.initial,"""inf"""
ablation,separable_flat,frostbite,replay.prio.maxfrac,0.5
ablation,separable_flat,frostbite,replay.prio.zero_on_sample,true
ablation,separable_flat,frostbite,replay.priosignal,"""model"""
ablation,separable_flat,frostbite,replay.recexp,1.0
ablation,separable_flat,frostbite,replay.size,5000000.0
ablation,separable_flat,frostbite,replay_context,1
ablation,separable_flat,frostbite,replica,0
ablation,separable_flat,frostbite,replicas,1
ablation,separable_flat,frostbite,report_length,32
ablation,separable_flat,frostbite,run.action_milestones,"[10000, 20000, 30000, 40000, 50000, 60000, 70000, 80000, 90000, 100000]"
ablation,separable_flat,frostbite,run.actor_addr,"""localhost:{auto}"""
ablation,separable_flat,frostbite,run.actor_batch,-1
ablation,separable_flat,frostbite,run.actor_threads,1
ablation,separable_flat,frostbite,run.agent_process,false
ablation,separable_flat,frostbite,run.debug,true
ablation,separable_flat,frostbite,run.duration,0
ablation,separable_flat,frostbite,run.envs,1
ablation,separable_flat,frostbite,run.episode_timeout,180
ablation,separable_flat,frostbite,run.eval_envs,4
ablation,separable_flat,frostbite,run.eval_eps,1
ablation,separable_flat,frostbite,run.exact_env_action_budget,true
ablation,separable_flat,frostbite,run.from_checkpoint_regex,""".*"""
ablation,separable_flat,frostbite,run.log_every,30
ablation,separable_flat,frostbite,run.log_policy_video,false
ablation,separable_flat,frostbite,run.logger_addr,"""localhost:{auto}"""
ablation,separable_flat,frostbite,run.remote_envs,false
ablation,separable_flat,frostbite,run.remote_replay,false
ablation,separable_flat,frostbite,run.replay_addr,"""localhost:{auto}"""
ablation,separable_flat,frostbite,run.report_batches,1
ablation,separable_flat,frostbite,run.report_every,300
ablation,separable_flat,frostbite,run.save_every,10000
ablation,separable_flat,frostbite,run.steps,100000.0
ablation,separable_flat,frostbite,run.train_ratio,256.0
ablation,separable_flat,frostbite,run.usage.gc,false
ablation,separable_flat,frostbite,run.usage.gputil,false
ablation,separable_flat,frostbite,run.usage.malloc,false
ablation,separable_flat,frostbite,run.usage.nvsmi,true
ablation,separable_flat,frostbite,run.usage.psutil,true
ablation,separable_flat,frostbite,script,"""train"""
ablation,separable_flat,frostbite,seed,0
ablation,separable_flat,frostbite,task,"""atari100k_frostbite"""
ablation,separable_flat,road_runner,agent.ac_grads,false
ablation,separable_flat,road_runner,agent.advnorm.impl,"""none"""
ablation,separable_flat,road_runner,agent.advnorm.limit,1e-08
ablation,separable_flat,road_runner,agent.advnorm.rate,0.01
ablation,separable_flat,road_runner,agent.conhead.act,"""silu"""
ablation,separable_flat,road_runner,agent.conhead.layers,1
ablation,separable_flat,road_runner,agent.conhead.norm,"""rms"""
ablation,separable_flat,road_runner,agent.conhead.output,"""binary"""
ablation,separable_flat,road_runner,agent.conhead.outscale,1.0
ablation,separable_flat,road_runner,agent.conhead.units,256
ablation,separable_flat,road_runner,agent.conhead.winit,"""trunc_normal_in"""
ablation,separable_flat,road_runner,agent.contdisc,true
ablation,separable_flat,road_runner,agent.dec.simple.act,"""silu"""
ablation,separable_flat,road_runner,agent.dec.simple.bspace,8
ablation,separable_flat,road_runner,agent.dec.simple.depth,16
ablation,separable_flat,road_runner,agent.dec.simple.kernel,5
ablation,separable_flat,road_runner,agent.dec.simple.layers,3
ablation,separable_flat,road_runner,agent.dec.simple.mults,"[2, 3, 4, 4]"
ablation,separable_flat,road_runner,agent.dec.simple.norm,"""rms"""
ablation,separable_flat,road_runner,agent.dec.simple.outer,false
ablation,separable_flat,road_runner,agent.dec.simple.outscale,1.0
ablation,separable_flat,road_runner,agent.dec.simple.strided,false
ablation,separable_flat,road_runner,agent.dec.simple.units,256
ablation,separable_flat,road_runner,agent.dec.simple.winit,"""trunc_normal_in"""
ablation,separable_flat,road_runner,agent.dec.typ,"""simple"""
ablation,separable_flat,road_runner,agent.dyn.rssm.absolute,false
ablation,separable_flat,road_runner,agent.dyn.rssm.act,"""silu"""
ablation,separable_flat,road_runner,agent.dyn.rssm.blocks,8
ablation,separable_flat,road_runner,agent.dyn.rssm.classes,16
ablation,separable_flat,road_runner,agent.dyn.rssm.deter,2048
ablation,separable_flat,road_runner,agent.dyn.rssm.dynlayers,1
ablation,separable_flat,road_runner,agent.dyn.rssm.free_nats,1.0
ablation,separable_flat,road_runner,agent.dyn.rssm.hidden,256
ablation,separable_flat,road_runner,agent.dyn.rssm.imglayers,2
ablation,separable_flat,road_runner,agent.dyn.rssm.norm,"""rms"""
ablation,separable_flat,road_runner,agent.dyn.rssm.obslayers,1
ablation,separable_flat,road_runner,agent.dyn.rssm.outscale,1.0
ablation,separable_flat,road_runner,agent.dyn.rssm.stoch,32
ablation,separable_flat,road_runner,agent.dyn.rssm.unimix,0.01
ablation,separable_flat,road_runner,agent.dyn.rssm.winit,"""trunc_normal_in"""
ablation,separable_flat,road_runner,agent.dyn.typ,"""rssm"""
ablation,separable_flat,road_runner,agent.enc.simple.act,"""silu"""
ablation,separable_flat,road_runner,agent.enc.simple.depth,16
ablation,separable_flat,road_runner,agent.enc.simple.kernel,5
ablation,separable_flat,road_runner,agent.enc.simple.layers,3
ablation,separable_flat,road_runner,agent.enc.simple.mults,"[2, 3, 4, 4]"
ablation,separable_flat,road_runner,agent.enc.simple.norm,"""rms"""
ablation,separable_flat,road_runner,agent.enc.simple.outer,false
ablation,separable_flat,road_runner,agent.enc.simple.strided,false
ablation,separable_flat,road_runner,agent.enc.simple.symlog,true
ablation,separable_flat,road_runner,agent.enc.simple.units,256
ablation,separable_flat,road_runner,agent.enc.simple.winit,"""trunc_normal_in"""
ablation,separable_flat,road_runner,agent.enc.typ,"""simple"""
ablation,separable_flat,road_runner,agent.horizon,333
ablation,separable_flat,road_runner,agent.htp.ablation_online_target,false
ablation,separable_flat,road_runner,agent.htp.ablation_raw_readout,false
ablation,separable_flat,road_runner,agent.htp.ablation_stop_actions,0
ablation,separable_flat,road_runner,agent.htp.ablation_warmup_actions,0
ablation,separable_flat,road_runner,agent.htp.enabled,true
ablation,separable_flat,road_runner,agent.htp.grad_to_backbone,false
ablation,separable_flat,road_runner,agent.htp.pdyn.act,"""silu"""
ablation,separable_flat,road_runner,agent.htp.pdyn.dims,"[128, 256, 512, 1024, 2048]"
ablation,separable_flat,road_runner,agent.htp.pdyn.enforce_coarse_to_fine,true
ablation,separable_flat,road_runner,agent.htp.pdyn.hidden,512
ablation,separable_flat,road_runner,agent.htp.pdyn.isolate_previous,true
ablation,separable_flat,road_runner,agent.htp.pdyn.layers,2
ablation,separable_flat,road_runner,agent.htp.pdyn.mask_resets,false
ablation,separable_flat,road_runner,agent.htp.pdyn.norm,"""rms"""
ablation,separable_flat,road_runner,agent.htp.pdyn.normalize_valid,false
ablation,separable_flat,road_runner,agent.htp.pdyn.outscale,1.0
ablation,separable_flat,road_runner,agent.htp.pdyn.strides,"[16, 8, 4, 2, 1]"
ablation,separable_flat,road_runner,agent.htp.pdyn.zero_actions,false
ablation,separable_flat,road_runner,agent.htp.proj.act,"""silu"""
ablation,separable_flat,road_runner,agent.htp.proj.dims,"[128, 256, 512, 1024, 2048]"
ablation,separable_flat,road_runner,agent.htp.proj.hidden,512
ablation,separable_flat,road_runner,agent.htp.proj.layers,2
ablation,separable_flat,road_runner,agent.htp.proj.norm,"""rms"""
ablation,separable_flat,road_runner,agent.htp.proj.outscale,1.0
ablation,separable_flat,road_runner,agent.htp.proj.separable,true
ablation,separable_flat,road_runner,agent.htp.recon.act,"""silu"""
ablation,separable_flat,road_runner,agent.htp.recon.final_only,false
ablation,separable_flat,road_runner,agent.htp.recon.hidden,512
ablation,separable_flat,road_runner,agent.htp.recon.layers,1
ablation,separable_flat,road_runner,agent.htp.recon.norm,"""rms"""
ablation,separable_flat,road_runner,agent.htp.recon.outscale,1.0
ablation,separable_flat,road_runner,agent.htp.recon.stop_previous,true
ablation,separable_flat,road_runner,agent.htp.use_pdyn,true
ablation,separable_flat,road_runner,agent.htp.use_proj,true
ablation,separable_flat,road_runner,agent.htp.use_recon,true
ablation,separable_flat,road_runner,agent.htp.use_vicreg,false
ablation,separable_flat,road_runner,agent.htp.vicreg_gamma,1.0
ablation,separable_flat,road_runner,agent.htp.vicreg_scale,1.0
ablation,separable_flat,road_runner,agent.hts.act,"""silu"""
ablation,separable_flat,road_runner,agent.hts.action_units,128
ablation,separable_flat,road_runner,agent.hts.actor_critic_input,"""rssm_feat"""
ablation,separable_flat,road_runner,agent.hts.actor_critic_stopgrad_z,false
ablation,separable_flat,road_runner,agent.hts.alpha_sdyn,"[0.1666666667, 0.1666666667, 0.1666666667, 0.1666666667, 0.1666666667, 0.1666666667]"
ablation,separable_flat,road_runner,agent.hts.aux_warmup_action_repeat,4
ablation,separable_flat,road_runner,agent.hts.aux_warmup_agent_actions,0
ablation,separable_flat,road_runner,agent.hts.aux_warmup_mode,"""linear"""
ablation,separable_flat,road_runner,agent.hts.aux_warmup_optimizer_updates,0
ablation,separable_flat,road_runner,agent.hts.aux_warmup_raw_frames,0
ablation,separable_flat,road_runner,agent.hts.aux_warmup_train_ratio,256
ablation,separable_flat,road_runner,agent.hts.backbone_lr_scale,1.0
ablation,separable_flat,road_runner,agent.hts.beta_hier,"[0.1666666667, 0.1666666667, 0.1666666667, 0.1666666667, 0.1666666667, 0.1666666667]"
ablation,separable_flat,road_runner,agent.hts.ctrl_continue_scale,1.0
ablation,separable_flat,road_runner,agent.hts.ctrl_reward_scale,1.0
ablation,separable_flat,road_runner,agent.hts.ctrl_value_scale,1.0
ablation,separable_flat,road_runner,agent.hts.decoder_prefix_stop_gradient,true
ablation,separable_flat,road_runner,agent.hts.discount,0.997
ablation,separable_flat,road_runner,agent.hts.dynamics_target_stop_gradient,true
ablation,separable_flat,road_runner,agent.hts.flat_topk,48
ablation,separable_flat,road_runner,agent.hts.flat_width,192
ablation,separable_flat,road_runner,agent.hts.head_dim,32
ablation,separable_flat,road_runner,agent.hts.hidden,256
ablation,separable_flat,road_runner,agent.hts.hier_beta0,1.0
ablation,separable_flat,road_runner,agent.hts.hier_rho,0.75
ablation,separable_flat,road_runner,agent.hts.hierarchy_lr_scale,1.0
ablation,separable_flat,road_runner,agent.hts.hts_lr_scale,1.0
ablation,separable_flat,road_runner,agent.hts.impl,"""hts2"""
ablation,separable_flat,road_runner,agent.hts.l_ctrl,0.0
ablation,separable_flat,road_runner,agent.hts.l_hier,0.1
ablation,separable_flat,road_runner,agent.hts.l_sdyn,0.1
ablation,separable_flat,road_runner,agent.hts.l_sparse,1e-05
ablation,separable_flat,road_runner,agent.hts.l_temp,0.01
ablation,separable_flat,road_runner,agent.hts.l_vc,0.01
ablation,separable_flat,road_runner,agent.hts.latent_anchor_name,"""rssm_repfeat"""
ablation,separable_flat,road_runner,agent.hts.latent_anchor_source_module,"""dreamerv3.rssm.RSSM.loss"""
ablation,separable_flat,road_runner,agent.hts.layers,2
ablation,separable_flat,road_runner,agent.hts.levels,6
ablation,separable_flat,road_runner,agent.hts.method,"""auxiliary_hierarchy"""
ablation,separable_flat,road_runner,agent.hts.norm,"""rms"""
ablation,separable_flat,road_runner,agent.hts.phase1_steps,0
ablation,separable_flat,road_runner,agent.hts.phase2_steps,0
ablation,separable_flat,road_runner,agent.hts.predictor_prefix_stop_gradient,false
ablation,separable_flat,road_runner,agent.hts.proj_dim,64
ablation,separable_flat,road_runner,agent.hts.sgf_action_units,18
ablation,separable_flat,road_runner,agent.hts.sparsity_mode,"""levelwise_topk"""
ablation,separable_flat,road_runner,agent.hts.strides,"[32, 16, 8, 4, 2, 1]"
ablation,separable_flat,road_runner,agent.hts.strides_coarse_to_fine,"[32, 16, 8, 4, 2, 1]"
ablation,separable_flat,road_runner,agent.hts.temporal_far_negative_mode,"""none"""
ablation,separable_flat,road_runner,agent.hts.temporal_far_weight,0.25
ablation,separable_flat,road_runner,agent.hts.temporal_k_pos,4
ablation,separable_flat,road_runner,agent.hts.temporal_min_far_distance,16
ablation,separable_flat,road_runner,agent.hts.temporal_temperature,0.1
ablation,separable_flat,road_runner,agent.hts.topk,8
ablation,separable_flat,road_runner,agent.hts.topk_per_level,"[8, 8, 8, 8, 8, 8]"
ablation,separable_flat,road_runner,agent.hts.training_regime,"""joint"""
ablation,separable_flat,road_runner,agent.hts.use_lctrl,false
ablation,separable_flat,road_runner,agent.hts.use_lhier,true
ablation,separable_flat,road_runner,agent.hts.use_lred,false
ablation,separable_flat,road_runner,agent.hts.use_lsdyn,true
ablation,separable_flat,road_runner,agent.hts.use_lsparse,true
ablation,separable_flat,road_runner,agent.hts.use_ltemp,true
ablation,separable_flat,road_runner,agent.hts.use_lvc,true
ablation,separable_flat,road_runner,agent.hts.variant,"""hts_full"""
ablation,separable_flat,road_runner,agent.hts.vicreg_cov_scale,1.0
ablation,separable_flat,road_runner,agent.hts.vicreg_gamma,1.0
ablation,separable_flat,road_runner,agent.hts.warmup_steps,0
ablation,separable_flat,road_runner,agent.imag_last,0
ablation,separable_flat,road_runner,agent.imag_length,15
ablation,separable_flat,road_runner,agent.imag_loss.actent,0.0003
ablation,separable_flat,road_runner,agent.imag_loss.lam,0.95
ablation,separable_flat,road_runner,agent.imag_loss.slowreg,1.0
ablation,separable_flat,road_runner,agent.imag_loss.slowtar,false
ablation,separable_flat,road_runner,agent.loss_scales.con,1.0
ablation,separable_flat,road_runner,agent.loss_scales.dyn,1.0
ablation,separable_flat,road_runner,agent.loss_scales.htp_pdyn,0.0
ablation,separable_flat,road_runner,agent.loss_scales.htp_rec,0.0
ablation,separable_flat,road_runner,agent.loss_scales.htp_vicreg,1.0
ablation,separable_flat,road_runner,agent.loss_scales.policy,1.0
ablation,separable_flat,road_runner,agent.loss_scales.rec,1.0
ablation,separable_flat,road_runner,agent.loss_scales.rep,0.1
ablation,separable_flat,road_runner,agent.loss_scales.repval,0.3
ablation,separable_flat,road_runner,agent.loss_scales.rew,1.0
ablation,separable_flat,road_runner,agent.loss_scales.value,1.0
ablation,separable_flat,road_runner,agent.opt.agc,0.3
ablation,separable_flat,road_runner,agent.opt.anneal,0
ablation,separable_flat,road_runner,agent.opt.beta1,0.9
ablation,separable_flat,road_runner,agent.opt.beta2,0.999
ablation,separable_flat,road_runner,agent.opt.eps,1e-20
ablation,separable_flat,road_runner,agent.opt.lr,4e-05
ablation,separable_flat,road_runner,agent.opt.momentum,true
ablation,separable_flat,road_runner,agent.opt.schedule,"""const"""
ablation,separable_flat,road_runner,agent.opt.warmup,1000
ablation,separable_flat,road_runner,agent.opt.wd,0.0
ablation,separable_flat,road_runner,agent.policy.act,"""silu"""
ablation,separable_flat,road_runner,agent.policy.layers,3
ablation,separable_flat,road_runner,agent.policy.maxstd,1.0
ablation,separable_flat,road_runner,agent.policy.minstd,0.1
ablation,separable_flat,road_runner,agent.policy.norm,"""rms"""
ablation,separable_flat,road_runner,agent.policy.outscale,0.01
ablation,separable_flat,road_runner,agent.policy.unimix,0.01
ablation,separable_flat,road_runner,agent.policy.units,256
ablation,separable_flat,road_runner,agent.policy.winit,"""trunc_normal_in"""
ablation,separable_flat,road_runner,agent.policy_dist_cont,"""bounded_normal"""
ablation,separable_flat,road_runner,agent.policy_dist_disc,"""categorical"""
ablation,separable_flat,road_runner,agent.repl_loss.lam,0.95
ablation,separable_flat,road_runner,agent.repl_loss.slowreg,1.0
ablation,separable_flat,road_runner,agent.repl_loss.slowtar,false
ablation,separable_flat,road_runner,agent.report,true
ablation,separable_flat,road_runner,agent.report_gradnorms,false
ablation,separable_flat,road_runner,agent.repval_grad,true
ablation,separable_flat,road_runner,agent.repval_loss,true
ablation,separable_flat,road_runner,agent.retnorm.debias,false
ablation,separable_flat,road_runner,agent.retnorm.impl,"""perc"""
ablation,separable_flat,road_runner,agent.retnorm.limit,1.0
ablation,separable_flat,road_runner,agent.retnorm.perchi,95.0
ablation,separable_flat,road_runner,agent.retnorm.perclo,5.0
ablation,separable_flat,road_runner,agent.retnorm.rate,0.01
ablation,separable_flat,road_runner,agent.reward_grad,true
ablation,separable_flat,road_runner,agent.rewhead.act,"""silu"""
ablation,separable_flat,road_runner,agent.rewhead.bins,255
ablation,separable_flat,road_runner,agent.rewhead.layers,1
ablation,separable_flat,road_runner,agent.rewhead.norm,"""rms"""
ablation,separable_flat,road_runner,agent.rewhead.output,"""symexp_twohot"""
ablation,separable_flat,road_runner,agent.rewhead.outscale,0.0
ablation,separable_flat,road_runner,agent.rewhead.units,256
ablation,separable_flat,road_runner,agent.rewhead.winit,"""trunc_normal_in"""
ablation,separable_flat,road_runner,agent.slowhtp.every,1
ablation,separable_flat,road_runner,agent.slowhtp.rate,0.02
ablation,separable_flat,road_runner,agent.slowvalue.every,1
ablation,separable_flat,road_runner,agent.slowvalue.rate,0.02
ablation,separable_flat,road_runner,agent.valnorm.impl,"""none"""
ablation,separable_flat,road_runner,agent.valnorm.limit,1e-08
ablation,separable_flat,road_runner,agent.valnorm.rate,0.01
ablation,separable_flat,road_runner,agent.value.act,"""silu"""
ablation,separable_flat,road_runner,agent.value.bins,255
ablation,separable_flat,road_runner,agent.value.layers,3
ablation,separable_flat,road_runner,agent.value.norm,"""rms"""
ablation,separable_flat,road_runner,agent.value.output,"""symexp_twohot"""
ablation,separable_flat,road_runner,agent.value.outscale,0.0
ablation,separable_flat,road_runner,agent.value.units,256
ablation,separable_flat,road_runner,agent.value.winit,"""trunc_normal_in"""
ablation,separable_flat,road_runner,batch_length,64
ablation,separable_flat,road_runner,batch_size,16
ablation,separable_flat,road_runner,clock_addr,""""""
ablation,separable_flat,road_runner,clock_port,""""""
ablation,separable_flat,road_runner,consec_report,1
ablation,separable_flat,road_runner,consec_train,1
ablation,separable_flat,road_runner,env.atari.actions,"""all"""
ablation,separable_flat,road_runner,env.atari.aggregate,"""max"""
ablation,separable_flat,road_runner,env.atari.autostart,false
ablation,separable_flat,road_runner,env.atari.clip_reward,false
ablation,separable_flat,road_runner,env.atari.gray,true
ablation,separable_flat,road_runner,env.atari.lives,"""unused"""
ablation,separable_flat,road_runner,env.atari.noops,30
ablation,separable_flat,road_runner,env.atari.pooling,2
ablation,separable_flat,road_runner,env.atari.repeat,4
ablation,separable_flat,road_runner,env.atari.resize,"""pillow"""
ablation,separable_flat,road_runner,env.atari.size,"[96, 96]"
ablation,separable_flat,road_runner,env.atari.sticky,true
ablation,separable_flat,road_runner,env.atari100k.actions,"""needed"""
ablation,separable_flat,road_runner,env.atari100k.autostart,false
ablation,separable_flat,road_runner,env.atari100k.clip_reward,false
ablation,separable_flat,road_runner,env.atari100k.gray,false
ablation,separable_flat,road_runner,env.atari100k.lives,"""unused"""
ablation,separable_flat,road_runner,env.atari100k.noops,30
ablation,separable_flat,road_runner,env.atari100k.repeat,4
ablation,separable_flat,road_runner,env.atari100k.resize,"""pillow"""
ablation,separable_flat,road_runner,env.atari100k.size,"[64, 64]"
ablation,separable_flat,road_runner,env.atari100k.sticky,false
ablation,separable_flat,road_runner,env.atari100k.use_seed,true
ablation,separable_flat,road_runner,env.crafter.logs,false
ablation,separable_flat,road_runner,env.crafter.size,"[64, 64]"
ablation,separable_flat,road_runner,env.dmc.camera,-1
ablation,separable_flat,road_runner,env.dmc.image,true
ablation,separable_flat,road_runner,env.dmc.proprio,true
ablation,separable_flat,road_runner,env.dmc.repeat,1
ablation,separable_flat,road_runner,env.dmc.size,"[64, 64]"
ablation,separable_flat,road_runner,env.dmlab.episodic,true
ablation,separable_flat,road_runner,env.dmlab.repeat,4
ablation,separable_flat,road_runner,env.dmlab.size,"[64, 64]"
ablation,separable_flat,road_runner,env.dmlab.use_seed,true
ablation,separable_flat,road_runner,env.loconav.camera,-1
ablation,separable_flat,road_runner,env.loconav.repeat,1
ablation,separable_flat,road_runner,env.loconav.size,"[64, 64]"
ablation,separable_flat,road_runner,env.minecraft.break_speed,100.0
ablation,separable_flat,road_runner,env.minecraft.length,36000
ablation,separable_flat,road_runner,env.minecraft.logs,false
ablation,separable_flat,road_runner,env.minecraft.size,"[64, 64]"
ablation,separable_flat,road_runner,env.procgen.resize,"""pillow"""
ablation,separable_flat,road_runner,env.procgen.size,"[96, 96]"
ablation,separable_flat,road_runner,errfile,false
ablation,separable_flat,road_runner,ipv6,false
ablation,separable_flat,road_runner,jax.compute_dtype,"""bfloat16"""
ablation,separable_flat,road_runner,jax.coordinator_address,""""""
ablation,separable_flat,road_runner,jax.debug,false
ablation,separable_flat,road_runner,jax.deterministic,true
ablation,separable_flat,road_runner,jax.enable_policy,true
ablation,separable_flat,road_runner,jax.expect_devices,0
ablation,separable_flat,road_runner,jax.jit,true
ablation,separable_flat,road_runner,jax.mock_devices,0
ablation,separable_flat,road_runner,jax.platform,"""cuda"""
ablation,separable_flat,road_runner,jax.policy_devices,[0]
ablation,separable_flat,road_runner,jax.prealloc,false
ablation,separable_flat,road_runner,jax.precompile,true
ablation,separable_flat,road_runner,jax.train_devices,[0]
ablation,separable_flat,road_runner,logger.filter,""".*"""
ablation,separable_flat,road_runner,logger.fps,15
ablation,separable_flat,road_runner,logger.outputs,"[""jsonl""]"
ablation,separable_flat,road_runner,logger.timer,true
ablation,separable_flat,road_runner,logger.user,""""""
ablation,separable_flat,road_runner,logger.wandb_media,false
ablation,separable_flat,road_runner,method,"""name"""
ablation,separable_flat,road_runner,random_agent,false
ablation,separable_flat,road_runner,replay.chunksize,1024
ablation,separable_flat,road_runner,replay.fracs.priority,0.0
ablation,separable_flat,road_runner,replay.fracs.recency,0.0
ablation,separable_flat,road_runner,replay.fracs.uniform,1.0
ablation,separable_flat,road_runner,replay.online,true
ablation,separable_flat,road_runner,replay.prio.exponent,0.8
ablation,separable_flat,road_runner,replay.prio.initial,"""inf"""
ablation,separable_flat,road_runner,replay.prio.maxfrac,0.5
ablation,separable_flat,road_runner,replay.prio.zero_on_sample,true
ablation,separable_flat,road_runner,replay.priosignal,"""model"""
ablation,separable_flat,road_runner,replay.recexp,1.0
ablation,separable_flat,road_runner,replay.size,5000000.0
ablation,separable_flat,road_runner,replay_context,1
ablation,separable_flat,road_runner,replica,0
ablation,separable_flat,road_runner,replicas,1
ablation,separable_flat,road_runner,report_length,32
ablation,separable_flat,road_runner,run.action_milestones,"[10000, 20000, 30000, 40000, 50000, 60000, 70000, 80000, 90000, 100000]"
ablation,separable_flat,road_runner,run.actor_addr,"""localhost:{auto}"""
ablation,separable_flat,road_runner,run.actor_batch,-1
ablation,separable_flat,road_runner,run.actor_threads,1
ablation,separable_flat,road_runner,run.agent_process,false
ablation,separable_flat,road_runner,run.debug,true
ablation,separable_flat,road_runner,run.duration,0
ablation,separable_flat,road_runner,run.envs,1
ablation,separable_flat,road_runner,run.episode_timeout,180
ablation,separable_flat,road_runner,run.eval_envs,4
ablation,separable_flat,road_runner,run.eval_eps,1
ablation,separable_flat,road_runner,run.exact_env_action_budget,true
ablation,separable_flat,road_runner,run.from_checkpoint_regex,""".*"""
ablation,separable_flat,road_runner,run.log_every,30
ablation,separable_flat,road_runner,run.log_policy_video,false
ablation,separable_flat,road_runner,run.logger_addr,"""localhost:{auto}"""
ablation,separable_flat,road_runner,run.remote_envs,false
ablation,separable_flat,road_runner,run.remote_replay,false
ablation,separable_flat,road_runner,run.replay_addr,"""localhost:{auto}"""
ablation,separable_flat,road_runner,run.report_batches,1
ablation,separable_flat,road_runner,run.report_every,300
ablation,separable_flat,road_runner,run.save_every,10000
ablation,separable_flat,road_runner,run.steps,100000.0
ablation,separable_flat,road_runner,run.train_ratio,256.0
ablation,separable_flat,road_runner,run.usage.gc,false
ablation,separable_flat,road_runner,run.usage.gputil,false
ablation,separable_flat,road_runner,run.usage.malloc,false
ablation,separable_flat,road_runner,run.usage.nvsmi,true
ablation,separable_flat,road_runner,run.usage.psutil,true
ablation,separable_flat,road_runner,script,"""train"""
ablation,separable_flat,road_runner,seed,0
ablation,separable_flat,road_runner,task,"""atari100k_road_runner"""
comparator,flat,boxing,agent.ac_grads,false
comparator,flat,boxing,agent.advnorm.impl,"""none"""
comparator,flat,boxing,agent.advnorm.limit,1e-08
comparator,flat,boxing,agent.advnorm.rate,0.01
comparator,flat,boxing,agent.conhead.act,"""silu"""
comparator,flat,boxing,agent.conhead.layers,1
comparator,flat,boxing,agent.conhead.norm,"""rms"""
comparator,flat,boxing,agent.conhead.output,"""binary"""
comparator,flat,boxing,agent.conhead.outscale,1.0
comparator,flat,boxing,agent.conhead.units,256
comparator,flat,boxing,agent.conhead.winit,"""trunc_normal_in"""
comparator,flat,boxing,agent.contdisc,true
comparator,flat,boxing,agent.dec.simple.act,"""silu"""
comparator,flat,boxing,agent.dec.simple.bspace,8
comparator,flat,boxing,agent.dec.simple.depth,16
comparator,flat,boxing,agent.dec.simple.kernel,5
comparator,flat,boxing,agent.dec.simple.layers,3
comparator,flat,boxing,agent.dec.simple.mults,"[2, 3, 4, 4]"
comparator,flat,boxing,agent.dec.simple.norm,"""rms"""
comparator,flat,boxing,agent.dec.simple.outer,false
comparator,flat,boxing,agent.dec.simple.outscale,1.0
comparator,flat,boxing,agent.dec.simple.strided,false
comparator,flat,boxing,agent.dec.simple.units,256
comparator,flat,boxing,agent.dec.simple.winit,"""trunc_normal_in"""
comparator,flat,boxing,agent.dec.typ,"""simple"""
comparator,flat,boxing,agent.dyn.rssm.absolute,false
comparator,flat,boxing,agent.dyn.rssm.act,"""silu"""
comparator,flat,boxing,agent.dyn.rssm.blocks,8
comparator,flat,boxing,agent.dyn.rssm.classes,16
comparator,flat,boxing,agent.dyn.rssm.deter,2048
comparator,flat,boxing,agent.dyn.rssm.dynlayers,1
comparator,flat,boxing,agent.dyn.rssm.free_nats,1.0
comparator,flat,boxing,agent.dyn.rssm.hidden,256
comparator,flat,boxing,agent.dyn.rssm.imglayers,2
comparator,flat,boxing,agent.dyn.rssm.norm,"""rms"""
comparator,flat,boxing,agent.dyn.rssm.obslayers,1
comparator,flat,boxing,agent.dyn.rssm.outscale,1.0
comparator,flat,boxing,agent.dyn.rssm.stoch,32
comparator,flat,boxing,agent.dyn.rssm.unimix,0.01
comparator,flat,boxing,agent.dyn.rssm.winit,"""trunc_normal_in"""
comparator,flat,boxing,agent.dyn.typ,"""rssm"""
comparator,flat,boxing,agent.enc.simple.act,"""silu"""
comparator,flat,boxing,agent.enc.simple.depth,16
comparator,flat,boxing,agent.enc.simple.kernel,5
comparator,flat,boxing,agent.enc.simple.layers,3
comparator,flat,boxing,agent.enc.simple.mults,"[2, 3, 4, 4]"
comparator,flat,boxing,agent.enc.simple.norm,"""rms"""
comparator,flat,boxing,agent.enc.simple.outer,false
comparator,flat,boxing,agent.enc.simple.strided,false
comparator,flat,boxing,agent.enc.simple.symlog,true
comparator,flat,boxing,agent.enc.simple.units,256
comparator,flat,boxing,agent.enc.simple.winit,"""trunc_normal_in"""
comparator,flat,boxing,agent.enc.typ,"""simple"""
comparator,flat,boxing,agent.horizon,333
comparator,flat,boxing,agent.htp.ablation_online_target,false
comparator,flat,boxing,agent.htp.ablation_raw_readout,false
comparator,flat,boxing,agent.htp.ablation_stop_actions,0
comparator,flat,boxing,agent.htp.ablation_warmup_actions,0
comparator,flat,boxing,agent.htp.enabled,true
comparator,flat,boxing,agent.htp.grad_to_backbone,false
comparator,flat,boxing,agent.htp.pdyn.act,"""silu"""
comparator,flat,boxing,agent.htp.pdyn.dims,"[128, 256, 512, 1024, 2048]"
comparator,flat,boxing,agent.htp.pdyn.enforce_coarse_to_fine,true
comparator,flat,boxing,agent.htp.pdyn.hidden,512
comparator,flat,boxing,agent.htp.pdyn.isolate_previous,true
comparator,flat,boxing,agent.htp.pdyn.layers,2
comparator,flat,boxing,agent.htp.pdyn.mask_resets,false
comparator,flat,boxing,agent.htp.pdyn.norm,"""rms"""
comparator,flat,boxing,agent.htp.pdyn.normalize_valid,false
comparator,flat,boxing,agent.htp.pdyn.outscale,1.0
comparator,flat,boxing,agent.htp.pdyn.strides,"[16, 8, 4, 2, 1]"
comparator,flat,boxing,agent.htp.pdyn.zero_actions,false
comparator,flat,boxing,agent.htp.proj.act,"""silu"""
comparator,flat,boxing,agent.htp.proj.dims,"[128, 256, 512, 1024, 2048]"
comparator,flat,boxing,agent.htp.proj.hidden,512
comparator,flat,boxing,agent.htp.proj.layers,2
comparator,flat,boxing,agent.htp.proj.norm,"""rms"""
comparator,flat,boxing,agent.htp.proj.outscale,1.0
comparator,flat,boxing,agent.htp.proj.separable,false
comparator,flat,boxing,agent.htp.recon.act,"""silu"""
comparator,flat,boxing,agent.htp.recon.final_only,false
comparator,flat,boxing,agent.htp.recon.hidden,512
comparator,flat,boxing,agent.htp.recon.layers,1
comparator,flat,boxing,agent.htp.recon.norm,"""rms"""
comparator,flat,boxing,agent.htp.recon.outscale,1.0
comparator,flat,boxing,agent.htp.recon.stop_previous,true
comparator,flat,boxing,agent.htp.use_pdyn,true
comparator,flat,boxing,agent.htp.use_proj,true
comparator,flat,boxing,agent.htp.use_recon,true
comparator,flat,boxing,agent.htp.use_vicreg,false
comparator,flat,boxing,agent.htp.vicreg_gamma,1.0
comparator,flat,boxing,agent.htp.vicreg_scale,1.0
comparator,flat,boxing,agent.hts.act,"""silu"""
comparator,flat,boxing,agent.hts.action_units,128
comparator,flat,boxing,agent.hts.actor_critic_input,"""rssm_feat"""
comparator,flat,boxing,agent.hts.actor_critic_stopgrad_z,false
comparator,flat,boxing,agent.hts.alpha_sdyn,"[0.1666666667, 0.1666666667, 0.1666666667, 0.1666666667, 0.1666666667, 0.1666666667]"
comparator,flat,boxing,agent.hts.aux_warmup_action_repeat,4
comparator,flat,boxing,agent.hts.aux_warmup_agent_actions,0
comparator,flat,boxing,agent.hts.aux_warmup_mode,"""linear"""
comparator,flat,boxing,agent.hts.aux_warmup_optimizer_updates,0
comparator,flat,boxing,agent.hts.aux_warmup_raw_frames,0
comparator,flat,boxing,agent.hts.aux_warmup_train_ratio,256
comparator,flat,boxing,agent.hts.backbone_lr_scale,1.0
comparator,flat,boxing,agent.hts.beta_hier,"[0.1666666667, 0.1666666667, 0.1666666667, 0.1666666667, 0.1666666667, 0.1666666667]"
comparator,flat,boxing,agent.hts.ctrl_continue_scale,1.0
comparator,flat,boxing,agent.hts.ctrl_reward_scale,1.0
comparator,flat,boxing,agent.hts.ctrl_value_scale,1.0
comparator,flat,boxing,agent.hts.decoder_prefix_stop_gradient,true
comparator,flat,boxing,agent.hts.discount,0.997
comparator,flat,boxing,agent.hts.dynamics_target_stop_gradient,true
comparator,flat,boxing,agent.hts.flat_topk,48
comparator,flat,boxing,agent.hts.flat_width,192
comparator,flat,boxing,agent.hts.head_dim,32
comparator,flat,boxing,agent.hts.hidden,256
comparator,flat,boxing,agent.hts.hier_beta0,1.0
comparator,flat,boxing,agent.hts.hier_rho,0.75
comparator,flat,boxing,agent.hts.hierarchy_lr_scale,1.0
comparator,flat,boxing,agent.hts.hts_lr_scale,1.0
comparator,flat,boxing,agent.hts.impl,"""hts2"""
comparator,flat,boxing,agent.hts.l_ctrl,0.0
comparator,flat,boxing,agent.hts.l_hier,0.1
comparator,flat,boxing,agent.hts.l_sdyn,0.1
comparator,flat,boxing,agent.hts.l_sparse,1e-05
comparator,flat,boxing,agent.hts.l_temp,0.01
comparator,flat,boxing,agent.hts.l_vc,0.01
comparator,flat,boxing,agent.hts.latent_anchor_name,"""rssm_repfeat"""
comparator,flat,boxing,agent.hts.latent_anchor_source_module,"""dreamerv3.rssm.RSSM.loss"""
comparator,flat,boxing,agent.hts.layers,2
comparator,flat,boxing,agent.hts.levels,6
comparator,flat,boxing,agent.hts.method,"""auxiliary_hierarchy"""
comparator,flat,boxing,agent.hts.norm,"""rms"""
comparator,flat,boxing,agent.hts.phase1_steps,0
comparator,flat,boxing,agent.hts.phase2_steps,0
comparator,flat,boxing,agent.hts.predictor_prefix_stop_gradient,false
comparator,flat,boxing,agent.hts.proj_dim,64
comparator,flat,boxing,agent.hts.sgf_action_units,18
comparator,flat,boxing,agent.hts.sparsity_mode,"""levelwise_topk"""
comparator,flat,boxing,agent.hts.strides,"[32, 16, 8, 4, 2, 1]"
comparator,flat,boxing,agent.hts.strides_coarse_to_fine,"[32, 16, 8, 4, 2, 1]"
comparator,flat,boxing,agent.hts.temporal_far_negative_mode,"""none"""
comparator,flat,boxing,agent.hts.temporal_far_weight,0.25
comparator,flat,boxing,agent.hts.temporal_k_pos,4
comparator,flat,boxing,agent.hts.temporal_min_far_distance,16
comparator,flat,boxing,agent.hts.temporal_temperature,0.1
comparator,flat,boxing,agent.hts.topk,8
comparator,flat,boxing,agent.hts.topk_per_level,"[8, 8, 8, 8, 8, 8]"
comparator,flat,boxing,agent.hts.training_regime,"""joint"""
comparator,flat,boxing,agent.hts.use_lctrl,false
comparator,flat,boxing,agent.hts.use_lhier,true
comparator,flat,boxing,agent.hts.use_lred,false
comparator,flat,boxing,agent.hts.use_lsdyn,true
comparator,flat,boxing,agent.hts.use_lsparse,true
comparator,flat,boxing,agent.hts.use_ltemp,true
comparator,flat,boxing,agent.hts.use_lvc,true
comparator,flat,boxing,agent.hts.variant,"""hts_full"""
comparator,flat,boxing,agent.hts.vicreg_cov_scale,1.0
comparator,flat,boxing,agent.hts.vicreg_gamma,1.0
comparator,flat,boxing,agent.hts.warmup_steps,0
comparator,flat,boxing,agent.imag_last,0
comparator,flat,boxing,agent.imag_length,15
comparator,flat,boxing,agent.imag_loss.actent,0.0003
comparator,flat,boxing,agent.imag_loss.lam,0.95
comparator,flat,boxing,agent.imag_loss.slowreg,1.0
comparator,flat,boxing,agent.imag_loss.slowtar,false
comparator,flat,boxing,agent.loss_scales.con,1.0
comparator,flat,boxing,agent.loss_scales.dyn,1.0
comparator,flat,boxing,agent.loss_scales.htp_pdyn,0.0
comparator,flat,boxing,agent.loss_scales.htp_rec,0.0
comparator,flat,boxing,agent.loss_scales.htp_vicreg,1.0
comparator,flat,boxing,agent.loss_scales.policy,1.0
comparator,flat,boxing,agent.loss_scales.rec,1.0
comparator,flat,boxing,agent.loss_scales.rep,0.1
comparator,flat,boxing,agent.loss_scales.repval,0.3
comparator,flat,boxing,agent.loss_scales.rew,1.0
comparator,flat,boxing,agent.loss_scales.value,1.0
comparator,flat,boxing,agent.opt.agc,0.3
comparator,flat,boxing,agent.opt.anneal,0
comparator,flat,boxing,agent.opt.beta1,0.9
comparator,flat,boxing,agent.opt.beta2,0.999
comparator,flat,boxing,agent.opt.eps,1e-20
comparator,flat,boxing,agent.opt.lr,4e-05
comparator,flat,boxing,agent.opt.momentum,true
comparator,flat,boxing,agent.opt.schedule,"""const"""
comparator,flat,boxing,agent.opt.warmup,1000
comparator,flat,boxing,agent.opt.wd,0.0
comparator,flat,boxing,agent.policy.act,"""silu"""
comparator,flat,boxing,agent.policy.layers,3
comparator,flat,boxing,agent.policy.maxstd,1.0
comparator,flat,boxing,agent.policy.minstd,0.1
comparator,flat,boxing,agent.policy.norm,"""rms"""
comparator,flat,boxing,agent.policy.outscale,0.01
comparator,flat,boxing,agent.policy.unimix,0.01
comparator,flat,boxing,agent.policy.units,256
comparator,flat,boxing,agent.policy.winit,"""trunc_normal_in"""
comparator,flat,boxing,agent.policy_dist_cont,"""bounded_normal"""
comparator,flat,boxing,agent.policy_dist_disc,"""categorical"""
comparator,flat,boxing,agent.repl_loss.lam,0.95
comparator,flat,boxing,agent.repl_loss.slowreg,1.0
comparator,flat,boxing,agent.repl_loss.slowtar,false
comparator,flat,boxing,agent.report,true
comparator,flat,boxing,agent.report_gradnorms,false
comparator,flat,boxing,agent.repval_grad,true
comparator,flat,boxing,agent.repval_loss,true
comparator,flat,boxing,agent.retnorm.debias,false
comparator,flat,boxing,agent.retnorm.impl,"""perc"""
comparator,flat,boxing,agent.retnorm.limit,1.0
comparator,flat,boxing,agent.retnorm.perchi,95.0
comparator,flat,boxing,agent.retnorm.perclo,5.0
comparator,flat,boxing,agent.retnorm.rate,0.01
comparator,flat,boxing,agent.reward_grad,true
comparator,flat,boxing,agent.rewhead.act,"""silu"""
comparator,flat,boxing,agent.rewhead.bins,255
comparator,flat,boxing,agent.rewhead.layers,1
comparator,flat,boxing,agent.rewhead.norm,"""rms"""
comparator,flat,boxing,agent.rewhead.output,"""symexp_twohot"""
comparator,flat,boxing,agent.rewhead.outscale,0.0
comparator,flat,boxing,agent.rewhead.units,256
comparator,flat,boxing,agent.rewhead.winit,"""trunc_normal_in"""
comparator,flat,boxing,agent.slowhtp.every,1
comparator,flat,boxing,agent.slowhtp.rate,0.02
comparator,flat,boxing,agent.slowvalue.every,1
comparator,flat,boxing,agent.slowvalue.rate,0.02
comparator,flat,boxing,agent.valnorm.impl,"""none"""
comparator,flat,boxing,agent.valnorm.limit,1e-08
comparator,flat,boxing,agent.valnorm.rate,0.01
comparator,flat,boxing,agent.value.act,"""silu"""
comparator,flat,boxing,agent.value.bins,255
comparator,flat,boxing,agent.value.layers,3
comparator,flat,boxing,agent.value.norm,"""rms"""
comparator,flat,boxing,agent.value.output,"""symexp_twohot"""
comparator,flat,boxing,agent.value.outscale,0.0
comparator,flat,boxing,agent.value.units,256
comparator,flat,boxing,agent.value.winit,"""trunc_normal_in"""
comparator,flat,boxing,batch_length,64
comparator,flat,boxing,batch_size,16
comparator,flat,boxing,clock_addr,""""""
comparator,flat,boxing,clock_port,""""""
comparator,flat,boxing,consec_report,1
comparator,flat,boxing,consec_train,1
comparator,flat,boxing,env.atari.actions,"""all"""
comparator,flat,boxing,env.atari.aggregate,"""max"""
comparator,flat,boxing,env.atari.autostart,false
comparator,flat,boxing,env.atari.clip_reward,false
comparator,flat,boxing,env.atari.gray,true
comparator,flat,boxing,env.atari.lives,"""unused"""
comparator,flat,boxing,env.atari.noops,30
comparator,flat,boxing,env.atari.pooling,2
comparator,flat,boxing,env.atari.repeat,4
comparator,flat,boxing,env.atari.resize,"""pillow"""
comparator,flat,boxing,env.atari.size,"[96, 96]"
comparator,flat,boxing,env.atari.sticky,true
comparator,flat,boxing,env.atari100k.actions,"""needed"""
comparator,flat,boxing,env.atari100k.autostart,false
comparator,flat,boxing,env.atari100k.clip_reward,false
comparator,flat,boxing,env.atari100k.gray,false
comparator,flat,boxing,env.atari100k.lives,"""unused"""
comparator,flat,boxing,env.atari100k.noops,30
comparator,flat,boxing,env.atari100k.repeat,4
comparator,flat,boxing,env.atari100k.resize,"""pillow"""
comparator,flat,boxing,env.atari100k.size,"[64, 64]"
comparator,flat,boxing,env.atari100k.sticky,false
comparator,flat,boxing,env.atari100k.use_seed,true
comparator,flat,boxing,env.crafter.logs,false
comparator,flat,boxing,env.crafter.size,"[64, 64]"
comparator,flat,boxing,env.dmc.camera,-1
comparator,flat,boxing,env.dmc.image,true
comparator,flat,boxing,env.dmc.proprio,true
comparator,flat,boxing,env.dmc.repeat,1
comparator,flat,boxing,env.dmc.size,"[64, 64]"
comparator,flat,boxing,env.dmlab.episodic,true
comparator,flat,boxing,env.dmlab.repeat,4
comparator,flat,boxing,env.dmlab.size,"[64, 64]"
comparator,flat,boxing,env.dmlab.use_seed,true
comparator,flat,boxing,env.loconav.camera,-1
comparator,flat,boxing,env.loconav.repeat,1
comparator,flat,boxing,env.loconav.size,"[64, 64]"
comparator,flat,boxing,env.minecraft.break_speed,100.0
comparator,flat,boxing,env.minecraft.length,36000
comparator,flat,boxing,env.minecraft.logs,false
comparator,flat,boxing,env.minecraft.size,"[64, 64]"
comparator,flat,boxing,env.procgen.resize,"""pillow"""
comparator,flat,boxing,env.procgen.size,"[96, 96]"
comparator,flat,boxing,errfile,false
comparator,flat,boxing,ipv6,false
comparator,flat,boxing,jax.compute_dtype,"""bfloat16"""
comparator,flat,boxing,jax.coordinator_address,""""""
comparator,flat,boxing,jax.debug,false
comparator,flat,boxing,jax.deterministic,true
comparator,flat,boxing,jax.enable_policy,true
comparator,flat,boxing,jax.expect_devices,0
comparator,flat,boxing,jax.jit,true
comparator,flat,boxing,jax.mock_devices,0
comparator,flat,boxing,jax.platform,"""cuda"""
comparator,flat,boxing,jax.policy_devices,[0]
comparator,flat,boxing,jax.prealloc,false
comparator,flat,boxing,jax.precompile,true
comparator,flat,boxing,jax.train_devices,[0]
comparator,flat,boxing,logger.filter,""".*"""
comparator,flat,boxing,logger.fps,15
comparator,flat,boxing,logger.outputs,"[""jsonl""]"
comparator,flat,boxing,logger.timer,true
comparator,flat,boxing,logger.user,""""""
comparator,flat,boxing,logger.wandb_media,false
comparator,flat,boxing,method,"""name"""
comparator,flat,boxing,random_agent,false
comparator,flat,boxing,replay.chunksize,1024
comparator,flat,boxing,replay.fracs.priority,0.0
comparator,flat,boxing,replay.fracs.recency,0.0
comparator,flat,boxing,replay.fracs.uniform,1.0
comparator,flat,boxing,replay.online,true
comparator,flat,boxing,replay.prio.exponent,0.8
comparator,flat,boxing,replay.prio.initial,"""inf"""
comparator,flat,boxing,replay.prio.maxfrac,0.5
comparator,flat,boxing,replay.prio.zero_on_sample,true
comparator,flat,boxing,replay.priosignal,"""model"""
comparator,flat,boxing,replay.recexp,1.0
comparator,flat,boxing,replay.size,5000000.0
comparator,flat,boxing,replay_context,1
comparator,flat,boxing,replica,0
comparator,flat,boxing,replicas,1
comparator,flat,boxing,report_length,32
comparator,flat,boxing,run.action_milestones,"[10000, 20000, 30000, 40000, 50000, 60000, 70000, 80000, 90000, 100000]"
comparator,flat,boxing,run.actor_addr,"""localhost:{auto}"""
comparator,flat,boxing,run.actor_batch,-1
comparator,flat,boxing,run.actor_threads,1
comparator,flat,boxing,run.agent_process,false
comparator,flat,boxing,run.debug,true
comparator,flat,boxing,run.duration,0
comparator,flat,boxing,run.envs,1
comparator,flat,boxing,run.episode_timeout,180
comparator,flat,boxing,run.eval_envs,4
comparator,flat,boxing,run.eval_eps,1
comparator,flat,boxing,run.exact_env_action_budget,true
comparator,flat,boxing,run.from_checkpoint_regex,""".*"""
comparator,flat,boxing,run.log_every,30
comparator,flat,boxing,run.log_policy_video,false
comparator,flat,boxing,run.logger_addr,"""localhost:{auto}"""
comparator,flat,boxing,run.remote_envs,false
comparator,flat,boxing,run.remote_replay,false
comparator,flat,boxing,run.replay_addr,"""localhost:{auto}"""
comparator,flat,boxing,run.report_batches,1
comparator,flat,boxing,run.report_every,300
comparator,flat,boxing,run.save_every,10000
comparator,flat,boxing,run.steps,100000.0
comparator,flat,boxing,run.train_ratio,256.0
comparator,flat,boxing,run.usage.gc,false
comparator,flat,boxing,run.usage.gputil,false
comparator,flat,boxing,run.usage.malloc,false
comparator,flat,boxing,run.usage.nvsmi,true
comparator,flat,boxing,run.usage.psutil,true
comparator,flat,boxing,script,"""train"""
comparator,flat,boxing,seed,0
comparator,flat,boxing,task,"""atari100k_boxing"""
comparator,flat,up_n_down,agent.ac_grads,false
comparator,flat,up_n_down,agent.advnorm.impl,"""none"""
comparator,flat,up_n_down,agent.advnorm.limit,1e-08
comparator,flat,up_n_down,agent.advnorm.rate,0.01
comparator,flat,up_n_down,agent.conhead.act,"""silu"""
comparator,flat,up_n_down,agent.conhead.layers,1
comparator,flat,up_n_down,agent.conhead.norm,"""rms"""
comparator,flat,up_n_down,agent.conhead.output,"""binary"""
comparator,flat,up_n_down,agent.conhead.outscale,1.0
comparator,flat,up_n_down,agent.conhead.units,256
comparator,flat,up_n_down,agent.conhead.winit,"""trunc_normal_in"""
comparator,flat,up_n_down,agent.contdisc,true
comparator,flat,up_n_down,agent.dec.simple.act,"""silu"""
comparator,flat,up_n_down,agent.dec.simple.bspace,8
comparator,flat,up_n_down,agent.dec.simple.depth,16
comparator,flat,up_n_down,agent.dec.simple.kernel,5
comparator,flat,up_n_down,agent.dec.simple.layers,3
comparator,flat,up_n_down,agent.dec.simple.mults,"[2, 3, 4, 4]"
comparator,flat,up_n_down,agent.dec.simple.norm,"""rms"""
comparator,flat,up_n_down,agent.dec.simple.outer,false
comparator,flat,up_n_down,agent.dec.simple.outscale,1.0
comparator,flat,up_n_down,agent.dec.simple.strided,false
comparator,flat,up_n_down,agent.dec.simple.units,256
comparator,flat,up_n_down,agent.dec.simple.winit,"""trunc_normal_in"""
comparator,flat,up_n_down,agent.dec.typ,"""simple"""
comparator,flat,up_n_down,agent.dyn.rssm.absolute,false
comparator,flat,up_n_down,agent.dyn.rssm.act,"""silu"""
comparator,flat,up_n_down,agent.dyn.rssm.blocks,8
comparator,flat,up_n_down,agent.dyn.rssm.classes,16
comparator,flat,up_n_down,agent.dyn.rssm.deter,2048
comparator,flat,up_n_down,agent.dyn.rssm.dynlayers,1
comparator,flat,up_n_down,agent.dyn.rssm.free_nats,1.0
comparator,flat,up_n_down,agent.dyn.rssm.hidden,256
comparator,flat,up_n_down,agent.dyn.rssm.imglayers,2
comparator,flat,up_n_down,agent.dyn.rssm.norm,"""rms"""
comparator,flat,up_n_down,agent.dyn.rssm.obslayers,1
comparator,flat,up_n_down,agent.dyn.rssm.outscale,1.0
comparator,flat,up_n_down,agent.dyn.rssm.stoch,32
comparator,flat,up_n_down,agent.dyn.rssm.unimix,0.01
comparator,flat,up_n_down,agent.dyn.rssm.winit,"""trunc_normal_in"""
comparator,flat,up_n_down,agent.dyn.typ,"""rssm"""
comparator,flat,up_n_down,agent.enc.simple.act,"""silu"""
comparator,flat,up_n_down,agent.enc.simple.depth,16
comparator,flat,up_n_down,agent.enc.simple.kernel,5
comparator,flat,up_n_down,agent.enc.simple.layers,3
comparator,flat,up_n_down,agent.enc.simple.mults,"[2, 3, 4, 4]"
comparator,flat,up_n_down,agent.enc.simple.norm,"""rms"""
comparator,flat,up_n_down,agent.enc.simple.outer,false
comparator,flat,up_n_down,agent.enc.simple.strided,false
comparator,flat,up_n_down,agent.enc.simple.symlog,true
comparator,flat,up_n_down,agent.enc.simple.units,256
comparator,flat,up_n_down,agent.enc.simple.winit,"""trunc_normal_in"""
comparator,flat,up_n_down,agent.enc.typ,"""simple"""
comparator,flat,up_n_down,agent.horizon,333
comparator,flat,up_n_down,agent.htp.ablation_online_target,false
comparator,flat,up_n_down,agent.htp.ablation_raw_readout,false
comparator,flat,up_n_down,agent.htp.ablation_stop_actions,0
comparator,flat,up_n_down,agent.htp.ablation_warmup_actions,0
comparator,flat,up_n_down,agent.htp.enabled,true
comparator,flat,up_n_down,agent.htp.grad_to_backbone,false
comparator,flat,up_n_down,agent.htp.pdyn.act,"""silu"""
comparator,flat,up_n_down,agent.htp.pdyn.dims,"[128, 256, 512, 1024, 2048]"
comparator,flat,up_n_down,agent.htp.pdyn.enforce_coarse_to_fine,true
comparator,flat,up_n_down,agent.htp.pdyn.hidden,512
comparator,flat,up_n_down,agent.htp.pdyn.isolate_previous,true
comparator,flat,up_n_down,agent.htp.pdyn.layers,2
comparator,flat,up_n_down,agent.htp.pdyn.mask_resets,false
comparator,flat,up_n_down,agent.htp.pdyn.norm,"""rms"""
comparator,flat,up_n_down,agent.htp.pdyn.normalize_valid,false
comparator,flat,up_n_down,agent.htp.pdyn.outscale,1.0
comparator,flat,up_n_down,agent.htp.pdyn.strides,"[16, 8, 4, 2, 1]"
comparator,flat,up_n_down,agent.htp.pdyn.zero_actions,false
comparator,flat,up_n_down,agent.htp.proj.act,"""silu"""
comparator,flat,up_n_down,agent.htp.proj.dims,"[128, 256, 512, 1024, 2048]"
comparator,flat,up_n_down,agent.htp.proj.hidden,512
comparator,flat,up_n_down,agent.htp.proj.layers,2
comparator,flat,up_n_down,agent.htp.proj.norm,"""rms"""
comparator,flat,up_n_down,agent.htp.proj.outscale,1.0
comparator,flat,up_n_down,agent.htp.proj.separable,false
comparator,flat,up_n_down,agent.htp.recon.act,"""silu"""
comparator,flat,up_n_down,agent.htp.recon.final_only,false
comparator,flat,up_n_down,agent.htp.recon.hidden,512
comparator,flat,up_n_down,agent.htp.recon.layers,1
comparator,flat,up_n_down,agent.htp.recon.norm,"""rms"""
comparator,flat,up_n_down,agent.htp.recon.outscale,1.0
comparator,flat,up_n_down,agent.htp.recon.stop_previous,true
comparator,flat,up_n_down,agent.htp.use_pdyn,true
comparator,flat,up_n_down,agent.htp.use_proj,true
comparator,flat,up_n_down,agent.htp.use_recon,true
comparator,flat,up_n_down,agent.htp.use_vicreg,false
comparator,flat,up_n_down,agent.htp.vicreg_gamma,1.0
comparator,flat,up_n_down,agent.htp.vicreg_scale,1.0
comparator,flat,up_n_down,agent.hts.act,"""silu"""
comparator,flat,up_n_down,agent.hts.action_units,128
comparator,flat,up_n_down,agent.hts.actor_critic_input,"""rssm_feat"""
comparator,flat,up_n_down,agent.hts.actor_critic_stopgrad_z,false
comparator,flat,up_n_down,agent.hts.alpha_sdyn,"[0.1666666667, 0.1666666667, 0.1666666667, 0.1666666667, 0.1666666667, 0.1666666667]"
comparator,flat,up_n_down,agent.hts.aux_warmup_action_repeat,4
comparator,flat,up_n_down,agent.hts.aux_warmup_agent_actions,0
comparator,flat,up_n_down,agent.hts.aux_warmup_mode,"""linear"""
comparator,flat,up_n_down,agent.hts.aux_warmup_optimizer_updates,0
comparator,flat,up_n_down,agent.hts.aux_warmup_raw_frames,0
comparator,flat,up_n_down,agent.hts.aux_warmup_train_ratio,256
comparator,flat,up_n_down,agent.hts.backbone_lr_scale,1.0
comparator,flat,up_n_down,agent.hts.beta_hier,"[0.1666666667, 0.1666666667, 0.1666666667, 0.1666666667, 0.1666666667, 0.1666666667]"
comparator,flat,up_n_down,agent.hts.ctrl_continue_scale,1.0
comparator,flat,up_n_down,agent.hts.ctrl_reward_scale,1.0
comparator,flat,up_n_down,agent.hts.ctrl_value_scale,1.0
comparator,flat,up_n_down,agent.hts.decoder_prefix_stop_gradient,true
comparator,flat,up_n_down,agent.hts.discount,0.997
comparator,flat,up_n_down,agent.hts.dynamics_target_stop_gradient,true
comparator,flat,up_n_down,agent.hts.flat_topk,48
comparator,flat,up_n_down,agent.hts.flat_width,192
comparator,flat,up_n_down,agent.hts.head_dim,32
comparator,flat,up_n_down,agent.hts.hidden,256
comparator,flat,up_n_down,agent.hts.hier_beta0,1.0
comparator,flat,up_n_down,agent.hts.hier_rho,0.75
comparator,flat,up_n_down,agent.hts.hierarchy_lr_scale,1.0
comparator,flat,up_n_down,agent.hts.hts_lr_scale,1.0
comparator,flat,up_n_down,agent.hts.impl,"""hts2"""
comparator,flat,up_n_down,agent.hts.l_ctrl,0.0
comparator,flat,up_n_down,agent.hts.l_hier,0.1
comparator,flat,up_n_down,agent.hts.l_sdyn,0.1
comparator,flat,up_n_down,agent.hts.l_sparse,1e-05
comparator,flat,up_n_down,agent.hts.l_temp,0.01
comparator,flat,up_n_down,agent.hts.l_vc,0.01
comparator,flat,up_n_down,agent.hts.latent_anchor_name,"""rssm_repfeat"""
comparator,flat,up_n_down,agent.hts.latent_anchor_source_module,"""dreamerv3.rssm.RSSM.loss"""
comparator,flat,up_n_down,agent.hts.layers,2
comparator,flat,up_n_down,agent.hts.levels,6
comparator,flat,up_n_down,agent.hts.method,"""auxiliary_hierarchy"""
comparator,flat,up_n_down,agent.hts.norm,"""rms"""
comparator,flat,up_n_down,agent.hts.phase1_steps,0
comparator,flat,up_n_down,agent.hts.phase2_steps,0
comparator,flat,up_n_down,agent.hts.predictor_prefix_stop_gradient,false
comparator,flat,up_n_down,agent.hts.proj_dim,64
comparator,flat,up_n_down,agent.hts.sgf_action_units,18
comparator,flat,up_n_down,agent.hts.sparsity_mode,"""levelwise_topk"""
comparator,flat,up_n_down,agent.hts.strides,"[32, 16, 8, 4, 2, 1]"
comparator,flat,up_n_down,agent.hts.strides_coarse_to_fine,"[32, 16, 8, 4, 2, 1]"
comparator,flat,up_n_down,agent.hts.temporal_far_negative_mode,"""none"""
comparator,flat,up_n_down,agent.hts.temporal_far_weight,0.25
comparator,flat,up_n_down,agent.hts.temporal_k_pos,4
comparator,flat,up_n_down,agent.hts.temporal_min_far_distance,16
comparator,flat,up_n_down,agent.hts.temporal_temperature,0.1
comparator,flat,up_n_down,agent.hts.topk,8
comparator,flat,up_n_down,agent.hts.topk_per_level,"[8, 8, 8, 8, 8, 8]"
comparator,flat,up_n_down,agent.hts.training_regime,"""joint"""
comparator,flat,up_n_down,agent.hts.use_lctrl,false
comparator,flat,up_n_down,agent.hts.use_lhier,true
comparator,flat,up_n_down,agent.hts.use_lred,false
comparator,flat,up_n_down,agent.hts.use_lsdyn,true
comparator,flat,up_n_down,agent.hts.use_lsparse,true
comparator,flat,up_n_down,agent.hts.use_ltemp,true
comparator,flat,up_n_down,agent.hts.use_lvc,true
comparator,flat,up_n_down,agent.hts.variant,"""hts_full"""
comparator,flat,up_n_down,agent.hts.vicreg_cov_scale,1.0
comparator,flat,up_n_down,agent.hts.vicreg_gamma,1.0
comparator,flat,up_n_down,agent.hts.warmup_steps,0
comparator,flat,up_n_down,agent.imag_last,0
comparator,flat,up_n_down,agent.imag_length,15
comparator,flat,up_n_down,agent.imag_loss.actent,0.0003
comparator,flat,up_n_down,agent.imag_loss.lam,0.95
comparator,flat,up_n_down,agent.imag_loss.slowreg,1.0
comparator,flat,up_n_down,agent.imag_loss.slowtar,false
comparator,flat,up_n_down,agent.loss_scales.con,1.0
comparator,flat,up_n_down,agent.loss_scales.dyn,1.0
comparator,flat,up_n_down,agent.loss_scales.htp_pdyn,0.0
comparator,flat,up_n_down,agent.loss_scales.htp_rec,0.0
comparator,flat,up_n_down,agent.loss_scales.htp_vicreg,1.0
comparator,flat,up_n_down,agent.loss_scales.policy,1.0
comparator,flat,up_n_down,agent.loss_scales.rec,1.0
comparator,flat,up_n_down,agent.loss_scales.rep,0.1
comparator,flat,up_n_down,agent.loss_scales.repval,0.3
comparator,flat,up_n_down,agent.loss_scales.rew,1.0
comparator,flat,up_n_down,agent.loss_scales.value,1.0
comparator,flat,up_n_down,agent.opt.agc,0.3
comparator,flat,up_n_down,agent.opt.anneal,0
comparator,flat,up_n_down,agent.opt.beta1,0.9
comparator,flat,up_n_down,agent.opt.beta2,0.999
comparator,flat,up_n_down,agent.opt.eps,1e-20
comparator,flat,up_n_down,agent.opt.lr,4e-05
comparator,flat,up_n_down,agent.opt.momentum,true
comparator,flat,up_n_down,agent.opt.schedule,"""const"""
comparator,flat,up_n_down,agent.opt.warmup,1000
comparator,flat,up_n_down,agent.opt.wd,0.0
comparator,flat,up_n_down,agent.policy.act,"""silu"""
comparator,flat,up_n_down,agent.policy.layers,3
comparator,flat,up_n_down,agent.policy.maxstd,1.0
comparator,flat,up_n_down,agent.policy.minstd,0.1
comparator,flat,up_n_down,agent.policy.norm,"""rms"""
comparator,flat,up_n_down,agent.policy.outscale,0.01
comparator,flat,up_n_down,agent.policy.unimix,0.01
comparator,flat,up_n_down,agent.policy.units,256
comparator,flat,up_n_down,agent.policy.winit,"""trunc_normal_in"""
comparator,flat,up_n_down,agent.policy_dist_cont,"""bounded_normal"""
comparator,flat,up_n_down,agent.policy_dist_disc,"""categorical"""
comparator,flat,up_n_down,agent.repl_loss.lam,0.95
comparator,flat,up_n_down,agent.repl_loss.slowreg,1.0
comparator,flat,up_n_down,agent.repl_loss.slowtar,false
comparator,flat,up_n_down,agent.report,true
comparator,flat,up_n_down,agent.report_gradnorms,false
comparator,flat,up_n_down,agent.repval_grad,true
comparator,flat,up_n_down,agent.repval_loss,true
comparator,flat,up_n_down,agent.retnorm.debias,false
comparator,flat,up_n_down,agent.retnorm.impl,"""perc"""
comparator,flat,up_n_down,agent.retnorm.limit,1.0
comparator,flat,up_n_down,agent.retnorm.perchi,95.0
comparator,flat,up_n_down,agent.retnorm.perclo,5.0
comparator,flat,up_n_down,agent.retnorm.rate,0.01
comparator,flat,up_n_down,agent.reward_grad,true
comparator,flat,up_n_down,agent.rewhead.act,"""silu"""
comparator,flat,up_n_down,agent.rewhead.bins,255
comparator,flat,up_n_down,agent.rewhead.layers,1
comparator,flat,up_n_down,agent.rewhead.norm,"""rms"""
comparator,flat,up_n_down,agent.rewhead.output,"""symexp_twohot"""
comparator,flat,up_n_down,agent.rewhead.outscale,0.0
comparator,flat,up_n_down,agent.rewhead.units,256
comparator,flat,up_n_down,agent.rewhead.winit,"""trunc_normal_in"""
comparator,flat,up_n_down,agent.slowhtp.every,1
comparator,flat,up_n_down,agent.slowhtp.rate,0.02
comparator,flat,up_n_down,agent.slowvalue.every,1
comparator,flat,up_n_down,agent.slowvalue.rate,0.02
comparator,flat,up_n_down,agent.valnorm.impl,"""none"""
comparator,flat,up_n_down,agent.valnorm.limit,1e-08
comparator,flat,up_n_down,agent.valnorm.rate,0.01
comparator,flat,up_n_down,agent.value.act,"""silu"""
comparator,flat,up_n_down,agent.value.bins,255
comparator,flat,up_n_down,agent.value.layers,3
comparator,flat,up_n_down,agent.value.norm,"""rms"""
comparator,flat,up_n_down,agent.value.output,"""symexp_twohot"""
comparator,flat,up_n_down,agent.value.outscale,0.0
comparator,flat,up_n_down,agent.value.units,256
comparator,flat,up_n_down,agent.value.winit,"""trunc_normal_in"""
comparator,flat,up_n_down,batch_length,64
comparator,flat,up_n_down,batch_size,16
comparator,flat,up_n_down,clock_addr,""""""
comparator,flat,up_n_down,clock_port,""""""
comparator,flat,up_n_down,consec_report,1
comparator,flat,up_n_down,consec_train,1
comparator,flat,up_n_down,env.atari.actions,"""all"""
comparator,flat,up_n_down,env.atari.aggregate,"""max"""
comparator,flat,up_n_down,env.atari.autostart,false
comparator,flat,up_n_down,env.atari.clip_reward,false
comparator,flat,up_n_down,env.atari.gray,true
comparator,flat,up_n_down,env.atari.lives,"""unused"""
comparator,flat,up_n_down,env.atari.noops,30
comparator,flat,up_n_down,env.atari.pooling,2
comparator,flat,up_n_down,env.atari.repeat,4
comparator,flat,up_n_down,env.atari.resize,"""pillow"""
comparator,flat,up_n_down,env.atari.size,"[96, 96]"
comparator,flat,up_n_down,env.atari.sticky,true
comparator,flat,up_n_down,env.atari100k.actions,"""needed"""
comparator,flat,up_n_down,env.atari100k.autostart,false
comparator,flat,up_n_down,env.atari100k.clip_reward,false
comparator,flat,up_n_down,env.atari100k.gray,false
comparator,flat,up_n_down,env.atari100k.lives,"""unused"""
comparator,flat,up_n_down,env.atari100k.noops,30
comparator,flat,up_n_down,env.atari100k.repeat,4
comparator,flat,up_n_down,env.atari100k.resize,"""pillow"""
comparator,flat,up_n_down,env.atari100k.size,"[64, 64]"
comparator,flat,up_n_down,env.atari100k.sticky,false
comparator,flat,up_n_down,env.atari100k.use_seed,true
comparator,flat,up_n_down,env.crafter.logs,false
comparator,flat,up_n_down,env.crafter.size,"[64, 64]"
comparator,flat,up_n_down,env.dmc.camera,-1
comparator,flat,up_n_down,env.dmc.image,true
comparator,flat,up_n_down,env.dmc.proprio,true
comparator,flat,up_n_down,env.dmc.repeat,1
comparator,flat,up_n_down,env.dmc.size,"[64, 64]"
comparator,flat,up_n_down,env.dmlab.episodic,true
comparator,flat,up_n_down,env.dmlab.repeat,4
comparator,flat,up_n_down,env.dmlab.size,"[64, 64]"
comparator,flat,up_n_down,env.dmlab.use_seed,true
comparator,flat,up_n_down,env.loconav.camera,-1
comparator,flat,up_n_down,env.loconav.repeat,1
comparator,flat,up_n_down,env.loconav.size,"[64, 64]"
comparator,flat,up_n_down,env.minecraft.break_speed,100.0
comparator,flat,up_n_down,env.minecraft.length,36000
comparator,flat,up_n_down,env.minecraft.logs,false
comparator,flat,up_n_down,env.minecraft.size,"[64, 64]"
comparator,flat,up_n_down,env.procgen.resize,"""pillow"""
comparator,flat,up_n_down,env.procgen.size,"[96, 96]"
comparator,flat,up_n_down,errfile,false
comparator,flat,up_n_down,ipv6,false
comparator,flat,up_n_down,jax.compute_dtype,"""bfloat16"""
comparator,flat,up_n_down,jax.coordinator_address,""""""
comparator,flat,up_n_down,jax.debug,false
comparator,flat,up_n_down,jax.deterministic,true
comparator,flat,up_n_down,jax.enable_policy,true
comparator,flat,up_n_down,jax.expect_devices,0
comparator,flat,up_n_down,jax.jit,true
comparator,flat,up_n_down,jax.mock_devices,0
comparator,flat,up_n_down,jax.platform,"""cuda"""
comparator,flat,up_n_down,jax.policy_devices,[0]
comparator,flat,up_n_down,jax.prealloc,false
comparator,flat,up_n_down,jax.precompile,true
comparator,flat,up_n_down,jax.train_devices,[0]
comparator,flat,up_n_down,logger.filter,""".*"""
comparator,flat,up_n_down,logger.fps,15
comparator,flat,up_n_down,logger.outputs,"[""jsonl""]"
comparator,flat,up_n_down,logger.timer,true
comparator,flat,up_n_down,logger.user,""""""
comparator,flat,up_n_down,logger.wandb_media,false
comparator,flat,up_n_down,method,"""name"""
comparator,flat,up_n_down,random_agent,false
comparator,flat,up_n_down,replay.chunksize,1024
comparator,flat,up_n_down,replay.fracs.priority,0.0
comparator,flat,up_n_down,replay.fracs.recency,0.0
comparator,flat,up_n_down,replay.fracs.uniform,1.0
comparator,flat,up_n_down,replay.online,true
comparator,flat,up_n_down,replay.prio.exponent,0.8
comparator,flat,up_n_down,replay.prio.initial,"""inf"""
comparator,flat,up_n_down,replay.prio.maxfrac,0.5
comparator,flat,up_n_down,replay.prio.zero_on_sample,true
comparator,flat,up_n_down,replay.priosignal,"""model"""
comparator,flat,up_n_down,replay.recexp,1.0
comparator,flat,up_n_down,replay.size,5000000.0
comparator,flat,up_n_down,replay_context,1
comparator,flat,up_n_down,replica,0
comparator,flat,up_n_down,replicas,1
comparator,flat,up_n_down,report_length,32
comparator,flat,up_n_down,run.action_milestones,"[10000, 20000, 30000, 40000, 50000, 60000, 70000, 80000, 90000, 100000]"
comparator,flat,up_n_down,run.actor_addr,"""localhost:{auto}"""
comparator,flat,up_n_down,run.actor_batch,-1
comparator,flat,up_n_down,run.actor_threads,1
comparator,flat,up_n_down,run.agent_process,false
comparator,flat,up_n_down,run.debug,true
comparator,flat,up_n_down,run.duration,0
comparator,flat,up_n_down,run.envs,1
comparator,flat,up_n_down,run.episode_timeout,180
comparator,flat,up_n_down,run.eval_envs,4
comparator,flat,up_n_down,run.eval_eps,1
comparator,flat,up_n_down,run.exact_env_action_budget,true
comparator,flat,up_n_down,run.from_checkpoint_regex,""".*"""
comparator,flat,up_n_down,run.log_every,30
comparator,flat,up_n_down,run.log_policy_video,false
comparator,flat,up_n_down,run.logger_addr,"""localhost:{auto}"""
comparator,flat,up_n_down,run.remote_envs,false
comparator,flat,up_n_down,run.remote_replay,false
comparator,flat,up_n_down,run.replay_addr,"""localhost:{auto}"""
comparator,flat,up_n_down,run.report_batches,1
comparator,flat,up_n_down,run.report_every,300
comparator,flat,up_n_down,run.save_every,10000
comparator,flat,up_n_down,run.steps,100000.0
comparator,flat,up_n_down,run.train_ratio,256.0
comparator,flat,up_n_down,run.usage.gc,false
comparator,flat,up_n_down,run.usage.gputil,false
comparator,flat,up_n_down,run.usage.malloc,false
comparator,flat,up_n_down,run.usage.nvsmi,true
comparator,flat,up_n_down,run.usage.psutil,true
comparator,flat,up_n_down,script,"""train"""
comparator,flat,up_n_down,seed,0
comparator,flat,up_n_down,task,"""atari100k_up_n_down"""
comparator,flat,frostbite,agent.ac_grads,false
comparator,flat,frostbite,agent.advnorm.impl,"""none"""
comparator,flat,frostbite,agent.advnorm.limit,1e-08
comparator,flat,frostbite,agent.advnorm.rate,0.01
comparator,flat,frostbite,agent.conhead.act,"""silu"""
comparator,flat,frostbite,agent.conhead.layers,1
comparator,flat,frostbite,agent.conhead.norm,"""rms"""
comparator,flat,frostbite,agent.conhead.output,"""binary"""
comparator,flat,frostbite,agent.conhead.outscale,1.0
comparator,flat,frostbite,agent.conhead.units,256
comparator,flat,frostbite,agent.conhead.winit,"""trunc_normal_in"""
comparator,flat,frostbite,agent.contdisc,true
comparator,flat,frostbite,agent.dec.simple.act,"""silu"""
comparator,flat,frostbite,agent.dec.simple.bspace,8
comparator,flat,frostbite,agent.dec.simple.depth,16
comparator,flat,frostbite,agent.dec.simple.kernel,5
comparator,flat,frostbite,agent.dec.simple.layers,3
comparator,flat,frostbite,agent.dec.simple.mults,"[2, 3, 4, 4]"
comparator,flat,frostbite,agent.dec.simple.norm,"""rms"""
comparator,flat,frostbite,agent.dec.simple.outer,false
comparator,flat,frostbite,agent.dec.simple.outscale,1.0
comparator,flat,frostbite,agent.dec.simple.strided,false
comparator,flat,frostbite,agent.dec.simple.units,256
comparator,flat,frostbite,agent.dec.simple.winit,"""trunc_normal_in"""
comparator,flat,frostbite,agent.dec.typ,"""simple"""
comparator,flat,frostbite,agent.dyn.rssm.absolute,false
comparator,flat,frostbite,agent.dyn.rssm.act,"""silu"""
comparator,flat,frostbite,agent.dyn.rssm.blocks,8
comparator,flat,frostbite,agent.dyn.rssm.classes,16
comparator,flat,frostbite,agent.dyn.rssm.deter,2048
comparator,flat,frostbite,agent.dyn.rssm.dynlayers,1
comparator,flat,frostbite,agent.dyn.rssm.free_nats,1.0
comparator,flat,frostbite,agent.dyn.rssm.hidden,256
comparator,flat,frostbite,agent.dyn.rssm.imglayers,2
comparator,flat,frostbite,agent.dyn.rssm.norm,"""rms"""
comparator,flat,frostbite,agent.dyn.rssm.obslayers,1
comparator,flat,frostbite,agent.dyn.rssm.outscale,1.0
comparator,flat,frostbite,agent.dyn.rssm.stoch,32
comparator,flat,frostbite,agent.dyn.rssm.unimix,0.01
comparator,flat,frostbite,agent.dyn.rssm.winit,"""trunc_normal_in"""
comparator,flat,frostbite,agent.dyn.typ,"""rssm"""
comparator,flat,frostbite,agent.enc.simple.act,"""silu"""
comparator,flat,frostbite,agent.enc.simple.depth,16
comparator,flat,frostbite,agent.enc.simple.kernel,5
comparator,flat,frostbite,agent.enc.simple.layers,3
comparator,flat,frostbite,agent.enc.simple.mults,"[2, 3, 4, 4]"
comparator,flat,frostbite,agent.enc.simple.norm,"""rms"""
comparator,flat,frostbite,agent.enc.simple.outer,false
comparator,flat,frostbite,agent.enc.simple.strided,false
comparator,flat,frostbite,agent.enc.simple.symlog,true
comparator,flat,frostbite,agent.enc.simple.units,256
comparator,flat,frostbite,agent.enc.simple.winit,"""trunc_normal_in"""
comparator,flat,frostbite,agent.enc.typ,"""simple"""
comparator,flat,frostbite,agent.horizon,333
comparator,flat,frostbite,agent.htp.ablation_online_target,false
comparator,flat,frostbite,agent.htp.ablation_raw_readout,false
comparator,flat,frostbite,agent.htp.ablation_stop_actions,0
comparator,flat,frostbite,agent.htp.ablation_warmup_actions,0
comparator,flat,frostbite,agent.htp.enabled,true
comparator,flat,frostbite,agent.htp.grad_to_backbone,false
comparator,flat,frostbite,agent.htp.pdyn.act,"""silu"""
comparator,flat,frostbite,agent.htp.pdyn.dims,"[128, 256, 512, 1024, 2048]"
comparator,flat,frostbite,agent.htp.pdyn.enforce_coarse_to_fine,true
comparator,flat,frostbite,agent.htp.pdyn.hidden,512
comparator,flat,frostbite,agent.htp.pdyn.isolate_previous,true
comparator,flat,frostbite,agent.htp.pdyn.layers,2
comparator,flat,frostbite,agent.htp.pdyn.mask_resets,false
comparator,flat,frostbite,agent.htp.pdyn.norm,"""rms"""
comparator,flat,frostbite,agent.htp.pdyn.normalize_valid,false
comparator,flat,frostbite,agent.htp.pdyn.outscale,1.0
comparator,flat,frostbite,agent.htp.pdyn.strides,"[16, 8, 4, 2, 1]"
comparator,flat,frostbite,agent.htp.pdyn.zero_actions,false
comparator,flat,frostbite,agent.htp.proj.act,"""silu"""
comparator,flat,frostbite,agent.htp.proj.dims,"[128, 256, 512, 1024, 2048]"
comparator,flat,frostbite,agent.htp.proj.hidden,512
comparator,flat,frostbite,agent.htp.proj.layers,2
comparator,flat,frostbite,agent.htp.proj.norm,"""rms"""
comparator,flat,frostbite,agent.htp.proj.outscale,1.0
comparator,flat,frostbite,agent.htp.proj.separable,false
comparator,flat,frostbite,agent.htp.recon.act,"""silu"""
comparator,flat,frostbite,agent.htp.recon.final_only,false
comparator,flat,frostbite,agent.htp.recon.hidden,512
comparator,flat,frostbite,agent.htp.recon.layers,1
comparator,flat,frostbite,agent.htp.recon.norm,"""rms"""
comparator,flat,frostbite,agent.htp.recon.outscale,1.0
comparator,flat,frostbite,agent.htp.recon.stop_previous,true
comparator,flat,frostbite,agent.htp.use_pdyn,true
comparator,flat,frostbite,agent.htp.use_proj,true
comparator,flat,frostbite,agent.htp.use_recon,true
comparator,flat,frostbite,agent.htp.use_vicreg,false
comparator,flat,frostbite,agent.htp.vicreg_gamma,1.0
comparator,flat,frostbite,agent.htp.vicreg_scale,1.0
comparator,flat,frostbite,agent.hts.act,"""silu"""
comparator,flat,frostbite,agent.hts.action_units,128
comparator,flat,frostbite,agent.hts.actor_critic_input,"""rssm_feat"""
comparator,flat,frostbite,agent.hts.actor_critic_stopgrad_z,false
comparator,flat,frostbite,agent.hts.alpha_sdyn,"[0.1666666667, 0.1666666667, 0.1666666667, 0.1666666667, 0.1666666667, 0.1666666667]"
comparator,flat,frostbite,agent.hts.aux_warmup_action_repeat,4
comparator,flat,frostbite,agent.hts.aux_warmup_agent_actions,0
comparator,flat,frostbite,agent.hts.aux_warmup_mode,"""linear"""
comparator,flat,frostbite,agent.hts.aux_warmup_optimizer_updates,0
comparator,flat,frostbite,agent.hts.aux_warmup_raw_frames,0
comparator,flat,frostbite,agent.hts.aux_warmup_train_ratio,256
comparator,flat,frostbite,agent.hts.backbone_lr_scale,1.0
comparator,flat,frostbite,agent.hts.beta_hier,"[0.1666666667, 0.1666666667, 0.1666666667, 0.1666666667, 0.1666666667, 0.1666666667]"
comparator,flat,frostbite,agent.hts.ctrl_continue_scale,1.0
comparator,flat,frostbite,agent.hts.ctrl_reward_scale,1.0
comparator,flat,frostbite,agent.hts.ctrl_value_scale,1.0
comparator,flat,frostbite,agent.hts.decoder_prefix_stop_gradient,true
comparator,flat,frostbite,agent.hts.discount,0.997
comparator,flat,frostbite,agent.hts.dynamics_target_stop_gradient,true
comparator,flat,frostbite,agent.hts.flat_topk,48
comparator,flat,frostbite,agent.hts.flat_width,192
comparator,flat,frostbite,agent.hts.head_dim,32
comparator,flat,frostbite,agent.hts.hidden,256
comparator,flat,frostbite,agent.hts.hier_beta0,1.0
comparator,flat,frostbite,agent.hts.hier_rho,0.75
comparator,flat,frostbite,agent.hts.hierarchy_lr_scale,1.0
comparator,flat,frostbite,agent.hts.hts_lr_scale,1.0
comparator,flat,frostbite,agent.hts.impl,"""hts2"""
comparator,flat,frostbite,agent.hts.l_ctrl,0.0
comparator,flat,frostbite,agent.hts.l_hier,0.1
comparator,flat,frostbite,agent.hts.l_sdyn,0.1
comparator,flat,frostbite,agent.hts.l_sparse,1e-05
comparator,flat,frostbite,agent.hts.l_temp,0.01
comparator,flat,frostbite,agent.hts.l_vc,0.01
comparator,flat,frostbite,agent.hts.latent_anchor_name,"""rssm_repfeat"""
comparator,flat,frostbite,agent.hts.latent_anchor_source_module,"""dreamerv3.rssm.RSSM.loss"""
comparator,flat,frostbite,agent.hts.layers,2
comparator,flat,frostbite,agent.hts.levels,6
comparator,flat,frostbite,agent.hts.method,"""auxiliary_hierarchy"""
comparator,flat,frostbite,agent.hts.norm,"""rms"""
comparator,flat,frostbite,agent.hts.phase1_steps,0
comparator,flat,frostbite,agent.hts.phase2_steps,0
comparator,flat,frostbite,agent.hts.predictor_prefix_stop_gradient,false
comparator,flat,frostbite,agent.hts.proj_dim,64
comparator,flat,frostbite,agent.hts.sgf_action_units,18
comparator,flat,frostbite,agent.hts.sparsity_mode,"""levelwise_topk"""
comparator,flat,frostbite,agent.hts.strides,"[32, 16, 8, 4, 2, 1]"
comparator,flat,frostbite,agent.hts.strides_coarse_to_fine,"[32, 16, 8, 4, 2, 1]"
comparator,flat,frostbite,agent.hts.temporal_far_negative_mode,"""none"""
comparator,flat,frostbite,agent.hts.temporal_far_weight,0.25
comparator,flat,frostbite,agent.hts.temporal_k_pos,4
comparator,flat,frostbite,agent.hts.temporal_min_far_distance,16
comparator,flat,frostbite,agent.hts.temporal_temperature,0.1
comparator,flat,frostbite,agent.hts.topk,8
comparator,flat,frostbite,agent.hts.topk_per_level,"[8, 8, 8, 8, 8, 8]"
comparator,flat,frostbite,agent.hts.training_regime,"""joint"""
comparator,flat,frostbite,agent.hts.use_lctrl,false
comparator,flat,frostbite,agent.hts.use_lhier,true
comparator,flat,frostbite,agent.hts.use_lred,false
comparator,flat,frostbite,agent.hts.use_lsdyn,true
comparator,flat,frostbite,agent.hts.use_lsparse,true
comparator,flat,frostbite,agent.hts.use_ltemp,true
comparator,flat,frostbite,agent.hts.use_lvc,true
comparator,flat,frostbite,agent.hts.variant,"""hts_full"""
comparator,flat,frostbite,agent.hts.vicreg_cov_scale,1.0
comparator,flat,frostbite,agent.hts.vicreg_gamma,1.0
comparator,flat,frostbite,agent.hts.warmup_steps,0
comparator,flat,frostbite,agent.imag_last,0
comparator,flat,frostbite,agent.imag_length,15
comparator,flat,frostbite,agent.imag_loss.actent,0.0003
comparator,flat,frostbite,agent.imag_loss.lam,0.95
comparator,flat,frostbite,agent.imag_loss.slowreg,1.0
comparator,flat,frostbite,agent.imag_loss.slowtar,false
comparator,flat,frostbite,agent.loss_scales.con,1.0
comparator,flat,frostbite,agent.loss_scales.dyn,1.0
comparator,flat,frostbite,agent.loss_scales.htp_pdyn,0.0
comparator,flat,frostbite,agent.loss_scales.htp_rec,0.0
comparator,flat,frostbite,agent.loss_scales.htp_vicreg,1.0
comparator,flat,frostbite,agent.loss_scales.policy,1.0
comparator,flat,frostbite,agent.loss_scales.rec,1.0
comparator,flat,frostbite,agent.loss_scales.rep,0.1
comparator,flat,frostbite,agent.loss_scales.repval,0.3
comparator,flat,frostbite,agent.loss_scales.rew,1.0
comparator,flat,frostbite,agent.loss_scales.value,1.0
comparator,flat,frostbite,agent.opt.agc,0.3
comparator,flat,frostbite,agent.opt.anneal,0
comparator,flat,frostbite,agent.opt.beta1,0.9
comparator,flat,frostbite,agent.opt.beta2,0.999
comparator,flat,frostbite,agent.opt.eps,1e-20
comparator,flat,frostbite,agent.opt.lr,4e-05
comparator,flat,frostbite,agent.opt.momentum,true
comparator,flat,frostbite,agent.opt.schedule,"""const"""
comparator,flat,frostbite,agent.opt.warmup,1000
comparator,flat,frostbite,agent.opt.wd,0.0
comparator,flat,frostbite,agent.policy.act,"""silu"""
comparator,flat,frostbite,agent.policy.layers,3
comparator,flat,frostbite,agent.policy.maxstd,1.0
comparator,flat,frostbite,agent.policy.minstd,0.1
comparator,flat,frostbite,agent.policy.norm,"""rms"""
comparator,flat,frostbite,agent.policy.outscale,0.01
comparator,flat,frostbite,agent.policy.unimix,0.01
comparator,flat,frostbite,agent.policy.units,256
comparator,flat,frostbite,agent.policy.winit,"""trunc_normal_in"""
comparator,flat,frostbite,agent.policy_dist_cont,"""bounded_normal"""
comparator,flat,frostbite,agent.policy_dist_disc,"""categorical"""
comparator,flat,frostbite,agent.repl_loss.lam,0.95
comparator,flat,frostbite,agent.repl_loss.slowreg,1.0
comparator,flat,frostbite,agent.repl_loss.slowtar,false
comparator,flat,frostbite,agent.report,true
comparator,flat,frostbite,agent.report_gradnorms,false
comparator,flat,frostbite,agent.repval_grad,true
comparator,flat,frostbite,agent.repval_loss,true
comparator,flat,frostbite,agent.retnorm.debias,false
comparator,flat,frostbite,agent.retnorm.impl,"""perc"""
comparator,flat,frostbite,agent.retnorm.limit,1.0
comparator,flat,frostbite,agent.retnorm.perchi,95.0
comparator,flat,frostbite,agent.retnorm.perclo,5.0
comparator,flat,frostbite,agent.retnorm.rate,0.01
comparator,flat,frostbite,agent.reward_grad,true
comparator,flat,frostbite,agent.rewhead.act,"""silu"""
comparator,flat,frostbite,agent.rewhead.bins,255
comparator,flat,frostbite,agent.rewhead.layers,1
comparator,flat,frostbite,agent.rewhead.norm,"""rms"""
comparator,flat,frostbite,agent.rewhead.output,"""symexp_twohot"""
comparator,flat,frostbite,agent.rewhead.outscale,0.0
comparator,flat,frostbite,agent.rewhead.units,256
comparator,flat,frostbite,agent.rewhead.winit,"""trunc_normal_in"""
comparator,flat,frostbite,agent.slowhtp.every,1
comparator,flat,frostbite,agent.slowhtp.rate,0.02
comparator,flat,frostbite,agent.slowvalue.every,1
comparator,flat,frostbite,agent.slowvalue.rate,0.02
comparator,flat,frostbite,agent.valnorm.impl,"""none"""
comparator,flat,frostbite,agent.valnorm.limit,1e-08
comparator,flat,frostbite,agent.valnorm.rate,0.01
comparator,flat,frostbite,agent.value.act,"""silu"""
comparator,flat,frostbite,agent.value.bins,255
comparator,flat,frostbite,agent.value.layers,3
comparator,flat,frostbite,agent.value.norm,"""rms"""
comparator,flat,frostbite,agent.value.output,"""symexp_twohot"""
comparator,flat,frostbite,agent.value.outscale,0.0
comparator,flat,frostbite,agent.value.units,256
comparator,flat,frostbite,agent.value.winit,"""trunc_normal_in"""
comparator,flat,frostbite,batch_length,64
comparator,flat,frostbite,batch_size,16
comparator,flat,frostbite,clock_addr,""""""
comparator,flat,frostbite,clock_port,""""""
comparator,flat,frostbite,consec_report,1
comparator,flat,frostbite,consec_train,1
comparator,flat,frostbite,env.atari.actions,"""all"""
comparator,flat,frostbite,env.atari.aggregate,"""max"""
comparator,flat,frostbite,env.atari.autostart,false
comparator,flat,frostbite,env.atari.clip_reward,false
comparator,flat,frostbite,env.atari.gray,true
comparator,flat,frostbite,env.atari.lives,"""unused"""
comparator,flat,frostbite,env.atari.noops,30
comparator,flat,frostbite,env.atari.pooling,2
comparator,flat,frostbite,env.atari.repeat,4
comparator,flat,frostbite,env.atari.resize,"""pillow"""
comparator,flat,frostbite,env.atari.size,"[96, 96]"
comparator,flat,frostbite,env.atari.sticky,true
comparator,flat,frostbite,env.atari100k.actions,"""needed"""
comparator,flat,frostbite,env.atari100k.autostart,false
comparator,flat,frostbite,env.atari100k.clip_reward,false
comparator,flat,frostbite,env.atari100k.gray,false
comparator,flat,frostbite,env.atari100k.lives,"""unused"""
comparator,flat,frostbite,env.atari100k.noops,30
comparator,flat,frostbite,env.atari100k.repeat,4
comparator,flat,frostbite,env.atari100k.resize,"""pillow"""
comparator,flat,frostbite,env.atari100k.size,"[64, 64]"
comparator,flat,frostbite,env.atari100k.sticky,false
comparator,flat,frostbite,env.atari100k.use_seed,true
comparator,flat,frostbite,env.crafter.logs,false
comparator,flat,frostbite,env.crafter.size,"[64, 64]"
comparator,flat,frostbite,env.dmc.camera,-1
comparator,flat,frostbite,env.dmc.image,true
comparator,flat,frostbite,env.dmc.proprio,true
comparator,flat,frostbite,env.dmc.repeat,1
comparator,flat,frostbite,env.dmc.size,"[64, 64]"
comparator,flat,frostbite,env.dmlab.episodic,true
comparator,flat,frostbite,env.dmlab.repeat,4
comparator,flat,frostbite,env.dmlab.size,"[64, 64]"
comparator,flat,frostbite,env.dmlab.use_seed,true
comparator,flat,frostbite,env.loconav.camera,-1
comparator,flat,frostbite,env.loconav.repeat,1
comparator,flat,frostbite,env.loconav.size,"[64, 64]"
comparator,flat,frostbite,env.minecraft.break_speed,100.0
comparator,flat,frostbite,env.minecraft.length,36000
comparator,flat,frostbite,env.minecraft.logs,false
comparator,flat,frostbite,env.minecraft.size,"[64, 64]"
comparator,flat,frostbite,env.procgen.resize,"""pillow"""
comparator,flat,frostbite,env.procgen.size,"[96, 96]"
comparator,flat,frostbite,errfile,false
comparator,flat,frostbite,ipv6,false
comparator,flat,frostbite,jax.compute_dtype,"""bfloat16"""
comparator,flat,frostbite,jax.coordinator_address,""""""
comparator,flat,frostbite,jax.debug,false
comparator,flat,frostbite,jax.deterministic,true
comparator,flat,frostbite,jax.enable_policy,true
comparator,flat,frostbite,jax.expect_devices,0
comparator,flat,frostbite,jax.jit,true
comparator,flat,frostbite,jax.mock_devices,0
comparator,flat,frostbite,jax.platform,"""cuda"""
comparator,flat,frostbite,jax.policy_devices,[0]
comparator,flat,frostbite,jax.prealloc,false
comparator,flat,frostbite,jax.precompile,true
comparator,flat,frostbite,jax.train_devices,[0]
comparator,flat,frostbite,logger.filter,""".*"""
comparator,flat,frostbite,logger.fps,15
comparator,flat,frostbite,logger.outputs,"[""jsonl""]"
comparator,flat,frostbite,logger.timer,true
comparator,flat,frostbite,logger.user,""""""
comparator,flat,frostbite,logger.wandb_media,false
comparator,flat,frostbite,method,"""name"""
comparator,flat,frostbite,random_agent,false
comparator,flat,frostbite,replay.chunksize,1024
comparator,flat,frostbite,replay.fracs.priority,0.0
comparator,flat,frostbite,replay.fracs.recency,0.0
comparator,flat,frostbite,replay.fracs.uniform,1.0
comparator,flat,frostbite,replay.online,true
comparator,flat,frostbite,replay.prio.exponent,0.8
comparator,flat,frostbite,replay.prio.initial,"""inf"""
comparator,flat,frostbite,replay.prio.maxfrac,0.5
comparator,flat,frostbite,replay.prio.zero_on_sample,true
comparator,flat,frostbite,replay.priosignal,"""model"""
comparator,flat,frostbite,replay.recexp,1.0
comparator,flat,frostbite,replay.size,5000000.0
comparator,flat,frostbite,replay_context,1
comparator,flat,frostbite,replica,0
comparator,flat,frostbite,replicas,1
comparator,flat,frostbite,report_length,32
comparator,flat,frostbite,run.action_milestones,"[10000, 20000, 30000, 40000, 50000, 60000, 70000, 80000, 90000, 100000]"
comparator,flat,frostbite,run.actor_addr,"""localhost:{auto}"""
comparator,flat,frostbite,run.actor_batch,-1
comparator,flat,frostbite,run.actor_threads,1
comparator,flat,frostbite,run.agent_process,false
comparator,flat,frostbite,run.debug,true
comparator,flat,frostbite,run.duration,0
comparator,flat,frostbite,run.envs,1
comparator,flat,frostbite,run.episode_timeout,180
comparator,flat,frostbite,run.eval_envs,4
comparator,flat,frostbite,run.eval_eps,1
comparator,flat,frostbite,run.exact_env_action_budget,true
comparator,flat,frostbite,run.from_checkpoint_regex,""".*"""
comparator,flat,frostbite,run.log_every,30
comparator,flat,frostbite,run.log_policy_video,false
comparator,flat,frostbite,run.logger_addr,"""localhost:{auto}"""
comparator,flat,frostbite,run.remote_envs,false
comparator,flat,frostbite,run.remote_replay,false
comparator,flat,frostbite,run.replay_addr,"""localhost:{auto}"""
comparator,flat,frostbite,run.report_batches,1
comparator,flat,frostbite,run.report_every,300
comparator,flat,frostbite,run.save_every,10000
comparator,flat,frostbite,run.steps,100000.0
comparator,flat,frostbite,run.train_ratio,256.0
comparator,flat,frostbite,run.usage.gc,false
comparator,flat,frostbite,run.usage.gputil,false
comparator,flat,frostbite,run.usage.malloc,false
comparator,flat,frostbite,run.usage.nvsmi,true
comparator,flat,frostbite,run.usage.psutil,true
comparator,flat,frostbite,script,"""train"""
comparator,flat,frostbite,seed,0
comparator,flat,frostbite,task,"""atari100k_frostbite"""
comparator,flat,road_runner,agent.ac_grads,false
comparator,flat,road_runner,agent.advnorm.impl,"""none"""
comparator,flat,road_runner,agent.advnorm.limit,1e-08
comparator,flat,road_runner,agent.advnorm.rate,0.01
comparator,flat,road_runner,agent.conhead.act,"""silu"""
comparator,flat,road_runner,agent.conhead.layers,1
comparator,flat,road_runner,agent.conhead.norm,"""rms"""
comparator,flat,road_runner,agent.conhead.output,"""binary"""
comparator,flat,road_runner,agent.conhead.outscale,1.0
comparator,flat,road_runner,agent.conhead.units,256
comparator,flat,road_runner,agent.conhead.winit,"""trunc_normal_in"""
comparator,flat,road_runner,agent.contdisc,true
comparator,flat,road_runner,agent.dec.simple.act,"""silu"""
comparator,flat,road_runner,agent.dec.simple.bspace,8
comparator,flat,road_runner,agent.dec.simple.depth,16
comparator,flat,road_runner,agent.dec.simple.kernel,5
comparator,flat,road_runner,agent.dec.simple.layers,3
comparator,flat,road_runner,agent.dec.simple.mults,"[2, 3, 4, 4]"
comparator,flat,road_runner,agent.dec.simple.norm,"""rms"""
comparator,flat,road_runner,agent.dec.simple.outer,false
comparator,flat,road_runner,agent.dec.simple.outscale,1.0
comparator,flat,road_runner,agent.dec.simple.strided,false
comparator,flat,road_runner,agent.dec.simple.units,256
comparator,flat,road_runner,agent.dec.simple.winit,"""trunc_normal_in"""
comparator,flat,road_runner,agent.dec.typ,"""simple"""
comparator,flat,road_runner,agent.dyn.rssm.absolute,false
comparator,flat,road_runner,agent.dyn.rssm.act,"""silu"""
comparator,flat,road_runner,agent.dyn.rssm.blocks,8
comparator,flat,road_runner,agent.dyn.rssm.classes,16
comparator,flat,road_runner,agent.dyn.rssm.deter,2048
comparator,flat,road_runner,agent.dyn.rssm.dynlayers,1
comparator,flat,road_runner,agent.dyn.rssm.free_nats,1.0
comparator,flat,road_runner,agent.dyn.rssm.hidden,256
comparator,flat,road_runner,agent.dyn.rssm.imglayers,2
comparator,flat,road_runner,agent.dyn.rssm.norm,"""rms"""
comparator,flat,road_runner,agent.dyn.rssm.obslayers,1
comparator,flat,road_runner,agent.dyn.rssm.outscale,1.0
comparator,flat,road_runner,agent.dyn.rssm.stoch,32
comparator,flat,road_runner,agent.dyn.rssm.unimix,0.01
comparator,flat,road_runner,agent.dyn.rssm.winit,"""trunc_normal_in"""
comparator,flat,road_runner,agent.dyn.typ,"""rssm"""
comparator,flat,road_runner,agent.enc.simple.act,"""silu"""
comparator,flat,road_runner,agent.enc.simple.depth,16
comparator,flat,road_runner,agent.enc.simple.kernel,5
comparator,flat,road_runner,agent.enc.simple.layers,3
comparator,flat,road_runner,agent.enc.simple.mults,"[2, 3, 4, 4]"
comparator,flat,road_runner,agent.enc.simple.norm,"""rms"""
comparator,flat,road_runner,agent.enc.simple.outer,false
comparator,flat,road_runner,agent.enc.simple.strided,false
comparator,flat,road_runner,agent.enc.simple.symlog,true
comparator,flat,road_runner,agent.enc.simple.units,256
comparator,flat,road_runner,agent.enc.simple.winit,"""trunc_normal_in"""
comparator,flat,road_runner,agent.enc.typ,"""simple"""
comparator,flat,road_runner,agent.horizon,333
comparator,flat,road_runner,agent.htp.ablation_online_target,false
comparator,flat,road_runner,agent.htp.ablation_raw_readout,false
comparator,flat,road_runner,agent.htp.ablation_stop_actions,0
comparator,flat,road_runner,agent.htp.ablation_warmup_actions,0
comparator,flat,road_runner,agent.htp.enabled,true
comparator,flat,road_runner,agent.htp.grad_to_backbone,false
comparator,flat,road_runner,agent.htp.pdyn.act,"""silu"""
comparator,flat,road_runner,agent.htp.pdyn.dims,"[128, 256, 512, 1024, 2048]"
comparator,flat,road_runner,agent.htp.pdyn.enforce_coarse_to_fine,true
comparator,flat,road_runner,agent.htp.pdyn.hidden,512
comparator,flat,road_runner,agent.htp.pdyn.isolate_previous,true
comparator,flat,road_runner,agent.htp.pdyn.layers,2
comparator,flat,road_runner,agent.htp.pdyn.mask_resets,false
comparator,flat,road_runner,agent.htp.pdyn.norm,"""rms"""
comparator,flat,road_runner,agent.htp.pdyn.normalize_valid,false
comparator,flat,road_runner,agent.htp.pdyn.outscale,1.0
comparator,flat,road_runner,agent.htp.pdyn.strides,"[16, 8, 4, 2, 1]"
comparator,flat,road_runner,agent.htp.pdyn.zero_actions,false
comparator,flat,road_runner,agent.htp.proj.act,"""silu"""
comparator,flat,road_runner,agent.htp.proj.dims,"[128, 256, 512, 1024, 2048]"
comparator,flat,road_runner,agent.htp.proj.hidden,512
comparator,flat,road_runner,agent.htp.proj.layers,2
comparator,flat,road_runner,agent.htp.proj.norm,"""rms"""
comparator,flat,road_runner,agent.htp.proj.outscale,1.0
comparator,flat,road_runner,agent.htp.proj.separable,false
comparator,flat,road_runner,agent.htp.recon.act,"""silu"""
comparator,flat,road_runner,agent.htp.recon.final_only,false
comparator,flat,road_runner,agent.htp.recon.hidden,512
comparator,flat,road_runner,agent.htp.recon.layers,1
comparator,flat,road_runner,agent.htp.recon.norm,"""rms"""
comparator,flat,road_runner,agent.htp.recon.outscale,1.0
comparator,flat,road_runner,agent.htp.recon.stop_previous,true
comparator,flat,road_runner,agent.htp.use_pdyn,true
comparator,flat,road_runner,agent.htp.use_proj,true
comparator,flat,road_runner,agent.htp.use_recon,true
comparator,flat,road_runner,agent.htp.use_vicreg,false
comparator,flat,road_runner,agent.htp.vicreg_gamma,1.0
comparator,flat,road_runner,agent.htp.vicreg_scale,1.0
comparator,flat,road_runner,agent.hts.act,"""silu"""
comparator,flat,road_runner,agent.hts.action_units,128
comparator,flat,road_runner,agent.hts.actor_critic_input,"""rssm_feat"""
comparator,flat,road_runner,agent.hts.actor_critic_stopgrad_z,false
comparator,flat,road_runner,agent.hts.alpha_sdyn,"[0.1666666667, 0.1666666667, 0.1666666667, 0.1666666667, 0.1666666667, 0.1666666667]"
comparator,flat,road_runner,agent.hts.aux_warmup_action_repeat,4
comparator,flat,road_runner,agent.hts.aux_warmup_agent_actions,0
comparator,flat,road_runner,agent.hts.aux_warmup_mode,"""linear"""
comparator,flat,road_runner,agent.hts.aux_warmup_optimizer_updates,0
comparator,flat,road_runner,agent.hts.aux_warmup_raw_frames,0
comparator,flat,road_runner,agent.hts.aux_warmup_train_ratio,256
comparator,flat,road_runner,agent.hts.backbone_lr_scale,1.0
comparator,flat,road_runner,agent.hts.beta_hier,"[0.1666666667, 0.1666666667, 0.1666666667, 0.1666666667, 0.1666666667, 0.1666666667]"
comparator,flat,road_runner,agent.hts.ctrl_continue_scale,1.0
comparator,flat,road_runner,agent.hts.ctrl_reward_scale,1.0
comparator,flat,road_runner,agent.hts.ctrl_value_scale,1.0
comparator,flat,road_runner,agent.hts.decoder_prefix_stop_gradient,true
comparator,flat,road_runner,agent.hts.discount,0.997
comparator,flat,road_runner,agent.hts.dynamics_target_stop_gradient,true
comparator,flat,road_runner,agent.hts.flat_topk,48
comparator,flat,road_runner,agent.hts.flat_width,192
comparator,flat,road_runner,agent.hts.head_dim,32
comparator,flat,road_runner,agent.hts.hidden,256
comparator,flat,road_runner,agent.hts.hier_beta0,1.0
comparator,flat,road_runner,agent.hts.hier_rho,0.75
comparator,flat,road_runner,agent.hts.hierarchy_lr_scale,1.0
comparator,flat,road_runner,agent.hts.hts_lr_scale,1.0
comparator,flat,road_runner,agent.hts.impl,"""hts2"""
comparator,flat,road_runner,agent.hts.l_ctrl,0.0
comparator,flat,road_runner,agent.hts.l_hier,0.1
comparator,flat,road_runner,agent.hts.l_sdyn,0.1
comparator,flat,road_runner,agent.hts.l_sparse,1e-05
comparator,flat,road_runner,agent.hts.l_temp,0.01
comparator,flat,road_runner,agent.hts.l_vc,0.01
comparator,flat,road_runner,agent.hts.latent_anchor_name,"""rssm_repfeat"""
comparator,flat,road_runner,agent.hts.latent_anchor_source_module,"""dreamerv3.rssm.RSSM.loss"""
comparator,flat,road_runner,agent.hts.layers,2
comparator,flat,road_runner,agent.hts.levels,6
comparator,flat,road_runner,agent.hts.method,"""auxiliary_hierarchy"""
comparator,flat,road_runner,agent.hts.norm,"""rms"""
comparator,flat,road_runner,agent.hts.phase1_steps,0
comparator,flat,road_runner,agent.hts.phase2_steps,0
comparator,flat,road_runner,agent.hts.predictor_prefix_stop_gradient,false
comparator,flat,road_runner,agent.hts.proj_dim,64
comparator,flat,road_runner,agent.hts.sgf_action_units,18
comparator,flat,road_runner,agent.hts.sparsity_mode,"""levelwise_topk"""
comparator,flat,road_runner,agent.hts.strides,"[32, 16, 8, 4, 2, 1]"
comparator,flat,road_runner,agent.hts.strides_coarse_to_fine,"[32, 16, 8, 4, 2, 1]"
comparator,flat,road_runner,agent.hts.temporal_far_negative_mode,"""none"""
comparator,flat,road_runner,agent.hts.temporal_far_weight,0.25
comparator,flat,road_runner,agent.hts.temporal_k_pos,4
comparator,flat,road_runner,agent.hts.temporal_min_far_distance,16
comparator,flat,road_runner,agent.hts.temporal_temperature,0.1
comparator,flat,road_runner,agent.hts.topk,8
comparator,flat,road_runner,agent.hts.topk_per_level,"[8, 8, 8, 8, 8, 8]"
comparator,flat,road_runner,agent.hts.training_regime,"""joint"""
comparator,flat,road_runner,agent.hts.use_lctrl,false
comparator,flat,road_runner,agent.hts.use_lhier,true
comparator,flat,road_runner,agent.hts.use_lred,false
comparator,flat,road_runner,agent.hts.use_lsdyn,true
comparator,flat,road_runner,agent.hts.use_lsparse,true
comparator,flat,road_runner,agent.hts.use_ltemp,true
comparator,flat,road_runner,agent.hts.use_lvc,true
comparator,flat,road_runner,agent.hts.variant,"""hts_full"""
comparator,flat,road_runner,agent.hts.vicreg_cov_scale,1.0
comparator,flat,road_runner,agent.hts.vicreg_gamma,1.0
comparator,flat,road_runner,agent.hts.warmup_steps,0
comparator,flat,road_runner,agent.imag_last,0
comparator,flat,road_runner,agent.imag_length,15
comparator,flat,road_runner,agent.imag_loss.actent,0.0003
comparator,flat,road_runner,agent.imag_loss.lam,0.95
comparator,flat,road_runner,agent.imag_loss.slowreg,1.0
comparator,flat,road_runner,agent.imag_loss.slowtar,false
comparator,flat,road_runner,agent.loss_scales.con,1.0
comparator,flat,road_runner,agent.loss_scales.dyn,1.0
comparator,flat,road_runner,agent.loss_scales.htp_pdyn,0.0
comparator,flat,road_runner,agent.loss_scales.htp_rec,0.0
comparator,flat,road_runner,agent.loss_scales.htp_vicreg,1.0
comparator,flat,road_runner,agent.loss_scales.policy,1.0
comparator,flat,road_runner,agent.loss_scales.rec,1.0
comparator,flat,road_runner,agent.loss_scales.rep,0.1
comparator,flat,road_runner,agent.loss_scales.repval,0.3
comparator,flat,road_runner,agent.loss_scales.rew,1.0
comparator,flat,road_runner,agent.loss_scales.value,1.0
comparator,flat,road_runner,agent.opt.agc,0.3
comparator,flat,road_runner,agent.opt.anneal,0
comparator,flat,road_runner,agent.opt.beta1,0.9
comparator,flat,road_runner,agent.opt.beta2,0.999
comparator,flat,road_runner,agent.opt.eps,1e-20
comparator,flat,road_runner,agent.opt.lr,4e-05
comparator,flat,road_runner,agent.opt.momentum,true
comparator,flat,road_runner,agent.opt.schedule,"""const"""
comparator,flat,road_runner,agent.opt.warmup,1000
comparator,flat,road_runner,agent.opt.wd,0.0
comparator,flat,road_runner,agent.policy.act,"""silu"""
comparator,flat,road_runner,agent.policy.layers,3
comparator,flat,road_runner,agent.policy.maxstd,1.0
comparator,flat,road_runner,agent.policy.minstd,0.1
comparator,flat,road_runner,agent.policy.norm,"""rms"""
comparator,flat,road_runner,agent.policy.outscale,0.01
comparator,flat,road_runner,agent.policy.unimix,0.01
comparator,flat,road_runner,agent.policy.units,256
comparator,flat,road_runner,agent.policy.winit,"""trunc_normal_in"""
comparator,flat,road_runner,agent.policy_dist_cont,"""bounded_normal"""
comparator,flat,road_runner,agent.policy_dist_disc,"""categorical"""
comparator,flat,road_runner,agent.repl_loss.lam,0.95
comparator,flat,road_runner,agent.repl_loss.slowreg,1.0
comparator,flat,road_runner,agent.repl_loss.slowtar,false
comparator,flat,road_runner,agent.report,true
comparator,flat,road_runner,agent.report_gradnorms,false
comparator,flat,road_runner,agent.repval_grad,true
comparator,flat,road_runner,agent.repval_loss,true
comparator,flat,road_runner,agent.retnorm.debias,false
comparator,flat,road_runner,agent.retnorm.impl,"""perc"""
comparator,flat,road_runner,agent.retnorm.limit,1.0
comparator,flat,road_runner,agent.retnorm.perchi,95.0
comparator,flat,road_runner,agent.retnorm.perclo,5.0
comparator,flat,road_runner,agent.retnorm.rate,0.01
comparator,flat,road_runner,agent.reward_grad,true
comparator,flat,road_runner,agent.rewhead.act,"""silu"""
comparator,flat,road_runner,agent.rewhead.bins,255
comparator,flat,road_runner,agent.rewhead.layers,1
comparator,flat,road_runner,agent.rewhead.norm,"""rms"""
comparator,flat,road_runner,agent.rewhead.output,"""symexp_twohot"""
comparator,flat,road_runner,agent.rewhead.outscale,0.0
comparator,flat,road_runner,agent.rewhead.units,256
comparator,flat,road_runner,agent.rewhead.winit,"""trunc_normal_in"""
comparator,flat,road_runner,agent.slowhtp.every,1
comparator,flat,road_runner,agent.slowhtp.rate,0.02
comparator,flat,road_runner,agent.slowvalue.every,1
comparator,flat,road_runner,agent.slowvalue.rate,0.02
comparator,flat,road_runner,agent.valnorm.impl,"""none"""
comparator,flat,road_runner,agent.valnorm.limit,1e-08
comparator,flat,road_runner,agent.valnorm.rate,0.01
comparator,flat,road_runner,agent.value.act,"""silu"""
comparator,flat,road_runner,agent.value.bins,255
comparator,flat,road_runner,agent.value.layers,3
comparator,flat,road_runner,agent.value.norm,"""rms"""
comparator,flat,road_runner,agent.value.output,"""symexp_twohot"""
comparator,flat,road_runner,agent.value.outscale,0.0
comparator,flat,road_runner,agent.value.units,256
comparator,flat,road_runner,agent.value.winit,"""trunc_normal_in"""
comparator,flat,road_runner,batch_length,64
comparator,flat,road_runner,batch_size,16
comparator,flat,road_runner,clock_addr,""""""
comparator,flat,road_runner,clock_port,""""""
comparator,flat,road_runner,consec_report,1
comparator,flat,road_runner,consec_train,1
comparator,flat,road_runner,env.atari.actions,"""all"""
comparator,flat,road_runner,env.atari.aggregate,"""max"""
comparator,flat,road_runner,env.atari.autostart,false
comparator,flat,road_runner,env.atari.clip_reward,false
comparator,flat,road_runner,env.atari.gray,true
comparator,flat,road_runner,env.atari.lives,"""unused"""
comparator,flat,road_runner,env.atari.noops,30
comparator,flat,road_runner,env.atari.pooling,2
comparator,flat,road_runner,env.atari.repeat,4
comparator,flat,road_runner,env.atari.resize,"""pillow"""
comparator,flat,road_runner,env.atari.size,"[96, 96]"
comparator,flat,road_runner,env.atari.sticky,true
comparator,flat,road_runner,env.atari100k.actions,"""needed"""
comparator,flat,road_runner,env.atari100k.autostart,false
comparator,flat,road_runner,env.atari100k.clip_reward,false
comparator,flat,road_runner,env.atari100k.gray,false
comparator,flat,road_runner,env.atari100k.lives,"""unused"""
comparator,flat,road_runner,env.atari100k.noops,30
comparator,flat,road_runner,env.atari100k.repeat,4
comparator,flat,road_runner,env.atari100k.resize,"""pillow"""
comparator,flat,road_runner,env.atari100k.size,"[64, 64]"
comparator,flat,road_runner,env.atari100k.sticky,false
comparator,flat,road_runner,env.atari100k.use_seed,true
comparator,flat,road_runner,env.crafter.logs,false
comparator,flat,road_runner,env.crafter.size,"[64, 64]"
comparator,flat,road_runner,env.dmc.camera,-1
comparator,flat,road_runner,env.dmc.image,true
comparator,flat,road_runner,env.dmc.proprio,true
comparator,flat,road_runner,env.dmc.repeat,1
comparator,flat,road_runner,env.dmc.size,"[64, 64]"
comparator,flat,road_runner,env.dmlab.episodic,true
comparator,flat,road_runner,env.dmlab.repeat,4
comparator,flat,road_runner,env.dmlab.size,"[64, 64]"
comparator,flat,road_runner,env.dmlab.use_seed,true
comparator,flat,road_runner,env.loconav.camera,-1
comparator,flat,road_runner,env.loconav.repeat,1
comparator,flat,road_runner,env.loconav.size,"[64, 64]"
comparator,flat,road_runner,env.minecraft.break_speed,100.0
comparator,flat,road_runner,env.minecraft.length,36000
comparator,flat,road_runner,env.minecraft.logs,false
comparator,flat,road_runner,env.minecraft.size,"[64, 64]"
comparator,flat,road_runner,env.procgen.resize,"""pillow"""
comparator,flat,road_runner,env.procgen.size,"[96, 96]"
comparator,flat,road_runner,errfile,false
comparator,flat,road_runner,ipv6,false
comparator,flat,road_runner,jax.compute_dtype,"""bfloat16"""
comparator,flat,road_runner,jax.coordinator_address,""""""
comparator,flat,road_runner,jax.debug,false
comparator,flat,road_runner,jax.deterministic,true
comparator,flat,road_runner,jax.enable_policy,true
comparator,flat,road_runner,jax.expect_devices,0
comparator,flat,road_runner,jax.jit,true
comparator,flat,road_runner,jax.mock_devices,0
comparator,flat,road_runner,jax.platform,"""cuda"""
comparator,flat,road_runner,jax.policy_devices,[0]
comparator,flat,road_runner,jax.prealloc,false
comparator,flat,road_runner,jax.precompile,true
comparator,flat,road_runner,jax.train_devices,[0]
comparator,flat,road_runner,logger.filter,""".*"""
comparator,flat,road_runner,logger.fps,15
comparator,flat,road_runner,logger.outputs,"[""jsonl""]"
comparator,flat,road_runner,logger.timer,true
comparator,flat,road_runner,logger.user,""""""
comparator,flat,road_runner,logger.wandb_media,false
comparator,flat,road_runner,method,"""name"""
comparator,flat,road_runner,random_agent,false
comparator,flat,road_runner,replay.chunksize,1024
comparator,flat,road_runner,replay.fracs.priority,0.0
comparator,flat,road_runner,replay.fracs.recency,0.0
comparator,flat,road_runner,replay.fracs.uniform,1.0
comparator,flat,road_runner,replay.online,true
comparator,flat,road_runner,replay.prio.exponent,0.8
comparator,flat,road_runner,replay.prio.initial,"""inf"""
comparator,flat,road_runner,replay.prio.maxfrac,0.5
comparator,flat,road_runner,replay.prio.zero_on_sample,true
comparator,flat,road_runner,replay.priosignal,"""model"""
comparator,flat,road_runner,replay.recexp,1.0
comparator,flat,road_runner,replay.size,5000000.0
comparator,flat,road_runner,replay_context,1
comparator,flat,road_runner,replica,0
comparator,flat,road_runner,replicas,1
comparator,flat,road_runner,report_length,32
comparator,flat,road_runner,run.action_milestones,"[10000, 20000, 30000, 40000, 50000, 60000, 70000, 80000, 90000, 100000]"
comparator,flat,road_runner,run.actor_addr,"""localhost:{auto}"""
comparator,flat,road_runner,run.actor_batch,-1
comparator,flat,road_runner,run.actor_threads,1
comparator,flat,road_runner,run.agent_process,false
comparator,flat,road_runner,run.debug,true
comparator,flat,road_runner,run.duration,0
comparator,flat,road_runner,run.envs,1
comparator,flat,road_runner,run.episode_timeout,180
comparator,flat,road_runner,run.eval_envs,4
comparator,flat,road_runner,run.eval_eps,1
comparator,flat,road_runner,run.exact_env_action_budget,true
comparator,flat,road_runner,run.from_checkpoint_regex,""".*"""
comparator,flat,road_runner,run.log_every,30
comparator,flat,road_runner,run.log_policy_video,false
comparator,flat,road_runner,run.logger_addr,"""localhost:{auto}"""
comparator,flat,road_runner,run.remote_envs,false
comparator,flat,road_runner,run.remote_replay,false
comparator,flat,road_runner,run.replay_addr,"""localhost:{auto}"""
comparator,flat,road_runner,run.report_batches,1
comparator,flat,road_runner,run.report_every,300
comparator,flat,road_runner,run.save_every,10000
comparator,flat,road_runner,run.steps,100000.0
comparator,flat,road_runner,run.train_ratio,256.0
comparator,flat,road_runner,run.usage.gc,false
comparator,flat,road_runner,run.usage.gputil,false
comparator,flat,road_runner,run.usage.malloc,false
comparator,flat,road_runner,run.usage.nvsmi,true
comparator,flat,road_runner,run.usage.psutil,true
comparator,flat,road_runner,script,"""train"""
comparator,flat,road_runner,seed,0
comparator,flat,road_runner,task,"""atari100k_road_runner"""
