method,game,bin,mean,std,seeds,sem,agent_steps,source_note
DreamerV3,alien,0.0,227.2619047619048,64.53446142967447,5,28.86068852961808,2500.0,n=5 seeds; training episodes
DreamerV3,alien,1.0,198.82142857142856,35.554239607698456,5,15.90033933022584,7500.0,n=5 seeds; training episodes
DreamerV3,alien,2.0,207.6111111111112,25.926765032717213,5,11.59480180996405,12500.0,n=5 seeds; training episodes
DreamerV3,alien,3.0,307.33333333333337,86.98677750024163,5,38.9016695268379,17500.0,n=5 seeds; training episodes
DreamerV3,alien,4.0,315.35555555555555,53.11795850211206,5,23.75507320734709,22500.0,n=5 seeds; training episodes
DreamerV3,alien,5.0,436.2714285714286,74.94944554668236,5,33.51841102366013,27500.0,n=5 seeds; training episodes
DreamerV3,alien,6.0,438.15,120.09665378352555,5,53.70885634604409,32500.0,n=5 seeds; training episodes
DreamerV3,alien,7.0,483.5277777777777,84.80207985016393,5,37.92464303566634,37500.0,n=5 seeds; training episodes
DreamerV3,alien,8.0,556.2142857142857,150.34300705522745,5,67.23543674344381,42500.0,n=5 seeds; training episodes
DreamerV3,alien,9.0,496.7222222222223,59.492581755632536,5,26.605891392511623,47500.0,n=5 seeds; training episodes
DreamerV3,alien,10.0,576.5357142857143,86.30152261763665,5,38.59521422695423,52500.0,n=5 seeds; training episodes
DreamerV3,alien,11.0,548.1731601731601,68.12330616509128,5,30.46566868743492,57500.0,n=5 seeds; training episodes
DreamerV3,alien,12.0,603.7460317460317,67.98846477828083,5,30.405365786017217,62500.0,n=5 seeds; training episodes
DreamerV3,alien,13.0,691.1428571428571,206.3368555522345,5,92.27664705567028,67500.0,n=5 seeds; training episodes
DreamerV3,alien,14.0,628.3571428571429,95.699001903988,5,42.79789472723979,72500.0,n=5 seeds; training episodes
DreamerV3,alien,15.0,739.5285714285714,249.6212212165317,5,111.63400385333551,77500.0,n=5 seeds; training episodes
DreamerV3,alien,16.0,784.0952380952381,340.71347043262074,5,152.37169614744093,82500.0,n=5 seeds; training episodes
DreamerV3,alien,17.0,796.3690476190476,225.30302880842376,5,100.7585775904458,87500.0,n=5 seeds; training episodes
DreamerV3,alien,18.0,680.9166666666667,128.82697267610106,5,57.61317364785399,92500.0,n=5 seeds; training episodes
DreamerV3,alien,19.0,819.5952380952382,130.19629127989222,5,58.22555154404042,97500.0,n=5 seeds; training episodes
DreamerV3,amidar,0.0,2.925,1.245617316835311,5,0.5570569988789297,2500.0,n=5 seeds; training episodes
DreamerV3,amidar,1.0,2.3916666666666666,1.1960744691709078,5,0.5349007638436253,7500.0,n=5 seeds; training episodes
DreamerV3,amidar,2.0,18.58888888888889,13.504052461034442,5,6.039195854919268,12500.0,n=5 seeds; training episodes
DreamerV3,amidar,3.0,34.871428571428574,9.413732912449705,5,4.209949342852922,17500.0,n=5 seeds; training episodes
DreamerV3,amidar,4.0,36.72055555555556,8.933404936832995,5,3.995140141858158,22500.0,n=5 seeds; training episodes
DreamerV3,amidar,5.0,46.87857142857143,16.39557244863281,5,7.332322905033127,27500.0,n=5 seeds; training episodes
DreamerV3,amidar,6.0,50.44285714285714,9.306624807421992,5,4.1620491420962935,32500.0,n=5 seeds; training episodes
DreamerV3,amidar,7.0,68.74047619047619,47.305706129099946,5,21.155754925659185,37500.0,n=5 seeds; training episodes
DreamerV3,amidar,8.0,65.04698412698413,27.178238950704245,5,12.154477960501447,42500.0,n=5 seeds; training episodes
DreamerV3,amidar,9.0,71.92857142857142,27.9611468544902,5,12.504605019098902,47500.0,n=5 seeds; training episodes
DreamerV3,amidar,10.0,77.44269841269842,31.925823529458725,5,14.277662329906391,52500.0,n=5 seeds; training episodes
DreamerV3,amidar,11.0,80.52261904761905,15.1890372415194,5,6.792743956962653,57500.0,n=5 seeds; training episodes
DreamerV3,amidar,12.0,94.81666666666666,29.39837427005483,5,13.147352659164673,62500.0,n=5 seeds; training episodes
DreamerV3,amidar,13.0,87.38888888888889,29.04640469315243,5,12.98994707917155,67500.0,n=5 seeds; training episodes
DreamerV3,amidar,14.0,96.4126984126984,32.94837852638983,5,14.734962826680402,72500.0,n=5 seeds; training episodes
DreamerV3,amidar,15.0,101.0142857142857,31.231409890026107,5,13.96711110945152,77500.0,n=5 seeds; training episodes
DreamerV3,amidar,16.0,107.74357142857144,29.84664720684378,5,13.347826410991384,82500.0,n=5 seeds; training episodes
DreamerV3,amidar,17.0,108.84285714285716,28.618570236094552,5,12.798613693351925,87500.0,n=5 seeds; training episodes
DreamerV3,amidar,18.0,110.55714285714284,33.823989192553256,5,15.12654782095346,92500.0,n=5 seeds; training episodes
DreamerV3,amidar,19.0,107.0968253968254,23.36149930517817,5,10.4475801005385,97500.0,n=5 seeds; training episodes
DreamerV3,assault,0.0,243.75,25.06311477494811,5,11.208565672932664,2500.0,n=5 seeds; training episodes
DreamerV3,assault,1.0,241.275,42.06156202520301,5,18.81050238563553,7500.0,n=5 seeds; training episodes
DreamerV3,assault,2.0,413.945,53.97574223667516,5,24.13868575544244,12500.0,n=5 seeds; training episodes
DreamerV3,assault,3.0,421.505,62.66827945619698,5,28.026106579402,17500.0,n=5 seeds; training episodes
DreamerV3,assault,4.0,472.79,59.097466104732455,5,26.429190301634293,22500.0,n=5 seeds; training episodes
DreamerV3,assault,5.0,452.6233333333333,136.78145362422333,5,61.17052567299967,27500.0,n=5 seeds; training episodes
DreamerV3,assault,6.0,458.38,101.77562085293312,5,45.51544133588072,32500.0,n=5 seeds; training episodes
DreamerV3,assault,7.0,464.625,116.45181675268104,5,52.07883567246871,37500.0,n=5 seeds; training episodes
DreamerV3,assault,8.0,474.09,69.55575461455365,5,31.10627910888733,42500.0,n=5 seeds; training episodes
DreamerV3,assault,9.0,535.76,86.60939902805008,5,38.73290074342484,47500.0,n=5 seeds; training episodes
DreamerV3,assault,10.0,575.0266666666666,20.14642786092752,5,9.00975644016592,52500.0,n=5 seeds; training episodes
DreamerV3,assault,11.0,517.8,31.464265445104537,5,14.071247279470285,57500.0,n=5 seeds; training episodes
DreamerV3,assault,12.0,590.13,33.72012752051807,5,15.080099469167967,62500.0,n=5 seeds; training episodes
DreamerV3,assault,13.0,608.96,49.4419659803289,5,22.11111937464949,67500.0,n=5 seeds; training episodes
DreamerV3,assault,14.0,584.2,89.4739068108686,5,40.01394756831672,72500.0,n=5 seeds; training episodes
DreamerV3,assault,15.0,606.6566666666666,52.96481221842794,5,23.68658410718326,77500.0,n=5 seeds; training episodes
DreamerV3,assault,16.0,641.98,60.744810477932994,5,27.16590510179993,82500.0,n=5 seeds; training episodes
DreamerV3,assault,17.0,607.11,72.34492380257237,5,32.35363348991888,87500.0,n=5 seeds; training episodes
DreamerV3,assault,18.0,608.0457142857142,88.24482027928012,5,39.464283361344464,92500.0,n=5 seeds; training episodes
DreamerV3,assault,19.0,617.24,66.15400970462787,5,29.58497253674573,97500.0,n=5 seeds; training episodes
DreamerV3,asterix,0.0,256.11111111111114,23.114425780216568,5,10.337085461087572,2500.0,n=5 seeds; training episodes
DreamerV3,asterix,1.0,271.5535161432994,56.26660783286618,5,25.16319199552218,7500.0,n=5 seeds; training episodes
DreamerV3,asterix,2.0,272.5238095238095,122.67931944505207,5,54.86385954250965,12500.0,n=5 seeds; training episodes
DreamerV3,asterix,3.0,346.8333333333333,132.1866709325196,5,59.11567638490187,17500.0,n=5 seeds; training episodes
DreamerV3,asterix,4.0,317.88461538461536,61.19461899399206,5,27.36706558555321,22500.0,n=5 seeds; training episodes
DreamerV3,asterix,5.0,311.5360918321445,54.903698553288905,5,24.55368043626217,27500.0,n=5 seeds; training episodes
DreamerV3,asterix,6.0,331.69504643962847,48.14323924413379,5,21.530311121383747,32500.0,n=5 seeds; training episodes
DreamerV3,asterix,7.0,327.5910364145658,60.15086177302402,5,26.900283165935043,37500.0,n=5 seeds; training episodes
DreamerV3,asterix,8.0,347.48294189470664,48.51021694661862,5,21.694428539180304,42500.0,n=5 seeds; training episodes
DreamerV3,asterix,9.0,382.5544871794872,80.53105750248642,5,36.01458377510081,47500.0,n=5 seeds; training episodes
DreamerV3,asterix,10.0,355.81944444444446,129.84638953988366,5,58.0690707288195,52500.0,n=5 seeds; training episodes
DreamerV3,asterix,11.0,382.7871148459384,96.02526274648902,5,42.94380301168552,57500.0,n=5 seeds; training episodes
DreamerV3,asterix,12.0,403.0192307692308,53.91570790144683,5,24.11183758453153,62500.0,n=5 seeds; training episodes
DreamerV3,asterix,13.0,458.9972527472528,100.97651174757006,5,45.15806887967455,67500.0,n=5 seeds; training episodes
DreamerV3,asterix,14.0,477.7863247863248,100.34728873621732,5,44.876671794396174,72500.0,n=5 seeds; training episodes
DreamerV3,asterix,15.0,477.6923076923077,93.4460061484104,5,41.79032439474179,77500.0,n=5 seeds; training episodes
DreamerV3,asterix,16.0,473.1859317153435,120.190683187547,5,53.750907573899234,82500.0,n=5 seeds; training episodes
DreamerV3,asterix,17.0,534.5904095904095,54.09155116364763,5,24.19047708206479,87500.0,n=5 seeds; training episodes
DreamerV3,asterix,18.0,480.4509461127108,75.71860057905094,5,33.86238761118257,92500.0,n=5 seeds; training episodes
DreamerV3,asterix,19.0,595.5811403508771,172.17048695824428,5,76.99698251157504,97500.0,n=5 seeds; training episodes
DreamerV3,bank_heist,0.0,16.0,1.685083432011456,5,0.7535922203472522,2500.0,n=5 seeds; training episodes
DreamerV3,bank_heist,1.0,16.244444444444447,4.176950272656702,5,1.8679889496593327,7500.0,n=5 seeds; training episodes
DreamerV3,bank_heist,2.0,13.476190476190476,1.9985290792794643,5,0.8937693752557898,12500.0,n=5 seeds; training episodes
DreamerV3,bank_heist,3.0,11.952380952380953,4.186686598158716,5,1.8723431667940469,17500.0,n=5 seeds; training episodes
DreamerV3,bank_heist,4.0,17.626984126984127,5.034399180347132,5,2.2514517586250817,22500.0,n=5 seeds; training episodes
DreamerV3,bank_heist,5.0,15.678571428571429,4.719228409395475,5,2.110503104951298,27500.0,n=5 seeds; training episodes
DreamerV3,bank_heist,6.0,16.91111111111111,5.6498729910339405,5,2.52670001443839,32500.0,n=5 seeds; training episodes
DreamerV3,bank_heist,7.0,22.0,14.103412707568337,5,6.307237905771432,37500.0,n=5 seeds; training episodes
DreamerV3,bank_heist,8.0,30.416666666666668,15.425422938756205,5,6.898458854548689,42500.0,n=5 seeds; training episodes
DreamerV3,bank_heist,9.0,26.49206349206349,11.086196556719996,5,4.957897822550002,47500.0,n=5 seeds; training episodes
DreamerV3,bank_heist,10.0,31.58333333333333,13.367144629858522,5,5.977968811486984,52500.0,n=5 seeds; training episodes
DreamerV3,bank_heist,11.0,32.46428571428571,13.6769861073115,5,6.11653413265375,57500.0,n=5 seeds; training episodes
DreamerV3,bank_heist,12.0,38.285714285714285,12.342502681748933,5,5.519735001772813,62500.0,n=5 seeds; training episodes
DreamerV3,bank_heist,13.0,46.58730158730159,21.484183422094148,5,9.608018914575316,67500.0,n=5 seeds; training episodes
DreamerV3,bank_heist,14.0,46.42857142857143,17.85223146744818,5,7.983760622254991,72500.0,n=5 seeds; training episodes
DreamerV3,bank_heist,15.0,43.892857142857146,11.420477044255522,5,5.107392601286244,77500.0,n=5 seeds; training episodes
DreamerV3,bank_heist,16.0,43.41666666666667,9.130610908124142,5,4.083333333333333,82500.0,n=5 seeds; training episodes
DreamerV3,bank_heist,17.0,40.3952380952381,10.465709042374398,5,4.680407370296676,87500.0,n=5 seeds; training episodes
DreamerV3,bank_heist,18.0,47.55555555555556,17.217909406225473,5,7.70008317255064,92500.0,n=5 seeds; training episodes
DreamerV3,bank_heist,19.0,40.44444444444444,12.237364357562992,5,5.472715713788778,97500.0,n=5 seeds; training episodes
DreamerV3,battle_zone,0.0,1653.3333333333333,707.7350414448113,5,316.50873254584576,2500.0,n=5 seeds; training episodes
DreamerV3,battle_zone,1.0,1996.6666666666667,794.2851433137151,5,355.2151147935259,7500.0,n=5 seeds; training episodes
DreamerV3,battle_zone,2.0,4110.0,2951.355620727533,5,1319.88635874457,12500.0,n=5 seeds; training episodes
DreamerV3,battle_zone,3.0,3020.0,1661.216087355552,5,742.9184193286486,17500.0,n=5 seeds; training episodes
DreamerV3,battle_zone,4.0,2783.333333333333,2039.199189224372,5,911.95760135363,22500.0,n=5 seeds; training episodes
DreamerV3,battle_zone,5.0,3046.666666666667,937.8906593462208,5,419.4374539520496,27500.0,n=5 seeds; training episodes
DreamerV3,battle_zone,6.0,3700.0,1519.091468243071,5,679.3583574062939,32500.0,n=5 seeds; training episodes
DreamerV3,battle_zone,7.0,3050.0,971.1104754638144,5,434.293807359846,37500.0,n=5 seeds; training episodes
DreamerV3,battle_zone,8.0,2720.0,977.6957036260764,5,437.23881092347887,42500.0,n=5 seeds; training episodes
DreamerV3,battle_zone,9.0,2966.666666666667,681.093891390085,5,304.59444804161774,47500.0,n=5 seeds; training episodes
DreamerV3,battle_zone,10.0,4356.666666666667,2141.507776207118,5,957.7113923887044,52500.0,n=5 seeds; training episodes
DreamerV3,battle_zone,11.0,4893.333333333334,2043.6079206475324,5,913.9292459849756,57500.0,n=5 seeds; training episodes
DreamerV3,battle_zone,12.0,5066.666666666666,3012.935076927111,5,1347.4255287605156,62500.0,n=5 seeds; training episodes
DreamerV3,battle_zone,13.0,4493.333333333333,2447.493048452277,5,1094.5521661594955,67500.0,n=5 seeds; training episodes
DreamerV3,battle_zone,14.0,3916.6666666666665,1419.1155304938666,5,634.6477588219923,72500.0,n=5 seeds; training episodes
DreamerV3,battle_zone,15.0,5000.0,2365.1109910530627,5,1057.7097900653089,77500.0,n=5 seeds; training episodes
DreamerV3,battle_zone,16.0,6696.666666666667,2793.156318973613,5,1249.1374802016169,82500.0,n=5 seeds; training episodes
DreamerV3,battle_zone,17.0,8416.666666666668,1806.623615723233,5,807.9466429027214,87500.0,n=5 seeds; training episodes
DreamerV3,battle_zone,18.0,9816.666666666666,3447.221103052912,5,1541.6441439796238,92500.0,n=5 seeds; training episodes
DreamerV3,battle_zone,19.0,10866.666666666668,1192.569587999888,5,533.3333333333334,97500.0,n=5 seeds; training episodes
DreamerV3,boxing,0.0,-3.0,8.551315688243536,5,3.824264635194589,2500.0,n=5 seeds; training episodes
DreamerV3,boxing,1.0,-5.7333333333333325,9.65343922593854,5,4.317149265172305,7500.0,n=5 seeds; training episodes
DreamerV3,boxing,2.0,3.666666666666667,10.69527413808963,5,4.783072002152776,12500.0,n=5 seeds; training episodes
DreamerV3,boxing,3.0,14.866666666666664,16.91252001723378,5,7.56350888587213,17500.0,n=5 seeds; training episodes
DreamerV3,boxing,4.0,25.0,13.258121200900897,5,5.92921205182911,22500.0,n=5 seeds; training episodes
DreamerV3,boxing,5.0,36.2,20.550547437963782,5,9.190484209224232,27500.0,n=5 seeds; training episodes
DreamerV3,boxing,6.0,33.11666666666666,21.266464210112595,5,9.510651922975626,32500.0,n=5 seeds; training episodes
DreamerV3,boxing,7.0,37.3,12.356060141575156,5,5.525798082127544,37500.0,n=5 seeds; training episodes
DreamerV3,boxing,8.0,44.333333333333336,11.135528725660045,5,4.979959839195493,42500.0,n=5 seeds; training episodes
DreamerV3,boxing,9.0,50.04666666666667,6.6482913427269255,5,2.9732062753121515,47500.0,n=5 seeds; training episodes
DreamerV3,boxing,10.0,57.57666666666667,10.92475273048421,5,4.8856979485478265,52500.0,n=5 seeds; training episodes
DreamerV3,boxing,11.0,61.51666666666667,7.998784629901943,5,3.577165233968248,57500.0,n=5 seeds; training episodes
DreamerV3,boxing,12.0,61.3,6.788879796320514,5,3.036079343129519,62500.0,n=5 seeds; training episodes
DreamerV3,boxing,13.0,62.82333333333334,6.300811235247585,5,2.817808447081604,67500.0,n=5 seeds; training episodes
DreamerV3,boxing,14.0,65.37666666666667,13.149501469215055,5,5.880635831079645,72500.0,n=5 seeds; training episodes
DreamerV3,boxing,15.0,64.33333333333334,12.51929067035704,5,5.598796993799451,77500.0,n=5 seeds; training episodes
DreamerV3,boxing,16.0,70.06031746031746,9.096757401013834,5,4.068193584698249,82500.0,n=5 seeds; training episodes
DreamerV3,boxing,17.0,70.32833333333333,13.189541837717066,5,5.898542428242571,87500.0,n=5 seeds; training episodes
DreamerV3,boxing,18.0,71.07111111111111,8.910631741054692,5,3.984955659093119,92500.0,n=5 seeds; training episodes
DreamerV3,boxing,19.0,70.84507936507937,7.109603156441014,5,3.179511190169836,97500.0,n=5 seeds; training episodes
DreamerV3,breakout,0.0,1.445872166480862,0.2835807343639294,5,0.1268211598294113,2500.0,n=5 seeds; training episodes
DreamerV3,breakout,1.0,1.5327316017316015,0.4120732322965456,5,0.1842847518246275,7500.0,n=5 seeds; training episodes
DreamerV3,breakout,2.0,1.522222222222222,0.7517058789147932,5,0.3361730888679407,12500.0,n=5 seeds; training episodes
DreamerV3,breakout,3.0,2.260553613053613,0.6801894659528644,5,0.3041899766899767,17500.0,n=5 seeds; training episodes
DreamerV3,breakout,4.0,2.912150072150072,1.0137877185553574,5,0.4533796506888408,22500.0,n=5 seeds; training episodes
DreamerV3,breakout,5.0,3.254212454212454,1.0767021137720392,5,0.4815158235823984,27500.0,n=5 seeds; training episodes
DreamerV3,breakout,6.0,3.5025563909774435,1.0999429008867452,5,0.4919094195502151,32500.0,n=5 seeds; training episodes
DreamerV3,breakout,7.0,3.91340965536012,2.379813483543685,5,1.0642849445948512,37500.0,n=5 seeds; training episodes
DreamerV3,breakout,8.0,4.0992489373371725,1.4137047170378263,5,0.6322279694817369,42500.0,n=5 seeds; training episodes
DreamerV3,breakout,9.0,5.111210407239819,1.124514337441586,5,0.5028981000385047,47500.0,n=5 seeds; training episodes
DreamerV3,breakout,10.0,5.248149644473174,1.4470402946803802,5,0.6471360930173314,52500.0,n=5 seeds; training episodes
DreamerV3,breakout,11.0,5.647420634920635,1.073662885639857,5,0.4801566394418604,57500.0,n=5 seeds; training episodes
DreamerV3,breakout,12.0,6.1573717948717945,1.6042908965959768,5,0.717460700094538,62500.0,n=5 seeds; training episodes
DreamerV3,breakout,13.0,5.711288515406162,1.081111658898755,5,0.4834878321130363,67500.0,n=5 seeds; training episodes
DreamerV3,breakout,14.0,6.420594111770582,0.7206551222024361,5,0.322286768315613,72500.0,n=5 seeds; training episodes
DreamerV3,breakout,15.0,6.781904761904762,1.812032721844176,5,0.810365668699509,77500.0,n=5 seeds; training episodes
DreamerV3,breakout,16.0,6.808928571428572,1.949902699037643,5,0.8720229969116966,82500.0,n=5 seeds; training episodes
DreamerV3,breakout,17.0,6.843974358974359,2.109351614609699,5,0.943330719743245,87500.0,n=5 seeds; training episodes
DreamerV3,breakout,18.0,6.8581684981684985,1.8022407489150107,5,0.8059865652788188,92500.0,n=5 seeds; training episodes
DreamerV3,breakout,19.0,7.26025641025641,1.7692748972571877,5,0.7912437882302055,97500.0,n=5 seeds; training episodes
DreamerV3,chopper_command,0.0,971.6666666666669,110.17662587358942,5,49.27248499698162,2500.0,n=5 seeds; training episodes
DreamerV3,chopper_command,1.0,792.5,223.18714120665643,5,99.81232388838563,7500.0,n=5 seeds; training episodes
DreamerV3,chopper_command,2.0,616.0714285714287,61.39326227739674,5,27.45590156254653,12500.0,n=5 seeds; training episodes
DreamerV3,chopper_command,3.0,654.0,138.7511261215562,5,62.05138999248928,17500.0,n=5 seeds; training episodes
DreamerV3,chopper_command,4.0,708.452380952381,45.23496229752996,5,20.22969013138341,22500.0,n=5 seeds; training episodes
DreamerV3,chopper_command,5.0,638.952380952381,105.48043633290295,5,47.17228518734193,27500.0,n=5 seeds; training episodes
DreamerV3,chopper_command,6.0,789.3333333333334,202.4103024936121,5,90.52063914440237,32500.0,n=5 seeds; training episodes
DreamerV3,chopper_command,7.0,879.2380952380952,244.84934513708413,5,109.49995599456552,37500.0,n=5 seeds; training episodes
DreamerV3,chopper_command,8.0,866.1904761904761,214.84319019201445,5,96.08079555445208,42500.0,n=5 seeds; training episodes
DreamerV3,chopper_command,9.0,932.3809523809524,170.85850984217183,5,76.4102485082826,47500.0,n=5 seeds; training episodes
DreamerV3,chopper_command,10.0,1147.1825396825398,253.32284061494235,5,113.28941837367114,52500.0,n=5 seeds; training episodes
DreamerV3,chopper_command,11.0,1027.2222222222222,280.709528705694,5,125.53711762357204,57500.0,n=5 seeds; training episodes
DreamerV3,chopper_command,12.0,1047.6190476190477,141.02998185603272,5,63.07052525913022,62500.0,n=5 seeds; training episodes
DreamerV3,chopper_command,13.0,1253.7142857142858,366.20307737313055,5,163.770994915187,67500.0,n=5 seeds; training episodes
DreamerV3,chopper_command,14.0,1195.7936507936508,202.4267766359455,5,90.52800660482804,72500.0,n=5 seeds; training episodes
DreamerV3,chopper_command,15.0,1239.404761904762,336.5997483504246,5,150.53198370417442,77500.0,n=5 seeds; training episodes
DreamerV3,chopper_command,16.0,1154.753246753247,129.0064005179566,5,57.693416218143,82500.0,n=5 seeds; training episodes
DreamerV3,chopper_command,17.0,1310.3030303030305,94.66110638152507,5,42.33373373888584,87500.0,n=5 seeds; training episodes
DreamerV3,chopper_command,18.0,1270.6666666666663,178.9731513073648,5,80.0392264941246,92500.0,n=5 seeds; training episodes
DreamerV3,chopper_command,19.0,1383.3736263736264,323.4180181542949,5,144.63693474825288,97500.0,n=5 seeds; training episodes
DreamerV3,crazy_climber,0.0,9400.0,2388.514182499237,5,1068.1760154581266,2500.0,n=5 seeds; training episodes
DreamerV3,crazy_climber,1.0,6060.0,1745.8522274236157,5,780.7688518377254,7500.0,n=5 seeds; training episodes
DreamerV3,crazy_climber,2.0,13360.0,3207.491231476713,5,1434.4336861632887,12500.0,n=5 seeds; training episodes
DreamerV3,crazy_climber,3.0,24140.0,3884.971042363122,5,1737.4118682684311,17500.0,n=5 seeds; training episodes
DreamerV3,crazy_climber,4.0,25330.0,4535.912256646947,5,2028.521629167409,22500.0,n=5 seeds; training episodes
DreamerV3,crazy_climber,5.0,31090.0,12664.043588048802,5,5663.532466579492,27500.0,n=5 seeds; training episodes
DreamerV3,crazy_climber,6.0,44990.0,16657.2206565201,5,7449.335540838524,32500.0,n=5 seeds; training episodes
DreamerV3,crazy_climber,7.0,39910.0,17843.500217165914,5,7979.855888423049,37500.0,n=5 seeds; training episodes
DreamerV3,crazy_climber,8.0,57910.0,18022.291752160712,5,8059.813893633029,42500.0,n=5 seeds; training episodes
DreamerV3,crazy_climber,9.0,59930.0,18515.925577729027,5,8280.573651625833,47500.0,n=5 seeds; training episodes
DreamerV3,crazy_climber,10.0,74210.0,24380.38145722909,5,10903.238051147924,52500.0,n=5 seeds; training episodes
DreamerV3,crazy_climber,11.0,56990.0,24897.776005097327,5,11134.623927192151,57500.0,n=5 seeds; training episodes
DreamerV3,crazy_climber,12.0,74860.0,35241.49542797524,5,15760.475881140135,62500.0,n=5 seeds; training episodes
DreamerV3,crazy_climber,13.0,77490.0,15092.647216442849,5,6749.637027277838,67500.0,n=5 seeds; training episodes
DreamerV3,crazy_climber,14.0,68750.0,19917.07809895819,5,8907.188108488559,72500.0,n=5 seeds; training episodes
DreamerV3,crazy_climber,15.0,74860.0,21763.110990848712,5,9732.759115482104,77500.0,n=5 seeds; training episodes
DreamerV3,crazy_climber,16.0,56400.0,17248.913009230466,5,7713.948405323956,82500.0,n=5 seeds; training episodes
DreamerV3,crazy_climber,17.0,75270.0,22939.80165563774,5,10258.99117847364,87500.0,n=5 seeds; training episodes
DreamerV3,crazy_climber,18.0,55710.0,24573.395166317576,5,10989.55640597017,92500.0,n=5 seeds; training episodes
DreamerV3,crazy_climber,19.0,61416.66666666667,17273.719602010704,5,7725.042250873309,97500.0,n=5 seeds; training episodes
DreamerV3,demon_attack,0.0,136.98333333333332,6.390205178413468,5,2.857786633820737,2500.0,n=5 seeds; training episodes
DreamerV3,demon_attack,1.0,120.625,15.326311798124602,4,7.663155899062301,7500.0,n=5 seeds; training episodes
DreamerV3,demon_attack,2.0,222.55,94.1956739983318,5,42.12558604933586,12500.0,n=5 seeds; training episodes
DreamerV3,demon_attack,3.0,354.25,338.1586166283509,5,151.22913079165667,17500.0,n=5 seeds; training episodes
DreamerV3,demon_attack,4.0,294.33333333333337,225.0944246310868,5,100.6652869662626,22500.0,n=5 seeds; training episodes
DreamerV3,demon_attack,5.0,361.9333333333333,162.59892715239886,5,72.71645083626002,27500.0,n=5 seeds; training episodes
DreamerV3,demon_attack,6.0,379.26666666666665,200.0542148740908,5,89.46696472876332,32500.0,n=5 seeds; training episodes
DreamerV3,demon_attack,7.0,234.53333333333336,45.90632823720737,5,20.529934107162752,37500.0,n=5 seeds; training episodes
DreamerV3,demon_attack,8.0,272.9666666666667,43.50804523303708,5,19.45738934184132,42500.0,n=5 seeds; training episodes
DreamerV3,demon_attack,9.0,351.91666666666663,138.1730999708538,5,61.792888839340655,47500.0,n=5 seeds; training episodes
DreamerV3,demon_attack,10.0,263.96666666666664,63.4566398329512,5,28.37867205803996,52500.0,n=5 seeds; training episodes
DreamerV3,demon_attack,11.0,180.3440476190476,47.182712304609,5,21.100750415184297,57500.0,n=5 seeds; training episodes
DreamerV3,demon_attack,12.0,228.85,46.84135459185612,5,20.94809060511244,62500.0,n=5 seeds; training episodes
DreamerV3,demon_attack,13.0,390.225,319.4508031371967,5,142.86274225633497,67500.0,n=5 seeds; training episodes
DreamerV3,demon_attack,14.0,274.34761904761905,74.50413478306584,5,33.31926199594835,72500.0,n=5 seeds; training episodes
DreamerV3,demon_attack,15.0,224.1,58.36327802841632,5,26.10085141225176,77500.0,n=5 seeds; training episodes
DreamerV3,demon_attack,16.0,246.65714285714284,116.13299905447958,5,51.93625606334703,82500.0,n=5 seeds; training episodes
DreamerV3,demon_attack,17.0,298.2333333333333,156.07857707649126,5,69.80046163489497,87500.0,n=5 seeds; training episodes
DreamerV3,demon_attack,18.0,248.34761904761905,39.56761628533365,5,17.69517594432675,92500.0,n=5 seeds; training episodes
DreamerV3,demon_attack,19.0,241.1,59.70885380094163,5,26.70261119150044,97500.0,n=5 seeds; training episodes
DreamerV3,freeway,0.0,0.0,0.0,5,0.0,2500.0,n=5 seeds; training episodes
DreamerV3,freeway,1.0,0.0,0.0,5,0.0,7500.0,n=5 seeds; training episodes
DreamerV3,freeway,2.0,0.0,0.0,5,0.0,12500.0,n=5 seeds; training episodes
DreamerV3,freeway,3.0,0.0,0.0,5,0.0,17500.0,n=5 seeds; training episodes
DreamerV3,freeway,4.0,0.0,0.0,5,0.0,22500.0,n=5 seeds; training episodes
DreamerV3,freeway,5.0,0.0,0.0,5,0.0,27500.0,n=5 seeds; training episodes
DreamerV3,freeway,6.0,0.0,0.0,5,0.0,32500.0,n=5 seeds; training episodes
DreamerV3,freeway,7.0,0.0,0.0,5,0.0,37500.0,n=5 seeds; training episodes
DreamerV3,freeway,8.0,0.0,0.0,5,0.0,42500.0,n=5 seeds; training episodes
DreamerV3,freeway,9.0,0.0,0.0,5,0.0,47500.0,n=5 seeds; training episodes
DreamerV3,freeway,10.0,0.0,0.0,5,0.0,52500.0,n=5 seeds; training episodes
DreamerV3,freeway,11.0,0.0,0.0,5,0.0,57500.0,n=5 seeds; training episodes
DreamerV3,freeway,12.0,0.0,0.0,5,0.0,62500.0,n=5 seeds; training episodes
DreamerV3,freeway,13.0,0.0,0.0,5,0.0,67500.0,n=5 seeds; training episodes
DreamerV3,freeway,14.0,0.0,0.0,5,0.0,72500.0,n=5 seeds; training episodes
DreamerV3,freeway,15.0,0.0,0.0,5,0.0,77500.0,n=5 seeds; training episodes
DreamerV3,freeway,16.0,0.0,0.0,5,0.0,82500.0,n=5 seeds; training episodes
DreamerV3,freeway,17.0,0.0,0.0,5,0.0,87500.0,n=5 seeds; training episodes
DreamerV3,freeway,18.0,0.0,0.0,5,0.0,92500.0,n=5 seeds; training episodes
DreamerV3,freeway,19.0,0.0,0.0,5,0.0,97500.0,n=5 seeds; training episodes
DreamerV3,frostbite,0.0,76.25641025641025,8.067072748022888,5,3.607704608803042,2500.0,n=5 seeds; training episodes
DreamerV3,frostbite,1.0,78.57948717948719,12.055394824670742,5,5.391336464712587,7500.0,n=5 seeds; training episodes
DreamerV3,frostbite,2.0,148.97902097902096,6.1831215423292205,5,2.765176016358296,12500.0,n=5 seeds; training episodes
DreamerV3,frostbite,3.0,156.58441558441558,44.59799700687428,5,19.94483059354061,17500.0,n=5 seeds; training episodes
DreamerV3,frostbite,4.0,269.0959595959596,97.40976009151036,5,43.562969047312656,22500.0,n=5 seeds; training episodes
DreamerV3,frostbite,5.0,470.4701298701299,335.20054821307764,5,149.90624237992745,27500.0,n=5 seeds; training episodes
DreamerV3,frostbite,6.0,713.5896103896105,627.7283755946779,5,280.72866384704395,32500.0,n=5 seeds; training episodes
DreamerV3,frostbite,7.0,892.4268398268399,811.1997486274945,5,362.7795562523639,37500.0,n=5 seeds; training episodes
DreamerV3,frostbite,8.0,890.6,648.7889691807438,5,290.14724762803183,42500.0,n=5 seeds; training episodes
DreamerV3,frostbite,9.0,1063.82683982684,800.5835659230859,5,358.0318550146408,47500.0,n=5 seeds; training episodes
DreamerV3,frostbite,10.0,906.6095238095238,657.6387418174427,5,294.10498626824705,52500.0,n=5 seeds; training episodes
DreamerV3,frostbite,11.0,1055.190476190476,716.4189652618418,5,320.3923013391077,57500.0,n=5 seeds; training episodes
DreamerV3,frostbite,12.0,1368.4,844.752343721059,5,377.7847329425111,62500.0,n=5 seeds; training episodes
DreamerV3,frostbite,13.0,1437.4,793.1609896834032,5,354.71237800661976,67500.0,n=5 seeds; training episodes
DreamerV3,frostbite,14.0,1521.7333333333331,804.6715479001355,5,359.8600561329362,72500.0,n=5 seeds; training episodes
DreamerV3,frostbite,15.0,1465.5619047619048,861.2507972870993,5,385.1630656819691,77500.0,n=5 seeds; training episodes
DreamerV3,frostbite,16.0,1715.9333333333332,1066.2373198412358,5,476.8358254624377,82500.0,n=5 seeds; training episodes
DreamerV3,frostbite,17.0,2037.9,1081.28698780666,5,483.5662415843356,87500.0,n=5 seeds; training episodes
DreamerV3,frostbite,18.0,2001.8666666666668,1013.2023106084106,5,453.1178482960525,92500.0,n=5 seeds; training episodes
DreamerV3,frostbite,19.0,1910.0666666666668,970.1481101128608,5,433.8634244910616,97500.0,n=5 seeds; training episodes
DreamerV3,gopher,0.0,288.6,95.706844060391,5,42.80140184620125,2500.0,n=5 seeds; training episodes
DreamerV3,gopher,1.0,404.33333333333337,103.42898798477898,5,46.25484959559496,7500.0,n=5 seeds; training episodes
DreamerV3,gopher,2.0,320.5333333333333,92.74385274627222,5,41.47631184717905,12500.0,n=5 seeds; training episodes
DreamerV3,gopher,3.0,283.3333333333333,75.82875444051548,5,33.91164991562633,17500.0,n=5 seeds; training episodes
DreamerV3,gopher,4.0,392.1333333333333,125.7196174915523,5,56.223522163276506,22500.0,n=5 seeds; training episodes
DreamerV3,gopher,5.0,506.6,128.4632243095276,5,57.45050043298144,27500.0,n=5 seeds; training episodes
DreamerV3,gopher,6.0,516.7333333333333,270.05867675171794,5,120.77391182609668,32500.0,n=5 seeds; training episodes
DreamerV3,gopher,7.0,448.0666666666666,173.26575605763017,5,77.4868017435514,37500.0,n=5 seeds; training episodes
DreamerV3,gopher,8.0,572.2,215.3420534870048,5,96.30389400226764,42500.0,n=5 seeds; training episodes
DreamerV3,gopher,9.0,640.9333333333333,211.87921087261017,5,94.75526370603376,47500.0,n=5 seeds; training episodes
DreamerV3,gopher,10.0,844.0,129.19945820319836,5,57.77975423969888,52500.0,n=5 seeds; training episodes
DreamerV3,gopher,11.0,824.0,56.0223169817172,5,25.0539418056321,57500.0,n=5 seeds; training episodes
DreamerV3,gopher,12.0,600.8666666666667,203.02813160304223,5,90.79694072183514,62500.0,n=5 seeds; training episodes
DreamerV3,gopher,13.0,799.8,135.57359624941722,5,60.63035543356148,67500.0,n=5 seeds; training episodes
DreamerV3,gopher,14.0,1091.8,558.8982018221208,5,249.94687435533177,72500.0,n=5 seeds; training episodes
DreamerV3,gopher,15.0,989.8,385.02298632679066,5,172.1875140653352,77500.0,n=5 seeds; training episodes
DreamerV3,gopher,16.0,974.2666666666668,258.90639664214984,5,115.78646054027406,82500.0,n=5 seeds; training episodes
DreamerV3,gopher,17.0,816.7333333333333,204.7071621175532,5,91.54782599518376,87500.0,n=5 seeds; training episodes
DreamerV3,gopher,18.0,1049.6666666666663,249.89275477470096,5,111.75543735218328,92500.0,n=5 seeds; training episodes
DreamerV3,gopher,19.0,1028.7333333333331,307.6518956367552,5,137.5861104100911,97500.0,n=5 seeds; training episodes
DreamerV3,hero,0.0,492.0595238095239,326.88791228729536,5,146.18871857947624,2500.0,n=5 seeds; training episodes
DreamerV3,hero,1.0,290.3333333333333,56.652213546601246,5,25.335640113206967,7500.0,n=5 seeds; training episodes
DreamerV3,hero,2.0,1562.5,816.4282304988942,5,365.1178044290789,12500.0,n=5 seeds; training episodes
DreamerV3,hero,3.0,2794.5238095238096,193.3472615496606,5,86.46752401769449,17500.0,n=5 seeds; training episodes
DreamerV3,hero,4.0,3275.925,390.30972877318857,5,174.55181716327104,22500.0,n=5 seeds; training episodes
DreamerV3,hero,5.0,3068.95,45.59884595103386,5,20.39242384841055,27500.0,n=5 seeds; training episodes
DreamerV3,hero,6.0,3114.1363636363635,378.4668690912989,5,169.25552930393167,32500.0,n=5 seeds; training episodes
DreamerV3,hero,7.0,3371.8416666666662,249.8373748839209,5,111.73067071210914,37500.0,n=5 seeds; training episodes
DreamerV3,hero,8.0,3285.075,539.3244715113412,5,241.19323604570155,42500.0,n=5 seeds; training episodes
DreamerV3,hero,9.0,4911.555555555556,1648.2605656922776,5,737.124533904038,47500.0,n=5 seeds; training episodes
DreamerV3,hero,10.0,5741.118686868687,1721.821160923977,5,770.0218321847234,52500.0,n=5 seeds; training episodes
DreamerV3,hero,11.0,6085.6547619047615,1965.8263483840924,5,879.1442693894029,57500.0,n=5 seeds; training episodes
DreamerV3,hero,12.0,6392.345238095239,1845.988148058408,5,825.5509969435093,62500.0,n=5 seeds; training episodes
DreamerV3,hero,13.0,7230.071428571429,620.5258312562304,5,277.5075880966989,67500.0,n=5 seeds; training episodes
DreamerV3,hero,14.0,6550.101190476191,1178.632727782974,5,527.100579965747,72500.0,n=5 seeds; training episodes
DreamerV3,hero,15.0,7281.575,536.9228558415073,5,240.1192008669861,77500.0,n=5 seeds; training episodes
DreamerV3,hero,16.0,7526.926190476191,26.88359418036229,5,12.022708813361566,82500.0,n=5 seeds; training episodes
DreamerV3,hero,17.0,7750.7619047619055,429.6309765440984,5,192.1368137584443,87500.0,n=5 seeds; training episodes
DreamerV3,hero,18.0,8003.25,746.225348275012,5,333.72212105527643,92500.0,n=5 seeds; training episodes
DreamerV3,hero,19.0,8965.92857142857,2368.180848255756,5,1059.0826719425968,97500.0,n=5 seeds; training episodes
DreamerV3,jamesbond,0.0,29.888888888888893,9.132089669314194,5,4.083994655442022,2500.0,n=5 seeds; training episodes
DreamerV3,jamesbond,1.0,23.444444444444446,8.952894559172151,5,4.003856165939388,7500.0,n=5 seeds; training episodes
DreamerV3,jamesbond,2.0,33.20454545454545,8.218195645603812,5,3.675288823192578,12500.0,n=5 seeds; training episodes
DreamerV3,jamesbond,3.0,35.22222222222222,23.21848422214939,5,10.383621811046472,17500.0,n=5 seeds; training episodes
DreamerV3,jamesbond,4.0,91.0,26.0768096208106,5,11.6619037896906,22500.0,n=5 seeds; training episodes
DreamerV3,jamesbond,5.0,84.66666666666666,18.760182420340275,5,8.389808632435477,27500.0,n=5 seeds; training episodes
DreamerV3,jamesbond,6.0,130.9047619047619,47.65248825809843,5,21.310840608423725,32500.0,n=5 seeds; training episodes
DreamerV3,jamesbond,7.0,145.55555555555557,60.69460335600859,5,27.143451794284413,37500.0,n=5 seeds; training episodes
DreamerV3,jamesbond,8.0,130.11507936507937,59.77526318902501,5,26.73231037272016,42500.0,n=5 seeds; training episodes
DreamerV3,jamesbond,9.0,159.44444444444443,57.855183192365935,5,25.8736244937667,47500.0,n=5 seeds; training episodes
DreamerV3,jamesbond,10.0,179.97222222222223,84.44263978334787,5,37.76389655101879,52500.0,n=5 seeds; training episodes
DreamerV3,jamesbond,11.0,218.93650793650795,97.41347563646268,5,43.564630689530034,57500.0,n=5 seeds; training episodes
DreamerV3,jamesbond,12.0,208.25396825396825,92.88528945276865,5,41.539564265226986,62500.0,n=5 seeds; training episodes
DreamerV3,jamesbond,13.0,232.8968253968254,64.4192897481831,5,28.809182187838545,67500.0,n=5 seeds; training episodes
DreamerV3,jamesbond,14.0,246.25,151.1414900019184,5,67.59252917297887,72500.0,n=5 seeds; training episodes
DreamerV3,jamesbond,15.0,251.75,65.01629069360658,5,29.07616912715825,77500.0,n=5 seeds; training episodes
DreamerV3,jamesbond,16.0,251.54761904761904,73.40470784484364,5,32.82758332191649,82500.0,n=5 seeds; training episodes
DreamerV3,jamesbond,17.0,282.5,69.93300365349683,5,31.27499000799201,87500.0,n=5 seeds; training episodes
DreamerV3,jamesbond,18.0,264.35714285714283,52.689405665539205,5,23.56341855244164,92500.0,n=5 seeds; training episodes
DreamerV3,jamesbond,19.0,270.4761904761905,51.90121219841014,5,23.21092771805728,97500.0,n=5 seeds; training episodes
DreamerV3,kangaroo,0.0,27.35353535353536,20.78433478836004,5,9.295037090777347,2500.0,n=5 seeds; training episodes
DreamerV3,kangaroo,1.0,41.45454545454545,29.720460715203707,5,13.2913940963615,7500.0,n=5 seeds; training episodes
DreamerV3,kangaroo,2.0,55.737373737373744,21.895252951869363,5,9.791854796986565,12500.0,n=5 seeds; training episodes
DreamerV3,kangaroo,3.0,102.15151515151516,87.50563408333721,5,39.1337092449129,17500.0,n=5 seeds; training episodes
DreamerV3,kangaroo,4.0,34.857142857142854,56.1646429720817,5,25.117591923516105,22500.0,n=5 seeds; training episodes
DreamerV3,kangaroo,5.0,112.15384615384616,105.48681799421998,5,47.175139153044775,27500.0,n=5 seeds; training episodes
DreamerV3,kangaroo,6.0,194.31857031857032,136.4003689870104,5,61.00009944220188,32500.0,n=5 seeds; training episodes
DreamerV3,kangaroo,7.0,216.4102564102564,142.41788808628434,5,63.69121579457784,37500.0,n=5 seeds; training episodes
DreamerV3,kangaroo,8.0,245.6581196581197,88.17693182135403,5,39.43392271998239,42500.0,n=5 seeds; training episodes
DreamerV3,kangaroo,9.0,339.84615384615387,159.90953228039734,5,71.51371688583308,47500.0,n=5 seeds; training episodes
DreamerV3,kangaroo,10.0,495.4343434343435,141.73791218814372,5,63.387121328317065,52500.0,n=5 seeds; training episodes
DreamerV3,kangaroo,11.0,601.0,161.9386791426592,5,72.42117894990267,57500.0,n=5 seeds; training episodes
DreamerV3,kangaroo,12.0,662.0,169.46976131451888,5,75.78918128598566,62500.0,n=5 seeds; training episodes
DreamerV3,kangaroo,13.0,750.5555555555555,251.9093752390596,5,112.65729744080792,67500.0,n=5 seeds; training episodes
DreamerV3,kangaroo,14.0,705.5555555555555,213.24759561841967,5,95.36722396823453,72500.0,n=5 seeds; training episodes
DreamerV3,kangaroo,15.0,831.2222222222223,281.40120078363054,5,125.846442780453,77500.0,n=5 seeds; training episodes
DreamerV3,kangaroo,16.0,810.0,334.75737482540995,5,149.7080492157987,82500.0,n=5 seeds; training episodes
DreamerV3,kangaroo,17.0,919.4444444444446,340.97717240127,5,152.489627252981,87500.0,n=5 seeds; training episodes
DreamerV3,kangaroo,18.0,1017.4444444444446,378.78737643064335,5,169.39886454354402,92500.0,n=5 seeds; training episodes
DreamerV3,kangaroo,19.0,1033.015873015873,375.593236144557,5,167.9704015816721,97500.0,n=5 seeds; training episodes
DreamerV3,krull,0.0,1726.6666666666667,266.9373626069523,5,119.37801770473116,2500.0,n=5 seeds; training episodes
DreamerV3,krull,1.0,1629.0,427.56432264631246,5,191.21257803816147,7500.0,n=5 seeds; training episodes
DreamerV3,krull,2.0,2030.9,556.0460187790216,5,248.6713393216033,12500.0,n=5 seeds; training episodes
DreamerV3,krull,3.0,2203.0,583.5197916285465,5,260.9579840595885,17500.0,n=5 seeds; training episodes
DreamerV3,krull,4.0,3378.4,939.0849683483268,5,419.97156517501935,22500.0,n=5 seeds; training episodes
DreamerV3,krull,5.0,4240.333333333334,1227.9214879443864,5,549.1431836152673,27500.0,n=5 seeds; training episodes
DreamerV3,krull,6.0,4412.833333333333,571.1460822085908,5,255.4242929802184,32500.0,n=5 seeds; training episodes
DreamerV3,krull,7.0,6199.5,1172.524223867275,5,524.3687739664816,37500.0,n=5 seeds; training episodes
DreamerV3,krull,8.0,5760.533333333334,634.8092276862046,5,283.895317170099,42500.0,n=5 seeds; training episodes
DreamerV3,krull,9.0,6588.333333333333,404.4530772125077,5,180.87691487122768,47500.0,n=5 seeds; training episodes
DreamerV3,krull,10.0,7208.333333333333,637.8993846994996,5,285.2772773986741,52500.0,n=5 seeds; training episodes
DreamerV3,krull,11.0,6875.5,351.5208030828332,5,157.20488223970654,57500.0,n=5 seeds; training episodes
DreamerV3,krull,12.0,7146.0,814.847761854937,5,364.4109973642398,62500.0,n=5 seeds; training episodes
DreamerV3,krull,13.0,7382.5,1083.4940585900783,5,484.553273644911,67500.0,n=5 seeds; training episodes
DreamerV3,krull,14.0,7385.166666666666,1698.2104960483814,5,759.4628218535637,72500.0,n=5 seeds; training episodes
DreamerV3,krull,15.0,7396.0,980.7659634183888,5,438.61187284431776,77500.0,n=5 seeds; training episodes
DreamerV3,krull,16.0,8013.333333333333,1697.750451987047,5,759.257083894806,82500.0,n=5 seeds; training episodes
DreamerV3,krull,17.0,8926.833333333334,1079.0531471824938,5,482.5672376870284,87500.0,n=5 seeds; training episodes
DreamerV3,krull,18.0,7691.333333333333,1121.3391981118918,5,501.4781345626588,92500.0,n=5 seeds; training episodes
DreamerV3,krull,19.0,8109.833333333333,1262.228161053126,5,564.4855942458684,97500.0,n=5 seeds; training episodes
DreamerV3,kung_fu_master,0.0,373.0,144.72387501722028,5,64.72248450113761,2500.0,n=5 seeds; training episodes
DreamerV3,kung_fu_master,1.0,398.6666666666666,123.84129628951185,5,55.38351138500819,7500.0,n=5 seeds; training episodes
DreamerV3,kung_fu_master,2.0,847.6666666666667,535.7362535178419,5,239.58853617539103,12500.0,n=5 seeds; training episodes
DreamerV3,kung_fu_master,3.0,4580.666666666667,2540.140416066272,5,1135.9853285437566,17500.0,n=5 seeds; training episodes
DreamerV3,kung_fu_master,4.0,6808.333333333333,2393.1035172855445,4,1196.5517586427725,22500.0,n=5 seeds; training episodes
DreamerV3,kung_fu_master,5.0,16010.0,8218.378793898466,5,3675.3707295999407,27500.0,n=5 seeds; training episodes
DreamerV3,kung_fu_master,6.0,15173.333333333334,9438.165723392562,5,4220.876028082849,32500.0,n=5 seeds; training episodes
DreamerV3,kung_fu_master,7.0,19453.33333333333,9637.559626562916,5,4310.047692440434,37500.0,n=5 seeds; training episodes
DreamerV3,kung_fu_master,8.0,17723.333333333332,10043.845545075515,5,4491.744278859457,42500.0,n=5 seeds; training episodes
DreamerV3,kung_fu_master,9.0,25630.0,20003.23723800725,5,8945.71964684787,47500.0,n=5 seeds; training episodes
DreamerV3,kung_fu_master,10.0,21390.0,7890.849130480192,5,3528.8950111897634,52500.0,n=5 seeds; training episodes
DreamerV3,kung_fu_master,11.0,22863.33333333333,13976.321245433492,5,6250.4008760327615,57500.0,n=5 seeds; training episodes
DreamerV3,kung_fu_master,12.0,20196.666666666668,9785.323477308022,5,4376.129695417071,62500.0,n=5 seeds; training episodes
DreamerV3,kung_fu_master,13.0,21710.0,3715.9117319979496,5,1661.806246227279,67500.0,n=5 seeds; training episodes
DreamerV3,kung_fu_master,14.0,22510.0,9577.6040845297,5,4283.234758917611,72500.0,n=5 seeds; training episodes
DreamerV3,kung_fu_master,15.0,22900.0,7206.2472896785885,5,3222.731760478988,77500.0,n=5 seeds; training episodes
DreamerV3,kung_fu_master,16.0,24160.0,7533.790546597376,5,3369.213558087406,82500.0,n=5 seeds; training episodes
DreamerV3,kung_fu_master,17.0,21670.0,11484.64191866686,5,5136.088005476541,87500.0,n=5 seeds; training episodes
DreamerV3,kung_fu_master,18.0,21880.0,6145.892937564077,5,2748.526878165829,92500.0,n=5 seeds; training episodes
DreamerV3,kung_fu_master,19.0,21140.0,4802.395235713113,5,2147.696440375129,97500.0,n=5 seeds; training episodes
DreamerV3,ms_pacman,0.0,260.6,55.034534612368624,5,24.612192100664256,2500.0,n=5 seeds; training episodes
DreamerV3,ms_pacman,1.0,394.52777777777777,114.7603682881404,5,51.32239692303863,7500.0,n=5 seeds; training episodes
DreamerV3,ms_pacman,2.0,412.30555555555554,26.282240635826817,5,11.753775332543212,12500.0,n=5 seeds; training episodes
DreamerV3,ms_pacman,3.0,560.9722222222223,239.635521691115,5,107.1682632649917,17500.0,n=5 seeds; training episodes
DreamerV3,ms_pacman,4.0,500.63888888888886,103.53268181450584,5,46.30122288601826,22500.0,n=5 seeds; training episodes
DreamerV3,ms_pacman,5.0,563.6071428571429,310.4699470322435,5,138.8463813069711,27500.0,n=5 seeds; training episodes
DreamerV3,ms_pacman,6.0,650.7142857142857,248.13009234994416,5,110.96715075155514,32500.0,n=5 seeds; training episodes
DreamerV3,ms_pacman,7.0,627.754761904762,234.2524459780772,5,104.76087862051556,37500.0,n=5 seeds; training episodes
DreamerV3,ms_pacman,8.0,872.1269841269841,322.63170087840194,5,144.28528297209706,42500.0,n=5 seeds; training episodes
DreamerV3,ms_pacman,9.0,863.7222222222223,156.65011732922275,5,70.05606220629197,47500.0,n=5 seeds; training episodes
DreamerV3,ms_pacman,10.0,955.1428571428572,200.6865766333571,5,89.74976550478146,52500.0,n=5 seeds; training episodes
DreamerV3,ms_pacman,11.0,1077.9722222222222,411.5807846388733,5,184.0645225370444,57500.0,n=5 seeds; training episodes
DreamerV3,ms_pacman,12.0,1094.309523809524,249.76426527551288,5,111.6979751012674,62500.0,n=5 seeds; training episodes
DreamerV3,ms_pacman,13.0,1056.0,168.0550505042916,5,75.15650337795125,67500.0,n=5 seeds; training episodes
DreamerV3,ms_pacman,14.0,1348.031746031746,574.785552154,5,257.0519134202189,72500.0,n=5 seeds; training episodes
DreamerV3,ms_pacman,15.0,1331.3333333333337,461.5895129573702,5,206.42910573473992,77500.0,n=5 seeds; training episodes
DreamerV3,ms_pacman,16.0,1303.5238095238096,278.5396502020742,5,124.56671845617018,82500.0,n=5 seeds; training episodes
DreamerV3,ms_pacman,17.0,1499.7142857142858,446.614864701623,5,199.73223944694007,87500.0,n=5 seeds; training episodes
DreamerV3,ms_pacman,18.0,1589.1714285714286,398.1772779443872,5,178.0702921158955,92500.0,n=5 seeds; training episodes
DreamerV3,ms_pacman,19.0,1765.9619047619046,857.880222123231,5,383.6556986440327,97500.0,n=5 seeds; training episodes
DreamerV3,pong,0.0,-20.05,0.3905124837953326,5,0.1746424919657297,2500.0,n=5 seeds; training episodes
DreamerV3,pong,1.0,-20.6,0.252762514801719,5,0.113038833052088,7500.0,n=5 seeds; training episodes
DreamerV3,pong,2.0,-20.8,0.273861278752583,5,0.1224744871391588,12500.0,n=5 seeds; training episodes
DreamerV3,pong,3.0,-20.8,0.2738612787525827,5,0.1224744871391587,17500.0,n=5 seeds; training episodes
DreamerV3,pong,4.0,-20.642857142857142,0.1438457853999356,5,0.0643297908862205,22500.0,n=5 seeds; training episodes
DreamerV3,pong,5.0,-20.566666666666663,0.4013864859597422,5,0.1795054935711496,27500.0,n=5 seeds; training episodes
DreamerV3,pong,6.0,-20.1,0.5196152422706629,5,0.2323790007724449,32500.0,n=5 seeds; training episodes
DreamerV3,pong,7.0,-17.8,1.6090024514862886,5,0.7195677714974298,37500.0,n=5 seeds; training episodes
DreamerV3,pong,8.0,-17.366666666666667,1.2494443209327553,5,0.5587684871413409,42500.0,n=5 seeds; training episodes
DreamerV3,pong,9.0,-15.2,2.2466023729672817,5,1.0047111248734355,47500.0,n=5 seeds; training episodes
DreamerV3,pong,10.0,-14.933333333333332,1.4073221221723036,5,0.629373586283307,52500.0,n=5 seeds; training episodes
DreamerV3,pong,11.0,-13.9,2.3021728866442674,5,1.0295630140987,57500.0,n=5 seeds; training episodes
DreamerV3,pong,12.0,-13.533333333333337,3.1937438845342623,5,1.42828568570857,62500.0,n=5 seeds; training episodes
DreamerV3,pong,13.0,-14.933333333333334,2.9828211850900863,5,1.333958186917583,67500.0,n=5 seeds; training episodes
DreamerV3,pong,14.0,-11.3,5.179285665031424,5,2.3162469643800936,72500.0,n=5 seeds; training episodes
DreamerV3,pong,15.0,-11.666666666666666,4.379561114490304,5,1.958599272723012,77500.0,n=5 seeds; training episodes
DreamerV3,pong,16.0,-14.166666666666666,2.084999333866134,5,0.932440048713291,82500.0,n=5 seeds; training episodes
DreamerV3,pong,17.0,-8.7,4.631414470763764,5,2.071231517720798,87500.0,n=5 seeds; training episodes
DreamerV3,pong,18.0,-10.0,3.5355339059327378,5,1.5811388300841895,92500.0,n=5 seeds; training episodes
DreamerV3,pong,19.0,-4.7,6.515366451704771,5,2.9137604568666933,97500.0,n=5 seeds; training episodes
DreamerV3,private_eye,0.0,100.0,0.0,5,0.0,2500.0,n=5 seeds; training episodes
DreamerV3,private_eye,1.0,67.2,55.87217554382503,5,24.986796513358808,7500.0,n=5 seeds; training episodes
DreamerV3,private_eye,2.0,327.4,958.4773341086373,5,428.6440947919381,12500.0,n=5 seeds; training episodes
DreamerV3,private_eye,3.0,421.8,775.8712522061892,5,346.9801723441845,17500.0,n=5 seeds; training episodes
DreamerV3,private_eye,4.0,927.0,1849.228217392326,5,827.0,22500.0,n=5 seeds; training episodes
DreamerV3,private_eye,5.0,1005.9,2025.65398081706,5,905.9,27500.0,n=5 seeds; training episodes
DreamerV3,private_eye,6.0,0.0,223.60679774997897,5,100.0,32500.0,n=5 seeds; training episodes
DreamerV3,private_eye,7.0,53.6,103.75355415599024,5,46.4,37500.0,n=5 seeds; training episodes
DreamerV3,private_eye,8.0,39.8,134.61129224548733,5,60.2,42500.0,n=5 seeds; training episodes
DreamerV3,private_eye,9.0,29.4,157.86639921148517,5,70.6,47500.0,n=5 seeds; training episodes
DreamerV3,private_eye,10.0,-90.0,265.5183609470351,5,118.74342087037915,52500.0,n=5 seeds; training episodes
DreamerV3,private_eye,11.0,-30.0,290.68883707497264,5,129.99999999999997,57500.0,n=5 seeds; training episodes
DreamerV3,private_eye,12.0,399.4,669.478752463437,5,299.4,62500.0,n=5 seeds; training episodes
DreamerV3,private_eye,13.0,680.0,1970.2791680368543,5,881.1356308764275,67500.0,n=5 seeds; training episodes
DreamerV3,private_eye,14.0,966.2,1936.882082110318,5,866.2,72500.0,n=5 seeds; training episodes
DreamerV3,private_eye,15.0,349.9,558.7933875771974,5,249.9,77500.0,n=5 seeds; training episodes
DreamerV3,private_eye,16.0,533.2,968.6646478529088,5,433.19999999999993,82500.0,n=5 seeds; training episodes
DreamerV3,private_eye,17.0,845.3,1666.5414636305932,5,745.3,87500.0,n=5 seeds; training episodes
DreamerV3,private_eye,18.0,937.0,1871.588897167324,5,836.9999999999999,92500.0,n=5 seeds; training episodes
DreamerV3,private_eye,19.0,856.8,1692.2562453718408,5,756.8,97500.0,n=5 seeds; training episodes
DreamerV3,qbert,0.0,163.26190476190476,40.21533591343464,5,17.98484496808569,2500.0,n=5 seeds; training episodes
DreamerV3,qbert,1.0,154.41666666666669,44.12670165116707,5,19.734060902972352,7500.0,n=5 seeds; training episodes
DreamerV3,qbert,2.0,273.3138736263736,94.65534810722336,5,42.33115856033149,12500.0,n=5 seeds; training episodes
DreamerV3,qbert,3.0,306.48370012340604,48.64217319600737,5,21.753441167918137,17500.0,n=5 seeds; training episodes
DreamerV3,qbert,4.0,349.7973901098901,44.36855780189693,5,19.84222226173404,22500.0,n=5 seeds; training episodes
DreamerV3,qbert,5.0,471.0592948717949,102.74328680023632,5,45.94819470341705,27500.0,n=5 seeds; training episodes
DreamerV3,qbert,6.0,546.0833333333334,146.57951956380384,5,65.55235397078513,32500.0,n=5 seeds; training episodes
DreamerV3,qbert,7.0,522.0207917082918,135.84357286156668,5,60.75109264498175,37500.0,n=5 seeds; training episodes
DreamerV3,qbert,8.0,555.1930361305361,163.9705616196101,5,73.32986441805323,42500.0,n=5 seeds; training episodes
DreamerV3,qbert,9.0,580.7490842490843,121.54952353829243,5,54.358599452866535,47500.0,n=5 seeds; training episodes
DreamerV3,qbert,10.0,627.1331168831168,164.2834923942455,5,73.46981131492052,52500.0,n=5 seeds; training episodes
DreamerV3,qbert,11.0,712.4811577311577,73.85224900051035,5,33.02772981127641,57500.0,n=5 seeds; training episodes
DreamerV3,qbert,12.0,729.0378787878788,26.788172304027523,5,11.98003485295654,62500.0,n=5 seeds; training episodes
DreamerV3,qbert,13.0,715.1439393939394,73.00055387100099,5,32.646840170138724,67500.0,n=5 seeds; training episodes
DreamerV3,qbert,14.0,806.1616161616162,177.65159681389144,5,79.44820935744926,72500.0,n=5 seeds; training episodes
DreamerV3,qbert,15.0,839.1717171717171,196.292793596132,5,87.78480599485731,77500.0,n=5 seeds; training episodes
DreamerV3,qbert,16.0,855.7121212121212,269.84103340740546,5,120.67657876355004,82500.0,n=5 seeds; training episodes
DreamerV3,qbert,17.0,874.2032828282829,178.1047233459215,5,79.65085370305485,87500.0,n=5 seeds; training episodes
DreamerV3,qbert,18.0,1010.1123737373736,170.16904239365047,5,76.10190929164919,92500.0,n=5 seeds; training episodes
DreamerV3,qbert,19.0,1091.2121212121212,340.71027056923504,5,152.3702651250311,97500.0,n=5 seeds; training episodes
DreamerV3,road_runner,0.0,27.22222222222222,41.12612338515944,5,18.39216150805205,2500.0,n=5 seeds; training episodes
DreamerV3,road_runner,1.0,477.1882065303118,303.35590025615227,5,135.66488286968047,7500.0,n=5 seeds; training episodes
DreamerV3,road_runner,2.0,1095.5219780219782,339.45656262572504,5,151.80958988790712,12500.0,n=5 seeds; training episodes
DreamerV3,road_runner,3.0,1838.8333333333333,552.7097389729581,5,247.17930963393985,17500.0,n=5 seeds; training episodes
DreamerV3,road_runner,4.0,3988.571428571429,1607.461300021173,5,718.8785476095053,22500.0,n=5 seeds; training episodes
DreamerV3,road_runner,5.0,5251.428571428571,1664.0724708403227,5,744.1958328569996,27500.0,n=5 seeds; training episodes
DreamerV3,road_runner,6.0,6408.095238095239,1552.887187396446,5,694.4722624813816,32500.0,n=5 seeds; training episodes
DreamerV3,road_runner,7.0,7780.357142857143,1649.007470497057,5,737.4585598872796,37500.0,n=5 seeds; training episodes
DreamerV3,road_runner,8.0,9516.666666666668,1550.5984507781366,5,693.448708349155,42500.0,n=5 seeds; training episodes
DreamerV3,road_runner,9.0,10784.0,3490.6560987871608,5,1561.0688645924624,47500.0,n=5 seeds; training episodes
DreamerV3,road_runner,10.0,11189.0,4757.64174775697,5,2127.6820721150984,52500.0,n=5 seeds; training episodes
DreamerV3,road_runner,11.0,12662.666666666668,4872.855311712927,5,2179.207144302206,57500.0,n=5 seeds; training episodes
DreamerV3,road_runner,12.0,12905.666666666668,5408.205391398846,5,2418.622978289735,62500.0,n=5 seeds; training episodes
DreamerV3,road_runner,13.0,13977.0,5088.469317977657,5,2275.6326592840064,67500.0,n=5 seeds; training episodes
DreamerV3,road_runner,14.0,13452.0,5774.989826830866,5,2582.653964432711,72500.0,n=5 seeds; training episodes
DreamerV3,road_runner,15.0,13054.666666666668,4474.076316837799,5,2000.8677561942409,77500.0,n=5 seeds; training episodes
DreamerV3,road_runner,16.0,13060.0,5760.719356122116,5,2576.2720159175738,82500.0,n=5 seeds; training episodes
DreamerV3,road_runner,17.0,12832.0,4806.810330724061,5,2149.670930889449,87500.0,n=5 seeds; training episodes
DreamerV3,road_runner,18.0,13275.0,5060.00494070905,5,2262.903002782046,92500.0,n=5 seeds; training episodes
DreamerV3,road_runner,19.0,13449.666666666666,5620.104091562719,5,2513.386957871788,97500.0,n=5 seeds; training episodes
DreamerV3,seaquest,0.0,90.184126984127,39.08377729659991,5,17.478796570532072,2500.0,n=5 seeds; training episodes
DreamerV3,seaquest,1.0,113.25714285714284,44.170431748131314,5,19.753617596867297,7500.0,n=5 seeds; training episodes
DreamerV3,seaquest,2.0,185.40115440115443,100.0650889995369,5,44.75046823550618,12500.0,n=5 seeds; training episodes
DreamerV3,seaquest,3.0,228.0,46.76418382575376,5,20.91357878933632,17500.0,n=5 seeds; training episodes
DreamerV3,seaquest,4.0,324.06666666666666,34.881067771627755,5,15.599287733027351,22500.0,n=5 seeds; training episodes
DreamerV3,seaquest,5.0,289.4,59.534023885506016,5,26.62442487641752,27500.0,n=5 seeds; training episodes
DreamerV3,seaquest,6.0,459.4,199.38856536923075,5,89.16927722035207,32500.0,n=5 seeds; training episodes
DreamerV3,seaquest,7.0,429.8,131.70961324907998,5,58.90232970302995,37500.0,n=5 seeds; training episodes
DreamerV3,seaquest,8.0,438.0,129.47758278730893,5,57.90413533495589,42500.0,n=5 seeds; training episodes
DreamerV3,seaquest,9.0,435.3333333333333,89.55445270895244,5,40.04996878900157,47500.0,n=5 seeds; training episodes
DreamerV3,seaquest,10.0,394.1714285714286,88.08845276314078,5,39.39435368223239,52500.0,n=5 seeds; training episodes
DreamerV3,seaquest,11.0,382.4666666666667,84.39905212737878,5,37.74440355867344,57500.0,n=5 seeds; training episodes
DreamerV3,seaquest,12.0,369.0,93.55331219268626,5,41.83831311662128,62500.0,n=5 seeds; training episodes
DreamerV3,seaquest,13.0,410.4,84.42926033076448,5,37.75791307792315,67500.0,n=5 seeds; training episodes
DreamerV3,seaquest,14.0,404.1333333333333,145.7352241414393,5,65.17477357928533,72500.0,n=5 seeds; training episodes
DreamerV3,seaquest,15.0,397.0,68.97463301823359,5,30.84639363037436,77500.0,n=5 seeds; training episodes
DreamerV3,seaquest,16.0,385.6,57.85153411967568,5,25.87199257884865,82500.0,n=5 seeds; training episodes
DreamerV3,seaquest,17.0,403.0,41.018288603987365,5,18.34393632784414,87500.0,n=5 seeds; training episodes
DreamerV3,seaquest,18.0,429.6,56.10971395400266,5,25.093026919843687,92500.0,n=5 seeds; training episodes
DreamerV3,seaquest,19.0,387.3333333333333,101.8891009327734,5,45.56619117040371,97500.0,n=5 seeds; training episodes
DreamerV3,up_n_down,0.0,452.1111111111112,149.8066655293984,5,66.99557752126186,2500.0,n=5 seeds; training episodes
DreamerV3,up_n_down,1.0,1148.0833333333337,173.44887975680004,5,77.56869715147842,7500.0,n=5 seeds; training episodes
DreamerV3,up_n_down,2.0,1184.861111111111,364.90887582288406,5,163.19221038659964,12500.0,n=5 seeds; training episodes
DreamerV3,up_n_down,3.0,2001.5492063492063,955.6423863412152,5,427.3762676078147,17500.0,n=5 seeds; training episodes
DreamerV3,up_n_down,4.0,8771.91111111111,11751.608090222073,5,5255.478906934606,22500.0,n=5 seeds; training episodes
DreamerV3,up_n_down,5.0,3739.910714285714,2889.4582674797025,4,1444.7291337398512,27500.0,n=5 seeds; training episodes
DreamerV3,up_n_down,6.0,4475.833333333333,3040.995245529551,3,1755.7194236108585,32500.0,n=5 seeds; training episodes
DreamerV3,up_n_down,7.0,21459.52380952381,32080.086504144256,4,16040.043252072128,37500.0,n=5 seeds; training episodes
DreamerV3,up_n_down,8.0,30306.42857142857,39687.88332291181,2,28063.571428571428,42500.0,n=5 seeds; training episodes
DreamerV3,up_n_down,9.0,6743.809523809524,6561.277494381459,2,4639.523809523809,47500.0,n=5 seeds; training episodes
DreamerV3,up_n_down,10.0,3083.214285714286,1261.1754518734351,2,891.7857142857142,52500.0,n=5 seeds; training episodes
DreamerV3,up_n_down,11.0,31304.28571428572,37026.755935431895,3,21377.407506540178,57500.0,n=5 seeds; training episodes
DreamerV3,up_n_down,12.0,52507.583333333336,91366.86184476902,4,45683.43092238451,62500.0,n=5 seeds; training episodes
DreamerV3,up_n_down,13.0,24795.416666666664,22014.751257206302,4,11007.375628603151,67500.0,n=5 seeds; training episodes
DreamerV3,up_n_down,14.0,10365.607142857143,8159.862163180751,4,4079.931081590376,72500.0,n=5 seeds; training episodes
DreamerV3,up_n_down,15.0,7505.0,6375.9419057253945,4,3187.970952862697,77500.0,n=5 seeds; training episodes
DreamerV3,up_n_down,16.0,53220.55555555556,76394.11648981391,3,44106.16371989769,82500.0,n=5 seeds; training episodes
DreamerV3,up_n_down,17.0,24833.5,17325.37009705709,4,8662.685048528545,87500.0,n=5 seeds; training episodes
DreamerV3,up_n_down,18.0,13822.8125,11232.129434823346,4,5616.064717411673,92500.0,n=5 seeds; training episodes
DreamerV3,up_n_down,19.0,15365.555555555557,14506.022631741364,3,8375.05607130668,97500.0,n=5 seeds; training episodes
Reborn + Harmony,alien,0.0,185.7142857142857,,1,0.0,2500.0,
Reborn + Harmony,alien,1.0,217.14285714285717,,1,0.0,7500.0,
Reborn + Harmony,alien,2.0,201.25,,1,0.0,12500.0,
Reborn + Harmony,alien,3.0,256.6666666666667,,1,0.0,17500.0,
Reborn + Harmony,alien,4.0,215.0,,1,0.0,22500.0,
Reborn + Harmony,alien,5.0,225.55555555555557,,1,0.0,27500.0,
Reborn + Harmony,alien,6.0,283.75,,1,0.0,32500.0,
Reborn + Harmony,alien,7.0,255.0,,1,0.0,37500.0,
Reborn + Harmony,alien,8.0,286.25,,1,0.0,42500.0,
Reborn + Harmony,alien,9.0,332.5,,1,0.0,47500.0,
Reborn + Harmony,alien,10.0,346.25,,1,0.0,52500.0,
Reborn + Harmony,alien,11.0,447.5,,1,0.0,57500.0,
Reborn + Harmony,alien,12.0,417.1428571428572,,1,0.0,62500.0,
Reborn + Harmony,alien,13.0,535.7142857142857,,1,0.0,67500.0,
Reborn + Harmony,alien,14.0,525.7142857142857,,1,0.0,72500.0,
Reborn + Harmony,alien,15.0,402.8571428571428,,1,0.0,77500.0,
Reborn + Harmony,alien,16.0,522.8571428571429,,1,0.0,82500.0,
Reborn + Harmony,alien,17.0,457.1428571428572,,1,0.0,87500.0,
Reborn + Harmony,alien,18.0,582.8571428571429,,1,0.0,92500.0,
Reborn + Harmony,alien,19.0,655.0,,1,0.0,97500.0,
Reborn + Harmony,amidar,0.0,1.875,,1,0.0,2500.0,
Reborn + Harmony,amidar,1.0,3.111111111111111,,1,0.0,7500.0,
Reborn + Harmony,amidar,2.0,22.88888888888889,,1,0.0,12500.0,
Reborn + Harmony,amidar,3.0,12.846153846153848,,1,0.0,17500.0,
Reborn + Harmony,amidar,4.0,30.0,,1,0.0,22500.0,
Reborn + Harmony,amidar,5.0,56.5,,1,0.0,27500.0,
Reborn + Harmony,amidar,6.0,60.0,,1,0.0,32500.0,
Reborn + Harmony,amidar,7.0,62.333333333333336,,1,0.0,37500.0,
Reborn + Harmony,amidar,8.0,77.33333333333333,,1,0.0,42500.0,
Reborn + Harmony,amidar,9.0,65.33333333333333,,1,0.0,47500.0,
Reborn + Harmony,amidar,10.0,71.375,,1,0.0,52500.0,
Reborn + Harmony,amidar,11.0,76.66666666666667,,1,0.0,57500.0,
Reborn + Harmony,amidar,12.0,82.0,,1,0.0,62500.0,
Reborn + Harmony,amidar,13.0,82.2,,1,0.0,67500.0,
Reborn + Harmony,amidar,14.0,106.33333333333331,,1,0.0,72500.0,
Reborn + Harmony,amidar,15.0,106.16666666666669,,1,0.0,77500.0,
Reborn + Harmony,amidar,16.0,118.2,,1,0.0,82500.0,
Reborn + Harmony,amidar,17.0,99.33333333333331,,1,0.0,87500.0,
Reborn + Harmony,amidar,18.0,89.5,,1,0.0,92500.0,
Reborn + Harmony,amidar,19.0,111.25,,1,0.0,97500.0,
Reborn + Harmony,assault,0.0,247.33333333333331,,1,0.0,2500.0,
Reborn + Harmony,assault,1.0,225.0,,1,0.0,7500.0,
Reborn + Harmony,assault,2.0,399.0,,1,0.0,12500.0,
Reborn + Harmony,assault,3.0,466.2,,1,0.0,17500.0,
Reborn + Harmony,assault,4.0,380.625,,1,0.0,22500.0,
Reborn + Harmony,assault,5.0,366.0,,1,0.0,27500.0,
Reborn + Harmony,assault,6.0,327.0,,1,0.0,32500.0,
Reborn + Harmony,assault,7.0,466.2,,1,0.0,37500.0,
Reborn + Harmony,assault,8.0,436.8,,1,0.0,42500.0,
Reborn + Harmony,assault,9.0,567.0,,1,0.0,47500.0,
Reborn + Harmony,assault,10.0,423.5,,1,0.0,52500.0,
Reborn + Harmony,assault,11.0,399.0,,1,0.0,57500.0,
Reborn + Harmony,assault,12.0,500.5,,1,0.0,62500.0,
Reborn + Harmony,assault,13.0,427.0,,1,0.0,67500.0,
Reborn + Harmony,assault,14.0,656.25,,1,0.0,72500.0,
Reborn + Harmony,assault,15.0,609.0,,1,0.0,77500.0,
Reborn + Harmony,assault,16.0,642.6,,1,0.0,82500.0,
Reborn + Harmony,assault,17.0,511.0,,1,0.0,87500.0,
Reborn + Harmony,assault,18.0,553.0,,1,0.0,92500.0,
Reborn + Harmony,assault,19.0,661.5,,1,0.0,97500.0,
Reborn + Harmony,asterix,0.0,291.6666666666667,,1,0.0,2500.0,
Reborn + Harmony,asterix,1.0,234.375,,1,0.0,7500.0,
Reborn + Harmony,asterix,2.0,185.2941176470588,,1,0.0,12500.0,
Reborn + Harmony,asterix,3.0,238.46153846153845,,1,0.0,17500.0,
Reborn + Harmony,asterix,4.0,194.11764705882356,,1,0.0,22500.0,
Reborn + Harmony,asterix,5.0,231.25,,1,0.0,27500.0,
Reborn + Harmony,asterix,6.0,228.125,,1,0.0,32500.0,
Reborn + Harmony,asterix,7.0,258.8235294117647,,1,0.0,37500.0,
Reborn + Harmony,asterix,8.0,352.94117647058823,,1,0.0,42500.0,
Reborn + Harmony,asterix,9.0,400.0,,1,0.0,47500.0,
Reborn + Harmony,asterix,10.0,392.8571428571428,,1,0.0,52500.0,
Reborn + Harmony,asterix,11.0,492.3076923076923,,1,0.0,57500.0,
Reborn + Harmony,asterix,12.0,373.3333333333333,,1,0.0,62500.0,
Reborn + Harmony,asterix,13.0,368.75,,1,0.0,67500.0,
Reborn + Harmony,asterix,14.0,572.7272727272727,,1,0.0,72500.0,
Reborn + Harmony,asterix,15.0,488.46153846153845,,1,0.0,77500.0,
Reborn + Harmony,asterix,16.0,442.3076923076923,,1,0.0,82500.0,
Reborn + Harmony,asterix,17.0,478.57142857142856,,1,0.0,87500.0,
Reborn + Harmony,asterix,18.0,561.5384615384615,,1,0.0,92500.0,
Reborn + Harmony,asterix,19.0,486.6666666666667,,1,0.0,97500.0,
Reborn + Harmony,bank_heist,0.0,17.77777777777778,,1,0.0,2500.0,
Reborn + Harmony,bank_heist,1.0,7.272727272727272,,1,0.0,7500.0,
Reborn + Harmony,bank_heist,2.0,6.666666666666667,,1,0.0,12500.0,
Reborn + Harmony,bank_heist,3.0,10.0,,1,0.0,17500.0,
Reborn + Harmony,bank_heist,4.0,11.666666666666666,,1,0.0,22500.0,
Reborn + Harmony,bank_heist,5.0,11.428571428571429,,1,0.0,27500.0,
Reborn + Harmony,bank_heist,6.0,17.5,,1,0.0,32500.0,
Reborn + Harmony,bank_heist,7.0,8.0,,1,0.0,37500.0,
Reborn + Harmony,bank_heist,8.0,14.285714285714286,,1,0.0,42500.0,
Reborn + Harmony,bank_heist,9.0,22.22222222222222,,1,0.0,47500.0,
Reborn + Harmony,bank_heist,10.0,24.285714285714285,,1,0.0,52500.0,
Reborn + Harmony,bank_heist,11.0,22.857142857142858,,1,0.0,57500.0,
Reborn + Harmony,bank_heist,12.0,16.666666666666668,,1,0.0,62500.0,
Reborn + Harmony,bank_heist,13.0,34.285714285714285,,1,0.0,67500.0,
Reborn + Harmony,bank_heist,14.0,26.25,,1,0.0,72500.0,
Reborn + Harmony,bank_heist,15.0,28.33333333333333,,1,0.0,77500.0,
Reborn + Harmony,bank_heist,16.0,27.142857142857142,,1,0.0,82500.0,
Reborn + Harmony,bank_heist,17.0,24.285714285714285,,1,0.0,87500.0,
Reborn + Harmony,bank_heist,18.0,35.0,,1,0.0,92500.0,
Reborn + Harmony,bank_heist,19.0,31.666666666666668,,1,0.0,97500.0,
Reborn + Harmony,battle_zone,0.0,3000.0,,1,0.0,2500.0,
Reborn + Harmony,battle_zone,1.0,3400.0,,1,0.0,7500.0,
Reborn + Harmony,battle_zone,2.0,1000.0,,1,0.0,12500.0,
Reborn + Harmony,battle_zone,3.0,2666.6666666666665,,1,0.0,17500.0,
Reborn + Harmony,battle_zone,4.0,2750.0,,1,0.0,22500.0,
Reborn + Harmony,battle_zone,5.0,2600.0,,1,0.0,27500.0,
Reborn + Harmony,battle_zone,6.0,4000.0,,1,0.0,32500.0,
Reborn + Harmony,battle_zone,7.0,5250.0,,1,0.0,37500.0,
Reborn + Harmony,battle_zone,8.0,3750.0,,1,0.0,42500.0,
Reborn + Harmony,battle_zone,9.0,4000.0,,1,0.0,47500.0,
Reborn + Harmony,battle_zone,10.0,9200.0,,1,0.0,52500.0,
Reborn + Harmony,battle_zone,11.0,14333.333333333334,,1,0.0,57500.0,
Reborn + Harmony,battle_zone,12.0,10400.0,,1,0.0,62500.0,
Reborn + Harmony,battle_zone,13.0,14333.333333333334,,1,0.0,67500.0,
Reborn + Harmony,battle_zone,14.0,17666.666666666668,,1,0.0,72500.0,
Reborn + Harmony,battle_zone,15.0,13750.0,,1,0.0,77500.0,
Reborn + Harmony,battle_zone,16.0,18000.0,,1,0.0,82500.0,
Reborn + Harmony,battle_zone,17.0,17000.0,,1,0.0,87500.0,
Reborn + Harmony,battle_zone,18.0,14250.0,,1,0.0,92500.0,
Reborn + Harmony,battle_zone,19.0,15750.0,,1,0.0,97500.0,
Reborn + Harmony,boxing,0.0,-6.0,,1,0.0,2500.0,
Reborn + Harmony,boxing,1.0,-8.666666666666666,,1,0.0,7500.0,
Reborn + Harmony,boxing,2.0,-22.33333333333333,,1,0.0,12500.0,
Reborn + Harmony,boxing,3.0,-0.3333333333333333,,1,0.0,17500.0,
Reborn + Harmony,boxing,4.0,0.3333333333333333,,1,0.0,22500.0,
Reborn + Harmony,boxing,5.0,-6.0,,1,0.0,27500.0,
Reborn + Harmony,boxing,6.0,-18.33333333333333,,1,0.0,32500.0,
Reborn + Harmony,boxing,7.0,6.333333333333333,,1,0.0,37500.0,
Reborn + Harmony,boxing,8.0,1.3333333333333333,,1,0.0,42500.0,
Reborn + Harmony,boxing,9.0,5.333333333333333,,1,0.0,47500.0,
Reborn + Harmony,boxing,10.0,0.5,,1,0.0,52500.0,
Reborn + Harmony,boxing,11.0,-4.666666666666667,,1,0.0,57500.0,
Reborn + Harmony,boxing,12.0,-12.0,,1,0.0,62500.0,
Reborn + Harmony,boxing,13.0,10.333333333333334,,1,0.0,67500.0,
Reborn + Harmony,boxing,14.0,14.666666666666666,,1,0.0,72500.0,
Reborn + Harmony,boxing,15.0,7.5,,1,0.0,77500.0,
Reborn + Harmony,boxing,16.0,30.0,,1,0.0,82500.0,
Reborn + Harmony,boxing,17.0,37.333333333333336,,1,0.0,87500.0,
Reborn + Harmony,boxing,18.0,35.333333333333336,,1,0.0,92500.0,
Reborn + Harmony,boxing,19.0,52.66666666666666,,1,0.0,97500.0,
Reborn + Harmony,breakout,0.0,1.3076923076923077,,1,0.0,2500.0,
Reborn + Harmony,breakout,1.0,1.434782608695652,,1,0.0,7500.0,
Reborn + Harmony,breakout,2.0,1.4285714285714286,,1,0.0,12500.0,
Reborn + Harmony,breakout,3.0,2.0588235294117645,,1,0.0,17500.0,
Reborn + Harmony,breakout,4.0,2.333333333333333,,1,0.0,22500.0,
Reborn + Harmony,breakout,5.0,1.6923076923076923,,1,0.0,27500.0,
Reborn + Harmony,breakout,6.0,4.823529411764706,,1,0.0,32500.0,
Reborn + Harmony,breakout,7.0,5.117647058823529,,1,0.0,37500.0,
Reborn + Harmony,breakout,8.0,4.555555555555555,,1,0.0,42500.0,
Reborn + Harmony,breakout,9.0,4.294117647058823,,1,0.0,47500.0,
Reborn + Harmony,breakout,10.0,5.5,,1,0.0,52500.0,
Reborn + Harmony,breakout,11.0,5.3125,,1,0.0,57500.0,
Reborn + Harmony,breakout,12.0,6.142857142857143,,1,0.0,62500.0,
Reborn + Harmony,breakout,13.0,7.3076923076923075,,1,0.0,67500.0,
Reborn + Harmony,breakout,14.0,5.266666666666667,,1,0.0,72500.0,
Reborn + Harmony,breakout,15.0,5.866666666666666,,1,0.0,77500.0,
Reborn + Harmony,breakout,16.0,5.533333333333333,,1,0.0,82500.0,
Reborn + Harmony,breakout,17.0,6.923076923076923,,1,0.0,87500.0,
Reborn + Harmony,breakout,18.0,7.076923076923077,,1,0.0,92500.0,
Reborn + Harmony,breakout,19.0,6.6923076923076925,,1,0.0,97500.0,
Reborn + Harmony,chopper_command,0.0,625.0,,1,0.0,2500.0,
Reborn + Harmony,chopper_command,1.0,1000.0,,1,0.0,7500.0,
Reborn + Harmony,chopper_command,2.0,477.77777777777777,,1,0.0,12500.0,
Reborn + Harmony,chopper_command,3.0,650.0,,1,0.0,17500.0,
Reborn + Harmony,chopper_command,4.0,470.0,,1,0.0,22500.0,
Reborn + Harmony,chopper_command,5.0,660.0,,1,0.0,27500.0,
Reborn + Harmony,chopper_command,6.0,1077.7777777777778,,1,0.0,32500.0,
Reborn + Harmony,chopper_command,7.0,1100.0,,1,0.0,37500.0,
Reborn + Harmony,chopper_command,8.0,1033.3333333333333,,1,0.0,42500.0,
Reborn + Harmony,chopper_command,9.0,900.0,,1,0.0,47500.0,
Reborn + Harmony,chopper_command,10.0,1044.4444444444443,,1,0.0,52500.0,
Reborn + Harmony,chopper_command,11.0,981.818181818182,,1,0.0,57500.0,
Reborn + Harmony,chopper_command,12.0,992.3076923076924,,1,0.0,62500.0,
Reborn + Harmony,chopper_command,13.0,1045.4545454545455,,1,0.0,67500.0,
Reborn + Harmony,chopper_command,14.0,1045.4545454545455,,1,0.0,72500.0,
Reborn + Harmony,chopper_command,15.0,1233.3333333333333,,1,0.0,77500.0,
Reborn + Harmony,chopper_command,16.0,1275.0,,1,0.0,82500.0,
Reborn + Harmony,chopper_command,17.0,1220.0,,1,0.0,87500.0,
Reborn + Harmony,chopper_command,18.0,1309.090909090909,,1,0.0,92500.0,
Reborn + Harmony,chopper_command,19.0,1385.7142857142858,,1,0.0,97500.0,
Reborn + Harmony,crazy_climber,0.0,7400.0,,1,0.0,2500.0,
Reborn + Harmony,crazy_climber,1.0,9850.0,,1,0.0,7500.0,
Reborn + Harmony,crazy_climber,2.0,11000.0,,1,0.0,12500.0,
Reborn + Harmony,crazy_climber,3.0,22900.0,,1,0.0,17500.0,
Reborn + Harmony,crazy_climber,4.0,18100.0,,1,0.0,22500.0,
Reborn + Harmony,crazy_climber,5.0,22950.0,,1,0.0,27500.0,
Reborn + Harmony,crazy_climber,6.0,41500.0,,1,0.0,32500.0,
Reborn + Harmony,crazy_climber,7.0,46400.0,,1,0.0,37500.0,
Reborn + Harmony,crazy_climber,8.0,39200.0,,1,0.0,42500.0,
Reborn + Harmony,crazy_climber,9.0,39100.0,,1,0.0,47500.0,
Reborn + Harmony,crazy_climber,10.0,72300.0,,1,0.0,52500.0,
Reborn + Harmony,crazy_climber,11.0,69700.0,,1,0.0,57500.0,
Reborn + Harmony,crazy_climber,12.0,43700.0,,1,0.0,62500.0,
Reborn + Harmony,crazy_climber,13.0,37200.0,,1,0.0,67500.0,
Reborn + Harmony,crazy_climber,14.0,81950.0,,1,0.0,72500.0,
Reborn + Harmony,crazy_climber,15.0,38200.0,,1,0.0,77500.0,
Reborn + Harmony,crazy_climber,16.0,43400.0,,1,0.0,82500.0,
Reborn + Harmony,crazy_climber,17.0,61550.0,,1,0.0,87500.0,
Reborn + Harmony,crazy_climber,18.0,57050.0,,1,0.0,92500.0,
Reborn + Harmony,crazy_climber,19.0,95500.0,,1,0.0,97500.0,
Reborn + Harmony,demon_attack,0.0,148.33333333333334,,1,0.0,2500.0,
Reborn + Harmony,demon_attack,1.0,242.5,,1,0.0,7500.0,
Reborn + Harmony,demon_attack,2.0,176.25,,1,0.0,12500.0,
Reborn + Harmony,demon_attack,3.0,266.0,,1,0.0,17500.0,
Reborn + Harmony,demon_attack,4.0,214.28571428571428,,1,0.0,22500.0,
Reborn + Harmony,demon_attack,5.0,193.0,,1,0.0,27500.0,
Reborn + Harmony,demon_attack,6.0,246.25,,1,0.0,32500.0,
Reborn + Harmony,demon_attack,7.0,196.0,,1,0.0,37500.0,
Reborn + Harmony,demon_attack,8.0,161.25,,1,0.0,42500.0,
Reborn + Harmony,demon_attack,9.0,140.0,,1,0.0,47500.0,
Reborn + Harmony,demon_attack,10.0,255.0,,1,0.0,52500.0,
Reborn + Harmony,demon_attack,11.0,163.125,,1,0.0,57500.0,
Reborn + Harmony,demon_attack,12.0,150.0,,1,0.0,62500.0,
Reborn + Harmony,demon_attack,13.0,143.57142857142858,,1,0.0,67500.0,
Reborn + Harmony,demon_attack,14.0,320.0,,1,0.0,72500.0,
Reborn + Harmony,demon_attack,15.0,246.66666666666663,,1,0.0,77500.0,
Reborn + Harmony,demon_attack,16.0,228.0,,1,0.0,82500.0,
Reborn + Harmony,demon_attack,17.0,235.83333333333331,,1,0.0,87500.0,
Reborn + Harmony,demon_attack,18.0,256.0,,1,0.0,92500.0,
Reborn + Harmony,demon_attack,19.0,225.0,,1,0.0,97500.0,
Reborn + Harmony,freeway,0.0,0.0,,1,0.0,2500.0,
Reborn + Harmony,freeway,1.0,0.0,,1,0.0,7500.0,
Reborn + Harmony,freeway,2.0,0.0,,1,0.0,12500.0,
Reborn + Harmony,freeway,3.0,0.0,,1,0.0,17500.0,
Reborn + Harmony,freeway,4.0,0.0,,1,0.0,22500.0,
Reborn + Harmony,freeway,5.0,0.0,,1,0.0,27500.0,
Reborn + Harmony,freeway,6.0,0.0,,1,0.0,32500.0,
Reborn + Harmony,freeway,7.0,0.0,,1,0.0,37500.0,
Reborn + Harmony,freeway,8.0,0.0,,1,0.0,42500.0,
Reborn + Harmony,freeway,9.0,0.0,,1,0.0,47500.0,
Reborn + Harmony,freeway,10.0,0.0,,1,0.0,52500.0,
Reborn + Harmony,freeway,11.0,0.0,,1,0.0,57500.0,
Reborn + Harmony,freeway,12.0,0.0,,1,0.0,62500.0,
Reborn + Harmony,freeway,13.0,0.0,,1,0.0,67500.0,
Reborn + Harmony,freeway,14.0,0.0,,1,0.0,72500.0,
Reborn + Harmony,freeway,15.0,0.0,,1,0.0,77500.0,
Reborn + Harmony,freeway,16.0,0.0,,1,0.0,82500.0,
Reborn + Harmony,freeway,17.0,0.0,,1,0.0,87500.0,
Reborn + Harmony,freeway,18.0,0.0,,1,0.0,92500.0,
Reborn + Harmony,freeway,19.0,0.0,,1,0.0,97500.0,
Reborn + Harmony,frostbite,0.0,66.66666666666667,,1,0.0,2500.0,
Reborn + Harmony,frostbite,1.0,88.46153846153847,,1,0.0,7500.0,
Reborn + Harmony,frostbite,2.0,170.0,,1,0.0,12500.0,
Reborn + Harmony,frostbite,3.0,202.0,,1,0.0,17500.0,
Reborn + Harmony,frostbite,4.0,233.33333333333331,,1,0.0,22500.0,
Reborn + Harmony,frostbite,5.0,243.33333333333331,,1,0.0,27500.0,
Reborn + Harmony,frostbite,6.0,233.75,,1,0.0,32500.0,
Reborn + Harmony,frostbite,7.0,242.5,,1,0.0,37500.0,
Reborn + Harmony,frostbite,8.0,249.0,,1,0.0,42500.0,
Reborn + Harmony,frostbite,9.0,253.33333333333331,,1,0.0,47500.0,
Reborn + Harmony,frostbite,10.0,265.55555555555554,,1,0.0,52500.0,
Reborn + Harmony,frostbite,11.0,275.55555555555554,,1,0.0,57500.0,
Reborn + Harmony,frostbite,12.0,278.0,,1,0.0,62500.0,
Reborn + Harmony,frostbite,13.0,426.25,,1,0.0,67500.0,
Reborn + Harmony,frostbite,14.0,1116.6666666666667,,1,0.0,72500.0,
Reborn + Harmony,frostbite,15.0,2742.0,,1,0.0,77500.0,
Reborn + Harmony,frostbite,16.0,2182.0,,1,0.0,82500.0,
Reborn + Harmony,frostbite,17.0,2486.0,,1,0.0,87500.0,
Reborn + Harmony,frostbite,18.0,2028.0,,1,0.0,92500.0,
Reborn + Harmony,frostbite,19.0,2528.0,,1,0.0,97500.0,
Reborn + Harmony,gopher,0.0,315.0,,1,0.0,2500.0,
Reborn + Harmony,gopher,1.0,520.0,,1,0.0,7500.0,
Reborn + Harmony,gopher,2.0,273.3333333333333,,1,0.0,12500.0,
Reborn + Harmony,gopher,3.0,320.0,,1,0.0,17500.0,
Reborn + Harmony,gopher,4.0,352.0,,1,0.0,22500.0,
Reborn + Harmony,gopher,5.0,313.3333333333333,,1,0.0,27500.0,
Reborn + Harmony,gopher,6.0,380.0,,1,0.0,32500.0,
Reborn + Harmony,gopher,7.0,253.33333333333331,,1,0.0,37500.0,
Reborn + Harmony,gopher,8.0,585.0,,1,0.0,42500.0,
Reborn + Harmony,gopher,9.0,346.6666666666667,,1,0.0,47500.0,
Reborn + Harmony,gopher,10.0,524.0,,1,0.0,52500.0,
Reborn + Harmony,gopher,11.0,745.0,,1,0.0,57500.0,
Reborn + Harmony,gopher,12.0,566.6666666666666,,1,0.0,62500.0,
Reborn + Harmony,gopher,13.0,660.0,,1,0.0,67500.0,
Reborn + Harmony,gopher,14.0,920.0,,1,0.0,72500.0,
Reborn + Harmony,gopher,15.0,815.0,,1,0.0,77500.0,
Reborn + Harmony,gopher,16.0,736.0,,1,0.0,82500.0,
Reborn + Harmony,gopher,17.0,985.0,,1,0.0,87500.0,
Reborn + Harmony,gopher,18.0,1480.0,,1,0.0,92500.0,
Reborn + Harmony,gopher,19.0,1290.0,,1,0.0,97500.0,
Reborn + Harmony,hero,0.0,929.0,,1,0.0,2500.0,
Reborn + Harmony,hero,1.0,18.75,,1,0.0,7500.0,
Reborn + Harmony,hero,2.0,1900.0,,1,0.0,12500.0,
Reborn + Harmony,hero,3.0,2702.5,,1,0.0,17500.0,
Reborn + Harmony,hero,4.0,2820.0,,1,0.0,22500.0,
Reborn + Harmony,hero,5.0,2905.833333333333,,1,0.0,27500.0,
Reborn + Harmony,hero,6.0,3585.833333333333,,1,0.0,32500.0,
Reborn + Harmony,hero,7.0,2896.428571428572,,1,0.0,37500.0,
Reborn + Harmony,hero,8.0,2915.0,,1,0.0,42500.0,
Reborn + Harmony,hero,9.0,4497.5,,1,0.0,47500.0,
Reborn + Harmony,hero,10.0,6605.714285714285,,1,0.0,52500.0,
Reborn + Harmony,hero,11.0,7328.333333333333,,1,0.0,57500.0,
Reborn + Harmony,hero,12.0,7478.571428571428,,1,0.0,62500.0,
Reborn + Harmony,hero,13.0,7535.714285714285,,1,0.0,67500.0,
Reborn + Harmony,hero,14.0,7556.666666666667,,1,0.0,72500.0,
Reborn + Harmony,hero,15.0,7522.142857142857,,1,0.0,77500.0,
Reborn + Harmony,hero,16.0,7488.0,,1,0.0,82500.0,
Reborn + Harmony,hero,17.0,7538.0,,1,0.0,87500.0,
Reborn + Harmony,hero,18.0,7563.333333333333,,1,0.0,92500.0,
Reborn + Harmony,hero,19.0,7522.0,,1,0.0,97500.0,
Reborn + Harmony,jamesbond,0.0,44.44444444444444,,1,0.0,2500.0,
Reborn + Harmony,jamesbond,1.0,25.0,,1,0.0,7500.0,
Reborn + Harmony,jamesbond,2.0,6.25,,1,0.0,12500.0,
Reborn + Harmony,jamesbond,3.0,43.75,,1,0.0,17500.0,
Reborn + Harmony,jamesbond,4.0,37.5,,1,0.0,22500.0,
Reborn + Harmony,jamesbond,5.0,54.54545454545455,,1,0.0,27500.0,
Reborn + Harmony,jamesbond,6.0,61.11111111111112,,1,0.0,32500.0,
Reborn + Harmony,jamesbond,7.0,55.55555555555556,,1,0.0,37500.0,
Reborn + Harmony,jamesbond,8.0,100.0,,1,0.0,42500.0,
Reborn + Harmony,jamesbond,9.0,110.0,,1,0.0,47500.0,
Reborn + Harmony,jamesbond,10.0,225.0,,1,0.0,52500.0,
Reborn + Harmony,jamesbond,11.0,130.0,,1,0.0,57500.0,
Reborn + Harmony,jamesbond,12.0,156.25,,1,0.0,62500.0,
Reborn + Harmony,jamesbond,13.0,216.66666666666663,,1,0.0,67500.0,
Reborn + Harmony,jamesbond,14.0,216.66666666666663,,1,0.0,72500.0,
Reborn + Harmony,jamesbond,15.0,243.75,,1,0.0,77500.0,
Reborn + Harmony,jamesbond,16.0,192.8571428571429,,1,0.0,82500.0,
Reborn + Harmony,jamesbond,17.0,244.44444444444449,,1,0.0,87500.0,
Reborn + Harmony,jamesbond,18.0,264.2857142857143,,1,0.0,92500.0,
Reborn + Harmony,jamesbond,19.0,225.0,,1,0.0,97500.0,
Reborn + Harmony,kangaroo,0.0,20.0,,1,0.0,2500.0,
Reborn + Harmony,kangaroo,1.0,16.666666666666668,,1,0.0,7500.0,
Reborn + Harmony,kangaroo,2.0,111.11111111111111,,1,0.0,12500.0,
Reborn + Harmony,kangaroo,3.0,220.0,,1,0.0,17500.0,
Reborn + Harmony,kangaroo,4.0,80.0,,1,0.0,22500.0,
Reborn + Harmony,kangaroo,5.0,18.181818181818183,,1,0.0,27500.0,
Reborn + Harmony,kangaroo,6.0,92.3076923076923,,1,0.0,32500.0,
Reborn + Harmony,kangaroo,7.0,345.45454545454544,,1,0.0,37500.0,
Reborn + Harmony,kangaroo,8.0,622.2222222222222,,1,0.0,42500.0,
Reborn + Harmony,kangaroo,9.0,581.8181818181819,,1,0.0,47500.0,
Reborn + Harmony,kangaroo,10.0,580.0,,1,0.0,52500.0,
Reborn + Harmony,kangaroo,11.0,560.0,,1,0.0,57500.0,
Reborn + Harmony,kangaroo,12.0,545.4545454545455,,1,0.0,62500.0,
Reborn + Harmony,kangaroo,13.0,600.0,,1,0.0,67500.0,
Reborn + Harmony,kangaroo,14.0,581.8181818181819,,1,0.0,72500.0,
Reborn + Harmony,kangaroo,15.0,600.0,,1,0.0,77500.0,
Reborn + Harmony,kangaroo,16.0,600.0,,1,0.0,82500.0,
Reborn + Harmony,kangaroo,17.0,600.0,,1,0.0,87500.0,
Reborn + Harmony,kangaroo,18.0,563.6363636363636,,1,0.0,92500.0,
Reborn + Harmony,kangaroo,19.0,600.0,,1,0.0,97500.0,
Reborn + Harmony,krull,0.0,2446.6666666666665,,1,0.0,2500.0,
Reborn + Harmony,krull,1.0,1825.0,,1,0.0,7500.0,
Reborn + Harmony,krull,2.0,2507.5,,1,0.0,12500.0,
Reborn + Harmony,krull,3.0,2593.333333333333,,1,0.0,17500.0,
Reborn + Harmony,krull,4.0,4077.5,,1,0.0,22500.0,
Reborn + Harmony,krull,5.0,4753.333333333333,,1,0.0,27500.0,
Reborn + Harmony,krull,6.0,4142.5,,1,0.0,32500.0,
Reborn + Harmony,krull,7.0,4935.0,,1,0.0,37500.0,
Reborn + Harmony,krull,8.0,6050.0,,1,0.0,42500.0,
Reborn + Harmony,krull,9.0,6352.5,,1,0.0,47500.0,
Reborn + Harmony,krull,10.0,7282.5,,1,0.0,52500.0,
Reborn + Harmony,krull,11.0,6763.333333333333,,1,0.0,57500.0,
Reborn + Harmony,krull,12.0,7517.5,,1,0.0,62500.0,
Reborn + Harmony,krull,13.0,7880.0,,1,0.0,67500.0,
Reborn + Harmony,krull,14.0,8016.666666666667,,1,0.0,72500.0,
Reborn + Harmony,krull,15.0,6387.5,,1,0.0,77500.0,
Reborn + Harmony,krull,16.0,6973.333333333333,,1,0.0,82500.0,
Reborn + Harmony,krull,17.0,8550.0,,1,0.0,87500.0,
Reborn + Harmony,krull,18.0,10340.0,,1,0.0,92500.0,
Reborn + Harmony,krull,19.0,10776.666666666666,,1,0.0,97500.0,
Reborn + Harmony,kung_fu_master,0.0,525.0,,1,0.0,2500.0,
Reborn + Harmony,kung_fu_master,1.0,583.3333333333334,,1,0.0,7500.0,
Reborn + Harmony,kung_fu_master,2.0,1160.0,,1,0.0,12500.0,
Reborn + Harmony,kung_fu_master,3.0,5500.0,,1,0.0,17500.0,
Reborn + Harmony,kung_fu_master,4.0,12100.0,,1,0.0,22500.0,
Reborn + Harmony,kung_fu_master,5.0,27200.0,,1,0.0,27500.0,
Reborn + Harmony,kung_fu_master,6.0,36600.0,,1,0.0,32500.0,
Reborn + Harmony,kung_fu_master,7.0,41800.0,,1,0.0,37500.0,
Reborn + Harmony,kung_fu_master,8.0,20800.0,,1,0.0,42500.0,
Reborn + Harmony,kung_fu_master,9.0,43600.0,,1,0.0,47500.0,
Reborn + Harmony,kung_fu_master,10.0,26100.0,,1,0.0,52500.0,
Reborn + Harmony,kung_fu_master,11.0,16100.0,,1,0.0,57500.0,
Reborn + Harmony,kung_fu_master,12.0,18700.0,,1,0.0,62500.0,
Reborn + Harmony,kung_fu_master,13.0,12000.0,,1,0.0,67500.0,
Reborn + Harmony,kung_fu_master,14.0,20600.0,,1,0.0,72500.0,
Reborn + Harmony,kung_fu_master,15.0,43200.0,,1,0.0,77500.0,
Reborn + Harmony,kung_fu_master,16.0,21300.0,,1,0.0,82500.0,
Reborn + Harmony,kung_fu_master,17.0,19400.0,,1,0.0,87500.0,
Reborn + Harmony,kung_fu_master,18.0,52400.0,,1,0.0,92500.0,
Reborn + Harmony,kung_fu_master,19.0,23100.0,,1,0.0,97500.0,
Reborn + Harmony,ms_pacman,0.0,248.0,,1,0.0,2500.0,
Reborn + Harmony,ms_pacman,1.0,316.0,,1,0.0,7500.0,
Reborn + Harmony,ms_pacman,2.0,320.0,,1,0.0,12500.0,
Reborn + Harmony,ms_pacman,3.0,253.33333333333331,,1,0.0,17500.0,
Reborn + Harmony,ms_pacman,4.0,342.22222222222223,,1,0.0,22500.0,
Reborn + Harmony,ms_pacman,5.0,653.3333333333334,,1,0.0,27500.0,
Reborn + Harmony,ms_pacman,6.0,590.0,,1,0.0,32500.0,
Reborn + Harmony,ms_pacman,7.0,618.8888888888889,,1,0.0,37500.0,
Reborn + Harmony,ms_pacman,8.0,621.25,,1,0.0,42500.0,
Reborn + Harmony,ms_pacman,9.0,658.8888888888889,,1,0.0,47500.0,
Reborn + Harmony,ms_pacman,10.0,582.2222222222222,,1,0.0,52500.0,
Reborn + Harmony,ms_pacman,11.0,775.0,,1,0.0,57500.0,
Reborn + Harmony,ms_pacman,12.0,768.75,,1,0.0,62500.0,
Reborn + Harmony,ms_pacman,13.0,657.5,,1,0.0,67500.0,
Reborn + Harmony,ms_pacman,14.0,738.75,,1,0.0,72500.0,
Reborn + Harmony,ms_pacman,15.0,844.2857142857143,,1,0.0,77500.0,
Reborn + Harmony,ms_pacman,16.0,745.7142857142857,,1,0.0,82500.0,
Reborn + Harmony,ms_pacman,17.0,987.1428571428572,,1,0.0,87500.0,
Reborn + Harmony,ms_pacman,18.0,1044.2857142857142,,1,0.0,92500.0,
Reborn + Harmony,ms_pacman,19.0,1171.428571428571,,1,0.0,97500.0,
Reborn + Harmony,pong,0.0,-20.4,,1,0.0,2500.0,
Reborn + Harmony,pong,1.0,-20.0,,1,0.0,7500.0,
Reborn + Harmony,pong,2.0,-20.666666666666668,,1,0.0,12500.0,
Reborn + Harmony,pong,3.0,-21.0,,1,0.0,17500.0,
Reborn + Harmony,pong,4.0,-20.5,,1,0.0,22500.0,
Reborn + Harmony,pong,5.0,-20.6,,1,0.0,27500.0,
Reborn + Harmony,pong,6.0,-20.5,,1,0.0,32500.0,
Reborn + Harmony,pong,7.0,-15.333333333333334,,1,0.0,37500.0,
Reborn + Harmony,pong,8.0,-15.5,,1,0.0,42500.0,
Reborn + Harmony,pong,9.0,-13.5,,1,0.0,47500.0,
Reborn + Harmony,pong,10.0,-13.0,,1,0.0,52500.0,
Reborn + Harmony,pong,11.0,-11.0,,1,0.0,57500.0,
Reborn + Harmony,pong,12.0,-14.0,,1,0.0,62500.0,
Reborn + Harmony,pong,13.0,-11.5,,1,0.0,67500.0,
Reborn + Harmony,pong,14.0,-10.0,,1,0.0,72500.0,
Reborn + Harmony,pong,15.0,-11.0,,1,0.0,77500.0,
Reborn + Harmony,pong,16.0,-5.5,,1,0.0,82500.0,
Reborn + Harmony,pong,17.0,-3.0,,1,0.0,87500.0,
Reborn + Harmony,pong,18.0,-5.0,,1,0.0,92500.0,
Reborn + Harmony,pong,19.0,-2.0,,1,0.0,97500.0,
Reborn + Harmony,private_eye,0.0,100.0,,1,0.0,2500.0,
Reborn + Harmony,private_eye,1.0,-450.0,,1,0.0,7500.0,
Reborn + Harmony,private_eye,2.0,1600.0,,1,0.0,12500.0,
Reborn + Harmony,private_eye,3.0,1902.0,,1,0.0,17500.0,
Reborn + Harmony,private_eye,4.0,1582.0,,1,0.0,22500.0,
Reborn + Harmony,private_eye,5.0,2071.5,,1,0.0,27500.0,
Reborn + Harmony,private_eye,6.0,4264.0,,1,0.0,32500.0,
Reborn + Harmony,private_eye,7.0,1945.5,,1,0.0,37500.0,
Reborn + Harmony,private_eye,8.0,1893.0,,1,0.0,42500.0,
Reborn + Harmony,private_eye,9.0,50.0,,1,0.0,47500.0,
Reborn + Harmony,private_eye,10.0,2020.5,,1,0.0,52500.0,
Reborn + Harmony,private_eye,11.0,-262.5,,1,0.0,57500.0,
Reborn + Harmony,private_eye,12.0,4000.0,,1,0.0,62500.0,
Reborn + Harmony,private_eye,13.0,4100.0,,1,0.0,67500.0,
Reborn + Harmony,private_eye,14.0,2000.0,,1,0.0,72500.0,
Reborn + Harmony,private_eye,15.0,4300.0,,1,0.0,77500.0,
Reborn + Harmony,private_eye,16.0,3817.0,,1,0.0,82500.0,
Reborn + Harmony,private_eye,17.0,3194.0,,1,0.0,87500.0,
Reborn + Harmony,private_eye,18.0,1958.5,,1,0.0,92500.0,
Reborn + Harmony,private_eye,19.0,3864.5,,1,0.0,97500.0,
Reborn + Harmony,qbert,0.0,121.66666666666669,,1,0.0,2500.0,
Reborn + Harmony,qbert,1.0,89.0625,,1,0.0,7500.0,
Reborn + Harmony,qbert,2.0,217.1875,,1,0.0,12500.0,
Reborn + Harmony,qbert,3.0,305.0,,1,0.0,17500.0,
Reborn + Harmony,qbert,4.0,328.125,,1,0.0,22500.0,
Reborn + Harmony,qbert,5.0,319.11764705882354,,1,0.0,27500.0,
Reborn + Harmony,qbert,6.0,350.0,,1,0.0,32500.0,
Reborn + Harmony,qbert,7.0,378.84615384615387,,1,0.0,37500.0,
Reborn + Harmony,qbert,8.0,376.9230769230769,,1,0.0,42500.0,
Reborn + Harmony,qbert,9.0,398.0769230769231,,1,0.0,47500.0,
Reborn + Harmony,qbert,10.0,398.0769230769231,,1,0.0,52500.0,
Reborn + Harmony,qbert,11.0,407.6923076923077,,1,0.0,57500.0,
Reborn + Harmony,qbert,12.0,425.0,,1,0.0,62500.0,
Reborn + Harmony,qbert,13.0,420.8333333333333,,1,0.0,67500.0,
Reborn + Harmony,qbert,14.0,431.25,,1,0.0,72500.0,
Reborn + Harmony,qbert,15.0,414.5833333333333,,1,0.0,77500.0,
Reborn + Harmony,qbert,16.0,459.09090909090907,,1,0.0,82500.0,
Reborn + Harmony,qbert,17.0,438.46153846153845,,1,0.0,87500.0,
Reborn + Harmony,qbert,18.0,515.9090909090909,,1,0.0,92500.0,
Reborn + Harmony,qbert,19.0,475.0,,1,0.0,97500.0,
Reborn + Harmony,road_runner,0.0,15.384615384615383,,1,0.0,2500.0,
Reborn + Harmony,road_runner,1.0,284.61538461538464,,1,0.0,7500.0,
Reborn + Harmony,road_runner,2.0,700.0,,1,0.0,12500.0,
Reborn + Harmony,road_runner,3.0,1066.6666666666667,,1,0.0,17500.0,
Reborn + Harmony,road_runner,4.0,966.6666666666666,,1,0.0,22500.0,
Reborn + Harmony,road_runner,5.0,966.6666666666666,,1,0.0,27500.0,
Reborn + Harmony,road_runner,6.0,940.0,,1,0.0,32500.0,
Reborn + Harmony,road_runner,7.0,916.6666666666666,,1,0.0,37500.0,
Reborn + Harmony,road_runner,8.0,900.0,,1,0.0,42500.0,
Reborn + Harmony,road_runner,9.0,950.0,,1,0.0,47500.0,
Reborn + Harmony,road_runner,10.0,1814.2857142857144,,1,0.0,52500.0,
Reborn + Harmony,road_runner,11.0,1680.0,,1,0.0,57500.0,
Reborn + Harmony,road_runner,12.0,2575.0,,1,0.0,62500.0,
Reborn + Harmony,road_runner,13.0,6128.571428571428,,1,0.0,67500.0,
Reborn + Harmony,road_runner,14.0,6100.0,,1,0.0,72500.0,
Reborn + Harmony,road_runner,15.0,7442.857142857143,,1,0.0,77500.0,
Reborn + Harmony,road_runner,16.0,14020.0,,1,0.0,82500.0,
Reborn + Harmony,road_runner,17.0,12120.0,,1,0.0,87500.0,
Reborn + Harmony,road_runner,18.0,14040.0,,1,0.0,92500.0,
Reborn + Harmony,road_runner,19.0,15600.0,,1,0.0,97500.0,
Reborn + Harmony,seaquest,0.0,40.0,,1,0.0,2500.0,
Reborn + Harmony,seaquest,1.0,68.88888888888889,,1,0.0,7500.0,
Reborn + Harmony,seaquest,2.0,228.0,,1,0.0,12500.0,
Reborn + Harmony,seaquest,3.0,280.0,,1,0.0,17500.0,
Reborn + Harmony,seaquest,4.0,174.28571428571428,,1,0.0,22500.0,
Reborn + Harmony,seaquest,5.0,240.0,,1,0.0,27500.0,
Reborn + Harmony,seaquest,6.0,150.0,,1,0.0,32500.0,
Reborn + Harmony,seaquest,7.0,260.0,,1,0.0,37500.0,
Reborn + Harmony,seaquest,8.0,288.0,,1,0.0,42500.0,
Reborn + Harmony,seaquest,9.0,296.6666666666667,,1,0.0,47500.0,
Reborn + Harmony,seaquest,10.0,328.0,,1,0.0,52500.0,
Reborn + Harmony,seaquest,11.0,236.0,,1,0.0,57500.0,
Reborn + Harmony,seaquest,12.0,316.0,,1,0.0,62500.0,
Reborn + Harmony,seaquest,13.0,246.66666666666663,,1,0.0,67500.0,
Reborn + Harmony,seaquest,14.0,253.33333333333331,,1,0.0,72500.0,
Reborn + Harmony,seaquest,15.0,272.0,,1,0.0,77500.0,
Reborn + Harmony,seaquest,16.0,400.0,,1,0.0,82500.0,
Reborn + Harmony,seaquest,17.0,332.0,,1,0.0,87500.0,
Reborn + Harmony,seaquest,18.0,340.0,,1,0.0,92500.0,
Reborn + Harmony,seaquest,19.0,268.57142857142856,,1,0.0,97500.0,
Reborn + Harmony,up_n_down,0.0,454.44444444444446,,1,0.0,2500.0,
Reborn + Harmony,up_n_down,1.0,1607.5,,1,0.0,7500.0,
Reborn + Harmony,up_n_down,2.0,1375.0,,1,0.0,12500.0,
Reborn + Harmony,up_n_down,3.0,1915.555555555556,,1,0.0,17500.0,
Reborn + Harmony,up_n_down,4.0,2485.555555555556,,1,0.0,22500.0,
Reborn + Harmony,up_n_down,5.0,2688.75,,1,0.0,27500.0,
Reborn + Harmony,up_n_down,6.0,2992.8571428571427,,1,0.0,32500.0,
Reborn + Harmony,up_n_down,7.0,2761.428571428572,,1,0.0,37500.0,
Reborn + Harmony,up_n_down,8.0,5825.0,,1,0.0,42500.0,
Reborn + Harmony,up_n_down,9.0,3834.0,,1,0.0,47500.0,
Reborn + Harmony,up_n_down,10.0,3785.0,,1,0.0,52500.0,
Reborn + Harmony,up_n_down,11.0,5220.0,,1,0.0,57500.0,
Reborn + Harmony,up_n_down,12.0,34910.0,,1,0.0,62500.0,
Reborn + Harmony,up_n_down,14.0,60540.0,,1,0.0,72500.0,
Reborn + Harmony,up_n_down,19.0,242470.0,,1,0.0,97500.0,
CoRe-WM old,alien,0.0,207.57142857142858,45.0725039491362,5,20.15703654927925,2500.0,
CoRe-WM old,alien,1.0,219.2142857142857,63.226592829412574,5,28.275791910453457,7500.0,
CoRe-WM old,alien,2.0,233.17857142857142,51.77961786775383,5,23.156549080252052,12500.0,
CoRe-WM old,alien,3.0,231.65079365079364,34.46046003202137,5,15.411186233502873,17500.0,
CoRe-WM old,alien,4.0,236.365873015873,39.508142214097745,5,17.66857833109032,22500.0,
CoRe-WM old,alien,5.0,235.7666666666667,42.26037019346717,5,18.899412101379703,27500.0,
CoRe-WM old,alien,6.0,278.29761904761904,39.937061729637485,5,17.860396969814946,32500.0,
CoRe-WM old,alien,7.0,347.06111111111113,105.26245197740882,5,47.074799619958654,37500.0,
CoRe-WM old,alien,8.0,352.94444444444446,31.50274336476385,5,14.088455128268484,42500.0,
CoRe-WM old,alien,9.0,382.33333333333337,38.077269757983196,5,17.028672715289478,47500.0,
CoRe-WM old,alien,10.0,402.80555555555554,47.02331474523705,5,21.02946565954365,52500.0,
CoRe-WM old,alien,11.0,422.4246031746032,86.51230329738712,5,38.68947821260736,57500.0,
CoRe-WM old,alien,12.0,470.83730158730157,194.47278370987408,5,86.97087282977843,62500.0,
CoRe-WM old,alien,13.0,461.13888888888886,72.78900199706267,5,32.55223129596001,67500.0,
CoRe-WM old,alien,14.0,495.8712121212121,164.15613424671474,5,73.41285501984707,72500.0,
CoRe-WM old,alien,15.0,436.9079365079365,62.37633308152543,5,27.895544191491958,77500.0,
CoRe-WM old,alien,16.0,512.4285714285713,174.84121075876774,5,78.19136650499445,82500.0,
CoRe-WM old,alien,17.0,490.9523809523809,65.8330343382324,5,29.4414279890731,87500.0,
CoRe-WM old,alien,18.0,505.6,145.77962120675053,5,65.19462855049282,92500.0,
CoRe-WM old,alien,19.0,556.45,157.01815181691578,5,70.22065223280116,97500.0,
CoRe-WM old,amidar,0.0,1.675,0.9706634329158588,5,0.4340938838546334,2500.0,
CoRe-WM old,amidar,1.0,3.188888888888889,1.9251422907167597,5,0.8609498056804673,7500.0,
CoRe-WM old,amidar,2.0,19.050396825396824,14.72902628570602,5,6.58702080344398,12500.0,
CoRe-WM old,amidar,3.0,25.94981684981685,15.1005103309667,5,6.753153518995877,17500.0,
CoRe-WM old,amidar,4.0,37.480000000000004,5.627815961809698,5,2.5168358110929687,22500.0,
CoRe-WM old,amidar,5.0,51.47142857142857,9.579101402191617,5,4.283904379732801,27500.0,
CoRe-WM old,amidar,6.0,61.53809523809524,12.284488997361828,5,5.493790493389857,32500.0,
CoRe-WM old,amidar,7.0,61.25238095238095,6.774460174626193,5,3.0296306922658527,37500.0,
CoRe-WM old,amidar,8.0,68.15238095238095,16.580872719373204,5,7.415191705358056,42500.0,
CoRe-WM old,amidar,9.0,66.16428571428571,8.046554196597167,5,3.5985284336454946,47500.0,
CoRe-WM old,amidar,10.0,76.7104761904762,13.859477139342728,5,6.198146603234933,52500.0,
CoRe-WM old,amidar,11.0,70.8797619047619,7.295963748411899,5,3.2628541805646356,57500.0,
CoRe-WM old,amidar,12.0,79.85,10.32872208939712,5,4.6191449425191236,62500.0,
CoRe-WM old,amidar,13.0,78.34880952380952,10.669764975724075,5,4.771663957933085,67500.0,
CoRe-WM old,amidar,14.0,94.25238095238095,19.961049088803517,5,8.92685253295498,72500.0,
CoRe-WM old,amidar,15.0,95.2752380952381,15.362918220046204,5,6.8705058945586766,77500.0,
CoRe-WM old,amidar,16.0,97.32095238095238,20.746832012351984,5,9.278265339477558,82500.0,
CoRe-WM old,amidar,17.0,95.64642857142857,18.727183585508826,5,8.375051104863196,87500.0,
CoRe-WM old,amidar,18.0,118.0445238095238,28.229505333460626,5,12.624618579362165,92500.0,
CoRe-WM old,amidar,19.0,113.25309523809524,25.846036590284083,5,11.558698952964418,97500.0,
CoRe-WM old,assault,0.0,255.38333333333335,34.6621015624013,5,15.501363067306192,2500.0,
CoRe-WM old,assault,1.0,228.75,31.94661073572594,5,14.286958651161553,7500.0,
CoRe-WM old,assault,2.0,292.3333333333333,76.3430670649856,5,34.14165751362663,12500.0,
CoRe-WM old,assault,3.0,467.91,117.52878583564113,5,52.560470888301595,17500.0,
CoRe-WM old,assault,4.0,404.35,85.00213232619521,5,38.014109222760965,22500.0,
CoRe-WM old,assault,5.0,428.7,37.5393127267935,5,16.788091017146648,27500.0,
CoRe-WM old,assault,6.0,485.06000000000006,88.1825833143938,5,39.43645014450465,32500.0,
CoRe-WM old,assault,7.0,484.26000000000005,87.83173116818317,5,39.27954429470891,37500.0,
CoRe-WM old,assault,8.0,558.13,59.73719109566503,5,26.715284014960428,42500.0,
CoRe-WM old,assault,9.0,515.0600000000001,67.10222052957711,5,30.00902530906327,47500.0,
CoRe-WM old,assault,10.0,574.42,53.364613743566046,5,23.86538078472664,52500.0,
CoRe-WM old,assault,11.0,583.92,51.91543123195643,5,23.217286663174047,57500.0,
CoRe-WM old,assault,12.0,599.38,50.36339940869758,5,22.5231969311641,62500.0,
CoRe-WM old,assault,13.0,585.24,67.54526630342055,5,30.207161402554853,67500.0,
CoRe-WM old,assault,14.0,575.225,69.33954048737273,5,31.009585211672864,72500.0,
CoRe-WM old,assault,15.0,550.2149999999999,59.507876579491565,5,26.61273144568216,77500.0,
CoRe-WM old,assault,16.0,606.8199999999999,71.03088764755795,5,31.765978656417936,82500.0,
CoRe-WM old,assault,17.0,628.2,34.667852543819336,5,15.503934984383807,87500.0,
CoRe-WM old,assault,18.0,612.8,65.9285598204602,5,29.484148283442064,92500.0,
CoRe-WM old,assault,19.0,634.5600000000001,58.188340756546765,5,26.02261708591202,97500.0,
CoRe-WM old,asterix,0.0,268.2836257309942,40.17814595013082,5,17.968213110880075,2500.0,
CoRe-WM old,asterix,1.0,288.00689223057645,33.84027384785435,5,15.133830540202139,7500.0,
CoRe-WM old,asterix,2.0,256.30769230769226,25.798867142919054,5,11.537604134810557,12500.0,
CoRe-WM old,asterix,3.0,208.93796992481202,25.964422841950544,5,11.611642894229938,17500.0,
CoRe-WM old,asterix,4.0,214.383430295195,68.23365581939406,5,30.515018553097843,22500.0,
CoRe-WM old,asterix,5.0,243.4871794871795,34.33389823552428,5,15.354586077438475,27500.0,
CoRe-WM old,asterix,6.0,223.13150901386197,23.696888341292382,5,10.597570637270401,32500.0,
CoRe-WM old,asterix,7.0,264.4719079939668,40.63808579131935,5,18.173904460971677,37500.0,
CoRe-WM old,asterix,8.0,293.28571428571433,73.93266311130115,5,33.0636920948921,42500.0,
CoRe-WM old,asterix,9.0,327.1550671550672,31.13296183945312,5,13.923083802784813,47500.0,
CoRe-WM old,asterix,10.0,352.2559523809524,59.93036899937595,5,26.801675799850134,52500.0,
CoRe-WM old,asterix,11.0,439.2083333333333,110.45522125629817,5,49.397076639772486,57500.0,
CoRe-WM old,asterix,12.0,369.29038281979456,52.04581586492244,5,23.275596443680715,62500.0,
CoRe-WM old,asterix,13.0,413.2893772893773,54.15470887551547,5,24.218722069472754,67500.0,
CoRe-WM old,asterix,14.0,442.63049450549454,41.45942838685303,5,18.541220036257563,72500.0,
CoRe-WM old,asterix,15.0,445.6410256410257,42.429189830666104,5,18.97491053832244,77500.0,
CoRe-WM old,asterix,16.0,515.3874458874459,97.25360249286973,5,43.49313324615994,82500.0,
CoRe-WM old,asterix,17.0,505.84432234432234,69.89784702913182,5,31.259267487604095,87500.0,
CoRe-WM old,asterix,18.0,531.547619047619,57.40268310114855,5,25.671260301009315,92500.0,
CoRe-WM old,asterix,19.0,516.6071428571429,50.205254725385274,5,22.4524724787308,97500.0,
CoRe-WM old,bank_heist,0.0,17.383333333333333,5.416894582099623,5,2.4225089025050144,2500.0,
CoRe-WM old,bank_heist,1.0,11.088888888888889,3.0147784145586702,5,1.3482498944104455,7500.0,
CoRe-WM old,bank_heist,2.0,11.635714285714286,2.8162701487997217,5,1.259474299143925,12500.0,
CoRe-WM old,bank_heist,3.0,8.2,6.564212739459994,5,2.9356051808405326,17500.0,
CoRe-WM old,bank_heist,4.0,9.495238095238095,9.16858977971819,5,4.100318001051939,22500.0,
CoRe-WM old,bank_heist,5.0,14.247619047619049,6.331847301493705,5,2.831688197857706,27500.0,
CoRe-WM old,bank_heist,6.0,15.142857142857142,4.261173121557265,5,1.9056545527394038,32500.0,
CoRe-WM old,bank_heist,7.0,13.564285714285713,3.711571810718802,5,1.6598653744278447,37500.0,
CoRe-WM old,bank_heist,8.0,18.785714285714285,10.640752961269536,5,4.758689390636174,42500.0,
CoRe-WM old,bank_heist,9.0,17.11111111111111,4.683666127624996,5,2.094599169056539,47500.0,
CoRe-WM old,bank_heist,10.0,15.916666666666668,6.7340346169456415,5,3.0115518332654423,52500.0,
CoRe-WM old,bank_heist,11.0,18.685714285714287,8.021908775856483,5,3.587506666423444,57500.0,
CoRe-WM old,bank_heist,12.0,17.885714285714286,5.3931173068749665,5,2.411875381760604,62500.0,
CoRe-WM old,bank_heist,13.0,21.98412698412698,4.3214814082796105,5,1.9326252384829463,67500.0,
CoRe-WM old,bank_heist,14.0,20.289682539682538,6.31329127812179,5,2.8233896919273707,72500.0,
CoRe-WM old,bank_heist,15.0,19.623015873015873,2.2474124983562103,5,1.005073423961424,77500.0,
CoRe-WM old,bank_heist,16.0,26.608730158730157,6.8873455315271865,5,3.080114558604842,82500.0,
CoRe-WM old,bank_heist,17.0,22.23095238095238,4.858598638046118,5,2.172831366011803,87500.0,
CoRe-WM old,bank_heist,18.0,22.785714285714285,8.014456007867334,5,3.5841736872545895,92500.0,
CoRe-WM old,bank_heist,19.0,28.75,11.110243021644486,5,4.968651728587948,97500.0,
CoRe-WM old,battle_zone,0.0,2760.0,952.2342148862327,5,425.8520869973517,2500.0,
CoRe-WM old,battle_zone,1.0,2850.0,1930.6734576307822,5,863.4234187233977,7500.0,
CoRe-WM old,battle_zone,2.0,2280.0,594.3483826847685,5,265.80067720004024,12500.0,
CoRe-WM old,battle_zone,3.0,2570.0,1223.5195135346228,5,547.1745608121781,17500.0,
CoRe-WM old,battle_zone,4.0,3200.0,1890.7670401189037,5,845.5767262643881,22500.0,
CoRe-WM old,battle_zone,5.0,2550.0,1350.9256086106298,5,604.1522986797287,27500.0,
CoRe-WM old,battle_zone,6.0,3037.5,1404.3830199296297,4,702.1915099648148,32500.0,
CoRe-WM old,battle_zone,7.0,3400.0,2460.380503544568,5,1100.3156112881632,37500.0,
CoRe-WM old,battle_zone,8.0,3186.666666666667,1996.3299660460277,5,892.785901919753,42500.0,
CoRe-WM old,battle_zone,9.0,1920.0,1199.2706116636061,5,536.330122219515,47500.0,
CoRe-WM old,battle_zone,10.0,2983.3333333333335,1155.3017883748914,5,516.6666666666666,52500.0,
CoRe-WM old,battle_zone,11.0,2310.0,1848.0319862551682,5,826.4650291721026,57500.0,
CoRe-WM old,battle_zone,12.0,4020.0,3394.73448478997,5,1518.1714147106197,62500.0,
CoRe-WM old,battle_zone,13.0,3270.0,1373.580074921816,5,614.283684012887,67500.0,
CoRe-WM old,battle_zone,14.0,5633.333333333333,3944.757421073077,5,1764.1491496532321,72500.0,
CoRe-WM old,battle_zone,15.0,5243.333333333333,3409.883510555098,5,1524.9462649913642,77500.0,
CoRe-WM old,battle_zone,16.0,3950.0,1680.7736313971611,5,751.6648189186454,82500.0,
CoRe-WM old,battle_zone,17.0,4366.666666666666,2784.879809894056,5,1245.43611281796,87500.0,
CoRe-WM old,battle_zone,18.0,9883.333333333332,4156.487566309911,5,1858.837749180325,92500.0,
CoRe-WM old,battle_zone,19.0,10266.666666666666,6778.591708869591,5,3031.4783705497734,97500.0,
CoRe-WM old,boxing,0.0,-0.3,5.506813960903346,5,2.4627220712049502,2500.0,
CoRe-WM old,boxing,1.0,-0.8,1.9522067285795095,5,0.8730533902472529,7500.0,
CoRe-WM old,boxing,2.0,-5.333333333333334,10.082988974836116,5,4.509249752822894,12500.0,
CoRe-WM old,boxing,3.0,-4.333333333333333,8.422852512328852,5,3.7668141564044397,17500.0,
CoRe-WM old,boxing,4.0,12.133333333333335,12.540157716534331,5,5.60812902054786,22500.0,
CoRe-WM old,boxing,5.0,13.266666666666666,13.348741097530091,5,5.969738501624486,27500.0,
CoRe-WM old,boxing,6.0,24.966666666666665,14.527942425240786,5,6.49709336720831,32500.0,
CoRe-WM old,boxing,7.0,35.13333333333334,23.95319510118756,5,10.712194504914068,37500.0,
CoRe-WM old,boxing,8.0,47.46666666666667,17.77508009045873,5,7.949257477553766,42500.0,
CoRe-WM old,boxing,9.0,48.83333333333333,6.6643225045344625,5,2.9803756288241416,47500.0,
CoRe-WM old,boxing,10.0,44.63333333333334,3.2326459750489236,5,1.4456832294800963,52500.0,
CoRe-WM old,boxing,11.0,58.29333333333333,4.71135743590835,5,2.1069830985980356,57500.0,
CoRe-WM old,boxing,12.0,59.60952380952381,7.387043377694864,5,3.303586229053074,62500.0,
CoRe-WM old,boxing,13.0,66.16,9.05451544810654,5,4.049302409057638,67500.0,
CoRe-WM old,boxing,14.0,66.4557142857143,5.741000943801937,5,2.567453673846316,72500.0,
CoRe-WM old,boxing,15.0,68.28507936507937,6.544435166250075,5,2.926760381215061,77500.0,
CoRe-WM old,boxing,16.0,68.23174603174604,4.524082420061797,5,2.023231165413987,82500.0,
CoRe-WM old,boxing,17.0,69.01166666666667,13.82239867920592,5,6.181564611761549,87500.0,
CoRe-WM old,boxing,18.0,73.37785714285715,4.550347878605164,5,2.0349774355666215,92500.0,
CoRe-WM old,boxing,19.0,73.42833333333333,2.869043346173463,5,1.2830751904874647,97500.0,
CoRe-WM old,breakout,0.0,1.3008205128205126,0.35056292654502524,5,0.15677650682918837,2500.0,
CoRe-WM old,breakout,1.0,1.2914720496894412,0.20686153524728193,5,0.09251129094857823,7500.0,
CoRe-WM old,breakout,2.0,1.5476107226107225,0.4358290469331174,5,0.19490867510227936,12500.0,
CoRe-WM old,breakout,3.0,1.8506944444444444,1.1175378373465639,4,0.5587689186732819,17500.0,
CoRe-WM old,breakout,4.0,2.1785752259436473,1.4237673488831364,5,0.6367281152494704,22500.0,
CoRe-WM old,breakout,5.0,2.848548644338118,2.4532906338385927,5,1.0971449251653278,27500.0,
CoRe-WM old,breakout,6.0,2.720909090909091,1.858861955228263,5,0.8313083385357133,32500.0,
CoRe-WM old,breakout,7.0,3.3889355742296923,1.5553036521931365,5,0.6955529383915086,37500.0,
CoRe-WM old,breakout,8.0,3.847199858964565,1.236932747922497,5,0.5531731415900629,42500.0,
CoRe-WM old,breakout,9.0,3.7612452605873656,0.9518158829551212,5,0.42566500327032686,47500.0,
CoRe-WM old,breakout,10.0,3.9370168067226894,1.421663044497374,5,0.6357870417190873,52500.0,
CoRe-WM old,breakout,11.0,3.888114035087719,1.2742620066184325,5,0.5698672935888204,57500.0,
CoRe-WM old,breakout,12.0,4.575294117647059,1.3898811942020584,5,0.6215737661768778,62500.0,
CoRe-WM old,breakout,13.0,5.552142857142857,2.0361083578478723,5,0.9105753395406619,67500.0,
CoRe-WM old,breakout,14.0,4.882399626517274,1.7483475819263135,5,0.7818848082969239,72500.0,
CoRe-WM old,breakout,15.0,4.865821678321678,1.2684163578208925,5,0.5672530399720425,77500.0,
CoRe-WM old,breakout,16.0,5.5376068376068375,1.452772230822753,5,0.6496994927887382,82500.0,
CoRe-WM old,breakout,17.0,5.640896358543417,1.249157064998429,5,0.5586400223821221,87500.0,
CoRe-WM old,breakout,18.0,6.477447552447552,1.3385328276021968,5,0.5986100785267038,92500.0,
CoRe-WM old,breakout,19.0,6.177575757575758,1.3668104473181613,5,0.6112562145120607,97500.0,
CoRe-WM old,chopper_command,0.0,756.6666666666666,151.31369182375178,5,67.66954016887262,2500.0,
CoRe-WM old,chopper_command,1.0,802.2857142857143,89.58862901607318,5,40.06525289818995,7500.0,
CoRe-WM old,chopper_command,2.0,826.0952380952382,88.65996598894569,5,39.64994216682038,12500.0,
CoRe-WM old,chopper_command,3.0,531.4774114774115,128.6575944994064,5,57.537425424455144,17500.0,
CoRe-WM old,chopper_command,4.0,643.6904761904761,132.34583295719514,5,59.18685580622407,22500.0,
CoRe-WM old,chopper_command,5.0,682.6111111111111,86.79113213505138,5,38.81417425962827,27500.0,
CoRe-WM old,chopper_command,6.0,683.0757575757576,151.87698839897482,5,67.92145405561092,32500.0,
CoRe-WM old,chopper_command,7.0,826.3571428571429,92.43875523495409,5,41.33986809216437,37500.0,
CoRe-WM old,chopper_command,8.0,872.7222222222223,214.49880571770322,5,95.92678213546098,42500.0,
CoRe-WM old,chopper_command,9.0,769.9141414141415,196.98462097049062,5,88.09420060240951,47500.0,
CoRe-WM old,chopper_command,10.0,857.8787878787878,144.50870930357536,5,64.62625946871016,52500.0,
CoRe-WM old,chopper_command,11.0,862.560606060606,111.10251286749963,5,49.68655424855485,57500.0,
CoRe-WM old,chopper_command,12.0,968.6616161616163,93.38332964445063,5,41.76229461005257,62500.0,
CoRe-WM old,chopper_command,13.0,872.3924963924965,147.57548575168013,5,65.99776359066168,67500.0,
CoRe-WM old,chopper_command,14.0,942.987012987013,195.1815508293483,5,87.28784312165065,72500.0,
CoRe-WM old,chopper_command,15.0,925.7777777777777,190.31228397583473,5,85.11024078464207,77500.0,
CoRe-WM old,chopper_command,16.0,995.4343434343434,122.25259243678443,5,54.67302142284532,82500.0,
CoRe-WM old,chopper_command,17.0,1073.556166056166,216.0430108467566,5,96.61737166341443,87500.0,
CoRe-WM old,chopper_command,18.0,992.939393939394,181.27081749295397,5,81.06677405024061,92500.0,
CoRe-WM old,chopper_command,19.0,1242.8571428571427,390.18572239279047,5,174.49635982402827,97500.0,
CoRe-WM old,crazy_climber,0.0,8100.0,2107.1307505705477,5,942.3375191511797,2500.0,
CoRe-WM old,crazy_climber,1.0,7120.0,1439.878467093664,5,643.9332263519253,7500.0,
CoRe-WM old,crazy_climber,2.0,14310.0,5204.373161102113,5,2327.4664336999576,12500.0,
CoRe-WM old,crazy_climber,3.0,11000.0,0.0,5,0.0,17500.0,
CoRe-WM old,crazy_climber,4.0,23450.0,4858.754984561375,5,2172.901286299035,22500.0,
CoRe-WM old,crazy_climber,5.0,23810.0,5287.532505810248,5,2364.6564232463033,27500.0,
CoRe-WM old,crazy_climber,6.0,26990.0,5752.108309133269,5,2572.4210386326727,32500.0,
CoRe-WM old,crazy_climber,7.0,27970.0,6072.540654454278,5,2715.7227398981654,37500.0,
CoRe-WM old,crazy_climber,8.0,41920.0,11846.761160756134,5,5298.032653731006,42500.0,
CoRe-WM old,crazy_climber,9.0,35660.0,4345.457398249348,5,1943.3476271629836,47500.0,
CoRe-WM old,crazy_climber,10.0,52260.0,23353.008371513937,5,10443.782839565365,52500.0,
CoRe-WM old,crazy_climber,11.0,39160.0,12016.10377784746,5,5373.76497439179,57500.0,
CoRe-WM old,crazy_climber,12.0,53990.0,20760.37090227436,5,9284.320115118822,62500.0,
CoRe-WM old,crazy_climber,13.0,47580.0,10359.210877282112,5,4632.779942971607,67500.0,
CoRe-WM old,crazy_climber,14.0,63490.0,28779.862751583787,5,12870.745899131098,72500.0,
CoRe-WM old,crazy_climber,15.0,47610.0,16499.350155553268,5,7378.733706477767,77500.0,
CoRe-WM old,crazy_climber,16.0,41240.0,11484.413350276103,5,5135.985786584693,82500.0,
CoRe-WM old,crazy_climber,17.0,60100.0,13588.41418267783,5,6076.923563777975,87500.0,
CoRe-WM old,crazy_climber,18.0,56710.0,24360.069786435342,5,10894.15439582164,92500.0,
CoRe-WM old,crazy_climber,19.0,52400.0,24091.570102423793,5,10774.077686744235,97500.0,
CoRe-WM old,demon_attack,0.0,169.0,41.270617743000756,5,18.456781349351726,2500.0,
CoRe-WM old,demon_attack,1.0,195.9047619047619,96.04647991391914,5,42.953291617418266,7500.0,
CoRe-WM old,demon_attack,2.0,208.83333333333331,28.134103464972508,5,12.58195356673818,12500.0,
CoRe-WM old,demon_attack,3.0,201.75,64.2101043450328,5,28.71563163156959,17500.0,
CoRe-WM old,demon_attack,4.0,276.1,86.2588038985007,5,38.57610983497428,22500.0,
CoRe-WM old,demon_attack,5.0,286.73333333333335,152.46409413366808,5,68.18401572216175,27500.0,
CoRe-WM old,demon_attack,6.0,328.42857142857144,309.55837032325303,5,138.43871180936947,32500.0,
CoRe-WM old,demon_attack,7.0,323.6833333333333,193.2190610565002,5,86.41019101420335,37500.0,
CoRe-WM old,demon_attack,8.0,313.58333333333337,310.9329599054361,5,139.05344695875434,42500.0,
CoRe-WM old,demon_attack,9.0,286.7,52.98802930851457,5,23.69696710551795,47500.0,
CoRe-WM old,demon_attack,10.0,188.33333333333331,35.537734249042316,5,15.89295790943621,52500.0,
CoRe-WM old,demon_attack,11.0,332.48809523809524,196.07286696786412,5,87.68645181668344,57500.0,
CoRe-WM old,demon_attack,12.0,351.8666666666667,211.19666979697698,5,94.45002205752344,62500.0,
CoRe-WM old,demon_attack,13.0,258.35714285714283,114.20534128193945,5,51.074181299995914,67500.0,
CoRe-WM old,demon_attack,14.0,186.95238095238096,60.69634422116425,5,27.144230332849958,72500.0,
CoRe-WM old,demon_attack,15.0,236.2583333333333,33.611681583772175,5,15.031600971878474,77500.0,
CoRe-WM old,demon_attack,16.0,189.0,30.60387593462995,5,13.686469392960495,82500.0,
CoRe-WM old,demon_attack,17.0,217.86111111111114,91.51922064196995,5,40.92863972064935,87500.0,
CoRe-WM old,demon_attack,18.0,203.21428571428572,53.23292525369763,5,23.806487901686626,92500.0,
CoRe-WM old,demon_attack,19.0,337.43333333333334,186.27941974953168,5,83.30668907383394,97500.0,
CoRe-WM old,freeway,0.0,0.0,0.0,5,0.0,2500.0,
CoRe-WM old,freeway,1.0,0.0,0.0,5,0.0,7500.0,
CoRe-WM old,freeway,2.0,0.0,0.0,5,0.0,12500.0,
CoRe-WM old,freeway,3.0,0.0,0.0,5,0.0,17500.0,
CoRe-WM old,freeway,4.0,0.0,0.0,5,0.0,22500.0,
CoRe-WM old,freeway,5.0,0.0,0.0,5,0.0,27500.0,
CoRe-WM old,freeway,6.0,0.0,0.0,5,0.0,32500.0,
CoRe-WM old,freeway,7.0,0.0,0.0,5,0.0,37500.0,
CoRe-WM old,freeway,8.0,0.0,0.0,5,0.0,42500.0,
CoRe-WM old,freeway,9.0,0.0,0.0,5,0.0,47500.0,
CoRe-WM old,freeway,10.0,0.0,0.0,5,0.0,52500.0,
CoRe-WM old,freeway,11.0,0.0,0.0,5,0.0,57500.0,
CoRe-WM old,freeway,12.0,0.0,0.0,5,0.0,62500.0,
CoRe-WM old,freeway,13.0,0.0,0.0,5,0.0,67500.0,
CoRe-WM old,freeway,14.0,0.0,0.0,5,0.0,72500.0,
CoRe-WM old,freeway,15.0,0.06666666666666667,0.14907119849998596,5,0.06666666666666665,77500.0,
CoRe-WM old,freeway,16.0,0.0,0.0,5,0.0,82500.0,
CoRe-WM old,freeway,17.0,0.0,0.0,5,0.0,87500.0,
CoRe-WM old,freeway,18.0,0.0,0.0,5,0.0,92500.0,
CoRe-WM old,freeway,19.0,0.0,0.0,5,0.0,97500.0,
CoRe-WM old,frostbite,0.0,73.40559440559441,11.204652648512202,5,5.010872997269268,2500.0,
CoRe-WM old,frostbite,1.0,72.60586080586081,16.692661690488013,5,7.46518525306755,7500.0,
CoRe-WM old,frostbite,2.0,115.38058608058608,23.3003645152206,5,10.420239791311438,12500.0,
CoRe-WM old,frostbite,3.0,222.39102564102564,121.97879079043042,5,54.550573604125546,17500.0,
CoRe-WM old,frostbite,4.0,332.5207070707071,284.0895786859982,5,127.04872192823348,22500.0,
CoRe-WM old,frostbite,5.0,527.6909090909091,710.218077322291,5,317.6191799483689,27500.0,
CoRe-WM old,frostbite,6.0,422.469696969697,456.2724454032276,5,204.05124083633567,32500.0,
CoRe-WM old,frostbite,7.0,453.6060606060606,529.1056377900642,5,236.623234675393,37500.0,
CoRe-WM old,frostbite,8.0,547.3262626262626,722.7104998406629,5,323.20596113931464,42500.0,
CoRe-WM old,frostbite,9.0,469.7555555555556,532.2582764405887,5,238.0331375416062,47500.0,
CoRe-WM old,frostbite,10.0,494.4222222222223,534.9304235362682,5,239.2281580519698,52500.0,
CoRe-WM old,frostbite,11.0,747.9611111111111,730.9018495903317,5,326.8692441128617,57500.0,
CoRe-WM old,frostbite,12.0,759.375,714.4698646549062,4,357.2349323274531,62500.0,
CoRe-WM old,frostbite,13.0,562.8125,439.0965339642336,4,219.5482669821168,67500.0,
CoRe-WM old,frostbite,14.0,695.625,588.1615168534979,4,294.08075842674896,72500.0,
CoRe-WM old,frostbite,15.0,1030.4305555555557,910.3254408062056,4,455.1627204031028,77500.0,
CoRe-WM old,frostbite,16.0,1198.625,1063.4188086074084,4,531.7094043037042,82500.0,
CoRe-WM old,frostbite,17.0,1253.3277777777778,1179.7363956059353,5,527.5941552210911,87500.0,
CoRe-WM old,frostbite,18.0,1388.05,1011.4689256225324,5,452.34265496413224,92500.0,
CoRe-WM old,frostbite,19.0,1726.6,1458.5711501328965,5,652.2928483434415,97500.0,
CoRe-WM old,gopher,0.0,480.0,158.4692399174048,5,70.86959855960805,2500.0,
CoRe-WM old,gopher,1.0,388.4,108.39188161481468,5,48.47432309996706,7500.0,
CoRe-WM old,gopher,2.0,312.4,83.00414982932415,5,37.12058428658927,12500.0,
CoRe-WM old,gopher,3.0,335.0666666666667,90.81311701633318,5,40.61286057943277,17500.0,
CoRe-WM old,gopher,4.0,473.8,135.51457486189446,5,60.60396026663604,22500.0,
CoRe-WM old,gopher,5.0,348.0,72.60853944268538,5,32.47152598816384,27500.0,
CoRe-WM old,gopher,6.0,376.0,87.77243302996676,5,39.2530253611107,32500.0,
CoRe-WM old,gopher,7.0,441.66666666666663,113.799043151611,5,50.89247925228682,37500.0,
CoRe-WM old,gopher,8.0,628.8,208.4111321402962,5,93.20429174667869,42500.0,
CoRe-WM old,gopher,9.0,603.9333333333334,184.39727643204372,5,82.46496899357392,47500.0,
CoRe-WM old,gopher,10.0,791.4,160.8331433504923,5,71.92676831333381,52500.0,
CoRe-WM old,gopher,11.0,687.0,268.0373108356372,5,119.86992950694514,57500.0,
CoRe-WM old,gopher,12.0,899.0,129.5376393176902,5,57.93099343184095,62500.0,
CoRe-WM old,gopher,13.0,932.4,292.1862419759014,5,130.6696598296636,67500.0,
CoRe-WM old,gopher,14.0,905.3333333333334,385.26578127602016,5,172.29609526754933,72500.0,
CoRe-WM old,gopher,15.0,977.6,188.04600500941254,5,84.09673001966247,77500.0,
CoRe-WM old,gopher,16.0,1052.0,172.25562400107583,5,77.03505695460997,82500.0,
CoRe-WM old,gopher,17.0,1081.8666666666666,322.0091958659289,5,144.00689026725226,87500.0,
CoRe-WM old,gopher,18.0,1295.3333333333335,242.9174528289165,5,108.63598748931118,92500.0,
CoRe-WM old,gopher,19.0,1736.6666666666665,801.6094920706576,5,358.49066313581375,97500.0,
CoRe-WM old,hero,0.0,582.0082417582419,286.28267850571154,5,128.0295059838978,2500.0,
CoRe-WM old,hero,1.0,525.6833333333333,189.03964531282853,5,84.54109947238682,7500.0,
CoRe-WM old,hero,2.0,843.4146825396825,934.8550932813844,5,418.07990753781644,12500.0,
CoRe-WM old,hero,3.0,1944.7460317460318,673.9299217504644,5,301.39062342103045,17500.0,
CoRe-WM old,hero,4.0,2828.7301587301586,153.44676505705556,5,68.62347951900313,22500.0,
CoRe-WM old,hero,5.0,2913.7,112.02333712769168,5,50.09835937677892,27500.0,
CoRe-WM old,hero,6.0,3066.661616161616,114.99853663069506,5,51.42890904384675,32500.0,
CoRe-WM old,hero,7.0,3058.8463203463207,12.76207069620218,5,5.707371522073228,37500.0,
CoRe-WM old,hero,8.0,3256.9329004329,282.22505531940345,5,126.21488172956494,42500.0,
CoRe-WM old,hero,9.0,3561.551515151515,832.0376857566818,5,372.09856503870975,47500.0,
CoRe-WM old,hero,10.0,3570.6309523809527,660.7748555865064,5,295.50749898280696,52500.0,
CoRe-WM old,hero,11.0,4080.1641414141413,1350.6091491194195,5,604.0107736928344,57500.0,
CoRe-WM old,hero,12.0,4778.241666666667,1729.4704964999803,5,773.4427190508536,62500.0,
CoRe-WM old,hero,13.0,5692.793650793651,2039.033359262777,5,911.8834399402639,67500.0,
CoRe-WM old,hero,14.0,5863.952380952381,1716.2497871568985,5,767.5302380904741,72500.0,
CoRe-WM old,hero,15.0,6913.083333333333,694.9859860697433,5,310.80718165233355,77500.0,
CoRe-WM old,hero,16.0,7146.178571428571,543.5749587937846,5,243.09411174590988,82500.0,
CoRe-WM old,hero,17.0,7493.5142857142855,42.28977568574979,5,18.91256263731086,87500.0,
CoRe-WM old,hero,18.0,7278.309523809524,425.946495074988,5,190.4890635530905,92500.0,
CoRe-WM old,hero,19.0,7534.416666666667,9.581521567869538,5,4.28498671072733,97500.0,
CoRe-WM old,jamesbond,0.0,29.666666666666668,10.012338067616719,5,4.477653706579973,2500.0,
CoRe-WM old,jamesbond,1.0,25.505050505050505,12.94949888904587,5,5.791191958092914,7500.0,
CoRe-WM old,jamesbond,2.0,40.07828282828283,10.505385884797919,5,4.698151393654984,12500.0,
CoRe-WM old,jamesbond,3.0,77.3015873015873,41.18810587424098,5,18.419880919852247,17500.0,
CoRe-WM old,jamesbond,4.0,54.46428571428571,35.14047973956148,5,15.715300291922713,22500.0,
CoRe-WM old,jamesbond,5.0,67.0,9.373214115613854,5,4.1918287860346295,27500.0,
CoRe-WM old,jamesbond,6.0,99.10714285714286,45.37506676219297,5,20.292346752770953,32500.0,
CoRe-WM old,jamesbond,7.0,108.1984126984127,47.415949160802995,5,21.20505710824592,37500.0,
CoRe-WM old,jamesbond,8.0,133.4047619047619,49.930762719586376,5,22.32971592188148,42500.0,
CoRe-WM old,jamesbond,9.0,150.47619047619048,58.76661245323764,5,26.28122805056501,47500.0,
CoRe-WM old,jamesbond,10.0,133.96428571428572,38.119960356105054,5,17.047764531169598,52500.0,
CoRe-WM old,jamesbond,11.0,155.0,43.03987169538909,5,19.248015770751824,57500.0,
CoRe-WM old,jamesbond,12.0,142.08333333333334,49.925291408485755,5,22.327269077172073,62500.0,
CoRe-WM old,jamesbond,13.0,180.66666666666666,51.09019801618832,5,22.848231149624393,67500.0,
CoRe-WM old,jamesbond,14.0,222.33333333333334,66.097570975709,5,29.559732369860484,72500.0,
CoRe-WM old,jamesbond,15.0,198.33333333333331,67.59347269537501,5,30.22871995642689,77500.0,
CoRe-WM old,jamesbond,16.0,247.83333333333334,170.54609999124057,5,76.27053457557804,82500.0,
CoRe-WM old,jamesbond,17.0,201.23015873015873,75.46472506509859,5,33.748851029778535,87500.0,
CoRe-WM old,jamesbond,18.0,337.66666666666663,288.47684289885194,5,129.01076613127208,92500.0,
CoRe-WM old,jamesbond,19.0,308.8095238095238,174.12235383289644,5,77.86988391452549,97500.0,
CoRe-WM old,kangaroo,0.0,49.93939393939394,17.164823333949744,5,7.67634235929724,2500.0,
CoRe-WM old,kangaroo,1.0,36.36363636363637,28.74797872880345,5,12.8564869306645,7500.0,
CoRe-WM old,kangaroo,2.0,38.69930069930071,14.699926130959312,5,6.5740068186100995,12500.0,
CoRe-WM old,kangaroo,3.0,36.727716727716725,19.64985151355966,5,8.787680746419307,17500.0,
CoRe-WM old,kangaroo,4.0,79.22222222222221,88.86770580926724,5,39.7428462387949,22500.0,
CoRe-WM old,kangaroo,5.0,85.67032967032966,98.87140512048873,5,44.21663657606671,27500.0,
CoRe-WM old,kangaroo,6.0,92.22778855131796,73.38617915146716,5,32.81929703833168,32500.0,
CoRe-WM old,kangaroo,7.0,121.00233100233099,118.61825914444721,5,53.047698163934,37500.0,
CoRe-WM old,kangaroo,8.0,225.33333333333334,173.93485370486658,5,77.78603130811256,42500.0,
CoRe-WM old,kangaroo,9.0,300.74103674103674,256.6581978974034,5,114.78103549623751,47500.0,
CoRe-WM old,kangaroo,10.0,313.71428571428567,223.80873336710545,5,100.09030835339463,52500.0,
CoRe-WM old,kangaroo,11.0,399.22077922077926,231.9714551034974,5,103.74078849019213,57500.0,
CoRe-WM old,kangaroo,12.0,531.868686868687,194.39626190382205,5,86.93665123775975,62500.0,
CoRe-WM old,kangaroo,13.0,569.8585858585859,249.18810722907656,5,111.44030938974439,67500.0,
CoRe-WM old,kangaroo,14.0,634.8484848484848,266.72500892240055,5,119.2830502499451,72500.0,
CoRe-WM old,kangaroo,15.0,801.984126984127,337.268205631074,5,150.83092688809177,77500.0,
CoRe-WM old,kangaroo,16.0,821.5555555555554,306.48706495977007,5,137.06518229488793,82500.0,
CoRe-WM old,kangaroo,17.0,779.1648351648352,362.81738455382276,5,162.25686705620598,87500.0,
CoRe-WM old,kangaroo,18.0,1199.4444444444446,711.5623568277913,5,318.22036001938056,92500.0,
CoRe-WM old,kangaroo,19.0,1238.0,999.1596469033365,5,446.8377781701095,97500.0,
CoRe-WM old,krull,0.0,1758.0,600.9372309614004,5,268.74729972803647,2500.0,
CoRe-WM old,krull,1.0,1964.6666666666667,446.6245315947415,5,199.7365626129689,7500.0,
CoRe-WM old,krull,2.0,2169.833333333333,301.4101118999752,5,134.79469986283257,12500.0,
CoRe-WM old,krull,3.0,2481.333333333333,364.7752352096045,5,163.13244448743006,17500.0,
CoRe-WM old,krull,4.0,3200.333333333333,215.65919616118592,5,96.44572451787468,22500.0,
CoRe-WM old,krull,5.0,4270.833333333334,640.6653442580869,5,286.51425211787733,27500.0,
CoRe-WM old,krull,6.0,5410.8,1220.9166945373463,5,546.0105447699705,32500.0,
CoRe-WM old,krull,7.0,6271.166666666667,1130.559043128664,5,505.6013746025618,37500.0,
CoRe-WM old,krull,8.0,6762.166666666667,728.962971548548,5,326.0021514925597,42500.0,
CoRe-WM old,krull,9.0,6660.866666666667,935.3923003507971,5,418.3201538428565,47500.0,
CoRe-WM old,krull,10.0,7160.333333333333,617.2524245035863,5,276.0436760933152,52500.0,
CoRe-WM old,krull,11.0,7703.5,673.5185388853246,5,301.2066474107842,57500.0,
CoRe-WM old,krull,12.0,7323.833333333333,493.2962401595573,5,220.60878520836636,62500.0,
CoRe-WM old,krull,13.0,7801.333333333334,1148.0863607179854,5,513.4398293211519,67500.0,
CoRe-WM old,krull,14.0,8031.666666666666,816.1012072994107,5,364.97155520822594,72500.0,
CoRe-WM old,krull,15.0,7112.366666666667,704.6529524051778,5,315.13038042478024,77500.0,
CoRe-WM old,krull,16.0,7913.166666666667,577.1272245643357,5,258.0991411583282,82500.0,
CoRe-WM old,krull,17.0,6707.1,287.72738833833665,5,128.6755998626002,87500.0,
CoRe-WM old,krull,18.0,8111.5,257.1683408889117,5,115.00917837768904,92500.0,
CoRe-WM old,krull,19.0,7608.5,812.0491056580262,5,363.1594002638511,97500.0,
CoRe-WM old,kung_fu_master,0.0,378.0,112.33877335986894,5,50.239426748321875,2500.0,
CoRe-WM old,kung_fu_master,1.0,393.3333333333333,100.41580220928044,5,44.90731195102492,7500.0,
CoRe-WM old,kung_fu_master,2.0,549.0,234.21144293138198,5,104.74254150057654,12500.0,
CoRe-WM old,kung_fu_master,3.0,1671.6666666666667,721.4376079899234,5,322.6367065980628,17500.0,
CoRe-WM old,kung_fu_master,4.0,5358.0,3993.8790667720523,5,1786.117017443146,22500.0,
CoRe-WM old,kung_fu_master,5.0,8223.333333333332,3049.262205845867,5,1363.671514698463,27500.0,
CoRe-WM old,kung_fu_master,6.0,8996.666666666666,3946.524490682347,5,1764.9394072066925,32500.0,
CoRe-WM old,kung_fu_master,7.0,14633.333333333332,10304.213000300195,5,4608.184144661659,37500.0,
CoRe-WM old,kung_fu_master,8.0,12443.333333333332,6764.784220916108,5,3025.3034742172745,42500.0,
CoRe-WM old,kung_fu_master,9.0,15120.0,11991.886145779292,5,5362.93452008009,47500.0,
CoRe-WM old,kung_fu_master,10.0,14106.666666666666,5876.667612024881,5,2628.125652331799,52500.0,
CoRe-WM old,kung_fu_master,11.0,14276.666666666666,7112.504637764549,5,3180.80877206481,57500.0,
CoRe-WM old,kung_fu_master,12.0,16426.666666666668,8226.90032083098,5,3679.18167229858,62500.0,
CoRe-WM old,kung_fu_master,13.0,17636.666666666668,8112.853313655368,5,3628.178300163565,67500.0,
CoRe-WM old,kung_fu_master,14.0,16806.666666666668,9737.310831139273,5,4354.657787294478,72500.0,
CoRe-WM old,kung_fu_master,15.0,16833.333333333332,8256.268662187673,5,3692.3155938305767,77500.0,
CoRe-WM old,kung_fu_master,16.0,23816.666666666664,18793.275984304128,5,8404.60852416366,82500.0,
CoRe-WM old,kung_fu_master,17.0,17440.0,8564.855515418809,5,3830.319829988091,87500.0,
CoRe-WM old,kung_fu_master,18.0,16346.666666666668,8362.942398196674,5,3740.0215388565753,92500.0,
CoRe-WM old,kung_fu_master,19.0,15250.0,6197.781861279082,5,2771.7323103070394,97500.0,
CoRe-WM old,ms_pacman,0.0,244.76161616161616,21.72977506029466,5,9.71785083411969,2500.0,
CoRe-WM old,ms_pacman,1.0,310.83888888888885,97.08764972124446,5,43.418916910478224,7500.0,
CoRe-WM old,ms_pacman,2.0,565.4722222222223,174.6215760730813,5,78.0931428875121,12500.0,
CoRe-WM old,ms_pacman,3.0,488.76190476190476,103.02826408376188,5,46.07564041901833,17500.0,
CoRe-WM old,ms_pacman,4.0,513.3404761904761,76.50069546020931,5,34.21215107500752,22500.0,
CoRe-WM old,ms_pacman,5.0,599.1,171.06007716588928,5,76.5003921558576,27500.0,
CoRe-WM old,ms_pacman,6.0,495.52222222222224,90.96205286672242,5,40.67946671658419,32500.0,
CoRe-WM old,ms_pacman,7.0,607.8111111111111,210.62265256778855,5,94.19331374857916,37500.0,
CoRe-WM old,ms_pacman,8.0,600.9642857142857,74.05652315933405,5,33.11908399231168,42500.0,
CoRe-WM old,ms_pacman,9.0,759.3531746031746,161.72566931035593,5,72.32591805692147,47500.0,
CoRe-WM old,ms_pacman,10.0,687.7619047619048,204.27324489268568,5,91.35377231290138,52500.0,
CoRe-WM old,ms_pacman,11.0,726.5,105.70596009686493,5,47.27314248069404,57500.0,
CoRe-WM old,ms_pacman,12.0,872.4126984126984,65.74939634075432,5,29.404023939500515,62500.0,
CoRe-WM old,ms_pacman,13.0,832.1785714285713,78.94963737247085,5,35.307351192760535,67500.0,
CoRe-WM old,ms_pacman,14.0,972.9047619047618,123.13856656614011,5,55.069241098754425,72500.0,
CoRe-WM old,ms_pacman,15.0,861.2380952380952,183.9777172744426,5,82.2773364341782,77500.0,
CoRe-WM old,ms_pacman,16.0,1029.2555555555555,210.14908490355708,5,93.98152785074569,82500.0,
CoRe-WM old,ms_pacman,17.0,990.4047619047618,242.10091175772743,5,108.27081922099133,87500.0,
CoRe-WM old,ms_pacman,18.0,1017.1904761904761,233.7434874558103,5,104.53326544981223,92500.0,
CoRe-WM old,ms_pacman,19.0,1140.8214285714287,324.4445486741903,5,145.09601315294574,97500.0,
CoRe-WM old,pong,0.0,-20.64,0.21908902300206684,5,0.0979795897113273,2500.0,
CoRe-WM old,pong,1.0,-19.806666666666665,0.8926863328677594,5,0.399221464575463,7500.0,
CoRe-WM old,pong,2.0,-20.35333333333333,0.628755384337451,5,0.2811879561195094,12500.0,
CoRe-WM old,pong,3.0,-20.7,0.2738612787525824,5,0.12247448713915862,17500.0,
CoRe-WM old,pong,4.0,-20.93333333333333,0.09128709291752936,5,0.04082482904638705,22500.0,
CoRe-WM old,pong,5.0,-20.779999999999998,0.22435091560618448,5,0.10033277962194938,27500.0,
CoRe-WM old,pong,6.0,-20.42952380952381,0.47080767192727246,5,0.21055159175156013,32500.0,
CoRe-WM old,pong,7.0,-19.669999999999998,1.02445107252616,5,0.45814844755821216,37500.0,
CoRe-WM old,pong,8.0,-18.15,0.6357410374253551,5,0.2843120351538664,42500.0,
CoRe-WM old,pong,9.0,-17.866666666666667,2.29249984853992,5,1.0252370999486466,47500.0,
CoRe-WM old,pong,10.0,-17.53333333333333,2.652043237455478,5,1.186029791643813,52500.0,
CoRe-WM old,pong,11.0,-16.733333333333334,3.0677534306249443,5,1.371941041817112,57500.0,
CoRe-WM old,pong,12.0,-14.8,2.489979919597747,5,1.1135528725660044,62500.0,
CoRe-WM old,pong,13.0,-14.866666666666665,1.6724898272402802,5,0.7479601890772292,67500.0,
CoRe-WM old,pong,14.0,-14.3,2.819574435974337,5,1.260952021291849,72500.0,
CoRe-WM old,pong,15.0,-12.9,3.6297382825763074,5,1.6232683080747927,77500.0,
CoRe-WM old,pong,16.0,-12.833333333333334,2.0310096011589898,5,0.9082951062292474,82500.0,
CoRe-WM old,pong,17.0,-10.6,2.043281674170255,5,0.9137833441248533,87500.0,
CoRe-WM old,pong,18.0,-9.6,1.9493588689617927,5,0.8717797887081347,92500.0,
CoRe-WM old,pong,19.0,-9.6,1.2942179105544784,5,0.5787918451395112,97500.0,
CoRe-WM old,private_eye,0.0,80.0,44.721359549995796,5,20.0,2500.0,
CoRe-WM old,private_eye,1.0,1339.3,3184.1604780538305,5,1423.9998560393183,7500.0,
CoRe-WM old,private_eye,2.0,753.1,1887.2892067725074,5,844.0213919089966,12500.0,
CoRe-WM old,private_eye,3.0,808.5,1794.043617084044,5,802.320696479905,17500.0,
CoRe-WM old,private_eye,4.0,425.4,927.9516016474136,5,414.9925722226845,22500.0,
CoRe-WM old,private_eye,5.0,263.5,1052.470545906155,5,470.67913699249505,27500.0,
CoRe-WM old,private_eye,6.0,-7.8,190.14257808286916,5,85.03434600207142,32500.0,
CoRe-WM old,private_eye,7.0,502.1,927.3265606031135,5,414.713045369928,37500.0,
CoRe-WM old,private_eye,8.0,799.6,1883.5872159260373,5,842.3658112720387,42500.0,
CoRe-WM old,private_eye,9.0,682.4,1904.1123062991846,5,851.5449107357755,47500.0,
CoRe-WM old,private_eye,10.0,730.2,1717.5107568804337,5,768.0941608943529,52500.0,
CoRe-WM old,private_eye,11.0,292.9,1521.8751755646715,5,680.6032691664064,57500.0,
CoRe-WM old,private_eye,12.0,629.7,1569.657112238211,5,701.9720008661313,62500.0,
CoRe-WM old,private_eye,13.0,402.2,732.9216874946463,5,327.77254308437733,67500.0,
CoRe-WM old,private_eye,14.0,-98.5,206.9390006741117,5,92.5459345406377,72500.0,
CoRe-WM old,private_eye,15.0,878.3,1089.5501135789946,5,487.2616237710497,77500.0,
CoRe-WM old,private_eye,16.0,1656.5,2899.251023971536,5,1296.5844746872453,82500.0,
CoRe-WM old,private_eye,17.0,-331.2,430.25248401374745,5,192.41476034857615,87500.0,
CoRe-WM old,private_eye,18.0,418.5,1047.8790483638845,5,468.6257568678871,92500.0,
CoRe-WM old,private_eye,19.0,692.5,1491.9813169071522,5,667.2343291528097,97500.0,
CoRe-WM old,qbert,0.0,149.02380952380952,32.225686927654216,5,14.411765318372234,2500.0,
CoRe-WM old,qbert,1.0,130.9375,68.18303147594715,5,30.492378658445126,7500.0,
CoRe-WM old,qbert,2.0,218.96085164835168,27.56051111194476,5,12.32543526818936,12500.0,
CoRe-WM old,qbert,3.0,275.78846153846155,35.83291477210705,5,16.02496665247755,17500.0,
CoRe-WM old,qbert,4.0,282.89583333333337,33.97785098617757,5,15.195356906890263,22500.0,
CoRe-WM old,qbert,5.0,313.07440476190476,14.723195034014772,5,6.584412988408872,27500.0,
CoRe-WM old,qbert,6.0,340.4052197802198,55.804791036968375,5,24.95666124576645,32500.0,
CoRe-WM old,qbert,7.0,341.09157509157507,39.153253232980084,5,17.509867153841377,37500.0,
CoRe-WM old,qbert,8.0,371.3685064935065,96.93402165060827,5,43.35021234863929,42500.0,
CoRe-WM old,qbert,9.0,404.468031968032,133.0717055642469,5,59.51147590469862,47500.0,
CoRe-WM old,qbert,10.0,482.7976190476191,123.25748322597624,5,55.12242224576459,52500.0,
CoRe-WM old,qbert,11.0,526.8356643356643,90.99255216396767,5,40.693106416965456,57500.0,
CoRe-WM old,qbert,12.0,572.2186147186146,106.88926381798937,5,47.802331992386584,62500.0,
CoRe-WM old,qbert,13.0,586.4219114219114,121.92359443970291,5,54.52588904565822,67500.0,
CoRe-WM old,qbert,14.0,642.3846153846155,127.87771814830201,5,57.188654117432364,72500.0,
CoRe-WM old,qbert,15.0,655.0378787878788,39.54788538912227,5,17.68635201928962,77500.0,
CoRe-WM old,qbert,16.0,673.0808080808081,46.834618953255955,5,20.945078335956072,82500.0,
CoRe-WM old,qbert,17.0,700.5833333333333,50.50405649274345,5,22.586100691452792,87500.0,
CoRe-WM old,qbert,18.0,798.239898989899,183.83775157025806,5,82.21474186836315,92500.0,
CoRe-WM old,qbert,19.0,743.8333333333333,70.47852312741962,5,31.51895373334027,97500.0,
CoRe-WM old,road_runner,0.0,10.299171842650104,8.499825637351972,5,3.8012375844028967,2500.0,
CoRe-WM old,road_runner,1.0,146.42885623148783,86.92865963317591,5,38.87567842654465,7500.0,
CoRe-WM old,road_runner,2.0,616.2857142857143,339.51285629830977,5,151.83476518362764,12500.0,
CoRe-WM old,road_runner,3.0,1703.4632034632036,746.0479133340475,5,333.64276973736037,17500.0,
CoRe-WM old,road_runner,4.0,3784.2222222222226,2107.47441148445,5,942.4912089841185,22500.0,
CoRe-WM old,road_runner,5.0,5136.222222222222,2783.4971785884527,5,1244.8177813005304,27500.0,
CoRe-WM old,road_runner,6.0,6674.333333333334,4527.552318858392,5,2024.7829513308334,32500.0,
CoRe-WM old,road_runner,7.0,8643.333333333334,5010.769512870364,5,2240.8842500723285,37500.0,
CoRe-WM old,road_runner,8.0,10674.666666666668,5607.521040729337,5,2507.759646466233,42500.0,
CoRe-WM old,road_runner,9.0,10521.333333333334,5628.722768088689,5,2517.2413471894183,47500.0,
CoRe-WM old,road_runner,10.0,11580.666666666666,5658.583155997032,5,2530.595318628932,52500.0,
CoRe-WM old,road_runner,11.0,11645.333333333334,5804.181251477249,5,2595.708766406586,57500.0,
CoRe-WM old,road_runner,12.0,11752.333333333334,5788.506284007991,5,2588.698707845314,62500.0,
CoRe-WM old,road_runner,13.0,11790.666666666668,5768.002446447315,5,2579.5291129282573,67500.0,
CoRe-WM old,road_runner,14.0,11679.0,5549.599535101609,5,2481.8563616776855,72500.0,
CoRe-WM old,road_runner,15.0,11369.333333333332,5475.56714464863,5,2448.748070159752,77500.0,
CoRe-WM old,road_runner,16.0,11852.0,5510.491811081838,5,2464.3668558069835,82500.0,
CoRe-WM old,road_runner,17.0,12007.0,5122.345708321096,5,2290.782641612056,87500.0,
CoRe-WM old,road_runner,18.0,12772.0,4017.8252824133606,5,1796.826090638713,92500.0,
CoRe-WM old,road_runner,19.0,12368.666666666668,3957.0665341330255,5,1769.6539523621873,97500.0,
CoRe-WM old,seaquest,0.0,87.8,15.626899884494046,5,6.988562083862459,2500.0,
CoRe-WM old,seaquest,1.0,77.43030303030302,22.407266301442593,5,10.020834127993187,7500.0,
CoRe-WM old,seaquest,2.0,244.5333333333333,66.64899765854615,5,29.8063378793467,12500.0,
CoRe-WM old,seaquest,3.0,290.2666666666667,32.5246914751786,5,14.545484217141452,17500.0,
CoRe-WM old,seaquest,4.0,294.1333333333333,47.39292024014651,5,21.19475826183865,22500.0,
CoRe-WM old,seaquest,5.0,418.4666666666667,161.67175249732267,5,72.30180572510697,27500.0,
CoRe-WM old,seaquest,6.0,471.6,246.82319357971386,5,110.38268785356597,32500.0,
CoRe-WM old,seaquest,7.0,505.9333333333333,171.47698258237327,5,76.68683792614681,37500.0,
CoRe-WM old,seaquest,8.0,448.4666666666667,171.51799387301097,5,76.70517873288898,42500.0,
CoRe-WM old,seaquest,9.0,391.4,66.46277153414535,5,29.723055024677393,47500.0,
CoRe-WM old,seaquest,10.0,433.3333333333333,41.54983620772638,5,18.58165164289165,52500.0,
CoRe-WM old,seaquest,11.0,394.33333333333337,73.27270220818181,5,32.76854860651869,57500.0,
CoRe-WM old,seaquest,12.0,480.4666666666667,102.25773537705811,5,45.7310495056574,62500.0,
CoRe-WM old,seaquest,13.0,391.0,70.51241025521678,5,31.534108517603602,67500.0,
CoRe-WM old,seaquest,14.0,468.0666666666667,84.05566938378135,5,37.59083812727659,72500.0,
CoRe-WM old,seaquest,15.0,429.3333333333333,149.39507652158045,5,66.81150932120734,77500.0,
CoRe-WM old,seaquest,16.0,431.0,57.39241142249461,5,25.666666666666668,82500.0,
CoRe-WM old,seaquest,17.0,362.8,69.13175825913876,5,30.916662174303358,87500.0,
CoRe-WM old,seaquest,18.0,360.73333333333335,99.31442773109838,5,44.41476231064523,92500.0,
CoRe-WM old,seaquest,19.0,411.1333333333333,71.92418848265784,5,32.16547493474607,97500.0,
CoRe-WM old,up_n_down,0.0,396.77777777777777,95.96713686478664,5,42.91780832713779,2500.0,
CoRe-WM old,up_n_down,1.0,735.1277777777777,136.65001818198124,5,61.11174595629845,7500.0,
CoRe-WM old,up_n_down,2.0,1556.6380952380953,544.9202323617542,5,243.69573637517263,12500.0,
CoRe-WM old,up_n_down,3.0,1753.3904761904764,276.889121287797,5,123.82857948593964,17500.0,
CoRe-WM old,up_n_down,4.0,1387.2965367965367,523.8844737486125,5,234.28825913172034,22500.0,
CoRe-WM old,up_n_down,5.0,2463.383333333333,1336.4035635698606,5,597.6578427030339,27500.0,
CoRe-WM old,up_n_down,6.0,2253.8142857142857,334.6774808662507,5,149.67231955106433,32500.0,
CoRe-WM old,up_n_down,7.0,2314.166666666667,533.3645303375754,5,238.52786932441347,37500.0,
CoRe-WM old,up_n_down,8.0,3038.3190476190475,846.5492000306672,5,378.58831151332777,42500.0,
CoRe-WM old,up_n_down,9.0,6049.533333333334,6536.180032880231,5,2923.068573339401,47500.0,
CoRe-WM old,up_n_down,10.0,19291.14285714286,26800.71375077575,5,11985.643558449587,52500.0,
CoRe-WM old,up_n_down,11.0,6863.571428571428,7468.736813667806,4,3734.368406833903,57500.0,
CoRe-WM old,up_n_down,12.0,13700.95238095238,21364.213746940077,4,10682.106873470038,62500.0,
CoRe-WM old,up_n_down,13.0,42869.52380952381,78201.56004324516,4,39100.78002162258,67500.0,
CoRe-WM old,up_n_down,14.0,3707.6190476190477,1243.161064828921,2,879.0476190476193,72500.0,
CoRe-WM old,up_n_down,15.0,31632.25,35004.45438678721,4,17502.227193393606,77500.0,
CoRe-WM old,up_n_down,16.0,7563.88888888889,6596.822116522246,3,3808.6770247701957,82500.0,
CoRe-WM old,up_n_down,17.0,26064.523809523813,38499.63214993453,3,22227.772985466272,87500.0,
CoRe-WM old,up_n_down,18.0,81135.0,134931.6301872915,3,77902.81301082778,92500.0,
CoRe-WM old,up_n_down,19.0,35306.66666666667,35341.2314285862,5,15805.079176574149,97500.0,
