method,game,seed,agent_steps,return
CoRe-WM old,alien,1,647,170.0
CoRe-WM old,alien,1,1236,100.0
CoRe-WM old,alien,1,1926,120.0
CoRe-WM old,alien,1,2535,120.0
CoRe-WM old,alien,1,3223,150.0
CoRe-WM old,alien,1,3781,150.0
CoRe-WM old,alien,1,4369,210.0
CoRe-WM old,alien,1,4943,220.0
CoRe-WM old,alien,1,5421,160.0
CoRe-WM old,alien,1,6001,120.0
CoRe-WM old,alien,1,6634,180.0
CoRe-WM old,alien,1,7357,190.0
CoRe-WM old,alien,1,8141,260.0
CoRe-WM old,alien,1,8857,220.0
CoRe-WM old,alien,1,9377,150.0
CoRe-WM old,alien,1,10314,680.0
CoRe-WM old,alien,1,11213,150.0
CoRe-WM old,alien,1,11811,240.0
CoRe-WM old,alien,1,12441,250.0
CoRe-WM old,alien,1,12985,250.0
CoRe-WM old,alien,1,13677,220.0
CoRe-WM old,alien,1,14757,370.0
CoRe-WM old,alien,1,15562,270.0
CoRe-WM old,alien,1,16226,220.0
CoRe-WM old,alien,1,16756,100.0
CoRe-WM old,alien,1,17299,250.0
CoRe-WM old,alien,1,17863,340.0
CoRe-WM old,alien,1,18329,140.0
CoRe-WM old,alien,1,18693,30.0
CoRe-WM old,alien,1,19193,80.0
CoRe-WM old,alien,1,19582,140.0
CoRe-WM old,alien,1,20374,220.0
CoRe-WM old,alien,1,20926,140.0
CoRe-WM old,alien,1,21750,290.0
CoRe-WM old,alien,1,22321,240.0
CoRe-WM old,alien,1,22868,160.0
CoRe-WM old,alien,1,23399,160.0
CoRe-WM old,alien,1,23996,160.0
CoRe-WM old,alien,1,24568,300.0
CoRe-WM old,alien,1,25276,330.0
CoRe-WM old,alien,1,25925,230.0
CoRe-WM old,alien,1,26482,250.0
CoRe-WM old,alien,1,27066,300.0
CoRe-WM old,alien,1,27605,270.0
CoRe-WM old,alien,1,28369,290.0
CoRe-WM old,alien,1,28915,160.0
CoRe-WM old,alien,1,29565,310.0
CoRe-WM old,alien,1,30118,290.0
CoRe-WM old,alien,1,30724,180.0
CoRe-WM old,alien,1,31374,310.0
CoRe-WM old,alien,1,32028,220.0
CoRe-WM old,alien,1,32719,440.0
CoRe-WM old,alien,1,33312,200.0
CoRe-WM old,alien,1,34382,240.0
CoRe-WM old,alien,1,35378,310.0
CoRe-WM old,alien,1,35829,390.0
CoRe-WM old,alien,1,36504,200.0
CoRe-WM old,alien,1,37045,310.0
CoRe-WM old,alien,1,37587,330.0
CoRe-WM old,alien,1,38285,400.0
CoRe-WM old,alien,1,38907,360.0
CoRe-WM old,alien,1,39291,360.0
CoRe-WM old,alien,1,39987,350.0
CoRe-WM old,alien,1,40553,240.0
CoRe-WM old,alien,1,41424,870.0
CoRe-WM old,alien,1,42380,370.0
CoRe-WM old,alien,1,42715,350.0
CoRe-WM old,alien,1,43272,410.0
CoRe-WM old,alien,1,43711,340.0
CoRe-WM old,alien,1,44188,370.0
CoRe-WM old,alien,1,44672,270.0
CoRe-WM old,alien,1,45132,210.0
CoRe-WM old,alien,1,45848,430.0
CoRe-WM old,alien,1,46419,400.0
CoRe-WM old,alien,1,47302,400.0
CoRe-WM old,alien,1,47983,400.0
CoRe-WM old,alien,1,48587,300.0
CoRe-WM old,alien,1,49174,430.0
CoRe-WM old,alien,1,49747,480.0
CoRe-WM old,alien,1,50335,320.0
CoRe-WM old,alien,1,51315,570.0
CoRe-WM old,alien,1,51747,320.0
CoRe-WM old,alien,1,52102,300.0
CoRe-WM old,alien,1,52577,400.0
CoRe-WM old,alien,1,53050,350.0
CoRe-WM old,alien,1,53431,350.0
CoRe-WM old,alien,1,54160,950.0
CoRe-WM old,alien,1,54544,300.0
CoRe-WM old,alien,1,55191,360.0
CoRe-WM old,alien,1,55712,490.0
CoRe-WM old,alien,1,56357,440.0
CoRe-WM old,alien,1,56863,430.0
CoRe-WM old,alien,1,57413,1000.0
CoRe-WM old,alien,1,57888,340.0
CoRe-WM old,alien,1,58434,370.0
CoRe-WM old,alien,1,59184,430.0
CoRe-WM old,alien,1,59828,410.0
CoRe-WM old,alien,1,60462,300.0
CoRe-WM old,alien,1,61054,360.0
CoRe-WM old,alien,1,61446,390.0
CoRe-WM old,alien,1,62104,420.0
CoRe-WM old,alien,1,62685,450.0
CoRe-WM old,alien,1,63186,330.0
CoRe-WM old,alien,1,63898,440.0
CoRe-WM old,alien,1,64397,230.0
CoRe-WM old,alien,1,64852,250.0
CoRe-WM old,alien,1,65471,270.0
CoRe-WM old,alien,1,66052,410.0
CoRe-WM old,alien,1,66867,510.0
CoRe-WM old,alien,1,67335,210.0
CoRe-WM old,alien,1,67716,260.0
CoRe-WM old,alien,1,68528,1860.0
CoRe-WM old,alien,1,69342,430.0
CoRe-WM old,alien,1,69814,320.0
CoRe-WM old,alien,1,70191,370.0
CoRe-WM old,alien,1,70740,370.0
CoRe-WM old,alien,1,71403,870.0
CoRe-WM old,alien,1,71743,360.0
CoRe-WM old,alien,1,72318,490.0
CoRe-WM old,alien,1,72805,330.0
CoRe-WM old,alien,1,73191,320.0
CoRe-WM old,alien,1,73803,440.0
CoRe-WM old,alien,1,74305,400.0
CoRe-WM old,alien,1,75179,910.0
CoRe-WM old,alien,1,75632,400.0
CoRe-WM old,alien,1,76159,340.0
CoRe-WM old,alien,1,76903,320.0
CoRe-WM old,alien,1,77290,410.0
CoRe-WM old,alien,1,77973,440.0
CoRe-WM old,alien,1,78393,370.0
CoRe-WM old,alien,1,78853,420.0
CoRe-WM old,alien,1,79287,370.0
CoRe-WM old,alien,1,79646,290.0
CoRe-WM old,alien,1,80157,350.0
CoRe-WM old,alien,1,80639,400.0
CoRe-WM old,alien,1,81104,360.0
CoRe-WM old,alien,1,81535,360.0
CoRe-WM old,alien,1,82182,410.0
CoRe-WM old,alien,1,82611,360.0
CoRe-WM old,alien,1,83193,400.0
CoRe-WM old,alien,1,83534,290.0
CoRe-WM old,alien,1,84049,430.0
CoRe-WM old,alien,1,84854,410.0
CoRe-WM old,alien,1,85403,490.0
CoRe-WM old,alien,1,86043,450.0
CoRe-WM old,alien,1,86705,450.0
CoRe-WM old,alien,1,87113,320.0
CoRe-WM old,alien,1,87539,410.0
CoRe-WM old,alien,1,88068,410.0
CoRe-WM old,alien,1,88567,600.0
CoRe-WM old,alien,1,88975,370.0
CoRe-WM old,alien,1,89765,550.0
CoRe-WM old,alien,1,90239,450.0
CoRe-WM old,alien,1,90687,540.0
CoRe-WM old,alien,1,91000,360.0
CoRe-WM old,alien,1,91393,430.0
CoRe-WM old,alien,1,91858,370.0
CoRe-WM old,alien,1,92546,630.0
CoRe-WM old,alien,1,92995,370.0
CoRe-WM old,alien,1,93373,320.0
CoRe-WM old,alien,1,94102,410.0
CoRe-WM old,alien,1,94501,400.0
CoRe-WM old,alien,1,95091,470.0
CoRe-WM old,alien,1,95739,370.0
CoRe-WM old,alien,1,96144,440.0
CoRe-WM old,alien,1,96562,400.0
CoRe-WM old,alien,1,96948,420.0
CoRe-WM old,alien,1,97675,1150.0
CoRe-WM old,alien,1,98072,350.0
CoRe-WM old,alien,1,98561,460.0
CoRe-WM old,alien,1,99140,880.0
CoRe-WM old,alien,1,99551,530.0
CoRe-WM old,alien,2,671,260.0
CoRe-WM old,alien,2,1290,90.0
CoRe-WM old,alien,2,2097,780.0
CoRe-WM old,alien,2,2925,240.0
CoRe-WM old,alien,2,3726,310.0
CoRe-WM old,alien,2,4370,140.0
CoRe-WM old,alien,2,4914,110.0
CoRe-WM old,alien,2,5451,110.0
CoRe-WM old,alien,2,6142,270.0
CoRe-WM old,alien,2,6778,130.0
CoRe-WM old,alien,2,7224,140.0
CoRe-WM old,alien,2,7833,120.0
CoRe-WM old,alien,2,8429,210.0
CoRe-WM old,alien,2,9336,210.0
CoRe-WM old,alien,2,9856,130.0
CoRe-WM old,alien,2,10455,180.0
CoRe-WM old,alien,2,11044,150.0
CoRe-WM old,alien,2,11523,280.0
CoRe-WM old,alien,2,12456,160.0
CoRe-WM old,alien,2,13275,360.0
CoRe-WM old,alien,2,13785,280.0
CoRe-WM old,alien,2,14363,230.0
CoRe-WM old,alien,2,15116,300.0
CoRe-WM old,alien,2,15776,160.0
CoRe-WM old,alien,2,16328,250.0
CoRe-WM old,alien,2,17040,140.0
CoRe-WM old,alien,2,17838,330.0
CoRe-WM old,alien,2,18650,370.0
CoRe-WM old,alien,2,19035,210.0
CoRe-WM old,alien,2,19376,230.0
CoRe-WM old,alien,2,19988,240.0
CoRe-WM old,alien,2,20377,200.0
CoRe-WM old,alien,2,20968,260.0
CoRe-WM old,alien,2,21380,280.0
CoRe-WM old,alien,2,21989,260.0
CoRe-WM old,alien,2,22333,260.0
CoRe-WM old,alien,2,22744,180.0
CoRe-WM old,alien,2,23057,140.0
CoRe-WM old,alien,2,23928,380.0
CoRe-WM old,alien,2,24335,50.0
CoRe-WM old,alien,2,24698,70.0
CoRe-WM old,alien,2,25157,220.0
CoRe-WM old,alien,2,25504,90.0
CoRe-WM old,alien,2,26083,220.0
CoRe-WM old,alien,2,26525,170.0
CoRe-WM old,alien,2,26856,170.0
CoRe-WM old,alien,2,27441,190.0
CoRe-WM old,alien,2,28195,340.0
CoRe-WM old,alien,2,28758,170.0
CoRe-WM old,alien,2,29144,290.0
CoRe-WM old,alien,2,29650,250.0
CoRe-WM old,alien,2,30196,290.0
CoRe-WM old,alien,2,30754,350.0
CoRe-WM old,alien,2,31085,120.0
CoRe-WM old,alien,2,31558,430.0
CoRe-WM old,alien,2,32201,330.0
CoRe-WM old,alien,2,32894,480.0
CoRe-WM old,alien,2,33457,190.0
CoRe-WM old,alien,2,34186,420.0
CoRe-WM old,alien,2,34747,190.0
CoRe-WM old,alien,2,35116,280.0
CoRe-WM old,alien,2,35916,430.0
CoRe-WM old,alien,2,36779,550.0
CoRe-WM old,alien,2,37632,1020.0
CoRe-WM old,alien,2,38461,1040.0
CoRe-WM old,alien,2,38937,290.0
CoRe-WM old,alien,2,39569,280.0
CoRe-WM old,alien,2,39990,340.0
CoRe-WM old,alien,2,40482,380.0
CoRe-WM old,alien,2,41112,460.0
CoRe-WM old,alien,2,41693,350.0
CoRe-WM old,alien,2,42209,350.0
CoRe-WM old,alien,2,42713,350.0
CoRe-WM old,alien,2,43110,270.0
CoRe-WM old,alien,2,43658,280.0
CoRe-WM old,alien,2,44074,250.0
CoRe-WM old,alien,2,44853,460.0
CoRe-WM old,alien,2,45265,300.0
CoRe-WM old,alien,2,45692,250.0
CoRe-WM old,alien,2,46801,310.0
CoRe-WM old,alien,2,47357,460.0
CoRe-WM old,alien,2,47749,300.0
CoRe-WM old,alien,2,48250,330.0
CoRe-WM old,alien,2,48788,440.0
CoRe-WM old,alien,2,49265,370.0
CoRe-WM old,alien,2,49586,360.0
CoRe-WM old,alien,2,50125,400.0
CoRe-WM old,alien,2,50791,410.0
CoRe-WM old,alien,2,51250,440.0
CoRe-WM old,alien,2,52247,450.0
CoRe-WM old,alien,2,52700,420.0
CoRe-WM old,alien,2,53082,430.0
CoRe-WM old,alien,2,53433,350.0
CoRe-WM old,alien,2,53958,350.0
CoRe-WM old,alien,2,54627,200.0
CoRe-WM old,alien,2,55161,480.0
CoRe-WM old,alien,2,55712,360.0
CoRe-WM old,alien,2,56365,1000.0
CoRe-WM old,alien,2,56936,390.0
CoRe-WM old,alien,2,57522,340.0
CoRe-WM old,alien,2,58330,980.0
CoRe-WM old,alien,2,59046,360.0
CoRe-WM old,alien,2,59659,430.0
CoRe-WM old,alien,2,60335,400.0
CoRe-WM old,alien,2,60808,330.0
CoRe-WM old,alien,2,61370,450.0
CoRe-WM old,alien,2,61932,280.0
CoRe-WM old,alien,2,62639,400.0
CoRe-WM old,alien,2,63041,310.0
CoRe-WM old,alien,2,63820,470.0
CoRe-WM old,alien,2,64442,410.0
CoRe-WM old,alien,2,65190,1050.0
CoRe-WM old,alien,2,65906,540.0
CoRe-WM old,alien,2,66658,350.0
CoRe-WM old,alien,2,67162,280.0
CoRe-WM old,alien,2,67711,370.0
CoRe-WM old,alien,2,68309,480.0
CoRe-WM old,alien,2,68656,340.0
CoRe-WM old,alien,2,69151,420.0
CoRe-WM old,alien,2,69698,350.0
CoRe-WM old,alien,2,70410,530.0
CoRe-WM old,alien,2,70837,310.0
CoRe-WM old,alien,2,71426,330.0
CoRe-WM old,alien,2,71961,410.0
CoRe-WM old,alien,2,72525,490.0
CoRe-WM old,alien,2,72948,380.0
CoRe-WM old,alien,2,73304,370.0
CoRe-WM old,alien,2,73664,240.0
CoRe-WM old,alien,2,74124,350.0
CoRe-WM old,alien,2,74542,250.0
CoRe-WM old,alien,2,74881,270.0
CoRe-WM old,alien,2,75380,400.0
CoRe-WM old,alien,2,75866,440.0
CoRe-WM old,alien,2,76382,480.0
CoRe-WM old,alien,2,77100,430.0
CoRe-WM old,alien,2,77561,400.0
CoRe-WM old,alien,2,78149,300.0
CoRe-WM old,alien,2,78627,340.0
CoRe-WM old,alien,2,79117,400.0
CoRe-WM old,alien,2,79582,380.0
CoRe-WM old,alien,2,80057,460.0
CoRe-WM old,alien,2,80523,490.0
CoRe-WM old,alien,2,81034,360.0
CoRe-WM old,alien,2,81382,360.0
CoRe-WM old,alien,2,81909,370.0
CoRe-WM old,alien,2,82421,370.0
CoRe-WM old,alien,2,82839,290.0
CoRe-WM old,alien,2,83448,450.0
CoRe-WM old,alien,2,83963,430.0
CoRe-WM old,alien,2,84504,500.0
CoRe-WM old,alien,2,85152,400.0
CoRe-WM old,alien,2,85627,300.0
CoRe-WM old,alien,2,86253,440.0
CoRe-WM old,alien,2,86849,570.0
CoRe-WM old,alien,2,87495,530.0
CoRe-WM old,alien,2,88036,430.0
CoRe-WM old,alien,2,88592,340.0
CoRe-WM old,alien,2,89113,340.0
CoRe-WM old,alien,2,89538,330.0
CoRe-WM old,alien,2,90187,490.0
CoRe-WM old,alien,2,90520,390.0
CoRe-WM old,alien,2,90974,510.0
CoRe-WM old,alien,2,91666,470.0
CoRe-WM old,alien,2,92294,410.0
CoRe-WM old,alien,2,92783,440.0
CoRe-WM old,alien,2,93351,470.0
CoRe-WM old,alien,2,93671,400.0
CoRe-WM old,alien,2,94566,650.0
CoRe-WM old,alien,2,95129,380.0
CoRe-WM old,alien,2,95652,410.0
CoRe-WM old,alien,2,96067,410.0
CoRe-WM old,alien,2,96547,520.0
CoRe-WM old,alien,2,97021,380.0
CoRe-WM old,alien,2,97748,580.0
CoRe-WM old,alien,2,98445,530.0
CoRe-WM old,alien,2,98965,430.0
CoRe-WM old,alien,2,99578,480.0
CoRe-WM old,alien,2,99902,290.0
CoRe-WM old,alien,3,739,260.0
CoRe-WM old,alien,3,1313,270.0
CoRe-WM old,alien,3,2041,170.0
CoRe-WM old,alien,3,2785,290.0
CoRe-WM old,alien,3,3357,110.0
CoRe-WM old,alien,3,4280,220.0
CoRe-WM old,alien,3,5050,250.0
CoRe-WM old,alien,3,5697,190.0
CoRe-WM old,alien,3,6464,240.0
CoRe-WM old,alien,3,7131,190.0
CoRe-WM old,alien,3,7931,230.0
CoRe-WM old,alien,3,9088,810.0
CoRe-WM old,alien,3,9681,160.0
CoRe-WM old,alien,3,10461,300.0
CoRe-WM old,alien,3,11090,190.0
CoRe-WM old,alien,3,11693,220.0
CoRe-WM old,alien,3,12359,200.0
CoRe-WM old,alien,3,12940,160.0
CoRe-WM old,alien,3,13774,360.0
CoRe-WM old,alien,3,14393,340.0
CoRe-WM old,alien,3,15172,200.0
CoRe-WM old,alien,3,15848,370.0
CoRe-WM old,alien,3,16300,310.0
CoRe-WM old,alien,3,16836,190.0
CoRe-WM old,alien,3,17347,170.0
CoRe-WM old,alien,3,17808,200.0
CoRe-WM old,alien,3,18317,310.0
CoRe-WM old,alien,3,18899,220.0
CoRe-WM old,alien,3,19496,240.0
CoRe-WM old,alien,3,20145,370.0
CoRe-WM old,alien,3,20749,200.0
CoRe-WM old,alien,3,21364,180.0
CoRe-WM old,alien,3,21828,160.0
CoRe-WM old,alien,3,22516,410.0
CoRe-WM old,alien,3,23084,320.0
CoRe-WM old,alien,3,23493,70.0
CoRe-WM old,alien,3,24045,300.0
CoRe-WM old,alien,3,24588,160.0
CoRe-WM old,alien,3,25062,160.0
CoRe-WM old,alien,3,25621,310.0
CoRe-WM old,alien,3,26199,360.0
CoRe-WM old,alien,3,26605,220.0
CoRe-WM old,alien,3,27051,340.0
CoRe-WM old,alien,3,27603,110.0
CoRe-WM old,alien,3,28155,140.0
CoRe-WM old,alien,3,28661,130.0
CoRe-WM old,alien,3,29108,240.0
CoRe-WM old,alien,3,29550,280.0
CoRe-WM old,alien,3,30140,140.0
CoRe-WM old,alien,3,30656,230.0
CoRe-WM old,alien,3,31105,170.0
CoRe-WM old,alien,3,31546,220.0
CoRe-WM old,alien,3,32028,290.0
CoRe-WM old,alien,3,32605,270.0
CoRe-WM old,alien,3,33349,180.0
CoRe-WM old,alien,3,33975,330.0
CoRe-WM old,alien,3,34837,230.0
CoRe-WM old,alien,3,35455,270.0
CoRe-WM old,alien,3,36205,270.0
CoRe-WM old,alien,3,36850,450.0
CoRe-WM old,alien,3,37349,350.0
CoRe-WM old,alien,3,37853,360.0
CoRe-WM old,alien,3,38520,360.0
CoRe-WM old,alien,3,38918,260.0
CoRe-WM old,alien,3,39501,320.0
CoRe-WM old,alien,3,39973,220.0
CoRe-WM old,alien,3,40674,270.0
CoRe-WM old,alien,3,41283,300.0
CoRe-WM old,alien,3,42063,450.0
CoRe-WM old,alien,3,42568,390.0
CoRe-WM old,alien,3,43006,390.0
CoRe-WM old,alien,3,43621,380.0
CoRe-WM old,alien,3,44184,310.0
CoRe-WM old,alien,3,44867,390.0
CoRe-WM old,alien,3,45443,370.0
CoRe-WM old,alien,3,45860,330.0
CoRe-WM old,alien,3,46363,350.0
CoRe-WM old,alien,3,46835,350.0
CoRe-WM old,alien,3,47691,390.0
CoRe-WM old,alien,3,48537,220.0
CoRe-WM old,alien,3,49194,340.0
CoRe-WM old,alien,3,49723,400.0
CoRe-WM old,alien,3,50274,330.0
CoRe-WM old,alien,3,50732,320.0
CoRe-WM old,alien,3,51349,300.0
CoRe-WM old,alien,3,51931,310.0
CoRe-WM old,alien,3,52524,330.0
CoRe-WM old,alien,3,53152,400.0
CoRe-WM old,alien,3,53734,260.0
CoRe-WM old,alien,3,54344,420.0
CoRe-WM old,alien,3,54909,410.0
CoRe-WM old,alien,3,55393,320.0
CoRe-WM old,alien,3,55967,290.0
CoRe-WM old,alien,3,56675,410.0
CoRe-WM old,alien,3,57033,280.0
CoRe-WM old,alien,3,57574,310.0
CoRe-WM old,alien,3,58151,390.0
CoRe-WM old,alien,3,58815,330.0
CoRe-WM old,alien,3,59517,270.0
CoRe-WM old,alien,3,60151,220.0
CoRe-WM old,alien,3,60621,210.0
CoRe-WM old,alien,3,61148,220.0
CoRe-WM old,alien,3,61872,390.0
CoRe-WM old,alien,3,62413,350.0
CoRe-WM old,alien,3,63007,340.0
CoRe-WM old,alien,3,64075,1110.0
CoRe-WM old,alien,3,64942,550.0
CoRe-WM old,alien,3,65612,350.0
CoRe-WM old,alien,3,66481,470.0
CoRe-WM old,alien,3,67064,350.0
CoRe-WM old,alien,3,67445,330.0
CoRe-WM old,alien,3,68224,440.0
CoRe-WM old,alien,3,68770,290.0
CoRe-WM old,alien,3,69159,360.0
CoRe-WM old,alien,3,69732,300.0
CoRe-WM old,alien,3,70319,380.0
CoRe-WM old,alien,3,70829,370.0
CoRe-WM old,alien,3,71417,360.0
CoRe-WM old,alien,3,72016,430.0
CoRe-WM old,alien,3,72670,460.0
CoRe-WM old,alien,3,73227,380.0
CoRe-WM old,alien,3,73559,350.0
CoRe-WM old,alien,3,74056,350.0
CoRe-WM old,alien,3,74786,470.0
CoRe-WM old,alien,3,75343,370.0
CoRe-WM old,alien,3,75961,430.0
CoRe-WM old,alien,3,76521,400.0
CoRe-WM old,alien,3,77162,580.0
CoRe-WM old,alien,3,77789,410.0
CoRe-WM old,alien,3,78653,1060.0
CoRe-WM old,alien,3,79407,400.0
CoRe-WM old,alien,3,80259,620.0
CoRe-WM old,alien,3,81154,510.0
CoRe-WM old,alien,3,81762,350.0
CoRe-WM old,alien,3,82552,970.0
CoRe-WM old,alien,3,83408,530.0
CoRe-WM old,alien,3,84202,430.0
CoRe-WM old,alien,3,84907,360.0
CoRe-WM old,alien,3,85695,480.0
CoRe-WM old,alien,3,86243,400.0
CoRe-WM old,alien,3,86939,380.0
CoRe-WM old,alien,3,87559,420.0
CoRe-WM old,alien,3,88589,1090.0
CoRe-WM old,alien,3,89255,490.0
CoRe-WM old,alien,3,89926,520.0
CoRe-WM old,alien,3,90406,320.0
CoRe-WM old,alien,3,91040,390.0
CoRe-WM old,alien,3,91942,440.0
CoRe-WM old,alien,3,92708,420.0
CoRe-WM old,alien,3,93157,420.0
CoRe-WM old,alien,3,93700,480.0
CoRe-WM old,alien,3,94528,1000.0
CoRe-WM old,alien,3,95233,450.0
CoRe-WM old,alien,3,95818,560.0
CoRe-WM old,alien,3,96503,450.0
CoRe-WM old,alien,3,97178,440.0
CoRe-WM old,alien,3,97880,560.0
CoRe-WM old,alien,3,98650,490.0
CoRe-WM old,alien,3,99420,550.0
CoRe-WM old,alien,3,99945,440.0
CoRe-WM old,alien,4,585,160.0
CoRe-WM old,alien,4,1441,170.0
CoRe-WM old,alien,4,2123,120.0
CoRe-WM old,alien,4,2615,180.0
CoRe-WM old,alien,4,3333,160.0
CoRe-WM old,alien,4,3883,190.0
CoRe-WM old,alien,4,4751,310.0
CoRe-WM old,alien,4,5319,200.0
CoRe-WM old,alien,4,5850,150.0
CoRe-WM old,alien,4,6415,180.0
CoRe-WM old,alien,4,7443,950.0
CoRe-WM old,alien,4,8007,110.0
CoRe-WM old,alien,4,8691,210.0
CoRe-WM old,alien,4,9341,160.0
CoRe-WM old,alien,4,10033,220.0
CoRe-WM old,alien,4,10633,90.0
CoRe-WM old,alien,4,11175,130.0
CoRe-WM old,alien,4,11946,320.0
CoRe-WM old,alien,4,12418,130.0
CoRe-WM old,alien,4,13121,190.0
CoRe-WM old,alien,4,13976,180.0
CoRe-WM old,alien,4,14663,250.0
CoRe-WM old,alien,4,15373,240.0
CoRe-WM old,alien,4,16047,280.0
CoRe-WM old,alien,4,16720,300.0
CoRe-WM old,alien,4,17651,230.0
CoRe-WM old,alien,4,18489,250.0
CoRe-WM old,alien,4,19320,280.0
CoRe-WM old,alien,4,20387,320.0
CoRe-WM old,alien,4,21224,310.0
CoRe-WM old,alien,4,21821,320.0
CoRe-WM old,alien,4,22433,300.0
CoRe-WM old,alien,4,23509,350.0
CoRe-WM old,alien,4,24079,180.0
CoRe-WM old,alien,4,24454,340.0
CoRe-WM old,alien,4,25142,450.0
CoRe-WM old,alien,4,25724,430.0
CoRe-WM old,alien,4,26514,410.0
CoRe-WM old,alien,4,26964,280.0
CoRe-WM old,alien,4,27305,30.0
CoRe-WM old,alien,4,27642,30.0
CoRe-WM old,alien,4,28063,190.0
CoRe-WM old,alien,4,28685,260.0
CoRe-WM old,alien,4,29354,410.0
CoRe-WM old,alien,4,29949,390.0
CoRe-WM old,alien,4,30603,210.0
CoRe-WM old,alien,4,31045,210.0
CoRe-WM old,alien,4,31462,380.0
CoRe-WM old,alien,4,31999,250.0
CoRe-WM old,alien,4,32681,230.0
CoRe-WM old,alien,4,33253,240.0
CoRe-WM old,alien,4,33800,230.0
CoRe-WM old,alien,4,34141,260.0
CoRe-WM old,alien,4,34598,300.0
CoRe-WM old,alien,4,35104,220.0
CoRe-WM old,alien,4,35604,310.0
CoRe-WM old,alien,4,36352,250.0
CoRe-WM old,alien,4,36936,390.0
CoRe-WM old,alien,4,37568,300.0
CoRe-WM old,alien,4,38182,310.0
CoRe-WM old,alien,4,38745,270.0
CoRe-WM old,alien,4,39219,210.0
CoRe-WM old,alien,4,39780,380.0
CoRe-WM old,alien,4,40404,270.0
CoRe-WM old,alien,4,40896,250.0
CoRe-WM old,alien,4,41430,260.0
CoRe-WM old,alien,4,41817,250.0
CoRe-WM old,alien,4,42276,290.0
CoRe-WM old,alien,4,42619,270.0
CoRe-WM old,alien,4,43261,510.0
CoRe-WM old,alien,4,43818,340.0
CoRe-WM old,alien,4,44533,470.0
CoRe-WM old,alien,4,45164,380.0
CoRe-WM old,alien,4,45906,920.0
CoRe-WM old,alien,4,46391,190.0
CoRe-WM old,alien,4,47102,370.0
CoRe-WM old,alien,4,47663,340.0
CoRe-WM old,alien,4,48327,340.0
CoRe-WM old,alien,4,48938,370.0
CoRe-WM old,alien,4,49625,370.0
CoRe-WM old,alien,4,50202,240.0
CoRe-WM old,alien,4,50762,310.0
CoRe-WM old,alien,4,51299,320.0
CoRe-WM old,alien,4,51959,370.0
CoRe-WM old,alien,4,52534,380.0
CoRe-WM old,alien,4,53046,910.0
CoRe-WM old,alien,4,53603,300.0
CoRe-WM old,alien,4,54192,350.0
CoRe-WM old,alien,4,54942,360.0
CoRe-WM old,alien,4,55414,270.0
CoRe-WM old,alien,4,55787,280.0
CoRe-WM old,alien,4,56420,390.0
CoRe-WM old,alien,4,57007,350.0
CoRe-WM old,alien,4,57532,300.0
CoRe-WM old,alien,4,58221,510.0
CoRe-WM old,alien,4,58718,410.0
CoRe-WM old,alien,4,59511,440.0
CoRe-WM old,alien,4,60287,400.0
CoRe-WM old,alien,4,61091,400.0
CoRe-WM old,alien,4,61794,360.0
CoRe-WM old,alien,4,62370,360.0
CoRe-WM old,alien,4,62855,410.0
CoRe-WM old,alien,4,63565,390.0
CoRe-WM old,alien,4,64294,380.0
CoRe-WM old,alien,4,64839,350.0
CoRe-WM old,alien,4,65260,360.0
CoRe-WM old,alien,4,66150,520.0
CoRe-WM old,alien,4,66850,420.0
CoRe-WM old,alien,4,67335,310.0
CoRe-WM old,alien,4,68246,440.0
CoRe-WM old,alien,4,68610,310.0
CoRe-WM old,alien,4,69354,560.0
CoRe-WM old,alien,4,69892,440.0
CoRe-WM old,alien,4,70815,490.0
CoRe-WM old,alien,4,71388,470.0
CoRe-WM old,alien,4,72105,430.0
CoRe-WM old,alien,4,72709,420.0
CoRe-WM old,alien,4,73291,950.0
CoRe-WM old,alien,4,74095,470.0
CoRe-WM old,alien,4,74603,410.0
CoRe-WM old,alien,4,75206,320.0
CoRe-WM old,alien,4,75992,380.0
CoRe-WM old,alien,4,76393,300.0
CoRe-WM old,alien,4,77043,250.0
CoRe-WM old,alien,4,77534,340.0
CoRe-WM old,alien,4,78000,350.0
CoRe-WM old,alien,4,78515,350.0
CoRe-WM old,alien,4,79138,440.0
CoRe-WM old,alien,4,79773,550.0
CoRe-WM old,alien,4,80310,450.0
CoRe-WM old,alien,4,80923,440.0
CoRe-WM old,alien,4,81859,600.0
CoRe-WM old,alien,4,82453,360.0
CoRe-WM old,alien,4,83358,470.0
CoRe-WM old,alien,4,83971,360.0
CoRe-WM old,alien,4,84479,350.0
CoRe-WM old,alien,4,85112,430.0
CoRe-WM old,alien,4,85676,320.0
CoRe-WM old,alien,4,86382,520.0
CoRe-WM old,alien,4,86980,1110.0
CoRe-WM old,alien,4,87661,450.0
CoRe-WM old,alien,4,88310,410.0
CoRe-WM old,alien,4,88748,370.0
CoRe-WM old,alien,4,89149,360.0
CoRe-WM old,alien,4,89799,390.0
CoRe-WM old,alien,4,90169,310.0
CoRe-WM old,alien,4,90590,350.0
CoRe-WM old,alien,4,91320,430.0
CoRe-WM old,alien,4,91874,340.0
CoRe-WM old,alien,4,92768,460.0
CoRe-WM old,alien,4,93166,380.0
CoRe-WM old,alien,4,93587,460.0
CoRe-WM old,alien,4,94022,360.0
CoRe-WM old,alien,4,94432,330.0
CoRe-WM old,alien,4,95011,500.0
CoRe-WM old,alien,4,95365,420.0
CoRe-WM old,alien,4,96021,350.0
CoRe-WM old,alien,4,96554,340.0
CoRe-WM old,alien,4,97560,560.0
CoRe-WM old,alien,4,97955,310.0
CoRe-WM old,alien,4,98401,410.0
CoRe-WM old,alien,4,98780,430.0
CoRe-WM old,alien,4,99376,1030.0
CoRe-WM old,alien,4,99788,380.0
CoRe-WM old,amidar,0,565,4.0
CoRe-WM old,amidar,0,1111,0.0
CoRe-WM old,amidar,0,1669,3.0
CoRe-WM old,amidar,0,2267,1.0
CoRe-WM old,amidar,0,2863,1.0
CoRe-WM old,amidar,0,3406,1.0
CoRe-WM old,amidar,0,4026,5.0
CoRe-WM old,amidar,0,4580,0.0
CoRe-WM old,amidar,0,5122,5.0
CoRe-WM old,amidar,0,5679,4.0
CoRe-WM old,amidar,0,6210,0.0
CoRe-WM old,amidar,0,6766,0.0
CoRe-WM old,amidar,0,7363,4.0
CoRe-WM old,amidar,0,7968,12.0
CoRe-WM old,amidar,0,8538,2.0
CoRe-WM old,amidar,0,9158,6.0
CoRe-WM old,amidar,0,9785,1.0
CoRe-WM old,amidar,0,10381,6.0
CoRe-WM old,amidar,0,11114,46.0
CoRe-WM old,amidar,0,12095,35.0
CoRe-WM old,amidar,0,12688,31.0
CoRe-WM old,amidar,0,13276,32.0
CoRe-WM old,amidar,0,13879,31.0
CoRe-WM old,amidar,0,14480,31.0
CoRe-WM old,amidar,0,15079,31.0
CoRe-WM old,amidar,0,15682,31.0
CoRe-WM old,amidar,0,16314,33.0
CoRe-WM old,amidar,0,16916,31.0
CoRe-WM old,amidar,0,17534,32.0
CoRe-WM old,amidar,0,18125,31.0
CoRe-WM old,amidar,0,18728,31.0
CoRe-WM old,amidar,0,19471,32.0
CoRe-WM old,amidar,0,20074,31.0
CoRe-WM old,amidar,0,20706,33.0
CoRe-WM old,amidar,0,21310,31.0
CoRe-WM old,amidar,0,21943,33.0
CoRe-WM old,amidar,0,22578,54.0
CoRe-WM old,amidar,0,23161,47.0
CoRe-WM old,amidar,0,23856,64.0
CoRe-WM old,amidar,0,24486,33.0
CoRe-WM old,amidar,0,25308,86.0
CoRe-WM old,amidar,0,25971,53.0
CoRe-WM old,amidar,0,26666,50.0
CoRe-WM old,amidar,0,27545,66.0
CoRe-WM old,amidar,0,28284,66.0
CoRe-WM old,amidar,0,28763,30.0
CoRe-WM old,amidar,0,29425,36.0
CoRe-WM old,amidar,0,30093,38.0
CoRe-WM old,amidar,0,30753,36.0
CoRe-WM old,amidar,0,31417,43.0
CoRe-WM old,amidar,0,32076,41.0
CoRe-WM old,amidar,0,32739,43.0
CoRe-WM old,amidar,0,33357,73.0
CoRe-WM old,amidar,0,34086,74.0
CoRe-WM old,amidar,0,34754,41.0
CoRe-WM old,amidar,0,35572,74.0
CoRe-WM old,amidar,0,36251,48.0
CoRe-WM old,amidar,0,37059,58.0
CoRe-WM old,amidar,0,37757,53.0
CoRe-WM old,amidar,0,38413,43.0
CoRe-WM old,amidar,0,39249,41.0
CoRe-WM old,amidar,0,39937,48.0
CoRe-WM old,amidar,0,40628,44.0
CoRe-WM old,amidar,0,41386,52.0
CoRe-WM old,amidar,0,42332,48.0
CoRe-WM old,amidar,0,43223,45.0
CoRe-WM old,amidar,0,44092,61.0
CoRe-WM old,amidar,0,44975,93.0
CoRe-WM old,amidar,0,45451,32.0
CoRe-WM old,amidar,0,46131,53.0
CoRe-WM old,amidar,0,46850,74.0
CoRe-WM old,amidar,0,47323,32.0
CoRe-WM old,amidar,0,47950,74.0
CoRe-WM old,amidar,0,48673,75.0
CoRe-WM old,amidar,0,49657,131.0
CoRe-WM old,amidar,0,50432,72.0
CoRe-WM old,amidar,0,51233,72.0
CoRe-WM old,amidar,0,51909,62.0
CoRe-WM old,amidar,0,52538,58.0
CoRe-WM old,amidar,0,53264,74.0
CoRe-WM old,amidar,0,54038,72.0
CoRe-WM old,amidar,0,54727,66.0
CoRe-WM old,amidar,0,55511,62.0
CoRe-WM old,amidar,0,56134,64.0
CoRe-WM old,amidar,0,57043,90.0
CoRe-WM old,amidar,0,57747,84.0
CoRe-WM old,amidar,0,58681,96.0
CoRe-WM old,amidar,0,59319,81.0
CoRe-WM old,amidar,0,59954,59.0
CoRe-WM old,amidar,0,60787,56.0
CoRe-WM old,amidar,0,61430,51.0
CoRe-WM old,amidar,0,62233,84.0
CoRe-WM old,amidar,0,63007,68.0
CoRe-WM old,amidar,0,64101,92.0
CoRe-WM old,amidar,0,65087,96.0
CoRe-WM old,amidar,0,65724,90.0
CoRe-WM old,amidar,0,66512,89.0
CoRe-WM old,amidar,0,67131,74.0
CoRe-WM old,amidar,0,67862,84.0
CoRe-WM old,amidar,0,68604,67.0
CoRe-WM old,amidar,0,69344,84.0
CoRe-WM old,amidar,0,70084,84.0
CoRe-WM old,amidar,0,70715,70.0
CoRe-WM old,amidar,0,71434,84.0
CoRe-WM old,amidar,0,72140,109.0
CoRe-WM old,amidar,0,73127,79.0
CoRe-WM old,amidar,0,73806,70.0
CoRe-WM old,amidar,0,74475,78.0
CoRe-WM old,amidar,0,75388,95.0
CoRe-WM old,amidar,0,76008,78.0
CoRe-WM old,amidar,0,77181,200.0
CoRe-WM old,amidar,0,78064,114.0
CoRe-WM old,amidar,0,79006,94.0
CoRe-WM old,amidar,0,79974,94.0
CoRe-WM old,amidar,0,80794,139.0
CoRe-WM old,amidar,0,81797,137.0
CoRe-WM old,amidar,0,82597,134.0
CoRe-WM old,amidar,0,83400,79.0
CoRe-WM old,amidar,0,84353,142.0
CoRe-WM old,amidar,0,85327,88.0
CoRe-WM old,amidar,0,86159,88.0
CoRe-WM old,amidar,0,87122,136.0
CoRe-WM old,amidar,0,87902,99.0
CoRe-WM old,amidar,0,88820,122.0
CoRe-WM old,amidar,0,89744,108.0
CoRe-WM old,amidar,0,90513,100.0
CoRe-WM old,amidar,0,91306,93.0
CoRe-WM old,amidar,0,92293,163.0
CoRe-WM old,amidar,0,93185,107.0
CoRe-WM old,amidar,0,94357,285.0
CoRe-WM old,amidar,0,95315,171.0
CoRe-WM old,amidar,0,96200,95.0
CoRe-WM old,amidar,0,97360,119.0
CoRe-WM old,amidar,0,98219,116.0
CoRe-WM old,amidar,0,98935,105.0
CoRe-WM old,amidar,0,99640,92.0
CoRe-WM old,amidar,1,539,0.0
CoRe-WM old,amidar,1,1135,4.0
CoRe-WM old,amidar,1,1690,1.0
CoRe-WM old,amidar,1,2283,0.0
CoRe-WM old,amidar,1,2836,0.0
CoRe-WM old,amidar,1,3410,1.0
CoRe-WM old,amidar,1,3963,0.0
CoRe-WM old,amidar,1,4536,0.0
CoRe-WM old,amidar,1,5077,0.0
CoRe-WM old,amidar,1,5650,4.0
CoRe-WM old,amidar,1,6217,3.0
CoRe-WM old,amidar,1,6746,0.0
CoRe-WM old,amidar,1,7295,0.0
CoRe-WM old,amidar,1,7865,0.0
CoRe-WM old,amidar,1,8431,0.0
CoRe-WM old,amidar,1,8993,0.0
CoRe-WM old,amidar,1,9544,4.0
CoRe-WM old,amidar,1,10145,1.0
CoRe-WM old,amidar,1,10737,1.0
CoRe-WM old,amidar,1,11346,4.0
CoRe-WM old,amidar,1,11942,9.0
CoRe-WM old,amidar,1,12515,8.0
CoRe-WM old,amidar,1,13039,8.0
CoRe-WM old,amidar,1,13605,2.0
CoRe-WM old,amidar,1,14143,8.0
CoRe-WM old,amidar,1,14735,2.0
CoRe-WM old,amidar,1,15279,8.0
CoRe-WM old,amidar,1,15836,8.0
CoRe-WM old,amidar,1,16427,2.0
CoRe-WM old,amidar,1,16960,8.0
CoRe-WM old,amidar,1,17528,8.0
CoRe-WM old,amidar,1,18121,2.0
CoRe-WM old,amidar,1,18671,8.0
CoRe-WM old,amidar,1,19254,8.0
CoRe-WM old,amidar,1,19878,8.0
CoRe-WM old,amidar,1,20465,2.0
CoRe-WM old,amidar,1,21119,43.0
CoRe-WM old,amidar,1,21914,71.0
CoRe-WM old,amidar,1,22513,31.0
CoRe-WM old,amidar,1,23115,31.0
CoRe-WM old,amidar,1,23712,31.0
CoRe-WM old,amidar,1,24314,31.0
CoRe-WM old,amidar,1,24914,31.0
CoRe-WM old,amidar,1,25516,31.0
CoRe-WM old,amidar,1,26112,31.0
CoRe-WM old,amidar,1,26679,33.0
CoRe-WM old,amidar,1,27265,32.0
CoRe-WM old,amidar,1,27818,34.0
CoRe-WM old,amidar,1,28754,71.0
CoRe-WM old,amidar,1,29387,34.0
CoRe-WM old,amidar,1,30056,41.0
CoRe-WM old,amidar,1,30701,52.0
CoRe-WM old,amidar,1,31341,36.0
CoRe-WM old,amidar,1,32026,53.0
CoRe-WM old,amidar,1,32611,42.0
CoRe-WM old,amidar,1,33312,45.0
CoRe-WM old,amidar,1,34087,64.0
CoRe-WM old,amidar,1,34852,48.0
CoRe-WM old,amidar,1,35496,46.0
CoRe-WM old,amidar,1,36161,40.0
CoRe-WM old,amidar,1,37087,86.0
CoRe-WM old,amidar,1,37891,67.0
CoRe-WM old,amidar,1,38714,70.0
CoRe-WM old,amidar,1,39632,95.0
CoRe-WM old,amidar,1,40274,50.0
CoRe-WM old,amidar,1,41128,64.0
CoRe-WM old,amidar,1,41831,46.0
CoRe-WM old,amidar,1,42460,47.0
CoRe-WM old,amidar,1,43090,46.0
CoRe-WM old,amidar,1,43982,81.0
CoRe-WM old,amidar,1,44633,49.0
CoRe-WM old,amidar,1,45396,66.0
CoRe-WM old,amidar,1,46149,71.0
CoRe-WM old,amidar,1,46841,87.0
CoRe-WM old,amidar,1,47380,48.0
CoRe-WM old,amidar,1,48183,79.0
CoRe-WM old,amidar,1,49035,129.0
CoRe-WM old,amidar,1,49746,68.0
CoRe-WM old,amidar,1,50414,67.0
CoRe-WM old,amidar,1,51332,95.0
CoRe-WM old,amidar,1,51923,60.0
CoRe-WM old,amidar,1,52466,48.0
CoRe-WM old,amidar,1,53322,95.0
CoRe-WM old,amidar,1,54153,94.0
CoRe-WM old,amidar,1,54852,81.0
CoRe-WM old,amidar,1,55550,79.0
CoRe-WM old,amidar,1,56310,92.0
CoRe-WM old,amidar,1,56875,45.0
CoRe-WM old,amidar,1,57456,71.0
CoRe-WM old,amidar,1,58309,76.0
CoRe-WM old,amidar,1,58999,84.0
CoRe-WM old,amidar,1,59704,84.0
CoRe-WM old,amidar,1,60424,82.0
CoRe-WM old,amidar,1,61129,94.0
CoRe-WM old,amidar,1,61900,92.0
CoRe-WM old,amidar,1,62607,84.0
CoRe-WM old,amidar,1,63560,149.0
CoRe-WM old,amidar,1,64247,63.0
CoRe-WM old,amidar,1,65108,78.0
CoRe-WM old,amidar,1,66050,99.0
CoRe-WM old,amidar,1,66975,124.0
CoRe-WM old,amidar,1,67786,83.0
CoRe-WM old,amidar,1,68587,95.0
CoRe-WM old,amidar,1,69227,69.0
CoRe-WM old,amidar,1,69938,90.0
CoRe-WM old,amidar,1,70589,81.0
CoRe-WM old,amidar,1,71510,97.0
CoRe-WM old,amidar,1,72186,87.0
CoRe-WM old,amidar,1,73078,136.0
CoRe-WM old,amidar,1,73996,111.0
CoRe-WM old,amidar,1,74916,111.0
CoRe-WM old,amidar,1,75842,124.0
CoRe-WM old,amidar,1,76522,80.0
CoRe-WM old,amidar,1,77685,145.0
CoRe-WM old,amidar,1,78525,103.0
CoRe-WM old,amidar,1,79124,70.0
CoRe-WM old,amidar,1,80002,140.0
CoRe-WM old,amidar,1,80879,118.0
CoRe-WM old,amidar,1,81739,118.0
CoRe-WM old,amidar,1,82459,92.0
CoRe-WM old,amidar,1,83240,110.0
CoRe-WM old,amidar,1,84134,134.0
CoRe-WM old,amidar,1,84730,67.0
CoRe-WM old,amidar,1,85688,194.0
CoRe-WM old,amidar,1,86413,114.0
CoRe-WM old,amidar,1,87206,103.0
CoRe-WM old,amidar,1,87933,114.0
CoRe-WM old,amidar,1,88371,47.0
CoRe-WM old,amidar,1,89266,136.0
CoRe-WM old,amidar,1,90026,99.0
CoRe-WM old,amidar,1,91009,201.0
CoRe-WM old,amidar,1,91905,136.0
CoRe-WM old,amidar,1,92659,88.0
CoRe-WM old,amidar,1,93551,136.0
CoRe-WM old,amidar,1,94505,149.0
CoRe-WM old,amidar,1,95545,175.0
CoRe-WM old,amidar,1,96267,114.0
CoRe-WM old,amidar,1,97251,155.0
CoRe-WM old,amidar,1,98331,152.0
CoRe-WM old,amidar,1,99313,150.0
CoRe-WM old,amidar,2,559,3.0
CoRe-WM old,amidar,2,1152,13.0
CoRe-WM old,amidar,2,1675,1.0
CoRe-WM old,amidar,2,2250,3.0
CoRe-WM old,amidar,2,2835,0.0
CoRe-WM old,amidar,2,3400,0.0
CoRe-WM old,amidar,2,4023,6.0
CoRe-WM old,amidar,2,4563,0.0
CoRe-WM old,amidar,2,5138,1.0
CoRe-WM old,amidar,2,5718,5.0
CoRe-WM old,amidar,2,6299,4.0
CoRe-WM old,amidar,2,6845,0.0
CoRe-WM old,amidar,2,7379,0.0
CoRe-WM old,amidar,2,7970,6.0
CoRe-WM old,amidar,2,8570,2.0
CoRe-WM old,amidar,2,9164,0.0
CoRe-WM old,amidar,2,9697,2.0
CoRe-WM old,amidar,2,10241,1.0
CoRe-WM old,amidar,2,10777,1.0
CoRe-WM old,amidar,2,11380,5.0
CoRe-WM old,amidar,2,11962,5.0
CoRe-WM old,amidar,2,12449,1.0
CoRe-WM old,amidar,2,12964,1.0
CoRe-WM old,amidar,2,13513,7.0
CoRe-WM old,amidar,2,14097,2.0
CoRe-WM old,amidar,2,14677,2.0
CoRe-WM old,amidar,2,15277,2.0
CoRe-WM old,amidar,2,15816,8.0
CoRe-WM old,amidar,2,16470,21.0
CoRe-WM old,amidar,2,17252,73.0
CoRe-WM old,amidar,2,18062,75.0
CoRe-WM old,amidar,2,18653,31.0
CoRe-WM old,amidar,2,19250,31.0
CoRe-WM old,amidar,2,19847,31.0
CoRe-WM old,amidar,2,20446,31.0
CoRe-WM old,amidar,2,21081,47.0
CoRe-WM old,amidar,2,21713,33.0
CoRe-WM old,amidar,2,22329,32.0
CoRe-WM old,amidar,2,22994,47.0
CoRe-WM old,amidar,2,23618,33.0
CoRe-WM old,amidar,2,24251,33.0
CoRe-WM old,amidar,2,24929,45.0
CoRe-WM old,amidar,2,25802,57.0
CoRe-WM old,amidar,2,26423,47.0
CoRe-WM old,amidar,2,27278,69.0
CoRe-WM old,amidar,2,28067,55.0
CoRe-WM old,amidar,2,28947,65.0
CoRe-WM old,amidar,2,29752,88.0
CoRe-WM old,amidar,2,30639,84.0
CoRe-WM old,amidar,2,31464,82.0
CoRe-WM old,amidar,2,32433,63.0
CoRe-WM old,amidar,2,33273,54.0
CoRe-WM old,amidar,2,33882,65.0
CoRe-WM old,amidar,2,34797,74.0
CoRe-WM old,amidar,2,35680,49.0
CoRe-WM old,amidar,2,36341,54.0
CoRe-WM old,amidar,2,36986,56.0
CoRe-WM old,amidar,2,37866,84.0
CoRe-WM old,amidar,2,38749,74.0
CoRe-WM old,amidar,2,39557,49.0
CoRe-WM old,amidar,2,40445,117.0
CoRe-WM old,amidar,2,41257,76.0
CoRe-WM old,amidar,2,42101,88.0
CoRe-WM old,amidar,2,42963,133.0
CoRe-WM old,amidar,2,43670,78.0
CoRe-WM old,amidar,2,44458,79.0
CoRe-WM old,amidar,2,45095,59.0
CoRe-WM old,amidar,2,45746,59.0
CoRe-WM old,amidar,2,46272,41.0
CoRe-WM old,amidar,2,46897,53.0
CoRe-WM old,amidar,2,47765,102.0
CoRe-WM old,amidar,2,48351,48.0
CoRe-WM old,amidar,2,49051,63.0
CoRe-WM old,amidar,2,49773,104.0
CoRe-WM old,amidar,2,50294,55.0
CoRe-WM old,amidar,2,50849,66.0
CoRe-WM old,amidar,2,51522,49.0
CoRe-WM old,amidar,2,52194,82.0
CoRe-WM old,amidar,2,52724,58.0
CoRe-WM old,amidar,2,53235,34.0
CoRe-WM old,amidar,2,54524,91.0
CoRe-WM old,amidar,2,55059,56.0
CoRe-WM old,amidar,2,55679,73.0
CoRe-WM old,amidar,2,56310,63.0
CoRe-WM old,amidar,2,56903,75.0
CoRe-WM old,amidar,2,57398,27.0
CoRe-WM old,amidar,2,58154,110.0
CoRe-WM old,amidar,2,58801,60.0
CoRe-WM old,amidar,2,59449,67.0
CoRe-WM old,amidar,2,60007,74.0
CoRe-WM old,amidar,2,60569,63.0
CoRe-WM old,amidar,2,61366,85.0
CoRe-WM old,amidar,2,61961,82.0
CoRe-WM old,amidar,2,62508,54.0
CoRe-WM old,amidar,2,63147,64.0
CoRe-WM old,amidar,2,64139,118.0
CoRe-WM old,amidar,2,64751,78.0
CoRe-WM old,amidar,2,65361,62.0
CoRe-WM old,amidar,2,66015,62.0
CoRe-WM old,amidar,2,66589,63.0
CoRe-WM old,amidar,2,67135,48.0
CoRe-WM old,amidar,2,67767,70.0
CoRe-WM old,amidar,2,68441,47.0
CoRe-WM old,amidar,2,69053,76.0
CoRe-WM old,amidar,2,69638,69.0
CoRe-WM old,amidar,2,70323,77.0
CoRe-WM old,amidar,2,71141,66.0
CoRe-WM old,amidar,2,71819,77.0
CoRe-WM old,amidar,2,72414,81.0
CoRe-WM old,amidar,2,72984,62.0
CoRe-WM old,amidar,2,73645,70.0
CoRe-WM old,amidar,2,74362,70.0
CoRe-WM old,amidar,2,74929,77.0
CoRe-WM old,amidar,2,75518,78.0
CoRe-WM old,amidar,2,76185,68.0
CoRe-WM old,amidar,2,76920,93.0
CoRe-WM old,amidar,2,77943,97.0
CoRe-WM old,amidar,2,78551,63.0
CoRe-WM old,amidar,2,79235,70.0
CoRe-WM old,amidar,2,79788,77.0
CoRe-WM old,amidar,2,80547,110.0
CoRe-WM old,amidar,2,81131,80.0
CoRe-WM old,amidar,2,81986,83.0
CoRe-WM old,amidar,2,82546,63.0
CoRe-WM old,amidar,2,83230,94.0
CoRe-WM old,amidar,2,83831,86.0
CoRe-WM old,amidar,2,84433,82.0
CoRe-WM old,amidar,2,85138,89.0
CoRe-WM old,amidar,2,85760,88.0
CoRe-WM old,amidar,2,86451,70.0
CoRe-WM old,amidar,2,87119,75.0
CoRe-WM old,amidar,2,87748,67.0
CoRe-WM old,amidar,2,88435,90.0
CoRe-WM old,amidar,2,89032,78.0
CoRe-WM old,amidar,2,89697,54.0
CoRe-WM old,amidar,2,90352,70.0
CoRe-WM old,amidar,2,91035,78.0
CoRe-WM old,amidar,2,91638,78.0
CoRe-WM old,amidar,2,92248,82.0
CoRe-WM old,amidar,2,92933,94.0
CoRe-WM old,amidar,2,93528,78.0
CoRe-WM old,amidar,2,94134,78.0
CoRe-WM old,amidar,2,94921,97.0
CoRe-WM old,amidar,2,95505,52.0
CoRe-WM old,amidar,2,96110,83.0
CoRe-WM old,amidar,2,96855,116.0
CoRe-WM old,amidar,2,97516,74.0
CoRe-WM old,amidar,2,98097,58.0
CoRe-WM old,amidar,2,98666,80.0
CoRe-WM old,amidar,2,99497,96.0
CoRe-WM old,amidar,3,548,0.0
CoRe-WM old,amidar,3,1090,0.0
CoRe-WM old,amidar,3,1625,0.0
CoRe-WM old,amidar,3,2234,1.0
CoRe-WM old,amidar,3,2762,0.0
CoRe-WM old,amidar,3,3367,5.0
CoRe-WM old,amidar,3,3912,0.0
CoRe-WM old,amidar,3,4463,5.0
CoRe-WM old,amidar,3,5017,0.0
CoRe-WM old,amidar,3,5562,0.0
CoRe-WM old,amidar,3,6154,3.0
CoRe-WM old,amidar,3,6683,5.0
CoRe-WM old,amidar,3,7249,3.0
CoRe-WM old,amidar,3,7872,1.0
CoRe-WM old,amidar,3,8494,4.0
CoRe-WM old,amidar,3,9064,7.0
CoRe-WM old,amidar,3,9901,33.0
CoRe-WM old,amidar,3,10390,1.0
CoRe-WM old,amidar,3,11100,33.0
CoRe-WM old,amidar,3,11781,33.0
CoRe-WM old,amidar,3,12435,34.0
CoRe-WM old,amidar,3,13095,51.0
CoRe-WM old,amidar,3,13745,51.0
CoRe-WM old,amidar,3,14406,44.0
CoRe-WM old,amidar,3,15029,33.0
CoRe-WM old,amidar,3,15434,12.0
CoRe-WM old,amidar,3,15823,12.0
CoRe-WM old,amidar,3,16217,12.0
CoRe-WM old,amidar,3,16609,12.0
CoRe-WM old,amidar,3,17002,12.0
CoRe-WM old,amidar,3,17398,12.0
CoRe-WM old,amidar,3,17794,12.0
CoRe-WM old,amidar,3,18186,12.0
CoRe-WM old,amidar,3,18595,19.0
CoRe-WM old,amidar,3,18986,12.0
CoRe-WM old,amidar,3,19382,12.0
CoRe-WM old,amidar,3,19775,12.0
CoRe-WM old,amidar,3,20375,31.0
CoRe-WM old,amidar,3,20771,12.0
CoRe-WM old,amidar,3,21166,12.0
CoRe-WM old,amidar,3,21653,29.0
CoRe-WM old,amidar,3,22096,28.0
CoRe-WM old,amidar,3,22494,31.0
CoRe-WM old,amidar,3,23167,45.0
CoRe-WM old,amidar,3,23817,58.0
CoRe-WM old,amidar,3,24336,27.0
CoRe-WM old,amidar,3,24793,31.0
CoRe-WM old,amidar,3,25386,54.0
CoRe-WM old,amidar,3,26097,67.0
CoRe-WM old,amidar,3,26757,42.0
CoRe-WM old,amidar,3,27415,47.0
CoRe-WM old,amidar,3,28024,46.0
CoRe-WM old,amidar,3,28936,81.0
CoRe-WM old,amidar,3,29571,39.0
CoRe-WM old,amidar,3,30235,53.0
CoRe-WM old,amidar,3,31041,85.0
CoRe-WM old,amidar,3,31670,56.0
CoRe-WM old,amidar,3,32685,113.0
CoRe-WM old,amidar,3,33475,109.0
CoRe-WM old,amidar,3,34118,32.0
CoRe-WM old,amidar,3,34820,55.0
CoRe-WM old,amidar,3,35447,103.0
CoRe-WM old,amidar,3,36093,98.0
CoRe-WM old,amidar,3,36836,65.0
CoRe-WM old,amidar,3,37666,50.0
CoRe-WM old,amidar,3,38339,48.0
CoRe-WM old,amidar,3,38948,54.0
CoRe-WM old,amidar,3,39554,60.0
CoRe-WM old,amidar,3,40159,61.0
CoRe-WM old,amidar,3,40771,48.0
CoRe-WM old,amidar,3,41428,56.0
CoRe-WM old,amidar,3,42167,90.0
CoRe-WM old,amidar,3,42912,80.0
CoRe-WM old,amidar,3,43822,87.0
CoRe-WM old,amidar,3,44599,86.0
CoRe-WM old,amidar,3,45304,62.0
CoRe-WM old,amidar,3,46013,66.0
CoRe-WM old,amidar,3,46748,69.0
CoRe-WM old,amidar,3,47518,67.0
CoRe-WM old,amidar,3,48246,40.0
CoRe-WM old,amidar,3,49032,55.0
CoRe-WM old,amidar,3,49864,82.0
CoRe-WM old,amidar,3,50535,64.0
CoRe-WM old,amidar,3,51566,100.0
CoRe-WM old,amidar,3,52383,87.0
CoRe-WM old,amidar,3,53309,79.0
CoRe-WM old,amidar,3,53989,48.0
CoRe-WM old,amidar,3,54856,88.0
CoRe-WM old,amidar,3,55681,64.0
CoRe-WM old,amidar,3,56156,38.0
CoRe-WM old,amidar,3,57008,67.0
CoRe-WM old,amidar,3,57801,64.0
CoRe-WM old,amidar,3,58410,39.0
CoRe-WM old,amidar,3,59403,89.0
CoRe-WM old,amidar,3,60375,97.0
CoRe-WM old,amidar,3,60994,70.0
CoRe-WM old,amidar,3,61758,77.0
CoRe-WM old,amidar,3,62607,71.0
CoRe-WM old,amidar,3,63167,47.0
CoRe-WM old,amidar,3,64003,69.0
CoRe-WM old,amidar,3,64730,66.0
CoRe-WM old,amidar,3,65377,94.0
CoRe-WM old,amidar,3,65851,44.0
CoRe-WM old,amidar,3,66469,61.0
CoRe-WM old,amidar,3,67073,125.0
CoRe-WM old,amidar,3,68217,66.0
CoRe-WM old,amidar,3,68954,80.0
CoRe-WM old,amidar,3,69755,67.0
CoRe-WM old,amidar,3,70375,100.0
CoRe-WM old,amidar,3,71105,154.0
CoRe-WM old,amidar,3,71775,68.0
CoRe-WM old,amidar,3,72616,99.0
CoRe-WM old,amidar,3,73244,56.0
CoRe-WM old,amidar,3,73998,78.0
CoRe-WM old,amidar,3,74567,71.0
CoRe-WM old,amidar,3,75197,58.0
CoRe-WM old,amidar,3,75940,121.0
CoRe-WM old,amidar,3,76673,93.0
CoRe-WM old,amidar,3,77247,65.0
CoRe-WM old,amidar,3,77970,105.0
CoRe-WM old,amidar,3,78435,55.0
CoRe-WM old,amidar,3,79235,64.0
CoRe-WM old,amidar,3,80069,89.0
CoRe-WM old,amidar,3,80754,109.0
CoRe-WM old,amidar,3,81616,86.0
CoRe-WM old,amidar,3,82360,94.0
CoRe-WM old,amidar,3,82933,65.0
CoRe-WM old,amidar,3,83690,88.0
CoRe-WM old,amidar,3,84259,84.0
CoRe-WM old,amidar,3,85000,68.0
CoRe-WM old,amidar,3,85816,127.0
CoRe-WM old,amidar,3,86583,62.0
CoRe-WM old,amidar,3,87454,131.0
CoRe-WM old,amidar,3,88072,117.0
CoRe-WM old,amidar,3,88881,89.0
CoRe-WM old,amidar,3,89640,112.0
CoRe-WM old,amidar,3,90089,82.0
CoRe-WM old,amidar,3,90797,127.0
CoRe-WM old,amidar,3,91495,103.0
CoRe-WM old,amidar,3,92192,104.0
CoRe-WM old,amidar,3,92904,67.0
CoRe-WM old,amidar,3,93685,126.0
CoRe-WM old,amidar,3,94229,61.0
CoRe-WM old,amidar,3,95163,123.0
CoRe-WM old,amidar,3,95871,112.0
CoRe-WM old,amidar,3,96618,124.0
CoRe-WM old,amidar,3,97219,105.0
CoRe-WM old,amidar,3,97931,119.0
CoRe-WM old,amidar,3,98555,121.0
CoRe-WM old,amidar,3,99241,167.0
CoRe-WM old,amidar,3,99895,100.0
CoRe-WM old,amidar,4,546,0.0
CoRe-WM old,amidar,4,1112,0.0
CoRe-WM old,amidar,4,1952,3.0
CoRe-WM old,amidar,4,2496,3.0
CoRe-WM old,amidar,4,3073,0.0
CoRe-WM old,amidar,4,3684,3.0
CoRe-WM old,amidar,4,4252,0.0
CoRe-WM old,amidar,4,4810,0.0
CoRe-WM old,amidar,4,5378,0.0
CoRe-WM old,amidar,4,6090,4.0
CoRe-WM old,amidar,4,6687,3.0
CoRe-WM old,amidar,4,7259,0.0
CoRe-WM old,amidar,4,7881,5.0
CoRe-WM old,amidar,4,8414,0.0
CoRe-WM old,amidar,4,8981,5.0
CoRe-WM old,amidar,4,9598,3.0
CoRe-WM old,amidar,4,10169,1.0
CoRe-WM old,amidar,4,10731,4.0
CoRe-WM old,amidar,4,11293,3.0
CoRe-WM old,amidar,4,12071,28.0
CoRe-WM old,amidar,4,12781,34.0
CoRe-WM old,amidar,4,13633,42.0
CoRe-WM old,amidar,4,14262,33.0
CoRe-WM old,amidar,4,14883,32.0
CoRe-WM old,amidar,4,15500,32.0
CoRe-WM old,amidar,4,16102,31.0
CoRe-WM old,amidar,4,16737,33.0
CoRe-WM old,amidar,4,17365,33.0
CoRe-WM old,amidar,4,18277,78.0
CoRe-WM old,amidar,4,18950,64.0
CoRe-WM old,amidar,4,19581,33.0
CoRe-WM old,amidar,4,20259,53.0
CoRe-WM old,amidar,4,20704,79.0
CoRe-WM old,amidar,4,21134,30.0
CoRe-WM old,amidar,4,21765,33.0
CoRe-WM old,amidar,4,22397,33.0
CoRe-WM old,amidar,4,23034,47.0
CoRe-WM old,amidar,4,23937,41.0
CoRe-WM old,amidar,4,24590,42.0
CoRe-WM old,amidar,4,25364,45.0
CoRe-WM old,amidar,4,26247,52.0
CoRe-WM old,amidar,4,26941,39.0
CoRe-WM old,amidar,4,27605,43.0
CoRe-WM old,amidar,4,28470,42.0
CoRe-WM old,amidar,4,29161,51.0
CoRe-WM old,amidar,4,29860,56.0
CoRe-WM old,amidar,4,30551,100.0
CoRe-WM old,amidar,4,31246,74.0
CoRe-WM old,amidar,4,31829,66.0
CoRe-WM old,amidar,4,32497,43.0
CoRe-WM old,amidar,4,33122,63.0
CoRe-WM old,amidar,4,33830,66.0
CoRe-WM old,amidar,4,34522,63.0
CoRe-WM old,amidar,4,34998,79.0
CoRe-WM old,amidar,4,35769,77.0
CoRe-WM old,amidar,4,36293,32.0
CoRe-WM old,amidar,4,36915,60.0
CoRe-WM old,amidar,4,37882,65.0
CoRe-WM old,amidar,4,38734,46.0
CoRe-WM old,amidar,4,39507,65.0
CoRe-WM old,amidar,4,40223,77.0
CoRe-WM old,amidar,4,40696,32.0
CoRe-WM old,amidar,4,41273,26.0
CoRe-WM old,amidar,4,41876,48.0
CoRe-WM old,amidar,4,42616,74.0
CoRe-WM old,amidar,4,43866,113.0
CoRe-WM old,amidar,4,44663,58.0
CoRe-WM old,amidar,4,45139,32.0
CoRe-WM old,amidar,4,45834,59.0
CoRe-WM old,amidar,4,46311,32.0
CoRe-WM old,amidar,4,47023,61.0
CoRe-WM old,amidar,4,47874,77.0
CoRe-WM old,amidar,4,48401,76.0
CoRe-WM old,amidar,4,49023,59.0
CoRe-WM old,amidar,4,49759,53.0
CoRe-WM old,amidar,4,50509,73.0
CoRe-WM old,amidar,4,51431,66.0
CoRe-WM old,amidar,4,52145,65.0
CoRe-WM old,amidar,4,52999,71.0
CoRe-WM old,amidar,4,54347,218.0
CoRe-WM old,amidar,4,55025,70.0
CoRe-WM old,amidar,4,55746,60.0
CoRe-WM old,amidar,4,56519,58.0
CoRe-WM old,amidar,4,57229,57.0
CoRe-WM old,amidar,4,58149,84.0
CoRe-WM old,amidar,4,59020,114.0
CoRe-WM old,amidar,4,59989,85.0
CoRe-WM old,amidar,4,60816,90.0
CoRe-WM old,amidar,4,61430,70.0
CoRe-WM old,amidar,4,62356,69.0
CoRe-WM old,amidar,4,63546,176.0
CoRe-WM old,amidar,4,64074,29.0
CoRe-WM old,amidar,4,65037,70.0
CoRe-WM old,amidar,4,65757,46.0
CoRe-WM old,amidar,4,66526,85.0
CoRe-WM old,amidar,4,67347,64.0
CoRe-WM old,amidar,4,68269,81.0
CoRe-WM old,amidar,4,69115,124.0
CoRe-WM old,amidar,4,70022,124.0
CoRe-WM old,amidar,4,70835,118.0
CoRe-WM old,amidar,4,71870,135.0
CoRe-WM old,amidar,4,72853,131.0
CoRe-WM old,amidar,4,73683,103.0
CoRe-WM old,amidar,4,74468,130.0
CoRe-WM old,amidar,4,75389,81.0
CoRe-WM old,amidar,4,76482,133.0
CoRe-WM old,amidar,4,77487,75.0
CoRe-WM old,amidar,4,78103,91.0
CoRe-WM old,amidar,4,79112,124.0
CoRe-WM old,amidar,4,79906,104.0
CoRe-WM old,amidar,4,80930,75.0
CoRe-WM old,amidar,4,81705,77.0
CoRe-WM old,amidar,4,82517,106.0
CoRe-WM old,amidar,4,83393,69.0
CoRe-WM old,amidar,4,84042,59.0
CoRe-WM old,amidar,4,84805,69.0
CoRe-WM old,amidar,4,85453,53.0
CoRe-WM old,amidar,4,86096,53.0
CoRe-WM old,amidar,4,87148,108.0
CoRe-WM old,amidar,4,87932,89.0
CoRe-WM old,amidar,4,88668,61.0
CoRe-WM old,amidar,4,89662,93.0
CoRe-WM old,amidar,4,90556,111.0
CoRe-WM old,amidar,4,91395,128.0
CoRe-WM old,amidar,4,92418,124.0
CoRe-WM old,amidar,4,93282,218.0
CoRe-WM old,amidar,4,94065,60.0
CoRe-WM old,amidar,4,95072,103.0
CoRe-WM old,amidar,4,96174,131.0
CoRe-WM old,amidar,4,96819,49.0
CoRe-WM old,amidar,4,97942,171.0
CoRe-WM old,amidar,4,98573,62.0
CoRe-WM old,amidar,4,99532,81.0
CoRe-WM old,assault,0,669,273.0
CoRe-WM old,assault,0,1339,441.0
CoRe-WM old,assault,0,2097,357.0
CoRe-WM old,assault,0,2827,252.0
CoRe-WM old,assault,0,3276,231.0
CoRe-WM old,assault,0,3977,399.0
CoRe-WM old,assault,0,4413,126.0
CoRe-WM old,assault,0,4993,189.0
CoRe-WM old,assault,0,5633,252.0
CoRe-WM old,assault,0,6343,231.0
CoRe-WM old,assault,0,6761,105.0
CoRe-WM old,assault,0,7408,315.0
CoRe-WM old,assault,0,7909,315.0
CoRe-WM old,assault,0,8548,231.0
CoRe-WM old,assault,0,9058,126.0
CoRe-WM old,assault,0,9880,294.0
CoRe-WM old,assault,0,10592,84.0
CoRe-WM old,assault,0,11152,84.0
CoRe-WM old,assault,0,11851,357.0
CoRe-WM old,assault,0,12394,168.0
CoRe-WM old,assault,0,13195,147.0
CoRe-WM old,assault,0,14954,567.0
CoRe-WM old,assault,0,17206,672.0
CoRe-WM old,assault,0,17972,441.0
CoRe-WM old,assault,0,18901,441.0
CoRe-WM old,assault,0,19762,525.0
CoRe-WM old,assault,0,20112,189.0
CoRe-WM old,assault,0,20749,357.0
CoRe-WM old,assault,0,22238,609.0
CoRe-WM old,assault,0,23067,504.0
CoRe-WM old,assault,0,23680,399.0
CoRe-WM old,assault,0,24350,462.0
CoRe-WM old,assault,0,25372,399.0
CoRe-WM old,assault,0,26108,399.0
CoRe-WM old,assault,0,26800,399.0
CoRe-WM old,assault,0,27749,504.0
CoRe-WM old,assault,0,28392,399.0
CoRe-WM old,assault,0,29027,378.0
CoRe-WM old,assault,0,30073,651.0
CoRe-WM old,assault,0,30811,504.0
CoRe-WM old,assault,0,31820,630.0
CoRe-WM old,assault,0,32871,483.0
CoRe-WM old,assault,0,34246,651.0
CoRe-WM old,assault,0,35446,588.0
CoRe-WM old,assault,0,36828,651.0
CoRe-WM old,assault,0,38364,588.0
CoRe-WM old,assault,0,39563,651.0
CoRe-WM old,assault,0,40716,588.0
CoRe-WM old,assault,0,41709,567.0
CoRe-WM old,assault,0,43207,672.0
CoRe-WM old,assault,0,43910,588.0
CoRe-WM old,assault,0,44993,588.0
CoRe-WM old,assault,0,46313,630.0
CoRe-WM old,assault,0,47333,399.0
CoRe-WM old,assault,0,48665,672.0
CoRe-WM old,assault,0,49670,651.0
CoRe-WM old,assault,0,50542,672.0
CoRe-WM old,assault,0,51665,693.0
CoRe-WM old,assault,0,52624,504.0
CoRe-WM old,assault,0,53452,609.0
CoRe-WM old,assault,0,54542,630.0
CoRe-WM old,assault,0,55895,651.0
CoRe-WM old,assault,0,56728,651.0
CoRe-WM old,assault,0,57723,735.0
CoRe-WM old,assault,0,58422,525.0
CoRe-WM old,assault,0,59225,462.0
CoRe-WM old,assault,0,60090,672.0
CoRe-WM old,assault,0,60949,588.0
CoRe-WM old,assault,0,61904,567.0
CoRe-WM old,assault,0,62725,714.0
CoRe-WM old,assault,0,63300,483.0
CoRe-WM old,assault,0,64174,693.0
CoRe-WM old,assault,0,64781,420.0
CoRe-WM old,assault,0,65615,630.0
CoRe-WM old,assault,0,66432,630.0
CoRe-WM old,assault,0,67228,609.0
CoRe-WM old,assault,0,68082,672.0
CoRe-WM old,assault,0,68783,525.0
CoRe-WM old,assault,0,69838,693.0
CoRe-WM old,assault,0,70539,588.0
CoRe-WM old,assault,0,71076,357.0
CoRe-WM old,assault,0,72003,714.0
CoRe-WM old,assault,0,72813,672.0
CoRe-WM old,assault,0,73515,588.0
CoRe-WM old,assault,0,74150,525.0
CoRe-WM old,assault,0,74818,525.0
CoRe-WM old,assault,0,75423,546.0
CoRe-WM old,assault,0,76549,693.0
CoRe-WM old,assault,0,77451,693.0
CoRe-WM old,assault,0,78020,399.0
CoRe-WM old,assault,0,78403,273.0
CoRe-WM old,assault,0,79268,714.0
CoRe-WM old,assault,0,80165,630.0
CoRe-WM old,assault,0,80952,483.0
CoRe-WM old,assault,0,82108,672.0
CoRe-WM old,assault,0,83193,672.0
CoRe-WM old,assault,0,83705,420.0
CoRe-WM old,assault,0,84279,378.0
CoRe-WM old,assault,0,84981,525.0
CoRe-WM old,assault,0,85942,756.0
CoRe-WM old,assault,0,86851,735.0
CoRe-WM old,assault,0,87683,609.0
CoRe-WM old,assault,0,88388,714.0
CoRe-WM old,assault,0,89222,483.0
CoRe-WM old,assault,0,90058,651.0
CoRe-WM old,assault,0,90865,777.0
CoRe-WM old,assault,0,91930,882.0
CoRe-WM old,assault,0,92730,462.0
CoRe-WM old,assault,0,93696,651.0
CoRe-WM old,assault,0,94418,693.0
CoRe-WM old,assault,0,95346,693.0
CoRe-WM old,assault,0,95730,231.0
CoRe-WM old,assault,0,96740,693.0
CoRe-WM old,assault,0,97316,420.0
CoRe-WM old,assault,0,98085,735.0
CoRe-WM old,assault,0,98564,273.0
CoRe-WM old,assault,0,99500,672.0
CoRe-WM old,assault,1,573,273.0
CoRe-WM old,assault,1,1319,357.0
CoRe-WM old,assault,1,1925,378.0
CoRe-WM old,assault,1,2490,189.0
CoRe-WM old,assault,1,3103,357.0
CoRe-WM old,assault,1,3643,231.0
CoRe-WM old,assault,1,4178,189.0
CoRe-WM old,assault,1,4816,252.0
CoRe-WM old,assault,1,5310,168.0
CoRe-WM old,assault,1,5765,231.0
CoRe-WM old,assault,1,6429,210.0
CoRe-WM old,assault,1,7080,252.0
CoRe-WM old,assault,1,7717,294.0
CoRe-WM old,assault,1,8423,315.0
CoRe-WM old,assault,1,8778,84.0
CoRe-WM old,assault,1,9291,63.0
CoRe-WM old,assault,1,10096,273.0
CoRe-WM old,assault,1,13295,525.0
CoRe-WM old,assault,1,14377,399.0
CoRe-WM old,assault,1,15174,399.0
CoRe-WM old,assault,1,16844,651.0
CoRe-WM old,assault,1,17708,504.0
CoRe-WM old,assault,1,18535,609.0
CoRe-WM old,assault,1,19612,672.0
CoRe-WM old,assault,1,20413,420.0
CoRe-WM old,assault,1,21245,588.0
CoRe-WM old,assault,1,21692,210.0
CoRe-WM old,assault,1,22678,399.0
CoRe-WM old,assault,1,23859,420.0
CoRe-WM old,assault,1,24995,609.0
CoRe-WM old,assault,1,26214,630.0
CoRe-WM old,assault,1,26719,399.0
CoRe-WM old,assault,1,27589,441.0
CoRe-WM old,assault,1,28085,399.0
CoRe-WM old,assault,1,29147,399.0
CoRe-WM old,assault,1,29666,336.0
CoRe-WM old,assault,1,30433,462.0
CoRe-WM old,assault,1,31446,588.0
CoRe-WM old,assault,1,32951,588.0
CoRe-WM old,assault,1,34039,546.0
CoRe-WM old,assault,1,35287,483.0
CoRe-WM old,assault,1,36022,420.0
CoRe-WM old,assault,1,36822,399.0
CoRe-WM old,assault,1,37422,315.0
CoRe-WM old,assault,1,38582,651.0
CoRe-WM old,assault,1,39410,441.0
CoRe-WM old,assault,1,40301,483.0
CoRe-WM old,assault,1,41567,693.0
CoRe-WM old,assault,1,43177,651.0
CoRe-WM old,assault,1,43912,462.0
CoRe-WM old,assault,1,44719,630.0
CoRe-WM old,assault,1,45135,189.0
CoRe-WM old,assault,1,46133,672.0
CoRe-WM old,assault,1,47044,651.0
CoRe-WM old,assault,1,48172,651.0
CoRe-WM old,assault,1,48744,378.0
CoRe-WM old,assault,1,49959,651.0
CoRe-WM old,assault,1,50502,420.0
CoRe-WM old,assault,1,51688,588.0
CoRe-WM old,assault,1,52907,735.0
CoRe-WM old,assault,1,54055,525.0
CoRe-WM old,assault,1,55268,588.0
CoRe-WM old,assault,1,56244,651.0
CoRe-WM old,assault,1,57237,567.0
CoRe-WM old,assault,1,58177,672.0
CoRe-WM old,assault,1,59436,651.0
CoRe-WM old,assault,1,60374,630.0
CoRe-WM old,assault,1,61274,630.0
CoRe-WM old,assault,1,62092,693.0
CoRe-WM old,assault,1,63070,777.0
CoRe-WM old,assault,1,63949,735.0
CoRe-WM old,assault,1,64908,504.0
CoRe-WM old,assault,1,65514,399.0
CoRe-WM old,assault,1,66224,672.0
CoRe-WM old,assault,1,66838,483.0
CoRe-WM old,assault,1,67527,630.0
CoRe-WM old,assault,1,68517,714.0
CoRe-WM old,assault,1,69469,756.0
CoRe-WM old,assault,1,70426,714.0
CoRe-WM old,assault,1,71486,714.0
CoRe-WM old,assault,1,72542,567.0
CoRe-WM old,assault,1,73402,714.0
CoRe-WM old,assault,1,74871,651.0
CoRe-WM old,assault,1,75547,525.0
CoRe-WM old,assault,1,76347,693.0
CoRe-WM old,assault,1,77183,399.0
CoRe-WM old,assault,1,78350,798.0
CoRe-WM old,assault,1,79226,798.0
CoRe-WM old,assault,1,79900,462.0
CoRe-WM old,assault,1,80537,483.0
CoRe-WM old,assault,1,81343,693.0
CoRe-WM old,assault,1,82052,504.0
CoRe-WM old,assault,1,82965,735.0
CoRe-WM old,assault,1,84006,672.0
CoRe-WM old,assault,1,84838,714.0
CoRe-WM old,assault,1,85353,336.0
CoRe-WM old,assault,1,86405,693.0
CoRe-WM old,assault,1,87219,651.0
CoRe-WM old,assault,1,88527,672.0
CoRe-WM old,assault,1,89348,735.0
CoRe-WM old,assault,1,90148,420.0
CoRe-WM old,assault,1,91261,651.0
CoRe-WM old,assault,1,92245,693.0
CoRe-WM old,assault,1,92885,462.0
CoRe-WM old,assault,1,93685,462.0
CoRe-WM old,assault,1,94424,693.0
CoRe-WM old,assault,1,94803,378.0
CoRe-WM old,assault,1,95719,714.0
CoRe-WM old,assault,1,96463,693.0
CoRe-WM old,assault,1,97361,693.0
CoRe-WM old,assault,1,98067,525.0
CoRe-WM old,assault,1,98955,672.0
CoRe-WM old,assault,1,99897,714.0
CoRe-WM old,assault,2,550,273.0
CoRe-WM old,assault,2,1125,210.0
CoRe-WM old,assault,2,1759,168.0
CoRe-WM old,assault,2,2131,105.0
CoRe-WM old,assault,2,2626,189.0
CoRe-WM old,assault,2,3123,210.0
CoRe-WM old,assault,2,3631,231.0
CoRe-WM old,assault,2,4367,189.0
CoRe-WM old,assault,2,5000,252.0
CoRe-WM old,assault,2,5506,189.0
CoRe-WM old,assault,2,6179,273.0
CoRe-WM old,assault,2,6659,168.0
CoRe-WM old,assault,2,7301,315.0
CoRe-WM old,assault,2,7718,147.0
CoRe-WM old,assault,2,8327,168.0
CoRe-WM old,assault,2,8845,231.0
CoRe-WM old,assault,2,9427,147.0
CoRe-WM old,assault,2,10112,63.0
CoRe-WM old,assault,2,10727,189.0
CoRe-WM old,assault,2,11299,168.0
CoRe-WM old,assault,2,11801,273.0
CoRe-WM old,assault,2,12294,189.0
CoRe-WM old,assault,2,12924,252.0
CoRe-WM old,assault,2,13560,294.0
CoRe-WM old,assault,2,14181,252.0
CoRe-WM old,assault,2,14680,189.0
CoRe-WM old,assault,2,15345,231.0
CoRe-WM old,assault,2,16136,399.0
CoRe-WM old,assault,2,17030,210.0
CoRe-WM old,assault,2,17877,357.0
CoRe-WM old,assault,2,18589,399.0
CoRe-WM old,assault,2,19155,252.0
CoRe-WM old,assault,2,19765,273.0
CoRe-WM old,assault,2,20428,336.0
CoRe-WM old,assault,2,21037,189.0
CoRe-WM old,assault,2,21748,294.0
CoRe-WM old,assault,2,22376,336.0
CoRe-WM old,assault,2,23067,273.0
CoRe-WM old,assault,2,23582,210.0
CoRe-WM old,assault,2,24097,189.0
CoRe-WM old,assault,2,24840,315.0
CoRe-WM old,assault,2,25705,420.0
CoRe-WM old,assault,2,26406,294.0
CoRe-WM old,assault,2,27083,378.0
CoRe-WM old,assault,2,28006,231.0
CoRe-WM old,assault,2,29318,546.0
CoRe-WM old,assault,2,29944,378.0
CoRe-WM old,assault,2,30517,336.0
CoRe-WM old,assault,2,32191,651.0
CoRe-WM old,assault,2,33387,441.0
CoRe-WM old,assault,2,35143,567.0
CoRe-WM old,assault,2,36005,378.0
CoRe-WM old,assault,2,37092,546.0
CoRe-WM old,assault,2,38145,399.0
CoRe-WM old,assault,2,38558,210.0
CoRe-WM old,assault,2,39676,483.0
CoRe-WM old,assault,2,41425,672.0
CoRe-WM old,assault,2,43089,672.0
CoRe-WM old,assault,2,43821,420.0
CoRe-WM old,assault,2,44975,567.0
CoRe-WM old,assault,2,45920,294.0
CoRe-WM old,assault,2,47634,672.0
CoRe-WM old,assault,2,47950,252.0
CoRe-WM old,assault,2,48623,336.0
CoRe-WM old,assault,2,49680,504.0
CoRe-WM old,assault,2,50779,630.0
CoRe-WM old,assault,2,51641,504.0
CoRe-WM old,assault,2,52761,672.0
CoRe-WM old,assault,2,54047,630.0
CoRe-WM old,assault,2,55714,672.0
CoRe-WM old,assault,2,56959,651.0
CoRe-WM old,assault,2,57629,504.0
CoRe-WM old,assault,2,58644,630.0
CoRe-WM old,assault,2,59940,693.0
CoRe-WM old,assault,2,60689,420.0
CoRe-WM old,assault,2,62207,651.0
CoRe-WM old,assault,2,63037,378.0
CoRe-WM old,assault,2,64046,672.0
CoRe-WM old,assault,2,64954,714.0
CoRe-WM old,assault,2,65846,588.0
CoRe-WM old,assault,2,66807,630.0
CoRe-WM old,assault,2,67510,588.0
CoRe-WM old,assault,2,68148,567.0
CoRe-WM old,assault,2,68936,609.0
CoRe-WM old,assault,2,69867,693.0
CoRe-WM old,assault,2,70781,525.0
CoRe-WM old,assault,2,71915,651.0
CoRe-WM old,assault,2,72619,504.0
CoRe-WM old,assault,2,73745,651.0
CoRe-WM old,assault,2,74384,399.0
CoRe-WM old,assault,2,75148,504.0
CoRe-WM old,assault,2,75977,504.0
CoRe-WM old,assault,2,76714,483.0
CoRe-WM old,assault,2,77635,693.0
CoRe-WM old,assault,2,78115,441.0
CoRe-WM old,assault,2,78828,420.0
CoRe-WM old,assault,2,79610,693.0
CoRe-WM old,assault,2,80568,693.0
CoRe-WM old,assault,2,81633,735.0
CoRe-WM old,assault,2,82559,777.0
CoRe-WM old,assault,2,83264,504.0
CoRe-WM old,assault,2,83807,336.0
CoRe-WM old,assault,2,84604,672.0
CoRe-WM old,assault,2,85382,672.0
CoRe-WM old,assault,2,86529,672.0
CoRe-WM old,assault,2,87422,546.0
CoRe-WM old,assault,2,88361,651.0
CoRe-WM old,assault,2,89193,567.0
CoRe-WM old,assault,2,90030,735.0
CoRe-WM old,assault,2,90833,714.0
CoRe-WM old,assault,2,91763,546.0
CoRe-WM old,assault,2,92820,714.0
CoRe-WM old,assault,2,93684,630.0
CoRe-WM old,assault,2,94466,672.0
CoRe-WM old,assault,2,95239,693.0
CoRe-WM old,assault,2,96294,672.0
CoRe-WM old,assault,2,97065,777.0
CoRe-WM old,assault,2,98007,672.0
CoRe-WM old,assault,2,98995,609.0
CoRe-WM old,assault,2,99858,504.0
CoRe-WM old,assault,3,569,210.0
CoRe-WM old,assault,3,1103,189.0
CoRe-WM old,assault,3,1571,189.0
CoRe-WM old,assault,3,2239,378.0
CoRe-WM old,assault,3,2756,231.0
CoRe-WM old,assault,3,3476,315.0
CoRe-WM old,assault,3,4172,231.0
CoRe-WM old,assault,3,4796,294.0
CoRe-WM old,assault,3,5389,189.0
CoRe-WM old,assault,3,5890,126.0
CoRe-WM old,assault,3,6549,231.0
CoRe-WM old,assault,3,7123,189.0
CoRe-WM old,assault,3,7865,315.0
CoRe-WM old,assault,3,8473,189.0
CoRe-WM old,assault,3,9237,273.0
CoRe-WM old,assault,3,10543,357.0
CoRe-WM old,assault,3,11406,315.0
CoRe-WM old,assault,3,12693,315.0
CoRe-WM old,assault,3,13521,231.0
CoRe-WM old,assault,3,14001,315.0
CoRe-WM old,assault,3,14482,210.0
CoRe-WM old,assault,3,15629,399.0
CoRe-WM old,assault,3,17130,609.0
CoRe-WM old,assault,3,18203,546.0
CoRe-WM old,assault,3,19194,651.0
CoRe-WM old,assault,3,19996,609.0
CoRe-WM old,assault,3,20791,504.0
CoRe-WM old,assault,3,21435,525.0
CoRe-WM old,assault,3,22234,567.0
CoRe-WM old,assault,3,22925,441.0
CoRe-WM old,assault,3,23632,399.0
CoRe-WM old,assault,3,24402,546.0
CoRe-WM old,assault,3,25479,672.0
CoRe-WM old,assault,3,25980,210.0
CoRe-WM old,assault,3,27043,651.0
CoRe-WM old,assault,3,27703,399.0
CoRe-WM old,assault,3,28491,567.0
CoRe-WM old,assault,3,29287,525.0
CoRe-WM old,assault,3,29771,294.0
CoRe-WM old,assault,3,30310,231.0
CoRe-WM old,assault,3,30890,357.0
CoRe-WM old,assault,3,31565,483.0
CoRe-WM old,assault,3,32105,357.0
CoRe-WM old,assault,3,33343,651.0
CoRe-WM old,assault,3,34728,714.0
CoRe-WM old,assault,3,35240,315.0
CoRe-WM old,assault,3,35750,273.0
CoRe-WM old,assault,3,36795,588.0
CoRe-WM old,assault,3,37951,651.0
CoRe-WM old,assault,3,38993,777.0
CoRe-WM old,assault,3,40119,609.0
CoRe-WM old,assault,3,41380,609.0
CoRe-WM old,assault,3,42111,504.0
CoRe-WM old,assault,3,42719,462.0
CoRe-WM old,assault,3,43567,546.0
CoRe-WM old,assault,3,44624,693.0
CoRe-WM old,assault,3,45624,651.0
CoRe-WM old,assault,3,46614,462.0
CoRe-WM old,assault,3,47255,399.0
CoRe-WM old,assault,3,48148,609.0
CoRe-WM old,assault,3,49172,630.0
CoRe-WM old,assault,3,50130,672.0
CoRe-WM old,assault,3,51122,630.0
CoRe-WM old,assault,3,52284,672.0
CoRe-WM old,assault,3,53303,630.0
CoRe-WM old,assault,3,54265,609.0
CoRe-WM old,assault,3,54772,315.0
CoRe-WM old,assault,3,55416,546.0
CoRe-WM old,assault,3,55990,504.0
CoRe-WM old,assault,3,56851,567.0
CoRe-WM old,assault,3,57593,609.0
CoRe-WM old,assault,3,58092,441.0
CoRe-WM old,assault,3,58759,462.0
CoRe-WM old,assault,3,59529,462.0
CoRe-WM old,assault,3,60528,693.0
CoRe-WM old,assault,3,61551,546.0
CoRe-WM old,assault,3,62574,672.0
CoRe-WM old,assault,3,63647,630.0
CoRe-WM old,assault,3,64675,651.0
CoRe-WM old,assault,3,65475,483.0
CoRe-WM old,assault,3,66303,630.0
CoRe-WM old,assault,3,67103,672.0
CoRe-WM old,assault,3,68240,630.0
CoRe-WM old,assault,3,69080,651.0
CoRe-WM old,assault,3,70154,672.0
CoRe-WM old,assault,3,71272,672.0
CoRe-WM old,assault,3,72244,777.0
CoRe-WM old,assault,3,72822,441.0
CoRe-WM old,assault,3,73865,693.0
CoRe-WM old,assault,3,74505,378.0
CoRe-WM old,assault,3,75242,630.0
CoRe-WM old,assault,3,75817,483.0
CoRe-WM old,assault,3,76585,588.0
CoRe-WM old,assault,3,77189,399.0
CoRe-WM old,assault,3,77701,378.0
CoRe-WM old,assault,3,78341,399.0
CoRe-WM old,assault,3,79013,399.0
CoRe-WM old,assault,3,79551,399.0
CoRe-WM old,assault,3,80427,672.0
CoRe-WM old,assault,3,81436,735.0
CoRe-WM old,assault,3,82740,798.0
CoRe-WM old,assault,3,83656,651.0
CoRe-WM old,assault,3,84555,672.0
CoRe-WM old,assault,3,85482,630.0
CoRe-WM old,assault,3,86412,609.0
CoRe-WM old,assault,3,87416,756.0
CoRe-WM old,assault,3,88470,672.0
CoRe-WM old,assault,3,89571,651.0
CoRe-WM old,assault,3,90363,735.0
CoRe-WM old,assault,3,91355,693.0
CoRe-WM old,assault,3,91915,420.0
CoRe-WM old,assault,3,93004,672.0
CoRe-WM old,assault,3,93770,525.0
CoRe-WM old,assault,3,94683,651.0
CoRe-WM old,assault,3,95555,630.0
CoRe-WM old,assault,3,96866,693.0
CoRe-WM old,assault,3,97753,630.0
CoRe-WM old,assault,3,98722,651.0
CoRe-WM old,assault,3,99750,714.0
CoRe-WM old,assault,4,532,294.0
CoRe-WM old,assault,4,982,210.0
CoRe-WM old,assault,4,1612,315.0
CoRe-WM old,assault,4,1951,189.0
CoRe-WM old,assault,4,2526,168.0
CoRe-WM old,assault,4,3044,189.0
CoRe-WM old,assault,4,3653,294.0
CoRe-WM old,assault,4,4228,336.0
CoRe-WM old,assault,4,4996,378.0
CoRe-WM old,assault,4,5350,147.0
CoRe-WM old,assault,4,6104,336.0
CoRe-WM old,assault,4,6772,315.0
CoRe-WM old,assault,4,7393,294.0
CoRe-WM old,assault,4,8056,315.0
CoRe-WM old,assault,4,8773,336.0
CoRe-WM old,assault,4,9604,231.0
CoRe-WM old,assault,4,10901,420.0
CoRe-WM old,assault,4,11311,189.0
CoRe-WM old,assault,4,11823,357.0
CoRe-WM old,assault,4,12619,399.0
CoRe-WM old,assault,4,13194,210.0
CoRe-WM old,assault,4,14053,357.0
CoRe-WM old,assault,4,14849,378.0
CoRe-WM old,assault,4,15523,294.0
CoRe-WM old,assault,4,16186,336.0
CoRe-WM old,assault,4,16958,420.0
CoRe-WM old,assault,4,17599,357.0
CoRe-WM old,assault,4,18257,399.0
CoRe-WM old,assault,4,18964,378.0
CoRe-WM old,assault,4,19958,525.0
CoRe-WM old,assault,4,20599,399.0
CoRe-WM old,assault,4,20850,210.0
CoRe-WM old,assault,4,22104,420.0
CoRe-WM old,assault,4,22836,483.0
CoRe-WM old,assault,4,23344,357.0
CoRe-WM old,assault,4,23984,420.0
CoRe-WM old,assault,4,24783,483.0
CoRe-WM old,assault,4,26124,483.0
CoRe-WM old,assault,4,27050,399.0
CoRe-WM old,assault,4,28105,462.0
CoRe-WM old,assault,4,28828,504.0
CoRe-WM old,assault,4,29435,462.0
CoRe-WM old,assault,4,29912,378.0
CoRe-WM old,assault,4,30548,462.0
CoRe-WM old,assault,4,31460,441.0
CoRe-WM old,assault,4,32038,357.0
CoRe-WM old,assault,4,32905,441.0
CoRe-WM old,assault,4,33535,315.0
CoRe-WM old,assault,4,33946,210.0
CoRe-WM old,assault,4,34457,252.0
CoRe-WM old,assault,4,35198,420.0
CoRe-WM old,assault,4,35806,189.0
CoRe-WM old,assault,4,36607,399.0
CoRe-WM old,assault,4,37218,567.0
CoRe-WM old,assault,4,37756,336.0
CoRe-WM old,assault,4,38387,399.0
CoRe-WM old,assault,4,38959,399.0
CoRe-WM old,assault,4,39523,483.0
CoRe-WM old,assault,4,40225,399.0
CoRe-WM old,assault,4,41057,483.0
CoRe-WM old,assault,4,41855,462.0
CoRe-WM old,assault,4,42590,588.0
CoRe-WM old,assault,4,43377,609.0
CoRe-WM old,assault,4,43953,399.0
CoRe-WM old,assault,4,44433,231.0
CoRe-WM old,assault,4,45137,399.0
CoRe-WM old,assault,4,45743,315.0
CoRe-WM old,assault,4,46982,630.0
CoRe-WM old,assault,4,47586,357.0
CoRe-WM old,assault,4,48548,609.0
CoRe-WM old,assault,4,49508,651.0
CoRe-WM old,assault,4,50512,651.0
CoRe-WM old,assault,4,51476,567.0
CoRe-WM old,assault,4,51854,294.0
CoRe-WM old,assault,4,52563,336.0
CoRe-WM old,assault,4,53587,588.0
CoRe-WM old,assault,4,54165,483.0
CoRe-WM old,assault,4,55025,504.0
CoRe-WM old,assault,4,55788,441.0
CoRe-WM old,assault,4,56836,714.0
CoRe-WM old,assault,4,57471,483.0
CoRe-WM old,assault,4,58363,609.0
CoRe-WM old,assault,4,59128,525.0
CoRe-WM old,assault,4,60094,651.0
CoRe-WM old,assault,4,60699,357.0
CoRe-WM old,assault,4,61405,483.0
CoRe-WM old,assault,4,62406,420.0
CoRe-WM old,assault,4,63474,693.0
CoRe-WM old,assault,4,64338,630.0
CoRe-WM old,assault,4,65105,483.0
CoRe-WM old,assault,4,65871,462.0
CoRe-WM old,assault,4,66443,504.0
CoRe-WM old,assault,4,66922,336.0
CoRe-WM old,assault,4,68209,651.0
CoRe-WM old,assault,4,68783,336.0
CoRe-WM old,assault,4,69486,483.0
CoRe-WM old,assault,4,70457,714.0
CoRe-WM old,assault,4,71230,714.0
CoRe-WM old,assault,4,71613,273.0
CoRe-WM old,assault,4,72122,441.0
CoRe-WM old,assault,4,72826,567.0
CoRe-WM old,assault,4,73400,336.0
CoRe-WM old,assault,4,74292,483.0
CoRe-WM old,assault,4,74701,357.0
CoRe-WM old,assault,4,75594,672.0
CoRe-WM old,assault,4,76487,525.0
CoRe-WM old,assault,4,77198,651.0
CoRe-WM old,assault,4,78021,399.0
CoRe-WM old,assault,4,79139,714.0
CoRe-WM old,assault,4,80002,609.0
CoRe-WM old,assault,4,81122,672.0
CoRe-WM old,assault,4,81890,588.0
CoRe-WM old,assault,4,82312,294.0
CoRe-WM old,assault,4,83366,588.0
CoRe-WM old,assault,4,84212,462.0
CoRe-WM old,assault,4,85073,630.0
CoRe-WM old,assault,4,85554,294.0
CoRe-WM old,assault,4,86419,567.0
CoRe-WM old,assault,4,87540,651.0
CoRe-WM old,assault,4,88341,588.0
CoRe-WM old,assault,4,89081,651.0
CoRe-WM old,assault,4,89928,672.0
CoRe-WM old,assault,4,90729,609.0
CoRe-WM old,assault,4,91177,336.0
CoRe-WM old,assault,4,92045,630.0
CoRe-WM old,assault,4,92846,462.0
CoRe-WM old,assault,4,93520,567.0
CoRe-WM old,assault,4,94357,735.0
CoRe-WM old,assault,4,95221,672.0
CoRe-WM old,assault,4,95921,609.0
CoRe-WM old,assault,4,97167,672.0
CoRe-WM old,assault,4,98144,672.0
CoRe-WM old,assault,4,99342,651.0
CoRe-WM old,asterix,0,279,400.0
CoRe-WM old,asterix,0,574,350.0
CoRe-WM old,asterix,0,890,400.0
CoRe-WM old,asterix,0,1299,700.0
CoRe-WM old,asterix,0,1658,450.0
CoRe-WM old,asterix,0,1878,200.0
CoRe-WM old,asterix,0,2096,200.0
CoRe-WM old,asterix,0,2349,250.0
CoRe-WM old,asterix,0,2558,150.0
CoRe-WM old,asterix,0,2771,200.0
CoRe-WM old,asterix,0,2968,150.0
CoRe-WM old,asterix,0,3441,650.0
CoRe-WM old,asterix,0,3804,350.0
CoRe-WM old,asterix,0,4175,350.0
CoRe-WM old,asterix,0,4409,350.0
CoRe-WM old,asterix,0,4646,250.0
CoRe-WM old,asterix,0,5104,500.0
CoRe-WM old,asterix,0,5404,400.0
CoRe-WM old,asterix,0,5695,250.0
CoRe-WM old,asterix,0,5925,200.0
CoRe-WM old,asterix,0,6212,250.0
CoRe-WM old,asterix,0,6505,350.0
CoRe-WM old,asterix,0,6838,350.0
CoRe-WM old,asterix,0,7073,300.0
CoRe-WM old,asterix,0,7573,600.0
CoRe-WM old,asterix,0,8209,650.0
CoRe-WM old,asterix,0,8655,250.0
CoRe-WM old,asterix,0,8861,100.0
CoRe-WM old,asterix,0,9077,100.0
CoRe-WM old,asterix,0,9663,400.0
CoRe-WM old,asterix,0,10177,350.0
CoRe-WM old,asterix,0,10377,150.0
CoRe-WM old,asterix,0,10793,250.0
CoRe-WM old,asterix,0,11111,100.0
CoRe-WM old,asterix,0,11683,250.0
CoRe-WM old,asterix,0,12212,200.0
CoRe-WM old,asterix,0,12694,300.0
CoRe-WM old,asterix,0,13004,200.0
CoRe-WM old,asterix,0,13419,300.0
CoRe-WM old,asterix,0,13703,100.0
CoRe-WM old,asterix,0,14023,150.0
CoRe-WM old,asterix,0,14489,350.0
CoRe-WM old,asterix,0,15014,350.0
CoRe-WM old,asterix,0,15594,200.0
CoRe-WM old,asterix,0,15803,150.0
CoRe-WM old,asterix,0,16078,150.0
CoRe-WM old,asterix,0,16372,200.0
CoRe-WM old,asterix,0,16611,200.0
CoRe-WM old,asterix,0,16918,350.0
CoRe-WM old,asterix,0,17397,400.0
CoRe-WM old,asterix,0,17578,100.0
CoRe-WM old,asterix,0,17792,150.0
CoRe-WM old,asterix,0,18092,300.0
CoRe-WM old,asterix,0,18293,250.0
CoRe-WM old,asterix,0,18590,250.0
CoRe-WM old,asterix,0,19081,400.0
CoRe-WM old,asterix,0,19478,400.0
CoRe-WM old,asterix,0,19748,200.0
CoRe-WM old,asterix,0,20029,300.0
CoRe-WM old,asterix,0,20204,100.0
CoRe-WM old,asterix,0,20381,50.0
CoRe-WM old,asterix,0,20692,250.0
CoRe-WM old,asterix,0,21219,550.0
CoRe-WM old,asterix,0,21611,500.0
CoRe-WM old,asterix,0,21971,300.0
CoRe-WM old,asterix,0,22433,450.0
CoRe-WM old,asterix,0,22685,250.0
CoRe-WM old,asterix,0,23365,600.0
CoRe-WM old,asterix,0,23829,400.0
CoRe-WM old,asterix,0,24088,50.0
CoRe-WM old,asterix,0,24378,250.0
CoRe-WM old,asterix,0,24685,300.0
CoRe-WM old,asterix,0,25065,300.0
CoRe-WM old,asterix,0,25413,150.0
CoRe-WM old,asterix,0,25692,200.0
CoRe-WM old,asterix,0,26394,450.0
CoRe-WM old,asterix,0,26695,250.0
CoRe-WM old,asterix,0,27256,500.0
CoRe-WM old,asterix,0,27513,50.0
CoRe-WM old,asterix,0,27739,100.0
CoRe-WM old,asterix,0,28430,450.0
CoRe-WM old,asterix,0,28733,150.0
CoRe-WM old,asterix,0,29317,350.0
CoRe-WM old,asterix,0,29536,100.0
CoRe-WM old,asterix,0,29763,100.0
CoRe-WM old,asterix,0,30200,200.0
CoRe-WM old,asterix,0,30625,200.0
CoRe-WM old,asterix,0,30967,150.0
CoRe-WM old,asterix,0,31273,200.0
CoRe-WM old,asterix,0,31594,350.0
CoRe-WM old,asterix,0,31979,150.0
CoRe-WM old,asterix,0,32423,500.0
CoRe-WM old,asterix,0,32706,150.0
CoRe-WM old,asterix,0,32916,50.0
CoRe-WM old,asterix,0,33371,400.0
CoRe-WM old,asterix,0,33804,400.0
CoRe-WM old,asterix,0,34205,250.0
CoRe-WM old,asterix,0,34669,300.0
CoRe-WM old,asterix,0,35258,500.0
CoRe-WM old,asterix,0,35511,200.0
CoRe-WM old,asterix,0,35854,100.0
CoRe-WM old,asterix,0,36063,150.0
CoRe-WM old,asterix,0,36263,50.0
CoRe-WM old,asterix,0,36573,350.0
CoRe-WM old,asterix,0,36848,300.0
CoRe-WM old,asterix,0,37195,200.0
CoRe-WM old,asterix,0,37756,550.0
CoRe-WM old,asterix,0,38084,150.0
CoRe-WM old,asterix,0,38478,400.0
CoRe-WM old,asterix,0,38767,350.0
CoRe-WM old,asterix,0,39368,600.0
CoRe-WM old,asterix,0,39643,300.0
CoRe-WM old,asterix,0,39872,250.0
CoRe-WM old,asterix,0,40089,50.0
CoRe-WM old,asterix,0,40309,50.0
CoRe-WM old,asterix,0,40861,600.0
CoRe-WM old,asterix,0,41160,400.0
CoRe-WM old,asterix,0,41800,800.0
CoRe-WM old,asterix,0,42041,250.0
CoRe-WM old,asterix,0,42239,150.0
CoRe-WM old,asterix,0,42644,450.0
CoRe-WM old,asterix,0,42907,300.0
CoRe-WM old,asterix,0,43214,300.0
CoRe-WM old,asterix,0,43620,450.0
CoRe-WM old,asterix,0,43926,200.0
CoRe-WM old,asterix,0,44203,450.0
CoRe-WM old,asterix,0,44677,400.0
CoRe-WM old,asterix,0,45205,400.0
CoRe-WM old,asterix,0,45407,200.0
CoRe-WM old,asterix,0,45606,250.0
CoRe-WM old,asterix,0,45881,250.0
CoRe-WM old,asterix,0,46299,400.0
CoRe-WM old,asterix,0,46642,450.0
CoRe-WM old,asterix,0,46955,250.0
CoRe-WM old,asterix,0,47178,300.0
CoRe-WM old,asterix,0,47399,200.0
CoRe-WM old,asterix,0,47671,300.0
CoRe-WM old,asterix,0,47843,200.0
CoRe-WM old,asterix,0,48159,450.0
CoRe-WM old,asterix,0,48464,400.0
CoRe-WM old,asterix,0,48871,450.0
CoRe-WM old,asterix,0,49215,500.0
CoRe-WM old,asterix,0,49483,150.0
CoRe-WM old,asterix,0,49741,350.0
CoRe-WM old,asterix,0,49945,200.0
CoRe-WM old,asterix,0,50188,150.0
CoRe-WM old,asterix,0,50472,350.0
CoRe-WM old,asterix,0,50931,600.0
CoRe-WM old,asterix,0,51236,450.0
CoRe-WM old,asterix,0,51614,600.0
CoRe-WM old,asterix,0,52207,600.0
CoRe-WM old,asterix,0,52412,250.0
CoRe-WM old,asterix,0,52630,200.0
CoRe-WM old,asterix,0,52845,250.0
CoRe-WM old,asterix,0,53139,350.0
CoRe-WM old,asterix,0,53590,700.0
CoRe-WM old,asterix,0,53947,450.0
CoRe-WM old,asterix,0,54268,350.0
CoRe-WM old,asterix,0,54592,400.0
CoRe-WM old,asterix,0,54969,400.0
CoRe-WM old,asterix,0,55473,600.0
CoRe-WM old,asterix,0,55689,200.0
CoRe-WM old,asterix,0,56053,400.0
CoRe-WM old,asterix,0,56743,950.0
CoRe-WM old,asterix,0,57269,550.0
CoRe-WM old,asterix,0,57944,1100.0
CoRe-WM old,asterix,0,58356,450.0
CoRe-WM old,asterix,0,58897,750.0
CoRe-WM old,asterix,0,59492,800.0
CoRe-WM old,asterix,0,59856,500.0
CoRe-WM old,asterix,0,60304,700.0
CoRe-WM old,asterix,0,60802,650.0
CoRe-WM old,asterix,0,60999,200.0
CoRe-WM old,asterix,0,61368,400.0
CoRe-WM old,asterix,0,61722,300.0
CoRe-WM old,asterix,0,62227,600.0
CoRe-WM old,asterix,0,62524,250.0
CoRe-WM old,asterix,0,62878,500.0
CoRe-WM old,asterix,0,63119,250.0
CoRe-WM old,asterix,0,63475,500.0
CoRe-WM old,asterix,0,63676,250.0
CoRe-WM old,asterix,0,64007,450.0
CoRe-WM old,asterix,0,64336,400.0
CoRe-WM old,asterix,0,64658,450.0
CoRe-WM old,asterix,0,65159,650.0
CoRe-WM old,asterix,0,65427,450.0
CoRe-WM old,asterix,0,65739,450.0
CoRe-WM old,asterix,0,66114,550.0
CoRe-WM old,asterix,0,66381,250.0
CoRe-WM old,asterix,0,66886,550.0
CoRe-WM old,asterix,0,67154,400.0
CoRe-WM old,asterix,0,67815,550.0
CoRe-WM old,asterix,0,68119,600.0
CoRe-WM old,asterix,0,68483,550.0
CoRe-WM old,asterix,0,68778,400.0
CoRe-WM old,asterix,0,69287,550.0
CoRe-WM old,asterix,0,69610,450.0
CoRe-WM old,asterix,0,69972,500.0
CoRe-WM old,asterix,0,70467,650.0
CoRe-WM old,asterix,0,70839,700.0
CoRe-WM old,asterix,0,71036,200.0
CoRe-WM old,asterix,0,71267,350.0
CoRe-WM old,asterix,0,71654,650.0
CoRe-WM old,asterix,0,71931,300.0
CoRe-WM old,asterix,0,72163,250.0
CoRe-WM old,asterix,0,72542,500.0
CoRe-WM old,asterix,0,72824,250.0
CoRe-WM old,asterix,0,73203,650.0
CoRe-WM old,asterix,0,73544,600.0
CoRe-WM old,asterix,0,73940,700.0
CoRe-WM old,asterix,0,74403,400.0
CoRe-WM old,asterix,0,74714,550.0
CoRe-WM old,asterix,0,75116,600.0
CoRe-WM old,asterix,0,75477,400.0
CoRe-WM old,asterix,0,75715,300.0
CoRe-WM old,asterix,0,76006,400.0
CoRe-WM old,asterix,0,76245,300.0
CoRe-WM old,asterix,0,76768,550.0
CoRe-WM old,asterix,0,77055,550.0
CoRe-WM old,asterix,0,77322,650.0
CoRe-WM old,asterix,0,77681,400.0
CoRe-WM old,asterix,0,77910,400.0
CoRe-WM old,asterix,0,78144,350.0
CoRe-WM old,asterix,0,78468,550.0
CoRe-WM old,asterix,0,78928,650.0
CoRe-WM old,asterix,0,79551,800.0
CoRe-WM old,asterix,0,79810,400.0
CoRe-WM old,asterix,0,80204,550.0
CoRe-WM old,asterix,0,80743,600.0
CoRe-WM old,asterix,0,81117,650.0
CoRe-WM old,asterix,0,81412,450.0
CoRe-WM old,asterix,0,81906,500.0
CoRe-WM old,asterix,0,82430,900.0
CoRe-WM old,asterix,0,83349,950.0
CoRe-WM old,asterix,0,83718,550.0
CoRe-WM old,asterix,0,84198,450.0
CoRe-WM old,asterix,0,84694,900.0
CoRe-WM old,asterix,0,84958,450.0
CoRe-WM old,asterix,0,85455,700.0
CoRe-WM old,asterix,0,85826,500.0
CoRe-WM old,asterix,0,86159,450.0
CoRe-WM old,asterix,0,86522,600.0
CoRe-WM old,asterix,0,86925,650.0
CoRe-WM old,asterix,0,87293,600.0
CoRe-WM old,asterix,0,87698,750.0
CoRe-WM old,asterix,0,87932,300.0
CoRe-WM old,asterix,0,88608,900.0
CoRe-WM old,asterix,0,88961,650.0
CoRe-WM old,asterix,0,89538,800.0
CoRe-WM old,asterix,0,89953,650.0
CoRe-WM old,asterix,0,90226,300.0
CoRe-WM old,asterix,0,90910,1050.0
CoRe-WM old,asterix,0,91127,300.0
CoRe-WM old,asterix,0,91314,250.0
CoRe-WM old,asterix,0,92170,1450.0
CoRe-WM old,asterix,0,92540,550.0
CoRe-WM old,asterix,0,92833,500.0
CoRe-WM old,asterix,0,93091,550.0
CoRe-WM old,asterix,0,93386,450.0
CoRe-WM old,asterix,0,93752,400.0
CoRe-WM old,asterix,0,94045,400.0
CoRe-WM old,asterix,0,94348,600.0
CoRe-WM old,asterix,0,94550,350.0
CoRe-WM old,asterix,0,95097,850.0
CoRe-WM old,asterix,0,95495,700.0
CoRe-WM old,asterix,0,95857,650.0
CoRe-WM old,asterix,0,96165,700.0
CoRe-WM old,asterix,0,96531,600.0
CoRe-WM old,asterix,0,97008,1200.0
CoRe-WM old,asterix,0,97333,650.0
CoRe-WM old,asterix,0,97565,300.0
CoRe-WM old,asterix,0,97859,500.0
CoRe-WM old,asterix,0,98048,250.0
CoRe-WM old,asterix,0,98613,950.0
CoRe-WM old,asterix,0,98856,350.0
CoRe-WM old,asterix,0,99108,300.0
CoRe-WM old,asterix,0,99303,300.0
CoRe-WM old,asterix,0,99579,650.0
CoRe-WM old,asterix,0,99847,650.0
CoRe-WM old,asterix,1,347,450.0
CoRe-WM old,asterix,1,629,250.0
CoRe-WM old,asterix,1,957,550.0
CoRe-WM old,asterix,1,1199,250.0
CoRe-WM old,asterix,1,1504,400.0
CoRe-WM old,asterix,1,1751,250.0
CoRe-WM old,asterix,1,1963,200.0
CoRe-WM old,asterix,1,2160,100.0
CoRe-WM old,asterix,1,2357,200.0
CoRe-WM old,asterix,1,2648,400.0
CoRe-WM old,asterix,1,2853,250.0
CoRe-WM old,asterix,1,3107,150.0
CoRe-WM old,asterix,1,3335,200.0
CoRe-WM old,asterix,1,3543,100.0
CoRe-WM old,asterix,1,3760,200.0
CoRe-WM old,asterix,1,3963,100.0
CoRe-WM old,asterix,1,4203,250.0
CoRe-WM old,asterix,1,4438,350.0
CoRe-WM old,asterix,1,4617,150.0
CoRe-WM old,asterix,1,4822,100.0
CoRe-WM old,asterix,1,5066,200.0
CoRe-WM old,asterix,1,5275,250.0
CoRe-WM old,asterix,1,5571,250.0
CoRe-WM old,asterix,1,5851,250.0
CoRe-WM old,asterix,1,6169,400.0
CoRe-WM old,asterix,1,6416,150.0
CoRe-WM old,asterix,1,6615,200.0
CoRe-WM old,asterix,1,6954,500.0
CoRe-WM old,asterix,1,7257,250.0
CoRe-WM old,asterix,1,7739,450.0
CoRe-WM old,asterix,1,8133,250.0
CoRe-WM old,asterix,1,8519,150.0
CoRe-WM old,asterix,1,9102,200.0
CoRe-WM old,asterix,1,9491,100.0
CoRe-WM old,asterix,1,9749,200.0
CoRe-WM old,asterix,1,10133,200.0
CoRe-WM old,asterix,1,10446,250.0
CoRe-WM old,asterix,1,10655,150.0
CoRe-WM old,asterix,1,11180,300.0
CoRe-WM old,asterix,1,11743,400.0
CoRe-WM old,asterix,1,12198,200.0
CoRe-WM old,asterix,1,12723,250.0
CoRe-WM old,asterix,1,13090,100.0
CoRe-WM old,asterix,1,13690,350.0
CoRe-WM old,asterix,1,14786,750.0
CoRe-WM old,asterix,1,15099,200.0
CoRe-WM old,asterix,1,15313,100.0
CoRe-WM old,asterix,1,15708,300.0
CoRe-WM old,asterix,1,15998,250.0
CoRe-WM old,asterix,1,16211,150.0
CoRe-WM old,asterix,1,16421,50.0
CoRe-WM old,asterix,1,16631,150.0
CoRe-WM old,asterix,1,16841,200.0
CoRe-WM old,asterix,1,17136,200.0
CoRe-WM old,asterix,1,17353,150.0
CoRe-WM old,asterix,1,17562,150.0
CoRe-WM old,asterix,1,17773,50.0
CoRe-WM old,asterix,1,17986,100.0
CoRe-WM old,asterix,1,18320,100.0
CoRe-WM old,asterix,1,18542,150.0
CoRe-WM old,asterix,1,18849,250.0
CoRe-WM old,asterix,1,19178,650.0
CoRe-WM old,asterix,1,19398,100.0
CoRe-WM old,asterix,1,19717,300.0
CoRe-WM old,asterix,1,20034,350.0
CoRe-WM old,asterix,1,20240,100.0
CoRe-WM old,asterix,1,20498,250.0
CoRe-WM old,asterix,1,20798,400.0
CoRe-WM old,asterix,1,20994,150.0
CoRe-WM old,asterix,1,21282,200.0
CoRe-WM old,asterix,1,21917,400.0
CoRe-WM old,asterix,1,22501,550.0
CoRe-WM old,asterix,1,22756,150.0
CoRe-WM old,asterix,1,22994,50.0
CoRe-WM old,asterix,1,23212,50.0
CoRe-WM old,asterix,1,23433,100.0
CoRe-WM old,asterix,1,23643,150.0
CoRe-WM old,asterix,1,23869,50.0
CoRe-WM old,asterix,1,24230,200.0
CoRe-WM old,asterix,1,24687,250.0
CoRe-WM old,asterix,1,24950,100.0
CoRe-WM old,asterix,1,25176,100.0
CoRe-WM old,asterix,1,25447,150.0
CoRe-WM old,asterix,1,25782,350.0
CoRe-WM old,asterix,1,26018,150.0
CoRe-WM old,asterix,1,26492,400.0
CoRe-WM old,asterix,1,26710,150.0
CoRe-WM old,asterix,1,26908,150.0
CoRe-WM old,asterix,1,27227,300.0
CoRe-WM old,asterix,1,27647,450.0
CoRe-WM old,asterix,1,27976,200.0
CoRe-WM old,asterix,1,28287,300.0
CoRe-WM old,asterix,1,28919,500.0
CoRe-WM old,asterix,1,29222,200.0
CoRe-WM old,asterix,1,29608,350.0
CoRe-WM old,asterix,1,29828,200.0
CoRe-WM old,asterix,1,30052,150.0
CoRe-WM old,asterix,1,30275,200.0
CoRe-WM old,asterix,1,30658,300.0
CoRe-WM old,asterix,1,31032,250.0
CoRe-WM old,asterix,1,31370,150.0
CoRe-WM old,asterix,1,31720,250.0
CoRe-WM old,asterix,1,31945,200.0
CoRe-WM old,asterix,1,32167,150.0
CoRe-WM old,asterix,1,32506,400.0
CoRe-WM old,asterix,1,32836,200.0
CoRe-WM old,asterix,1,33114,300.0
CoRe-WM old,asterix,1,33453,150.0
CoRe-WM old,asterix,1,33812,350.0
CoRe-WM old,asterix,1,34180,500.0
CoRe-WM old,asterix,1,34396,250.0
CoRe-WM old,asterix,1,34719,200.0
CoRe-WM old,asterix,1,34956,100.0
CoRe-WM old,asterix,1,35311,200.0
CoRe-WM old,asterix,1,35813,350.0
CoRe-WM old,asterix,1,36245,300.0
CoRe-WM old,asterix,1,36434,100.0
CoRe-WM old,asterix,1,36760,450.0
CoRe-WM old,asterix,1,37233,500.0
CoRe-WM old,asterix,1,37555,150.0
CoRe-WM old,asterix,1,37878,400.0
CoRe-WM old,asterix,1,38146,350.0
CoRe-WM old,asterix,1,38509,250.0
CoRe-WM old,asterix,1,38869,250.0
CoRe-WM old,asterix,1,39534,600.0
CoRe-WM old,asterix,1,39789,150.0
CoRe-WM old,asterix,1,40145,500.0
CoRe-WM old,asterix,1,40495,250.0
CoRe-WM old,asterix,1,40922,300.0
CoRe-WM old,asterix,1,41277,200.0
CoRe-WM old,asterix,1,41664,600.0
CoRe-WM old,asterix,1,41966,250.0
CoRe-WM old,asterix,1,42275,350.0
CoRe-WM old,asterix,1,43091,500.0
CoRe-WM old,asterix,1,43307,200.0
CoRe-WM old,asterix,1,44773,300.0
CoRe-WM old,asterix,1,45014,300.0
CoRe-WM old,asterix,1,45348,350.0
CoRe-WM old,asterix,1,45933,500.0
CoRe-WM old,asterix,1,46150,100.0
CoRe-WM old,asterix,1,46681,500.0
CoRe-WM old,asterix,1,47041,250.0
CoRe-WM old,asterix,1,47265,200.0
CoRe-WM old,asterix,1,47586,200.0
CoRe-WM old,asterix,1,47952,350.0
CoRe-WM old,asterix,1,48335,450.0
CoRe-WM old,asterix,1,48536,200.0
CoRe-WM old,asterix,1,49053,550.0
CoRe-WM old,asterix,1,49271,200.0
CoRe-WM old,asterix,1,49530,300.0
CoRe-WM old,asterix,1,50006,550.0
CoRe-WM old,asterix,1,50266,200.0
CoRe-WM old,asterix,1,50492,300.0
CoRe-WM old,asterix,1,50833,350.0
CoRe-WM old,asterix,1,51055,150.0
CoRe-WM old,asterix,1,51283,250.0
CoRe-WM old,asterix,1,51585,300.0
CoRe-WM old,asterix,1,52068,350.0
CoRe-WM old,asterix,1,52348,250.0
CoRe-WM old,asterix,1,52657,450.0
CoRe-WM old,asterix,1,52881,350.0
CoRe-WM old,asterix,1,53297,600.0
CoRe-WM old,asterix,1,53592,350.0
CoRe-WM old,asterix,1,53857,450.0
CoRe-WM old,asterix,1,54094,150.0
CoRe-WM old,asterix,1,54469,300.0
CoRe-WM old,asterix,1,55072,700.0
CoRe-WM old,asterix,1,55457,350.0
CoRe-WM old,asterix,1,55836,400.0
CoRe-WM old,asterix,1,56284,550.0
CoRe-WM old,asterix,1,56654,450.0
CoRe-WM old,asterix,1,57116,350.0
CoRe-WM old,asterix,1,57450,450.0
CoRe-WM old,asterix,1,57803,700.0
CoRe-WM old,asterix,1,58076,250.0
CoRe-WM old,asterix,1,58301,200.0
CoRe-WM old,asterix,1,58611,350.0
CoRe-WM old,asterix,1,58939,150.0
CoRe-WM old,asterix,1,59239,350.0
CoRe-WM old,asterix,1,59529,350.0
CoRe-WM old,asterix,1,59819,350.0
CoRe-WM old,asterix,1,60110,350.0
CoRe-WM old,asterix,1,60539,750.0
CoRe-WM old,asterix,1,60896,300.0
CoRe-WM old,asterix,1,61131,200.0
CoRe-WM old,asterix,1,61370,200.0
CoRe-WM old,asterix,1,61677,250.0
CoRe-WM old,asterix,1,62070,400.0
CoRe-WM old,asterix,1,62273,200.0
CoRe-WM old,asterix,1,62487,150.0
CoRe-WM old,asterix,1,62843,500.0
CoRe-WM old,asterix,1,63070,250.0
CoRe-WM old,asterix,1,63351,200.0
CoRe-WM old,asterix,1,63605,250.0
CoRe-WM old,asterix,1,63893,250.0
CoRe-WM old,asterix,1,64289,400.0
CoRe-WM old,asterix,1,64577,300.0
CoRe-WM old,asterix,1,64906,400.0
CoRe-WM old,asterix,1,65142,200.0
CoRe-WM old,asterix,1,65605,450.0
CoRe-WM old,asterix,1,66063,450.0
CoRe-WM old,asterix,1,66297,250.0
CoRe-WM old,asterix,1,66546,250.0
CoRe-WM old,asterix,1,66909,450.0
CoRe-WM old,asterix,1,67308,450.0
CoRe-WM old,asterix,1,67645,150.0
CoRe-WM old,asterix,1,67929,450.0
CoRe-WM old,asterix,1,68254,350.0
CoRe-WM old,asterix,1,68558,300.0
CoRe-WM old,asterix,1,68951,450.0
CoRe-WM old,asterix,1,69193,200.0
CoRe-WM old,asterix,1,69408,150.0
CoRe-WM old,asterix,1,69797,600.0
CoRe-WM old,asterix,1,70159,400.0
CoRe-WM old,asterix,1,70457,400.0
CoRe-WM old,asterix,1,70662,250.0
CoRe-WM old,asterix,1,70894,300.0
CoRe-WM old,asterix,1,71248,400.0
CoRe-WM old,asterix,1,71737,500.0
CoRe-WM old,asterix,1,71998,200.0
CoRe-WM old,asterix,1,72189,200.0
CoRe-WM old,asterix,1,72716,700.0
CoRe-WM old,asterix,1,73082,600.0
CoRe-WM old,asterix,1,73380,550.0
CoRe-WM old,asterix,1,73628,250.0
CoRe-WM old,asterix,1,73994,350.0
CoRe-WM old,asterix,1,74313,550.0
CoRe-WM old,asterix,1,74640,350.0
CoRe-WM old,asterix,1,74861,250.0
CoRe-WM old,asterix,1,75172,500.0
CoRe-WM old,asterix,1,75522,350.0
CoRe-WM old,asterix,1,75968,500.0
CoRe-WM old,asterix,1,76341,500.0
CoRe-WM old,asterix,1,76667,300.0
CoRe-WM old,asterix,1,77090,400.0
CoRe-WM old,asterix,1,77545,400.0
CoRe-WM old,asterix,1,77874,400.0
CoRe-WM old,asterix,1,78210,300.0
CoRe-WM old,asterix,1,78671,600.0
CoRe-WM old,asterix,1,79037,750.0
CoRe-WM old,asterix,1,79241,150.0
CoRe-WM old,asterix,1,79547,450.0
CoRe-WM old,asterix,1,79857,400.0
CoRe-WM old,asterix,1,80262,650.0
CoRe-WM old,asterix,1,80543,300.0
CoRe-WM old,asterix,1,80799,450.0
CoRe-WM old,asterix,1,81290,650.0
CoRe-WM old,asterix,1,81570,400.0
CoRe-WM old,asterix,1,81988,650.0
CoRe-WM old,asterix,1,82386,450.0
CoRe-WM old,asterix,1,82751,600.0
CoRe-WM old,asterix,1,83132,400.0
CoRe-WM old,asterix,1,83611,800.0
CoRe-WM old,asterix,1,83975,450.0
CoRe-WM old,asterix,1,84317,350.0
CoRe-WM old,asterix,1,84550,400.0
CoRe-WM old,asterix,1,84921,650.0
CoRe-WM old,asterix,1,85319,700.0
CoRe-WM old,asterix,1,85595,400.0
CoRe-WM old,asterix,1,85913,300.0
CoRe-WM old,asterix,1,86325,700.0
CoRe-WM old,asterix,1,86732,700.0
CoRe-WM old,asterix,1,87060,450.0
CoRe-WM old,asterix,1,87475,550.0
CoRe-WM old,asterix,1,87706,400.0
CoRe-WM old,asterix,1,88055,300.0
CoRe-WM old,asterix,1,88377,450.0
CoRe-WM old,asterix,1,88675,500.0
CoRe-WM old,asterix,1,88986,500.0
CoRe-WM old,asterix,1,89390,600.0
CoRe-WM old,asterix,1,89638,200.0
CoRe-WM old,asterix,1,89862,450.0
CoRe-WM old,asterix,1,90068,300.0
CoRe-WM old,asterix,1,90304,200.0
CoRe-WM old,asterix,1,90644,500.0
CoRe-WM old,asterix,1,90913,350.0
CoRe-WM old,asterix,1,91315,700.0
CoRe-WM old,asterix,1,91636,250.0
CoRe-WM old,asterix,1,92016,350.0
CoRe-WM old,asterix,1,92226,200.0
CoRe-WM old,asterix,1,92491,350.0
CoRe-WM old,asterix,1,93182,1050.0
CoRe-WM old,asterix,1,93521,500.0
CoRe-WM old,asterix,1,93872,750.0
CoRe-WM old,asterix,1,94195,400.0
CoRe-WM old,asterix,1,94513,550.0
CoRe-WM old,asterix,1,94892,800.0
CoRe-WM old,asterix,1,95123,300.0
CoRe-WM old,asterix,1,95597,550.0
CoRe-WM old,asterix,1,95874,400.0
CoRe-WM old,asterix,1,96281,600.0
CoRe-WM old,asterix,1,96507,350.0
CoRe-WM old,asterix,1,96934,600.0
CoRe-WM old,asterix,1,97152,250.0
CoRe-WM old,asterix,1,97397,350.0
CoRe-WM old,asterix,1,97848,700.0
CoRe-WM old,asterix,1,98423,700.0
CoRe-WM old,asterix,1,98644,150.0
CoRe-WM old,asterix,1,98969,550.0
CoRe-WM old,asterix,1,99324,650.0
CoRe-WM old,asterix,1,99720,800.0
CoRe-WM old,asterix,2,214,150.0
CoRe-WM old,asterix,2,458,250.0
CoRe-WM old,asterix,2,729,350.0
CoRe-WM old,asterix,2,974,100.0
CoRe-WM old,asterix,2,1210,150.0
CoRe-WM old,asterix,2,1487,300.0
CoRe-WM old,asterix,2,1682,100.0
CoRe-WM old,asterix,2,1924,350.0
CoRe-WM old,asterix,2,2134,100.0
CoRe-WM old,asterix,2,2336,200.0
CoRe-WM old,asterix,2,2538,200.0
CoRe-WM old,asterix,2,2745,100.0
CoRe-WM old,asterix,2,2944,150.0
CoRe-WM old,asterix,2,3191,200.0
CoRe-WM old,asterix,2,3391,100.0
CoRe-WM old,asterix,2,3680,400.0
CoRe-WM old,asterix,2,3988,450.0
CoRe-WM old,asterix,2,4322,400.0
CoRe-WM old,asterix,2,4642,550.0
CoRe-WM old,asterix,2,5106,500.0
CoRe-WM old,asterix,2,5365,400.0
CoRe-WM old,asterix,2,5573,150.0
CoRe-WM old,asterix,2,5773,50.0
CoRe-WM old,asterix,2,6083,450.0
CoRe-WM old,asterix,2,6471,400.0
CoRe-WM old,asterix,2,6683,150.0
CoRe-WM old,asterix,2,7066,350.0
CoRe-WM old,asterix,2,7291,150.0
CoRe-WM old,asterix,2,7464,150.0
CoRe-WM old,asterix,2,7698,250.0
CoRe-WM old,asterix,2,8238,650.0
CoRe-WM old,asterix,2,8429,100.0
CoRe-WM old,asterix,2,8625,100.0
CoRe-WM old,asterix,2,8887,250.0
CoRe-WM old,asterix,2,9086,150.0
CoRe-WM old,asterix,2,9288,150.0
CoRe-WM old,asterix,2,9597,300.0
CoRe-WM old,asterix,2,9894,250.0
CoRe-WM old,asterix,2,10267,300.0
CoRe-WM old,asterix,2,10742,300.0
CoRe-WM old,asterix,2,10968,100.0
CoRe-WM old,asterix,2,11193,100.0
CoRe-WM old,asterix,2,11450,150.0
CoRe-WM old,asterix,2,11741,300.0
CoRe-WM old,asterix,2,12216,400.0
CoRe-WM old,asterix,2,12583,150.0
CoRe-WM old,asterix,2,12992,300.0
CoRe-WM old,asterix,2,13198,200.0
CoRe-WM old,asterix,2,13617,450.0
CoRe-WM old,asterix,2,13802,200.0
CoRe-WM old,asterix,2,14096,300.0
CoRe-WM old,asterix,2,14503,400.0
CoRe-WM old,asterix,2,14739,100.0
CoRe-WM old,asterix,2,14974,150.0
CoRe-WM old,asterix,2,15309,350.0
CoRe-WM old,asterix,2,15921,400.0
CoRe-WM old,asterix,2,16129,50.0
CoRe-WM old,asterix,2,16397,200.0
CoRe-WM old,asterix,2,16652,100.0
CoRe-WM old,asterix,2,16952,150.0
CoRe-WM old,asterix,2,17317,450.0
CoRe-WM old,asterix,2,17553,200.0
CoRe-WM old,asterix,2,17783,100.0
CoRe-WM old,asterix,2,18009,100.0
CoRe-WM old,asterix,2,18411,250.0
CoRe-WM old,asterix,2,18647,150.0
CoRe-WM old,asterix,2,19041,150.0
CoRe-WM old,asterix,2,19446,250.0
CoRe-WM old,asterix,2,19735,100.0
CoRe-WM old,asterix,2,19938,50.0
CoRe-WM old,asterix,2,20265,200.0
CoRe-WM old,asterix,2,20462,50.0
CoRe-WM old,asterix,2,20662,50.0
CoRe-WM old,asterix,2,21098,150.0
CoRe-WM old,asterix,2,21332,100.0
CoRe-WM old,asterix,2,21597,50.0
CoRe-WM old,asterix,2,21798,50.0
CoRe-WM old,asterix,2,22051,150.0
CoRe-WM old,asterix,2,22249,50.0
CoRe-WM old,asterix,2,22549,100.0
CoRe-WM old,asterix,2,22768,50.0
CoRe-WM old,asterix,2,22967,50.0
CoRe-WM old,asterix,2,23169,200.0
CoRe-WM old,asterix,2,23488,150.0
CoRe-WM old,asterix,2,23690,150.0
CoRe-WM old,asterix,2,23916,150.0
CoRe-WM old,asterix,2,24309,400.0
CoRe-WM old,asterix,2,24532,100.0
CoRe-WM old,asterix,2,24720,100.0
CoRe-WM old,asterix,2,24975,150.0
CoRe-WM old,asterix,2,25349,300.0
CoRe-WM old,asterix,2,25745,200.0
CoRe-WM old,asterix,2,26140,350.0
CoRe-WM old,asterix,2,26359,50.0
CoRe-WM old,asterix,2,26658,150.0
CoRe-WM old,asterix,2,27054,350.0
CoRe-WM old,asterix,2,27287,150.0
CoRe-WM old,asterix,2,27584,300.0
CoRe-WM old,asterix,2,27914,200.0
CoRe-WM old,asterix,2,28136,150.0
CoRe-WM old,asterix,2,28705,300.0
CoRe-WM old,asterix,2,28979,250.0
CoRe-WM old,asterix,2,29242,200.0
CoRe-WM old,asterix,2,29458,150.0
CoRe-WM old,asterix,2,29744,250.0
CoRe-WM old,asterix,2,30092,300.0
CoRe-WM old,asterix,2,30309,100.0
CoRe-WM old,asterix,2,30636,200.0
CoRe-WM old,asterix,2,30988,300.0
CoRe-WM old,asterix,2,31267,200.0
CoRe-WM old,asterix,2,31527,150.0
CoRe-WM old,asterix,2,31735,100.0
CoRe-WM old,asterix,2,32002,150.0
CoRe-WM old,asterix,2,32249,150.0
CoRe-WM old,asterix,2,32484,100.0
CoRe-WM old,asterix,2,32821,250.0
CoRe-WM old,asterix,2,33043,100.0
CoRe-WM old,asterix,2,33340,150.0
CoRe-WM old,asterix,2,33814,450.0
CoRe-WM old,asterix,2,34178,250.0
CoRe-WM old,asterix,2,34386,100.0
CoRe-WM old,asterix,2,34750,350.0
CoRe-WM old,asterix,2,34947,200.0
CoRe-WM old,asterix,2,35193,100.0
CoRe-WM old,asterix,2,35477,200.0
CoRe-WM old,asterix,2,35845,400.0
CoRe-WM old,asterix,2,36027,100.0
CoRe-WM old,asterix,2,36263,200.0
CoRe-WM old,asterix,2,36529,150.0
CoRe-WM old,asterix,2,37045,600.0
CoRe-WM old,asterix,2,37255,150.0
CoRe-WM old,asterix,2,37608,350.0
CoRe-WM old,asterix,2,37803,50.0
CoRe-WM old,asterix,2,37999,150.0
CoRe-WM old,asterix,2,38289,300.0
CoRe-WM old,asterix,2,38635,300.0
CoRe-WM old,asterix,2,39155,250.0
CoRe-WM old,asterix,2,39356,150.0
CoRe-WM old,asterix,2,39821,400.0
CoRe-WM old,asterix,2,40174,300.0
CoRe-WM old,asterix,2,40457,200.0
CoRe-WM old,asterix,2,40653,100.0
CoRe-WM old,asterix,2,40910,300.0
CoRe-WM old,asterix,2,41111,50.0
CoRe-WM old,asterix,2,41429,250.0
CoRe-WM old,asterix,2,41631,50.0
CoRe-WM old,asterix,2,41902,350.0
CoRe-WM old,asterix,2,42193,350.0
CoRe-WM old,asterix,2,42389,50.0
CoRe-WM old,asterix,2,42592,50.0
CoRe-WM old,asterix,2,42970,350.0
CoRe-WM old,asterix,2,43173,150.0
CoRe-WM old,asterix,2,43721,650.0
CoRe-WM old,asterix,2,44009,300.0
CoRe-WM old,asterix,2,44213,100.0
CoRe-WM old,asterix,2,44428,150.0
CoRe-WM old,asterix,2,44700,200.0
CoRe-WM old,asterix,2,45619,600.0
CoRe-WM old,asterix,2,45985,250.0
CoRe-WM old,asterix,2,46259,250.0
CoRe-WM old,asterix,2,46645,250.0
CoRe-WM old,asterix,2,46922,100.0
CoRe-WM old,asterix,2,47253,300.0
CoRe-WM old,asterix,2,47657,450.0
CoRe-WM old,asterix,2,47824,100.0
CoRe-WM old,asterix,2,48258,250.0
CoRe-WM old,asterix,2,48554,400.0
CoRe-WM old,asterix,2,49100,350.0
CoRe-WM old,asterix,2,49403,350.0
CoRe-WM old,asterix,2,49623,200.0
CoRe-WM old,asterix,2,49859,200.0
CoRe-WM old,asterix,2,50161,400.0
CoRe-WM old,asterix,2,50464,200.0
CoRe-WM old,asterix,2,50851,300.0
CoRe-WM old,asterix,2,51053,300.0
CoRe-WM old,asterix,2,51351,450.0
CoRe-WM old,asterix,2,51548,100.0
CoRe-WM old,asterix,2,51940,250.0
CoRe-WM old,asterix,2,52189,300.0
CoRe-WM old,asterix,2,52789,400.0
CoRe-WM old,asterix,2,53511,650.0
CoRe-WM old,asterix,2,53793,350.0
CoRe-WM old,asterix,2,54163,500.0
CoRe-WM old,asterix,2,54563,250.0
CoRe-WM old,asterix,2,54819,200.0
CoRe-WM old,asterix,2,55202,500.0
CoRe-WM old,asterix,2,55815,650.0
CoRe-WM old,asterix,2,56110,350.0
CoRe-WM old,asterix,2,56306,100.0
CoRe-WM old,asterix,2,56615,300.0
CoRe-WM old,asterix,2,56819,150.0
CoRe-WM old,asterix,2,57120,450.0
CoRe-WM old,asterix,2,57511,400.0
CoRe-WM old,asterix,2,57756,300.0
CoRe-WM old,asterix,2,58002,100.0
CoRe-WM old,asterix,2,58258,250.0
CoRe-WM old,asterix,2,58569,400.0
CoRe-WM old,asterix,2,59030,450.0
CoRe-WM old,asterix,2,59590,400.0
CoRe-WM old,asterix,2,59967,350.0
CoRe-WM old,asterix,2,60283,400.0
CoRe-WM old,asterix,2,60478,200.0
CoRe-WM old,asterix,2,60778,250.0
CoRe-WM old,asterix,2,61210,450.0
CoRe-WM old,asterix,2,61555,550.0
CoRe-WM old,asterix,2,62025,900.0
CoRe-WM old,asterix,2,62419,600.0
CoRe-WM old,asterix,2,62626,200.0
CoRe-WM old,asterix,2,62899,200.0
CoRe-WM old,asterix,2,63185,450.0
CoRe-WM old,asterix,2,63382,300.0
CoRe-WM old,asterix,2,63875,600.0
CoRe-WM old,asterix,2,64270,500.0
CoRe-WM old,asterix,2,64544,400.0
CoRe-WM old,asterix,2,65102,700.0
CoRe-WM old,asterix,2,65415,400.0
CoRe-WM old,asterix,2,65740,550.0
CoRe-WM old,asterix,2,66057,200.0
CoRe-WM old,asterix,2,66331,250.0
CoRe-WM old,asterix,2,66706,550.0
CoRe-WM old,asterix,2,67014,450.0
CoRe-WM old,asterix,2,67223,250.0
CoRe-WM old,asterix,2,67575,400.0
CoRe-WM old,asterix,2,68044,550.0
CoRe-WM old,asterix,2,68456,350.0
CoRe-WM old,asterix,2,68653,200.0
CoRe-WM old,asterix,2,69065,350.0
CoRe-WM old,asterix,2,69525,650.0
CoRe-WM old,asterix,2,69750,250.0
CoRe-WM old,asterix,2,70021,350.0
CoRe-WM old,asterix,2,70228,150.0
CoRe-WM old,asterix,2,70640,550.0
CoRe-WM old,asterix,2,71084,450.0
CoRe-WM old,asterix,2,71750,1150.0
CoRe-WM old,asterix,2,72288,650.0
CoRe-WM old,asterix,2,72644,450.0
CoRe-WM old,asterix,2,72919,350.0
CoRe-WM old,asterix,2,73208,400.0
CoRe-WM old,asterix,2,73639,700.0
CoRe-WM old,asterix,2,73911,350.0
CoRe-WM old,asterix,2,74219,450.0
CoRe-WM old,asterix,2,74657,500.0
CoRe-WM old,asterix,2,74926,300.0
CoRe-WM old,asterix,2,75199,350.0
CoRe-WM old,asterix,2,75466,150.0
CoRe-WM old,asterix,2,76194,600.0
CoRe-WM old,asterix,2,76490,550.0
CoRe-WM old,asterix,2,76964,550.0
CoRe-WM old,asterix,2,77375,550.0
CoRe-WM old,asterix,2,77879,600.0
CoRe-WM old,asterix,2,78116,300.0
CoRe-WM old,asterix,2,78484,500.0
CoRe-WM old,asterix,2,78992,600.0
CoRe-WM old,asterix,2,79359,600.0
CoRe-WM old,asterix,2,79581,300.0
CoRe-WM old,asterix,2,79962,350.0
CoRe-WM old,asterix,2,80601,650.0
CoRe-WM old,asterix,2,81018,600.0
CoRe-WM old,asterix,2,81312,300.0
CoRe-WM old,asterix,2,81790,650.0
CoRe-WM old,asterix,2,82291,1100.0
CoRe-WM old,asterix,2,82631,500.0
CoRe-WM old,asterix,2,82912,250.0
CoRe-WM old,asterix,2,83308,800.0
CoRe-WM old,asterix,2,83752,650.0
CoRe-WM old,asterix,2,84317,650.0
CoRe-WM old,asterix,2,84781,700.0
CoRe-WM old,asterix,2,84987,250.0
CoRe-WM old,asterix,2,85745,750.0
CoRe-WM old,asterix,2,86017,300.0
CoRe-WM old,asterix,2,86298,300.0
CoRe-WM old,asterix,2,86699,300.0
CoRe-WM old,asterix,2,86997,350.0
CoRe-WM old,asterix,2,87264,350.0
CoRe-WM old,asterix,2,87532,450.0
CoRe-WM old,asterix,2,87934,800.0
CoRe-WM old,asterix,2,88445,650.0
CoRe-WM old,asterix,2,88744,500.0
CoRe-WM old,asterix,2,89272,600.0
CoRe-WM old,asterix,2,89470,250.0
CoRe-WM old,asterix,2,89711,350.0
CoRe-WM old,asterix,2,90253,850.0
CoRe-WM old,asterix,2,90802,850.0
CoRe-WM old,asterix,2,91128,450.0
CoRe-WM old,asterix,2,91664,600.0
CoRe-WM old,asterix,2,92004,400.0
CoRe-WM old,asterix,2,92566,900.0
CoRe-WM old,asterix,2,93001,800.0
CoRe-WM old,asterix,2,93275,250.0
CoRe-WM old,asterix,2,93804,750.0
CoRe-WM old,asterix,2,94101,500.0
CoRe-WM old,asterix,2,94447,500.0
CoRe-WM old,asterix,2,94849,600.0
CoRe-WM old,asterix,2,95146,500.0
CoRe-WM old,asterix,2,95589,800.0
CoRe-WM old,asterix,2,95926,550.0
CoRe-WM old,asterix,2,96321,650.0
CoRe-WM old,asterix,2,96534,300.0
CoRe-WM old,asterix,2,97397,650.0
CoRe-WM old,asterix,2,97595,500.0
CoRe-WM old,asterix,2,97827,350.0
CoRe-WM old,asterix,2,98094,250.0
CoRe-WM old,asterix,2,98456,650.0
CoRe-WM old,asterix,2,98717,400.0
CoRe-WM old,asterix,2,99095,800.0
CoRe-WM old,asterix,2,99304,250.0
CoRe-WM old,asterix,2,99834,650.0
CoRe-WM old,asterix,3,270,200.0
CoRe-WM old,asterix,3,548,300.0
CoRe-WM old,asterix,3,784,250.0
CoRe-WM old,asterix,3,1081,450.0
CoRe-WM old,asterix,3,1333,250.0
CoRe-WM old,asterix,3,1672,400.0
CoRe-WM old,asterix,3,1891,50.0
CoRe-WM old,asterix,3,2076,100.0
CoRe-WM old,asterix,3,2283,250.0
CoRe-WM old,asterix,3,2536,300.0
CoRe-WM old,asterix,3,2807,350.0
CoRe-WM old,asterix,3,3016,200.0
CoRe-WM old,asterix,3,3352,400.0
CoRe-WM old,asterix,3,3563,200.0
CoRe-WM old,asterix,3,3864,350.0
CoRe-WM old,asterix,3,4086,200.0
CoRe-WM old,asterix,3,4297,150.0
CoRe-WM old,asterix,3,4538,150.0
CoRe-WM old,asterix,3,4756,150.0
CoRe-WM old,asterix,3,5077,350.0
CoRe-WM old,asterix,3,5256,150.0
CoRe-WM old,asterix,3,5457,50.0
CoRe-WM old,asterix,3,5643,150.0
CoRe-WM old,asterix,3,5896,450.0
CoRe-WM old,asterix,3,6266,500.0
CoRe-WM old,asterix,3,6594,650.0
CoRe-WM old,asterix,3,6914,350.0
CoRe-WM old,asterix,3,7171,250.0
CoRe-WM old,asterix,3,7567,450.0
CoRe-WM old,asterix,3,7766,100.0
CoRe-WM old,asterix,3,8280,450.0
CoRe-WM old,asterix,3,8630,250.0
CoRe-WM old,asterix,3,9024,300.0
CoRe-WM old,asterix,3,9390,250.0
CoRe-WM old,asterix,3,9572,200.0
CoRe-WM old,asterix,3,10035,400.0
CoRe-WM old,asterix,3,10235,100.0
CoRe-WM old,asterix,3,10465,150.0
CoRe-WM old,asterix,3,10788,300.0
CoRe-WM old,asterix,3,11113,150.0
CoRe-WM old,asterix,3,11309,100.0
CoRe-WM old,asterix,3,12450,800.0
CoRe-WM old,asterix,3,12801,250.0
CoRe-WM old,asterix,3,13069,100.0
CoRe-WM old,asterix,3,13290,200.0
CoRe-WM old,asterix,3,13616,400.0
CoRe-WM old,asterix,3,13818,100.0
CoRe-WM old,asterix,3,14119,300.0
CoRe-WM old,asterix,3,14345,150.0
CoRe-WM old,asterix,3,14626,400.0
CoRe-WM old,asterix,3,14895,200.0
CoRe-WM old,asterix,3,15270,550.0
CoRe-WM old,asterix,3,15468,150.0
CoRe-WM old,asterix,3,15671,100.0
CoRe-WM old,asterix,3,15886,150.0
CoRe-WM old,asterix,3,16173,400.0
CoRe-WM old,asterix,3,16375,150.0
CoRe-WM old,asterix,3,16649,150.0
CoRe-WM old,asterix,3,16851,100.0
CoRe-WM old,asterix,3,17272,300.0
CoRe-WM old,asterix,3,17545,200.0
CoRe-WM old,asterix,3,17770,150.0
CoRe-WM old,asterix,3,18073,300.0
CoRe-WM old,asterix,3,18305,200.0
CoRe-WM old,asterix,3,18503,100.0
CoRe-WM old,asterix,3,18675,150.0
CoRe-WM old,asterix,3,18902,200.0
CoRe-WM old,asterix,3,19106,150.0
CoRe-WM old,asterix,3,19431,250.0
CoRe-WM old,asterix,3,19771,200.0
CoRe-WM old,asterix,3,20156,400.0
CoRe-WM old,asterix,3,20642,150.0
CoRe-WM old,asterix,3,20959,150.0
CoRe-WM old,asterix,3,21357,150.0
CoRe-WM old,asterix,3,21699,150.0
CoRe-WM old,asterix,3,22288,700.0
CoRe-WM old,asterix,3,22493,100.0
CoRe-WM old,asterix,3,22798,300.0
CoRe-WM old,asterix,3,23002,50.0
CoRe-WM old,asterix,3,23389,200.0
CoRe-WM old,asterix,3,23690,250.0
CoRe-WM old,asterix,3,23951,300.0
CoRe-WM old,asterix,3,24275,200.0
CoRe-WM old,asterix,3,24479,100.0
CoRe-WM old,asterix,3,24872,350.0
CoRe-WM old,asterix,3,25142,200.0
CoRe-WM old,asterix,3,25551,550.0
CoRe-WM old,asterix,3,25945,300.0
CoRe-WM old,asterix,3,26227,150.0
CoRe-WM old,asterix,3,26428,100.0
CoRe-WM old,asterix,3,26884,200.0
CoRe-WM old,asterix,3,27322,300.0
CoRe-WM old,asterix,3,27753,350.0
CoRe-WM old,asterix,3,27946,200.0
CoRe-WM old,asterix,3,28415,450.0
CoRe-WM old,asterix,3,29050,500.0
CoRe-WM old,asterix,3,29469,250.0
CoRe-WM old,asterix,3,29761,200.0
CoRe-WM old,asterix,3,30223,350.0
CoRe-WM old,asterix,3,30463,100.0
CoRe-WM old,asterix,3,30700,150.0
CoRe-WM old,asterix,3,30879,100.0
CoRe-WM old,asterix,3,31295,250.0
CoRe-WM old,asterix,3,31539,150.0
CoRe-WM old,asterix,3,31760,100.0
CoRe-WM old,asterix,3,31984,100.0
CoRe-WM old,asterix,3,32209,150.0
CoRe-WM old,asterix,3,32436,100.0
CoRe-WM old,asterix,3,32758,250.0
CoRe-WM old,asterix,3,33099,150.0
CoRe-WM old,asterix,3,33324,100.0
CoRe-WM old,asterix,3,33520,250.0
CoRe-WM old,asterix,3,33806,200.0
CoRe-WM old,asterix,3,34132,550.0
CoRe-WM old,asterix,3,34718,400.0
CoRe-WM old,asterix,3,34958,200.0
CoRe-WM old,asterix,3,35319,300.0
CoRe-WM old,asterix,3,35547,100.0
CoRe-WM old,asterix,3,35762,100.0
CoRe-WM old,asterix,3,36018,150.0
CoRe-WM old,asterix,3,36522,650.0
CoRe-WM old,asterix,3,36720,100.0
CoRe-WM old,asterix,3,36911,250.0
CoRe-WM old,asterix,3,37230,350.0
CoRe-WM old,asterix,3,37461,150.0
CoRe-WM old,asterix,3,37660,150.0
CoRe-WM old,asterix,3,37918,350.0
CoRe-WM old,asterix,3,38211,300.0
CoRe-WM old,asterix,3,38510,300.0
CoRe-WM old,asterix,3,38894,550.0
CoRe-WM old,asterix,3,39118,100.0
CoRe-WM old,asterix,3,39483,450.0
CoRe-WM old,asterix,3,39740,100.0
CoRe-WM old,asterix,3,40091,400.0
CoRe-WM old,asterix,3,40353,250.0
CoRe-WM old,asterix,3,40549,200.0
CoRe-WM old,asterix,3,40824,300.0
CoRe-WM old,asterix,3,41027,250.0
CoRe-WM old,asterix,3,41241,250.0
CoRe-WM old,asterix,3,41609,350.0
CoRe-WM old,asterix,3,41882,350.0
CoRe-WM old,asterix,3,42144,250.0
CoRe-WM old,asterix,3,42500,500.0
CoRe-WM old,asterix,3,42727,150.0
CoRe-WM old,asterix,3,42993,300.0
CoRe-WM old,asterix,3,43381,650.0
CoRe-WM old,asterix,3,44049,950.0
CoRe-WM old,asterix,3,44251,250.0
CoRe-WM old,asterix,3,44545,350.0
CoRe-WM old,asterix,3,44762,200.0
CoRe-WM old,asterix,3,45153,400.0
CoRe-WM old,asterix,3,45387,300.0
CoRe-WM old,asterix,3,45660,250.0
CoRe-WM old,asterix,3,46248,950.0
CoRe-WM old,asterix,3,46503,250.0
CoRe-WM old,asterix,3,46700,100.0
CoRe-WM old,asterix,3,46866,250.0
CoRe-WM old,asterix,3,47181,300.0
CoRe-WM old,asterix,3,47402,100.0
CoRe-WM old,asterix,3,47670,400.0
CoRe-WM old,asterix,3,47854,300.0
CoRe-WM old,asterix,3,48244,650.0
CoRe-WM old,asterix,3,48512,300.0
CoRe-WM old,asterix,3,48781,300.0
CoRe-WM old,asterix,3,49064,450.0
CoRe-WM old,asterix,3,49262,300.0
CoRe-WM old,asterix,3,49536,400.0
CoRe-WM old,asterix,3,49745,100.0
CoRe-WM old,asterix,3,50181,350.0
CoRe-WM old,asterix,3,50579,650.0
CoRe-WM old,asterix,3,50928,400.0
CoRe-WM old,asterix,3,51151,150.0
CoRe-WM old,asterix,3,51520,400.0
CoRe-WM old,asterix,3,51769,400.0
CoRe-WM old,asterix,3,52078,350.0
CoRe-WM old,asterix,3,52284,300.0
CoRe-WM old,asterix,3,52551,350.0
CoRe-WM old,asterix,3,52857,400.0
CoRe-WM old,asterix,3,53119,350.0
CoRe-WM old,asterix,3,53684,700.0
CoRe-WM old,asterix,3,54058,500.0
CoRe-WM old,asterix,3,54360,300.0
CoRe-WM old,asterix,3,54815,650.0
CoRe-WM old,asterix,3,55039,400.0
CoRe-WM old,asterix,3,55231,200.0
CoRe-WM old,asterix,3,55569,450.0
CoRe-WM old,asterix,3,55877,400.0
CoRe-WM old,asterix,3,56178,450.0
CoRe-WM old,asterix,3,56382,150.0
CoRe-WM old,asterix,3,56769,450.0
CoRe-WM old,asterix,3,57067,550.0
CoRe-WM old,asterix,3,57502,650.0
CoRe-WM old,asterix,3,57742,300.0
CoRe-WM old,asterix,3,58107,350.0
CoRe-WM old,asterix,3,58718,950.0
CoRe-WM old,asterix,3,58887,150.0
CoRe-WM old,asterix,3,59228,500.0
CoRe-WM old,asterix,3,59440,250.0
CoRe-WM old,asterix,3,59716,350.0
CoRe-WM old,asterix,3,60167,700.0
CoRe-WM old,asterix,3,60482,400.0
CoRe-WM old,asterix,3,60749,250.0
CoRe-WM old,asterix,3,60959,250.0
CoRe-WM old,asterix,3,61264,350.0
CoRe-WM old,asterix,3,61445,200.0
CoRe-WM old,asterix,3,61667,200.0
CoRe-WM old,asterix,3,61936,300.0
CoRe-WM old,asterix,3,62145,150.0
CoRe-WM old,asterix,3,62548,600.0
CoRe-WM old,asterix,3,62883,400.0
CoRe-WM old,asterix,3,63270,350.0
CoRe-WM old,asterix,3,63497,300.0
CoRe-WM old,asterix,3,63735,350.0
CoRe-WM old,asterix,3,64163,400.0
CoRe-WM old,asterix,3,64366,200.0
CoRe-WM old,asterix,3,64648,450.0
CoRe-WM old,asterix,3,64876,250.0
CoRe-WM old,asterix,3,65457,950.0
CoRe-WM old,asterix,3,65733,300.0
CoRe-WM old,asterix,3,66078,500.0
CoRe-WM old,asterix,3,66279,200.0
CoRe-WM old,asterix,3,66501,300.0
CoRe-WM old,asterix,3,66798,300.0
CoRe-WM old,asterix,3,67000,150.0
CoRe-WM old,asterix,3,67267,400.0
CoRe-WM old,asterix,3,67510,350.0
CoRe-WM old,asterix,3,67973,600.0
CoRe-WM old,asterix,3,68307,300.0
CoRe-WM old,asterix,3,68643,250.0
CoRe-WM old,asterix,3,68971,300.0
CoRe-WM old,asterix,3,69288,450.0
CoRe-WM old,asterix,3,69652,600.0
CoRe-WM old,asterix,3,70085,450.0
CoRe-WM old,asterix,3,70322,200.0
CoRe-WM old,asterix,3,70677,650.0
CoRe-WM old,asterix,3,70983,350.0
CoRe-WM old,asterix,3,71472,400.0
CoRe-WM old,asterix,3,71842,450.0
CoRe-WM old,asterix,3,72269,400.0
CoRe-WM old,asterix,3,72668,350.0
CoRe-WM old,asterix,3,72989,350.0
CoRe-WM old,asterix,3,73268,300.0
CoRe-WM old,asterix,3,73560,300.0
CoRe-WM old,asterix,3,74092,800.0
CoRe-WM old,asterix,3,74705,400.0
CoRe-WM old,asterix,3,75047,150.0
CoRe-WM old,asterix,3,75347,200.0
CoRe-WM old,asterix,3,75537,200.0
CoRe-WM old,asterix,3,75867,300.0
CoRe-WM old,asterix,3,76468,400.0
CoRe-WM old,asterix,3,76850,450.0
CoRe-WM old,asterix,3,77187,300.0
CoRe-WM old,asterix,3,77557,500.0
CoRe-WM old,asterix,3,77928,500.0
CoRe-WM old,asterix,3,78165,250.0
CoRe-WM old,asterix,3,78517,600.0
CoRe-WM old,asterix,3,78754,400.0
CoRe-WM old,asterix,3,79149,500.0
CoRe-WM old,asterix,3,79621,600.0
CoRe-WM old,asterix,3,79921,350.0
CoRe-WM old,asterix,3,80346,450.0
CoRe-WM old,asterix,3,80712,650.0
CoRe-WM old,asterix,3,81025,500.0
CoRe-WM old,asterix,3,81255,300.0
CoRe-WM old,asterix,3,81626,450.0
CoRe-WM old,asterix,3,81921,500.0
CoRe-WM old,asterix,3,82205,350.0
CoRe-WM old,asterix,3,82539,350.0
CoRe-WM old,asterix,3,82712,250.0
CoRe-WM old,asterix,3,83135,300.0
CoRe-WM old,asterix,3,83556,500.0
CoRe-WM old,asterix,3,83883,450.0
CoRe-WM old,asterix,3,84154,300.0
CoRe-WM old,asterix,3,84449,500.0
CoRe-WM old,asterix,3,84759,500.0
CoRe-WM old,asterix,3,84971,250.0
CoRe-WM old,asterix,3,85280,500.0
CoRe-WM old,asterix,3,85796,500.0
CoRe-WM old,asterix,3,85997,300.0
CoRe-WM old,asterix,3,86333,400.0
CoRe-WM old,asterix,3,86652,500.0
CoRe-WM old,asterix,3,86893,300.0
CoRe-WM old,asterix,3,87215,700.0
CoRe-WM old,asterix,3,87734,850.0
CoRe-WM old,asterix,3,88118,250.0
CoRe-WM old,asterix,3,88448,250.0
CoRe-WM old,asterix,3,88745,350.0
CoRe-WM old,asterix,3,89133,650.0
CoRe-WM old,asterix,3,89408,600.0
CoRe-WM old,asterix,3,90050,650.0
CoRe-WM old,asterix,3,90331,350.0
CoRe-WM old,asterix,3,90707,550.0
CoRe-WM old,asterix,3,91190,850.0
CoRe-WM old,asterix,3,91395,250.0
CoRe-WM old,asterix,3,91657,500.0
CoRe-WM old,asterix,3,91935,400.0
CoRe-WM old,asterix,3,92299,200.0
CoRe-WM old,asterix,3,92918,700.0
CoRe-WM old,asterix,3,93217,400.0
CoRe-WM old,asterix,3,93651,650.0
CoRe-WM old,asterix,3,94006,650.0
CoRe-WM old,asterix,3,94233,200.0
CoRe-WM old,asterix,3,94885,950.0
CoRe-WM old,asterix,3,95154,300.0
CoRe-WM old,asterix,3,95568,750.0
CoRe-WM old,asterix,3,95902,450.0
CoRe-WM old,asterix,3,96098,250.0
CoRe-WM old,asterix,3,96465,550.0
CoRe-WM old,asterix,3,96784,450.0
CoRe-WM old,asterix,3,97024,400.0
CoRe-WM old,asterix,3,97608,800.0
CoRe-WM old,asterix,3,98095,450.0
CoRe-WM old,asterix,3,98314,400.0
CoRe-WM old,asterix,3,98629,550.0
CoRe-WM old,asterix,3,99039,600.0
CoRe-WM old,asterix,3,99393,550.0
CoRe-WM old,asterix,3,99795,450.0
CoRe-WM old,asterix,4,420,700.0
CoRe-WM old,asterix,4,659,200.0
CoRe-WM old,asterix,4,879,100.0
CoRe-WM old,asterix,4,1116,250.0
CoRe-WM old,asterix,4,1357,100.0
CoRe-WM old,asterix,4,1626,350.0
CoRe-WM old,asterix,4,2006,500.0
CoRe-WM old,asterix,4,2274,250.0
CoRe-WM old,asterix,4,2467,200.0
CoRe-WM old,asterix,4,2756,550.0
CoRe-WM old,asterix,4,2992,250.0
CoRe-WM old,asterix,4,3267,350.0
CoRe-WM old,asterix,4,3485,250.0
CoRe-WM old,asterix,4,3696,150.0
CoRe-WM old,asterix,4,3918,150.0
CoRe-WM old,asterix,4,4205,150.0
CoRe-WM old,asterix,4,4404,50.0
CoRe-WM old,asterix,4,4643,300.0
CoRe-WM old,asterix,4,5046,500.0
CoRe-WM old,asterix,4,5489,650.0
CoRe-WM old,asterix,4,5696,50.0
CoRe-WM old,asterix,4,6015,350.0
CoRe-WM old,asterix,4,6215,100.0
CoRe-WM old,asterix,4,6459,250.0
CoRe-WM old,asterix,4,6705,300.0
CoRe-WM old,asterix,4,6895,150.0
CoRe-WM old,asterix,4,7258,500.0
CoRe-WM old,asterix,4,7458,250.0
CoRe-WM old,asterix,4,7766,300.0
CoRe-WM old,asterix,4,8006,150.0
CoRe-WM old,asterix,4,8301,200.0
CoRe-WM old,asterix,4,8613,150.0
CoRe-WM old,asterix,4,8850,300.0
CoRe-WM old,asterix,4,9110,350.0
CoRe-WM old,asterix,4,9391,250.0
CoRe-WM old,asterix,4,9647,300.0
CoRe-WM old,asterix,4,9880,300.0
CoRe-WM old,asterix,4,10107,150.0
CoRe-WM old,asterix,4,10525,400.0
CoRe-WM old,asterix,4,10720,100.0
CoRe-WM old,asterix,4,10980,200.0
CoRe-WM old,asterix,4,11451,350.0
CoRe-WM old,asterix,4,11664,100.0
CoRe-WM old,asterix,4,12147,500.0
CoRe-WM old,asterix,4,12519,200.0
CoRe-WM old,asterix,4,12990,250.0
CoRe-WM old,asterix,4,13373,200.0
CoRe-WM old,asterix,4,13883,300.0
CoRe-WM old,asterix,4,14375,300.0
CoRe-WM old,asterix,4,14792,350.0
CoRe-WM old,asterix,4,15273,300.0
CoRe-WM old,asterix,4,15610,150.0
CoRe-WM old,asterix,4,15834,100.0
CoRe-WM old,asterix,4,16302,450.0
CoRe-WM old,asterix,4,16757,300.0
CoRe-WM old,asterix,4,17210,250.0
CoRe-WM old,asterix,4,17412,50.0
CoRe-WM old,asterix,4,17830,250.0
CoRe-WM old,asterix,4,18289,200.0
CoRe-WM old,asterix,4,18514,100.0
CoRe-WM old,asterix,4,18966,250.0
CoRe-WM old,asterix,4,19330,150.0
CoRe-WM old,asterix,4,19665,200.0
CoRe-WM old,asterix,4,19887,100.0
CoRe-WM old,asterix,4,20104,150.0
CoRe-WM old,asterix,4,20556,150.0
CoRe-WM old,asterix,4,20977,350.0
CoRe-WM old,asterix,4,21276,150.0
CoRe-WM old,asterix,4,21630,200.0
CoRe-WM old,asterix,4,22015,200.0
CoRe-WM old,asterix,4,22236,50.0
CoRe-WM old,asterix,4,22530,150.0
CoRe-WM old,asterix,4,22835,150.0
CoRe-WM old,asterix,4,23322,150.0
CoRe-WM old,asterix,4,23973,400.0
CoRe-WM old,asterix,4,24402,150.0
CoRe-WM old,asterix,4,24777,300.0
CoRe-WM old,asterix,4,25002,100.0
CoRe-WM old,asterix,4,25326,150.0
CoRe-WM old,asterix,4,25645,100.0
CoRe-WM old,asterix,4,26418,450.0
CoRe-WM old,asterix,4,26760,150.0
CoRe-WM old,asterix,4,27129,250.0
CoRe-WM old,asterix,4,27609,200.0
CoRe-WM old,asterix,4,28014,350.0
CoRe-WM old,asterix,4,28244,100.0
CoRe-WM old,asterix,4,28474,100.0
CoRe-WM old,asterix,4,28839,150.0
CoRe-WM old,asterix,4,29302,300.0
CoRe-WM old,asterix,4,29694,250.0
CoRe-WM old,asterix,4,29922,150.0
CoRe-WM old,asterix,4,30320,200.0
CoRe-WM old,asterix,4,30695,250.0
CoRe-WM old,asterix,4,31478,550.0
CoRe-WM old,asterix,4,31875,200.0
CoRe-WM old,asterix,4,32268,150.0
CoRe-WM old,asterix,4,32495,200.0
CoRe-WM old,asterix,4,32692,100.0
CoRe-WM old,asterix,4,33084,200.0
CoRe-WM old,asterix,4,33533,300.0
CoRe-WM old,asterix,4,33991,400.0
CoRe-WM old,asterix,4,34255,100.0
CoRe-WM old,asterix,4,34548,200.0
CoRe-WM old,asterix,4,34763,100.0
CoRe-WM old,asterix,4,34981,100.0
CoRe-WM old,asterix,4,35353,400.0
CoRe-WM old,asterix,4,35747,400.0
CoRe-WM old,asterix,4,36070,350.0
CoRe-WM old,asterix,4,36296,150.0
CoRe-WM old,asterix,4,36595,200.0
CoRe-WM old,asterix,4,36816,150.0
CoRe-WM old,asterix,4,37031,150.0
CoRe-WM old,asterix,4,37245,50.0
CoRe-WM old,asterix,4,37463,150.0
CoRe-WM old,asterix,4,37829,250.0
CoRe-WM old,asterix,4,37999,100.0
CoRe-WM old,asterix,4,38555,350.0
CoRe-WM old,asterix,4,38771,200.0
CoRe-WM old,asterix,4,39130,200.0
CoRe-WM old,asterix,4,39345,250.0
CoRe-WM old,asterix,4,39566,100.0
CoRe-WM old,asterix,4,39933,150.0
CoRe-WM old,asterix,4,40223,300.0
CoRe-WM old,asterix,4,40423,150.0
CoRe-WM old,asterix,4,40640,100.0
CoRe-WM old,asterix,4,41017,300.0
CoRe-WM old,asterix,4,41420,250.0
CoRe-WM old,asterix,4,41639,150.0
CoRe-WM old,asterix,4,41931,50.0
CoRe-WM old,asterix,4,42154,150.0
CoRe-WM old,asterix,4,42383,150.0
CoRe-WM old,asterix,4,42701,350.0
CoRe-WM old,asterix,4,42914,250.0
CoRe-WM old,asterix,4,43153,150.0
CoRe-WM old,asterix,4,43561,400.0
CoRe-WM old,asterix,4,43801,100.0
CoRe-WM old,asterix,4,44034,100.0
CoRe-WM old,asterix,4,44234,200.0
CoRe-WM old,asterix,4,44523,250.0
CoRe-WM old,asterix,4,44858,300.0
CoRe-WM old,asterix,4,45254,350.0
CoRe-WM old,asterix,4,45752,650.0
CoRe-WM old,asterix,4,45989,250.0
CoRe-WM old,asterix,4,46337,450.0
CoRe-WM old,asterix,4,46924,450.0
CoRe-WM old,asterix,4,47449,650.0
CoRe-WM old,asterix,4,48052,450.0
CoRe-WM old,asterix,4,48432,400.0
CoRe-WM old,asterix,4,48659,100.0
CoRe-WM old,asterix,4,48881,300.0
CoRe-WM old,asterix,4,49413,350.0
CoRe-WM old,asterix,4,49650,300.0
CoRe-WM old,asterix,4,49866,150.0
CoRe-WM old,asterix,4,50091,200.0
CoRe-WM old,asterix,4,50797,350.0
CoRe-WM old,asterix,4,51260,250.0
CoRe-WM old,asterix,4,51641,400.0
CoRe-WM old,asterix,4,52236,400.0
CoRe-WM old,asterix,4,52574,200.0
CoRe-WM old,asterix,4,52862,350.0
CoRe-WM old,asterix,4,53415,550.0
CoRe-WM old,asterix,4,53672,250.0
CoRe-WM old,asterix,4,53993,200.0
CoRe-WM old,asterix,4,54190,200.0
CoRe-WM old,asterix,4,54406,200.0
CoRe-WM old,asterix,4,54628,150.0
CoRe-WM old,asterix,4,54853,100.0
CoRe-WM old,asterix,4,55190,350.0
CoRe-WM old,asterix,4,55926,900.0
CoRe-WM old,asterix,4,56184,250.0
CoRe-WM old,asterix,4,56382,150.0
CoRe-WM old,asterix,4,57036,700.0
CoRe-WM old,asterix,4,57260,200.0
CoRe-WM old,asterix,4,57546,300.0
CoRe-WM old,asterix,4,58146,600.0
CoRe-WM old,asterix,4,58479,150.0
CoRe-WM old,asterix,4,58966,300.0
CoRe-WM old,asterix,4,59422,500.0
CoRe-WM old,asterix,4,59873,600.0
CoRe-WM old,asterix,4,60086,150.0
CoRe-WM old,asterix,4,60369,200.0
CoRe-WM old,asterix,4,61166,650.0
CoRe-WM old,asterix,4,61540,300.0
CoRe-WM old,asterix,4,61763,200.0
CoRe-WM old,asterix,4,61989,150.0
CoRe-WM old,asterix,4,62308,450.0
CoRe-WM old,asterix,4,62729,750.0
CoRe-WM old,asterix,4,63366,700.0
CoRe-WM old,asterix,4,63548,100.0
CoRe-WM old,asterix,4,63819,250.0
CoRe-WM old,asterix,4,64158,350.0
CoRe-WM old,asterix,4,64503,300.0
CoRe-WM old,asterix,4,64782,250.0
CoRe-WM old,asterix,4,65076,300.0
CoRe-WM old,asterix,4,65386,250.0
CoRe-WM old,asterix,4,65952,700.0
CoRe-WM old,asterix,4,66210,150.0
CoRe-WM old,asterix,4,66462,250.0
CoRe-WM old,asterix,4,66919,500.0
CoRe-WM old,asterix,4,67374,600.0
CoRe-WM old,asterix,4,67607,300.0
CoRe-WM old,asterix,4,67913,500.0
CoRe-WM old,asterix,4,68527,500.0
CoRe-WM old,asterix,4,69026,500.0
CoRe-WM old,asterix,4,69587,600.0
CoRe-WM old,asterix,4,69922,400.0
CoRe-WM old,asterix,4,70341,550.0
CoRe-WM old,asterix,4,70616,400.0
CoRe-WM old,asterix,4,70950,300.0
CoRe-WM old,asterix,4,71304,450.0
CoRe-WM old,asterix,4,71688,300.0
CoRe-WM old,asterix,4,71913,300.0
CoRe-WM old,asterix,4,72248,350.0
CoRe-WM old,asterix,4,72657,700.0
CoRe-WM old,asterix,4,73091,300.0
CoRe-WM old,asterix,4,73387,400.0
CoRe-WM old,asterix,4,73587,150.0
CoRe-WM old,asterix,4,74032,600.0
CoRe-WM old,asterix,4,74561,800.0
CoRe-WM old,asterix,4,74884,550.0
CoRe-WM old,asterix,4,75080,200.0
CoRe-WM old,asterix,4,75481,650.0
CoRe-WM old,asterix,4,75881,600.0
CoRe-WM old,asterix,4,76133,300.0
CoRe-WM old,asterix,4,76517,600.0
CoRe-WM old,asterix,4,76973,500.0
CoRe-WM old,asterix,4,77273,450.0
CoRe-WM old,asterix,4,77570,450.0
CoRe-WM old,asterix,4,77893,400.0
CoRe-WM old,asterix,4,78312,400.0
CoRe-WM old,asterix,4,78674,450.0
CoRe-WM old,asterix,4,79107,450.0
CoRe-WM old,asterix,4,79505,600.0
CoRe-WM old,asterix,4,79845,550.0
CoRe-WM old,asterix,4,80049,100.0
CoRe-WM old,asterix,4,80267,200.0
CoRe-WM old,asterix,4,80506,300.0
CoRe-WM old,asterix,4,80901,600.0
CoRe-WM old,asterix,4,81191,600.0
CoRe-WM old,asterix,4,81861,750.0
CoRe-WM old,asterix,4,82116,300.0
CoRe-WM old,asterix,4,82398,300.0
CoRe-WM old,asterix,4,82697,500.0
CoRe-WM old,asterix,4,83093,450.0
CoRe-WM old,asterix,4,83428,500.0
CoRe-WM old,asterix,4,83774,500.0
CoRe-WM old,asterix,4,84169,500.0
CoRe-WM old,asterix,4,84435,350.0
CoRe-WM old,asterix,4,84711,450.0
CoRe-WM old,asterix,4,85056,450.0
CoRe-WM old,asterix,4,85548,900.0
CoRe-WM old,asterix,4,85879,300.0
CoRe-WM old,asterix,4,86129,300.0
CoRe-WM old,asterix,4,86616,750.0
CoRe-WM old,asterix,4,87104,600.0
CoRe-WM old,asterix,4,87610,650.0
CoRe-WM old,asterix,4,87857,250.0
CoRe-WM old,asterix,4,88147,300.0
CoRe-WM old,asterix,4,88434,400.0
CoRe-WM old,asterix,4,88789,400.0
CoRe-WM old,asterix,4,89042,300.0
CoRe-WM old,asterix,4,89377,500.0
CoRe-WM old,asterix,4,89841,750.0
CoRe-WM old,asterix,4,90118,300.0
CoRe-WM old,asterix,4,90378,350.0
CoRe-WM old,asterix,4,90672,500.0
CoRe-WM old,asterix,4,91038,350.0
CoRe-WM old,asterix,4,91404,650.0
CoRe-WM old,asterix,4,91744,600.0
CoRe-WM old,asterix,4,91984,350.0
CoRe-WM old,asterix,4,92566,750.0
CoRe-WM old,asterix,4,92985,600.0
CoRe-WM old,asterix,4,93298,350.0
CoRe-WM old,asterix,4,93520,300.0
CoRe-WM old,asterix,4,93840,500.0
CoRe-WM old,asterix,4,94187,200.0
CoRe-WM old,asterix,4,94709,950.0
CoRe-WM old,asterix,4,95221,850.0
CoRe-WM old,asterix,4,95571,350.0
CoRe-WM old,asterix,4,95883,500.0
CoRe-WM old,asterix,4,96093,350.0
CoRe-WM old,asterix,4,96361,450.0
CoRe-WM old,asterix,4,96788,750.0
CoRe-WM old,asterix,4,97099,400.0
CoRe-WM old,asterix,4,97341,300.0
CoRe-WM old,asterix,4,97664,450.0
CoRe-WM old,asterix,4,97953,400.0
CoRe-WM old,asterix,4,98347,450.0
CoRe-WM old,asterix,4,98759,550.0
CoRe-WM old,asterix,4,99114,450.0
CoRe-WM old,asterix,4,99318,300.0
CoRe-WM old,asterix,4,99699,450.0
CoRe-WM old,asterix,4,99991,500.0
CoRe-WM old,bank_heist,0,657,20.0
CoRe-WM old,bank_heist,0,1108,10.0
CoRe-WM old,bank_heist,0,1663,10.0
CoRe-WM old,bank_heist,0,2203,20.0
CoRe-WM old,bank_heist,0,2660,20.0
CoRe-WM old,bank_heist,0,3270,20.0
CoRe-WM old,bank_heist,0,3863,60.0
CoRe-WM old,bank_heist,0,4381,0.0
CoRe-WM old,bank_heist,0,4775,10.0
CoRe-WM old,bank_heist,0,5268,20.0
CoRe-WM old,bank_heist,0,5795,10.0
CoRe-WM old,bank_heist,0,6222,0.0
CoRe-WM old,bank_heist,0,7003,30.0
CoRe-WM old,bank_heist,0,7453,10.0
CoRe-WM old,bank_heist,0,7846,0.0
CoRe-WM old,bank_heist,0,8428,10.0
CoRe-WM old,bank_heist,0,8825,0.0
CoRe-WM old,bank_heist,0,9357,0.0
CoRe-WM old,bank_heist,0,10020,10.0
CoRe-WM old,bank_heist,0,10517,30.0
CoRe-WM old,bank_heist,0,11199,30.0
CoRe-WM old,bank_heist,0,11960,0.0
CoRe-WM old,bank_heist,0,12601,20.0
CoRe-WM old,bank_heist,0,13360,10.0
CoRe-WM old,bank_heist,0,14308,0.0
CoRe-WM old,bank_heist,0,14898,10.0
CoRe-WM old,bank_heist,0,16164,0.0
CoRe-WM old,bank_heist,0,17648,10.0
CoRe-WM old,bank_heist,0,18206,10.0
CoRe-WM old,bank_heist,0,18807,20.0
CoRe-WM old,bank_heist,0,19458,0.0
CoRe-WM old,bank_heist,0,20269,10.0
CoRe-WM old,bank_heist,0,20721,20.0
CoRe-WM old,bank_heist,0,21387,10.0
CoRe-WM old,bank_heist,0,22109,0.0
CoRe-WM old,bank_heist,0,22774,0.0
CoRe-WM old,bank_heist,0,23522,20.0
CoRe-WM old,bank_heist,0,24238,0.0
CoRe-WM old,bank_heist,0,25051,10.0
CoRe-WM old,bank_heist,0,25733,10.0
CoRe-WM old,bank_heist,0,26560,0.0
CoRe-WM old,bank_heist,0,27357,10.0
CoRe-WM old,bank_heist,0,28260,0.0
CoRe-WM old,bank_heist,0,30033,20.0
CoRe-WM old,bank_heist,0,30800,10.0
CoRe-WM old,bank_heist,0,31476,0.0
CoRe-WM old,bank_heist,0,32272,20.0
CoRe-WM old,bank_heist,0,33456,0.0
CoRe-WM old,bank_heist,0,34204,30.0
CoRe-WM old,bank_heist,0,35294,20.0
CoRe-WM old,bank_heist,0,35984,10.0
CoRe-WM old,bank_heist,0,36653,0.0
CoRe-WM old,bank_heist,0,37437,20.0
CoRe-WM old,bank_heist,0,38151,10.0
CoRe-WM old,bank_heist,0,39089,0.0
CoRe-WM old,bank_heist,0,40118,0.0
CoRe-WM old,bank_heist,0,40809,10.0
CoRe-WM old,bank_heist,0,41435,20.0
CoRe-WM old,bank_heist,0,42156,0.0
CoRe-WM old,bank_heist,0,42619,10.0
CoRe-WM old,bank_heist,0,43048,10.0
CoRe-WM old,bank_heist,0,44023,10.0
CoRe-WM old,bank_heist,0,44893,0.0
CoRe-WM old,bank_heist,0,45498,0.0
CoRe-WM old,bank_heist,0,46017,20.0
CoRe-WM old,bank_heist,0,46694,10.0
CoRe-WM old,bank_heist,0,47266,0.0
CoRe-WM old,bank_heist,0,47692,20.0
CoRe-WM old,bank_heist,0,48174,30.0
CoRe-WM old,bank_heist,0,48646,20.0
CoRe-WM old,bank_heist,0,49013,20.0
CoRe-WM old,bank_heist,0,49670,20.0
CoRe-WM old,bank_heist,0,50359,10.0
CoRe-WM old,bank_heist,0,51073,30.0
CoRe-WM old,bank_heist,0,51918,10.0
CoRe-WM old,bank_heist,0,52542,10.0
CoRe-WM old,bank_heist,0,53049,10.0
CoRe-WM old,bank_heist,0,53925,10.0
CoRe-WM old,bank_heist,0,56370,30.0
CoRe-WM old,bank_heist,0,57334,10.0
CoRe-WM old,bank_heist,0,58117,0.0
CoRe-WM old,bank_heist,0,58869,10.0
CoRe-WM old,bank_heist,0,59780,10.0
CoRe-WM old,bank_heist,0,60525,20.0
CoRe-WM old,bank_heist,0,61236,10.0
CoRe-WM old,bank_heist,0,61930,10.0
CoRe-WM old,bank_heist,0,62456,20.0
CoRe-WM old,bank_heist,0,63040,10.0
CoRe-WM old,bank_heist,0,63604,20.0
CoRe-WM old,bank_heist,0,64263,0.0
CoRe-WM old,bank_heist,0,65166,10.0
CoRe-WM old,bank_heist,0,65650,30.0
CoRe-WM old,bank_heist,0,66736,20.0
CoRe-WM old,bank_heist,0,67257,20.0
CoRe-WM old,bank_heist,0,67664,10.0
CoRe-WM old,bank_heist,0,68415,10.0
CoRe-WM old,bank_heist,0,69100,20.0
CoRe-WM old,bank_heist,0,69767,20.0
CoRe-WM old,bank_heist,0,70455,20.0
CoRe-WM old,bank_heist,0,71273,40.0
CoRe-WM old,bank_heist,0,71730,10.0
CoRe-WM old,bank_heist,0,72390,30.0
CoRe-WM old,bank_heist,0,72953,10.0
CoRe-WM old,bank_heist,0,73625,10.0
CoRe-WM old,bank_heist,0,74269,30.0
CoRe-WM old,bank_heist,0,74938,60.0
CoRe-WM old,bank_heist,0,75648,40.0
CoRe-WM old,bank_heist,0,76319,30.0
CoRe-WM old,bank_heist,0,76891,20.0
CoRe-WM old,bank_heist,0,77548,10.0
CoRe-WM old,bank_heist,0,78037,10.0
CoRe-WM old,bank_heist,0,78574,10.0
CoRe-WM old,bank_heist,0,78987,10.0
CoRe-WM old,bank_heist,0,79560,30.0
CoRe-WM old,bank_heist,0,80067,10.0
CoRe-WM old,bank_heist,0,81001,10.0
CoRe-WM old,bank_heist,0,81498,10.0
CoRe-WM old,bank_heist,0,82309,50.0
CoRe-WM old,bank_heist,0,82972,10.0
CoRe-WM old,bank_heist,0,83702,10.0
CoRe-WM old,bank_heist,0,84266,10.0
CoRe-WM old,bank_heist,0,85013,10.0
CoRe-WM old,bank_heist,0,86305,10.0
CoRe-WM old,bank_heist,0,87020,10.0
CoRe-WM old,bank_heist,0,87661,20.0
CoRe-WM old,bank_heist,0,88330,20.0
CoRe-WM old,bank_heist,0,89002,50.0
CoRe-WM old,bank_heist,0,89680,20.0
CoRe-WM old,bank_heist,0,90181,10.0
CoRe-WM old,bank_heist,0,90876,30.0
CoRe-WM old,bank_heist,0,91547,10.0
CoRe-WM old,bank_heist,0,92296,30.0
CoRe-WM old,bank_heist,0,92944,30.0
CoRe-WM old,bank_heist,0,93630,30.0
CoRe-WM old,bank_heist,0,94734,50.0
CoRe-WM old,bank_heist,0,95411,10.0
CoRe-WM old,bank_heist,0,95942,20.0
CoRe-WM old,bank_heist,0,96646,30.0
CoRe-WM old,bank_heist,0,97121,20.0
CoRe-WM old,bank_heist,0,97920,30.0
CoRe-WM old,bank_heist,0,98466,20.0
CoRe-WM old,bank_heist,0,99180,20.0
CoRe-WM old,bank_heist,0,99627,10.0
CoRe-WM old,bank_heist,1,388,0.0
CoRe-WM old,bank_heist,1,867,10.0
CoRe-WM old,bank_heist,1,1313,10.0
CoRe-WM old,bank_heist,1,1891,20.0
CoRe-WM old,bank_heist,1,2326,20.0
CoRe-WM old,bank_heist,1,2943,0.0
CoRe-WM old,bank_heist,1,3410,20.0
CoRe-WM old,bank_heist,1,3865,30.0
CoRe-WM old,bank_heist,1,4287,20.0
CoRe-WM old,bank_heist,1,4652,10.0
CoRe-WM old,bank_heist,1,5063,10.0
CoRe-WM old,bank_heist,1,5753,20.0
CoRe-WM old,bank_heist,1,6296,10.0
CoRe-WM old,bank_heist,1,6781,20.0
CoRe-WM old,bank_heist,1,7253,10.0
CoRe-WM old,bank_heist,1,7779,10.0
CoRe-WM old,bank_heist,1,8403,20.0
CoRe-WM old,bank_heist,1,8915,0.0
CoRe-WM old,bank_heist,1,9409,10.0
CoRe-WM old,bank_heist,1,10066,40.0
CoRe-WM old,bank_heist,1,10461,20.0
CoRe-WM old,bank_heist,1,10892,10.0
CoRe-WM old,bank_heist,1,11349,10.0
CoRe-WM old,bank_heist,1,11925,0.0
CoRe-WM old,bank_heist,1,12397,10.0
CoRe-WM old,bank_heist,1,13055,10.0
CoRe-WM old,bank_heist,1,13876,20.0
CoRe-WM old,bank_heist,1,15264,0.0
CoRe-WM old,bank_heist,1,16914,0.0
CoRe-WM old,bank_heist,1,18139,0.0
CoRe-WM old,bank_heist,1,19222,0.0
CoRe-WM old,bank_heist,1,20191,10.0
CoRe-WM old,bank_heist,1,21112,10.0
CoRe-WM old,bank_heist,1,22058,0.0
CoRe-WM old,bank_heist,1,22861,0.0
CoRe-WM old,bank_heist,1,23748,0.0
CoRe-WM old,bank_heist,1,24688,0.0
CoRe-WM old,bank_heist,1,25618,20.0
CoRe-WM old,bank_heist,1,26332,10.0
CoRe-WM old,bank_heist,1,27116,10.0
CoRe-WM old,bank_heist,1,28158,50.0
CoRe-WM old,bank_heist,1,28820,20.0
CoRe-WM old,bank_heist,1,29615,20.0
CoRe-WM old,bank_heist,1,30458,0.0
CoRe-WM old,bank_heist,1,31246,10.0
CoRe-WM old,bank_heist,1,31975,10.0
CoRe-WM old,bank_heist,1,32568,10.0
CoRe-WM old,bank_heist,1,33283,20.0
CoRe-WM old,bank_heist,1,33973,0.0
CoRe-WM old,bank_heist,1,34636,20.0
CoRe-WM old,bank_heist,1,35169,10.0
CoRe-WM old,bank_heist,1,35935,10.0
CoRe-WM old,bank_heist,1,36525,20.0
CoRe-WM old,bank_heist,1,37036,0.0
CoRe-WM old,bank_heist,1,37595,20.0
CoRe-WM old,bank_heist,1,38367,0.0
CoRe-WM old,bank_heist,1,38916,10.0
CoRe-WM old,bank_heist,1,39400,20.0
CoRe-WM old,bank_heist,1,40308,80.0
CoRe-WM old,bank_heist,1,41342,30.0
CoRe-WM old,bank_heist,1,42106,10.0
CoRe-WM old,bank_heist,1,42883,30.0
CoRe-WM old,bank_heist,1,43693,20.0
CoRe-WM old,bank_heist,1,44558,20.0
CoRe-WM old,bank_heist,1,45299,0.0
CoRe-WM old,bank_heist,1,46305,0.0
CoRe-WM old,bank_heist,1,47075,20.0
CoRe-WM old,bank_heist,1,47549,10.0
CoRe-WM old,bank_heist,1,48020,30.0
CoRe-WM old,bank_heist,1,48879,10.0
CoRe-WM old,bank_heist,1,49299,10.0
CoRe-WM old,bank_heist,1,49699,20.0
CoRe-WM old,bank_heist,1,50120,30.0
CoRe-WM old,bank_heist,1,50870,60.0
CoRe-WM old,bank_heist,1,51246,10.0
CoRe-WM old,bank_heist,1,51825,30.0
CoRe-WM old,bank_heist,1,52556,30.0
CoRe-WM old,bank_heist,1,53088,20.0
CoRe-WM old,bank_heist,1,53881,10.0
CoRe-WM old,bank_heist,1,54639,30.0
CoRe-WM old,bank_heist,1,55384,30.0
CoRe-WM old,bank_heist,1,56163,50.0
CoRe-WM old,bank_heist,1,56860,20.0
CoRe-WM old,bank_heist,1,57300,10.0
CoRe-WM old,bank_heist,1,57938,30.0
CoRe-WM old,bank_heist,1,58599,30.0
CoRe-WM old,bank_heist,1,59289,40.0
CoRe-WM old,bank_heist,1,60673,30.0
CoRe-WM old,bank_heist,1,61552,20.0
CoRe-WM old,bank_heist,1,62235,20.0
CoRe-WM old,bank_heist,1,62874,40.0
CoRe-WM old,bank_heist,1,63408,30.0
CoRe-WM old,bank_heist,1,63779,10.0
CoRe-WM old,bank_heist,1,64281,30.0
CoRe-WM old,bank_heist,1,65208,10.0
CoRe-WM old,bank_heist,1,65814,20.0
CoRe-WM old,bank_heist,1,66233,30.0
CoRe-WM old,bank_heist,1,66909,20.0
CoRe-WM old,bank_heist,1,67377,10.0
CoRe-WM old,bank_heist,1,68073,40.0
CoRe-WM old,bank_heist,1,68505,30.0
CoRe-WM old,bank_heist,1,68958,10.0
CoRe-WM old,bank_heist,1,69512,50.0
CoRe-WM old,bank_heist,1,70314,30.0
CoRe-WM old,bank_heist,1,70708,20.0
CoRe-WM old,bank_heist,1,71417,30.0
CoRe-WM old,bank_heist,1,71845,20.0
CoRe-WM old,bank_heist,1,72365,20.0
CoRe-WM old,bank_heist,1,72793,20.0
CoRe-WM old,bank_heist,1,73548,30.0
CoRe-WM old,bank_heist,1,74223,30.0
CoRe-WM old,bank_heist,1,74855,30.0
CoRe-WM old,bank_heist,1,75297,20.0
CoRe-WM old,bank_heist,1,75735,0.0
CoRe-WM old,bank_heist,1,76211,40.0
CoRe-WM old,bank_heist,1,76672,10.0
CoRe-WM old,bank_heist,1,77342,50.0
CoRe-WM old,bank_heist,1,77822,20.0
CoRe-WM old,bank_heist,1,78314,20.0
CoRe-WM old,bank_heist,1,78776,20.0
CoRe-WM old,bank_heist,1,79364,20.0
CoRe-WM old,bank_heist,1,80078,40.0
CoRe-WM old,bank_heist,1,81002,50.0
CoRe-WM old,bank_heist,1,81571,20.0
CoRe-WM old,bank_heist,1,82030,40.0
CoRe-WM old,bank_heist,1,82504,40.0
CoRe-WM old,bank_heist,1,83268,30.0
CoRe-WM old,bank_heist,1,83794,20.0
CoRe-WM old,bank_heist,1,84277,20.0
CoRe-WM old,bank_heist,1,84833,30.0
CoRe-WM old,bank_heist,1,85423,30.0
CoRe-WM old,bank_heist,1,85889,30.0
CoRe-WM old,bank_heist,1,86569,30.0
CoRe-WM old,bank_heist,1,87015,20.0
CoRe-WM old,bank_heist,1,87829,30.0
CoRe-WM old,bank_heist,1,88275,10.0
CoRe-WM old,bank_heist,1,88868,40.0
CoRe-WM old,bank_heist,1,89374,20.0
CoRe-WM old,bank_heist,1,90274,30.0
CoRe-WM old,bank_heist,1,91012,30.0
CoRe-WM old,bank_heist,1,91391,30.0
CoRe-WM old,bank_heist,1,92140,30.0
CoRe-WM old,bank_heist,1,93047,30.0
CoRe-WM old,bank_heist,1,93840,70.0
CoRe-WM old,bank_heist,1,94958,20.0
CoRe-WM old,bank_heist,1,96690,50.0
CoRe-WM old,bank_heist,1,98287,30.0
CoRe-WM old,bank_heist,1,99291,40.0
CoRe-WM old,bank_heist,2,521,0.0
CoRe-WM old,bank_heist,2,1012,20.0
CoRe-WM old,bank_heist,2,1453,10.0
CoRe-WM old,bank_heist,2,1930,10.0
CoRe-WM old,bank_heist,2,2361,10.0
CoRe-WM old,bank_heist,2,2802,20.0
CoRe-WM old,bank_heist,2,3324,40.0
CoRe-WM old,bank_heist,2,3867,0.0
CoRe-WM old,bank_heist,2,4505,10.0
CoRe-WM old,bank_heist,2,5247,10.0
CoRe-WM old,bank_heist,2,5726,10.0
CoRe-WM old,bank_heist,2,6119,10.0
CoRe-WM old,bank_heist,2,6563,10.0
CoRe-WM old,bank_heist,2,7189,0.0
CoRe-WM old,bank_heist,2,7571,0.0
CoRe-WM old,bank_heist,2,8089,0.0
CoRe-WM old,bank_heist,2,8712,30.0
CoRe-WM old,bank_heist,2,9311,0.0
CoRe-WM old,bank_heist,2,9915,0.0
CoRe-WM old,bank_heist,2,10395,20.0
CoRe-WM old,bank_heist,2,10944,10.0
CoRe-WM old,bank_heist,2,11604,20.0
CoRe-WM old,bank_heist,2,12184,0.0
CoRe-WM old,bank_heist,2,12768,10.0
CoRe-WM old,bank_heist,2,13195,10.0
CoRe-WM old,bank_heist,2,14008,0.0
CoRe-WM old,bank_heist,2,14613,10.0
CoRe-WM old,bank_heist,2,15452,10.0
CoRe-WM old,bank_heist,2,16262,10.0
CoRe-WM old,bank_heist,2,16930,0.0
CoRe-WM old,bank_heist,2,17842,30.0
CoRe-WM old,bank_heist,2,19331,50.0
CoRe-WM old,bank_heist,2,19831,10.0
CoRe-WM old,bank_heist,2,20456,10.0
CoRe-WM old,bank_heist,2,21201,0.0
CoRe-WM old,bank_heist,2,23101,0.0
CoRe-WM old,bank_heist,2,23803,0.0
CoRe-WM old,bank_heist,2,24674,0.0
CoRe-WM old,bank_heist,2,25429,0.0
CoRe-WM old,bank_heist,2,26218,10.0
CoRe-WM old,bank_heist,2,26926,20.0
CoRe-WM old,bank_heist,2,27748,10.0
CoRe-WM old,bank_heist,2,28434,10.0
CoRe-WM old,bank_heist,2,29051,20.0
CoRe-WM old,bank_heist,2,29739,0.0
CoRe-WM old,bank_heist,2,30569,20.0
CoRe-WM old,bank_heist,2,31355,0.0
CoRe-WM old,bank_heist,2,32103,30.0
CoRe-WM old,bank_heist,2,32786,60.0
CoRe-WM old,bank_heist,2,33531,20.0
CoRe-WM old,bank_heist,2,34373,0.0
CoRe-WM old,bank_heist,2,35172,0.0
CoRe-WM old,bank_heist,2,35985,10.0
CoRe-WM old,bank_heist,2,37265,0.0
CoRe-WM old,bank_heist,2,37960,40.0
CoRe-WM old,bank_heist,2,38406,10.0
CoRe-WM old,bank_heist,2,38922,0.0
CoRe-WM old,bank_heist,2,39451,20.0
CoRe-WM old,bank_heist,2,40192,20.0
CoRe-WM old,bank_heist,2,41347,10.0
CoRe-WM old,bank_heist,2,42160,20.0
CoRe-WM old,bank_heist,2,42616,10.0
CoRe-WM old,bank_heist,2,43290,20.0
CoRe-WM old,bank_heist,2,43722,10.0
CoRe-WM old,bank_heist,2,44229,10.0
CoRe-WM old,bank_heist,2,44885,20.0
CoRe-WM old,bank_heist,2,45528,70.0
CoRe-WM old,bank_heist,2,46237,0.0
CoRe-WM old,bank_heist,2,47049,20.0
CoRe-WM old,bank_heist,2,47734,20.0
CoRe-WM old,bank_heist,2,48531,10.0
CoRe-WM old,bank_heist,2,49500,10.0
CoRe-WM old,bank_heist,2,50177,0.0
CoRe-WM old,bank_heist,2,50700,10.0
CoRe-WM old,bank_heist,2,51272,10.0
CoRe-WM old,bank_heist,2,52003,40.0
CoRe-WM old,bank_heist,2,53008,10.0
CoRe-WM old,bank_heist,2,53428,10.0
CoRe-WM old,bank_heist,2,53880,20.0
CoRe-WM old,bank_heist,2,54440,10.0
CoRe-WM old,bank_heist,2,55129,10.0
CoRe-WM old,bank_heist,2,55778,10.0
CoRe-WM old,bank_heist,2,56430,30.0
CoRe-WM old,bank_heist,2,57053,20.0
CoRe-WM old,bank_heist,2,57672,10.0
CoRe-WM old,bank_heist,2,58374,40.0
CoRe-WM old,bank_heist,2,59170,20.0
CoRe-WM old,bank_heist,2,59651,20.0
CoRe-WM old,bank_heist,2,60334,0.0
CoRe-WM old,bank_heist,2,61124,30.0
CoRe-WM old,bank_heist,2,61781,20.0
CoRe-WM old,bank_heist,2,62508,10.0
CoRe-WM old,bank_heist,2,62873,10.0
CoRe-WM old,bank_heist,2,63758,10.0
CoRe-WM old,bank_heist,2,64502,10.0
CoRe-WM old,bank_heist,2,65213,10.0
CoRe-WM old,bank_heist,2,65762,20.0
CoRe-WM old,bank_heist,2,66432,40.0
CoRe-WM old,bank_heist,2,66873,20.0
CoRe-WM old,bank_heist,2,67439,10.0
CoRe-WM old,bank_heist,2,68250,20.0
CoRe-WM old,bank_heist,2,68818,10.0
CoRe-WM old,bank_heist,2,69697,10.0
CoRe-WM old,bank_heist,2,70224,20.0
CoRe-WM old,bank_heist,2,70790,10.0
CoRe-WM old,bank_heist,2,71356,30.0
CoRe-WM old,bank_heist,2,72143,10.0
CoRe-WM old,bank_heist,2,72704,20.0
CoRe-WM old,bank_heist,2,73561,60.0
CoRe-WM old,bank_heist,2,74192,20.0
CoRe-WM old,bank_heist,2,74981,10.0
CoRe-WM old,bank_heist,2,75681,30.0
CoRe-WM old,bank_heist,2,76250,20.0
CoRe-WM old,bank_heist,2,76758,20.0
CoRe-WM old,bank_heist,2,77463,30.0
CoRe-WM old,bank_heist,2,78006,20.0
CoRe-WM old,bank_heist,2,78709,20.0
CoRe-WM old,bank_heist,2,79315,20.0
CoRe-WM old,bank_heist,2,79971,10.0
CoRe-WM old,bank_heist,2,80768,50.0
CoRe-WM old,bank_heist,2,81369,40.0
CoRe-WM old,bank_heist,2,81894,20.0
CoRe-WM old,bank_heist,2,82484,30.0
CoRe-WM old,bank_heist,2,83270,30.0
CoRe-WM old,bank_heist,2,83694,0.0
CoRe-WM old,bank_heist,2,84176,10.0
CoRe-WM old,bank_heist,2,84889,30.0
CoRe-WM old,bank_heist,2,85511,40.0
CoRe-WM old,bank_heist,2,86292,60.0
CoRe-WM old,bank_heist,2,86819,30.0
CoRe-WM old,bank_heist,2,87427,20.0
CoRe-WM old,bank_heist,2,88243,30.0
CoRe-WM old,bank_heist,2,88970,10.0
CoRe-WM old,bank_heist,2,89640,10.0
CoRe-WM old,bank_heist,2,90326,20.0
CoRe-WM old,bank_heist,2,90780,20.0
CoRe-WM old,bank_heist,2,91610,30.0
CoRe-WM old,bank_heist,2,92350,30.0
CoRe-WM old,bank_heist,2,93096,10.0
CoRe-WM old,bank_heist,2,93669,20.0
CoRe-WM old,bank_heist,2,94517,10.0
CoRe-WM old,bank_heist,2,95363,20.0
CoRe-WM old,bank_heist,2,96108,10.0
CoRe-WM old,bank_heist,2,97588,30.0
CoRe-WM old,bank_heist,2,99223,70.0
CoRe-WM old,bank_heist,2,99798,20.0
CoRe-WM old,bank_heist,3,519,30.0
CoRe-WM old,bank_heist,3,1113,20.0
CoRe-WM old,bank_heist,3,1839,60.0
CoRe-WM old,bank_heist,3,2352,10.0
CoRe-WM old,bank_heist,3,2925,20.0
CoRe-WM old,bank_heist,3,3582,20.0
CoRe-WM old,bank_heist,3,4144,40.0
CoRe-WM old,bank_heist,3,4659,10.0
CoRe-WM old,bank_heist,3,5305,10.0
CoRe-WM old,bank_heist,3,5905,30.0
CoRe-WM old,bank_heist,3,6390,10.0
CoRe-WM old,bank_heist,3,6820,10.0
CoRe-WM old,bank_heist,3,7277,10.0
CoRe-WM old,bank_heist,3,7685,10.0
CoRe-WM old,bank_heist,3,8108,0.0
CoRe-WM old,bank_heist,3,8661,10.0
CoRe-WM old,bank_heist,3,9457,30.0
CoRe-WM old,bank_heist,3,10045,10.0
CoRe-WM old,bank_heist,3,10669,30.0
CoRe-WM old,bank_heist,3,11330,0.0
CoRe-WM old,bank_heist,3,11982,20.0
CoRe-WM old,bank_heist,3,12355,0.0
CoRe-WM old,bank_heist,3,12826,10.0
CoRe-WM old,bank_heist,3,13228,10.0
CoRe-WM old,bank_heist,3,13667,0.0
CoRe-WM old,bank_heist,3,14265,0.0
CoRe-WM old,bank_heist,3,14775,0.0
CoRe-WM old,bank_heist,3,15240,10.0
CoRe-WM old,bank_heist,3,15755,20.0
CoRe-WM old,bank_heist,3,16649,0.0
CoRe-WM old,bank_heist,3,17561,0.0
CoRe-WM old,bank_heist,3,18313,0.0
CoRe-WM old,bank_heist,3,19010,10.0
CoRe-WM old,bank_heist,3,20125,0.0
CoRe-WM old,bank_heist,3,21012,0.0
CoRe-WM old,bank_heist,3,21751,20.0
CoRe-WM old,bank_heist,3,22095,0.0
CoRe-WM old,bank_heist,3,23070,20.0
CoRe-WM old,bank_heist,3,23523,0.0
CoRe-WM old,bank_heist,3,24436,20.0
CoRe-WM old,bank_heist,3,25178,20.0
CoRe-WM old,bank_heist,3,25805,10.0
CoRe-WM old,bank_heist,3,26311,0.0
CoRe-WM old,bank_heist,3,26766,20.0
CoRe-WM old,bank_heist,3,27287,10.0
CoRe-WM old,bank_heist,3,27944,20.0
CoRe-WM old,bank_heist,3,28525,20.0
CoRe-WM old,bank_heist,3,29384,20.0
CoRe-WM old,bank_heist,3,30151,0.0
CoRe-WM old,bank_heist,3,31061,50.0
CoRe-WM old,bank_heist,3,31669,20.0
CoRe-WM old,bank_heist,3,32304,20.0
CoRe-WM old,bank_heist,3,33310,0.0
CoRe-WM old,bank_heist,3,33886,20.0
CoRe-WM old,bank_heist,3,34700,0.0
CoRe-WM old,bank_heist,3,36003,10.0
CoRe-WM old,bank_heist,3,37145,20.0
CoRe-WM old,bank_heist,3,37960,60.0
CoRe-WM old,bank_heist,3,38747,0.0
CoRe-WM old,bank_heist,3,39668,0.0
CoRe-WM old,bank_heist,3,40434,0.0
CoRe-WM old,bank_heist,3,41220,20.0
CoRe-WM old,bank_heist,3,41666,10.0
CoRe-WM old,bank_heist,3,42403,10.0
CoRe-WM old,bank_heist,3,43192,40.0
CoRe-WM old,bank_heist,3,43976,0.0
CoRe-WM old,bank_heist,3,44733,0.0
CoRe-WM old,bank_heist,3,46539,0.0
CoRe-WM old,bank_heist,3,47513,40.0
CoRe-WM old,bank_heist,3,48060,20.0
CoRe-WM old,bank_heist,3,48531,10.0
CoRe-WM old,bank_heist,3,49036,0.0
CoRe-WM old,bank_heist,3,49583,10.0
CoRe-WM old,bank_heist,3,50335,0.0
CoRe-WM old,bank_heist,3,51553,10.0
CoRe-WM old,bank_heist,3,52272,20.0
CoRe-WM old,bank_heist,3,52896,0.0
CoRe-WM old,bank_heist,3,53553,10.0
CoRe-WM old,bank_heist,3,53914,10.0
CoRe-WM old,bank_heist,3,54703,20.0
CoRe-WM old,bank_heist,3,55939,0.0
CoRe-WM old,bank_heist,3,57020,10.0
CoRe-WM old,bank_heist,3,57856,10.0
CoRe-WM old,bank_heist,3,58619,20.0
CoRe-WM old,bank_heist,3,59339,10.0
CoRe-WM old,bank_heist,3,59914,10.0
CoRe-WM old,bank_heist,3,60691,20.0
CoRe-WM old,bank_heist,3,61713,0.0
CoRe-WM old,bank_heist,3,62422,20.0
CoRe-WM old,bank_heist,3,63341,10.0
CoRe-WM old,bank_heist,3,64178,40.0
CoRe-WM old,bank_heist,3,65156,0.0
CoRe-WM old,bank_heist,3,65728,20.0
CoRe-WM old,bank_heist,3,66414,30.0
CoRe-WM old,bank_heist,3,67087,40.0
CoRe-WM old,bank_heist,3,67995,30.0
CoRe-WM old,bank_heist,3,68684,10.0
CoRe-WM old,bank_heist,3,69417,60.0
CoRe-WM old,bank_heist,3,70367,10.0
CoRe-WM old,bank_heist,3,71181,20.0
CoRe-WM old,bank_heist,3,72010,20.0
CoRe-WM old,bank_heist,3,72582,10.0
CoRe-WM old,bank_heist,3,73438,10.0
CoRe-WM old,bank_heist,3,73886,10.0
CoRe-WM old,bank_heist,3,74668,10.0
CoRe-WM old,bank_heist,3,75407,50.0
CoRe-WM old,bank_heist,3,75950,20.0
CoRe-WM old,bank_heist,3,76652,20.0
CoRe-WM old,bank_heist,3,77402,10.0
CoRe-WM old,bank_heist,3,78095,10.0
CoRe-WM old,bank_heist,3,78727,10.0
CoRe-WM old,bank_heist,3,79573,0.0
CoRe-WM old,bank_heist,3,80292,30.0
CoRe-WM old,bank_heist,3,81137,80.0
CoRe-WM old,bank_heist,3,81808,50.0
CoRe-WM old,bank_heist,3,82646,10.0
CoRe-WM old,bank_heist,3,83524,10.0
CoRe-WM old,bank_heist,3,84232,20.0
CoRe-WM old,bank_heist,3,84804,30.0
CoRe-WM old,bank_heist,3,85549,10.0
CoRe-WM old,bank_heist,3,86159,10.0
CoRe-WM old,bank_heist,3,86732,20.0
CoRe-WM old,bank_heist,3,87576,50.0
CoRe-WM old,bank_heist,3,88909,0.0
CoRe-WM old,bank_heist,3,90030,0.0
CoRe-WM old,bank_heist,3,90786,20.0
CoRe-WM old,bank_heist,3,91500,10.0
CoRe-WM old,bank_heist,3,91951,10.0
CoRe-WM old,bank_heist,3,92569,10.0
CoRe-WM old,bank_heist,3,93287,10.0
CoRe-WM old,bank_heist,3,94191,20.0
CoRe-WM old,bank_heist,3,94799,30.0
CoRe-WM old,bank_heist,3,95621,20.0
CoRe-WM old,bank_heist,3,96081,10.0
CoRe-WM old,bank_heist,3,96910,0.0
CoRe-WM old,bank_heist,3,97421,10.0
CoRe-WM old,bank_heist,3,98031,40.0
CoRe-WM old,bank_heist,3,98782,10.0
CoRe-WM old,bank_heist,3,99188,10.0
CoRe-WM old,bank_heist,3,99845,20.0
CoRe-WM old,bank_heist,4,484,10.0
CoRe-WM old,bank_heist,4,1081,20.0
CoRe-WM old,bank_heist,4,1743,30.0
CoRe-WM old,bank_heist,4,2240,0.0
CoRe-WM old,bank_heist,4,2687,10.0
CoRe-WM old,bank_heist,4,3043,10.0
CoRe-WM old,bank_heist,4,3602,10.0
CoRe-WM old,bank_heist,4,4009,10.0
CoRe-WM old,bank_heist,4,4680,30.0
CoRe-WM old,bank_heist,4,5140,10.0
CoRe-WM old,bank_heist,4,5751,0.0
CoRe-WM old,bank_heist,4,6125,10.0
CoRe-WM old,bank_heist,4,6762,40.0
CoRe-WM old,bank_heist,4,7211,10.0
CoRe-WM old,bank_heist,4,7582,20.0
CoRe-WM old,bank_heist,4,8190,20.0
CoRe-WM old,bank_heist,4,8705,10.0
CoRe-WM old,bank_heist,4,9064,0.0
CoRe-WM old,bank_heist,4,9688,20.0
CoRe-WM old,bank_heist,4,10214,20.0
CoRe-WM old,bank_heist,4,10810,30.0
CoRe-WM old,bank_heist,4,11323,10.0
CoRe-WM old,bank_heist,4,12034,20.0
CoRe-WM old,bank_heist,4,12900,0.0
CoRe-WM old,bank_heist,4,13842,0.0
CoRe-WM old,bank_heist,4,14804,0.0
CoRe-WM old,bank_heist,4,15746,0.0
CoRe-WM old,bank_heist,4,16850,0.0
CoRe-WM old,bank_heist,4,17806,20.0
CoRe-WM old,bank_heist,4,18780,10.0
CoRe-WM old,bank_heist,4,19477,10.0
CoRe-WM old,bank_heist,4,20333,20.0
CoRe-WM old,bank_heist,4,20960,10.0
CoRe-WM old,bank_heist,4,21970,40.0
CoRe-WM old,bank_heist,4,23235,10.0
CoRe-WM old,bank_heist,4,23890,60.0
CoRe-WM old,bank_heist,4,24368,10.0
CoRe-WM old,bank_heist,4,25176,20.0
CoRe-WM old,bank_heist,4,25915,30.0
CoRe-WM old,bank_heist,4,26581,0.0
CoRe-WM old,bank_heist,4,27215,0.0
CoRe-WM old,bank_heist,4,27864,30.0
CoRe-WM old,bank_heist,4,28955,0.0
CoRe-WM old,bank_heist,4,29609,50.0
CoRe-WM old,bank_heist,4,30399,30.0
CoRe-WM old,bank_heist,4,30997,10.0
CoRe-WM old,bank_heist,4,31562,20.0
CoRe-WM old,bank_heist,4,32061,10.0
CoRe-WM old,bank_heist,4,32816,10.0
CoRe-WM old,bank_heist,4,33303,10.0
CoRe-WM old,bank_heist,4,33984,20.0
CoRe-WM old,bank_heist,4,34647,10.0
CoRe-WM old,bank_heist,4,35444,10.0
CoRe-WM old,bank_heist,4,36607,20.0
CoRe-WM old,bank_heist,4,37066,10.0
CoRe-WM old,bank_heist,4,37534,10.0
CoRe-WM old,bank_heist,4,38129,10.0
CoRe-WM old,bank_heist,4,38921,20.0
CoRe-WM old,bank_heist,4,39607,40.0
CoRe-WM old,bank_heist,4,40103,10.0
CoRe-WM old,bank_heist,4,40714,10.0
CoRe-WM old,bank_heist,4,41622,20.0
CoRe-WM old,bank_heist,4,42332,10.0
CoRe-WM old,bank_heist,4,43135,60.0
CoRe-WM old,bank_heist,4,44327,60.0
CoRe-WM old,bank_heist,4,45313,0.0
CoRe-WM old,bank_heist,4,45843,40.0
CoRe-WM old,bank_heist,4,46645,20.0
CoRe-WM old,bank_heist,4,47341,10.0
CoRe-WM old,bank_heist,4,47850,60.0
CoRe-WM old,bank_heist,4,48281,10.0
CoRe-WM old,bank_heist,4,48955,20.0
CoRe-WM old,bank_heist,4,49321,20.0
CoRe-WM old,bank_heist,4,50010,10.0
CoRe-WM old,bank_heist,4,50739,40.0
CoRe-WM old,bank_heist,4,51319,10.0
CoRe-WM old,bank_heist,4,51869,10.0
CoRe-WM old,bank_heist,4,52523,20.0
CoRe-WM old,bank_heist,4,53374,0.0
CoRe-WM old,bank_heist,4,54000,20.0
CoRe-WM old,bank_heist,4,54659,10.0
CoRe-WM old,bank_heist,4,55506,50.0
CoRe-WM old,bank_heist,4,56358,20.0
CoRe-WM old,bank_heist,4,57076,20.0
CoRe-WM old,bank_heist,4,57931,30.0
CoRe-WM old,bank_heist,4,58377,10.0
CoRe-WM old,bank_heist,4,59174,10.0
CoRe-WM old,bank_heist,4,59775,10.0
CoRe-WM old,bank_heist,4,60459,10.0
CoRe-WM old,bank_heist,4,60966,20.0
CoRe-WM old,bank_heist,4,61649,20.0
CoRe-WM old,bank_heist,4,62360,40.0
CoRe-WM old,bank_heist,4,62801,10.0
CoRe-WM old,bank_heist,4,63763,20.0
CoRe-WM old,bank_heist,4,64533,20.0
CoRe-WM old,bank_heist,4,65023,20.0
CoRe-WM old,bank_heist,4,65865,10.0
CoRe-WM old,bank_heist,4,66569,50.0
CoRe-WM old,bank_heist,4,67409,70.0
CoRe-WM old,bank_heist,4,67918,10.0
CoRe-WM old,bank_heist,4,68386,10.0
CoRe-WM old,bank_heist,4,68933,20.0
CoRe-WM old,bank_heist,4,69298,10.0
CoRe-WM old,bank_heist,4,69914,10.0
CoRe-WM old,bank_heist,4,70464,30.0
CoRe-WM old,bank_heist,4,71162,20.0
CoRe-WM old,bank_heist,4,71760,10.0
CoRe-WM old,bank_heist,4,72606,10.0
CoRe-WM old,bank_heist,4,73340,10.0
CoRe-WM old,bank_heist,4,73889,10.0
CoRe-WM old,bank_heist,4,74341,10.0
CoRe-WM old,bank_heist,4,75732,20.0
CoRe-WM old,bank_heist,4,76232,10.0
CoRe-WM old,bank_heist,4,76769,40.0
CoRe-WM old,bank_heist,4,77151,10.0
CoRe-WM old,bank_heist,4,77626,20.0
CoRe-WM old,bank_heist,4,78430,20.0
CoRe-WM old,bank_heist,4,78922,10.0
CoRe-WM old,bank_heist,4,79454,10.0
CoRe-WM old,bank_heist,4,80089,40.0
CoRe-WM old,bank_heist,4,80471,10.0
CoRe-WM old,bank_heist,4,81224,10.0
CoRe-WM old,bank_heist,4,81754,10.0
CoRe-WM old,bank_heist,4,82204,10.0
CoRe-WM old,bank_heist,4,82745,40.0
CoRe-WM old,bank_heist,4,83206,40.0
CoRe-WM old,bank_heist,4,83906,40.0
CoRe-WM old,bank_heist,4,84335,10.0
CoRe-WM old,bank_heist,4,84965,50.0
CoRe-WM old,bank_heist,4,85674,10.0
CoRe-WM old,bank_heist,4,86318,10.0
CoRe-WM old,bank_heist,4,87272,20.0
CoRe-WM old,bank_heist,4,87820,40.0
CoRe-WM old,bank_heist,4,88328,10.0
CoRe-WM old,bank_heist,4,89088,20.0
CoRe-WM old,bank_heist,4,90281,10.0
CoRe-WM old,bank_heist,4,90796,10.0
CoRe-WM old,bank_heist,4,91543,20.0
CoRe-WM old,bank_heist,4,91968,20.0
CoRe-WM old,bank_heist,4,92682,10.0
CoRe-WM old,bank_heist,4,93515,20.0
CoRe-WM old,bank_heist,4,93981,40.0
CoRe-WM old,bank_heist,4,94409,20.0
CoRe-WM old,bank_heist,4,95053,20.0
CoRe-WM old,bank_heist,4,95807,30.0
CoRe-WM old,bank_heist,4,96437,30.0
CoRe-WM old,bank_heist,4,97123,80.0
CoRe-WM old,bank_heist,4,97761,30.0
CoRe-WM old,bank_heist,4,98368,20.0
CoRe-WM old,bank_heist,4,99097,70.0
CoRe-WM old,bank_heist,4,99786,30.0
CoRe-WM old,battle_zone,0,919,2000.0
CoRe-WM old,battle_zone,0,2162,0.0
CoRe-WM old,battle_zone,0,3221,1000.0
CoRe-WM old,battle_zone,0,4369,3000.0
CoRe-WM old,battle_zone,0,5014,1000.0
CoRe-WM old,battle_zone,0,5879,2000.0
CoRe-WM old,battle_zone,0,7050,2000.0
CoRe-WM old,battle_zone,0,7823,1000.0
CoRe-WM old,battle_zone,0,9161,1000.0
CoRe-WM old,battle_zone,0,10239,0.0
CoRe-WM old,battle_zone,0,11548,4000.0
CoRe-WM old,battle_zone,0,12877,4000.0
CoRe-WM old,battle_zone,0,13905,4000.0
CoRe-WM old,battle_zone,0,14577,1000.0
CoRe-WM old,battle_zone,0,15663,7000.0
CoRe-WM old,battle_zone,0,17054,0.0
CoRe-WM old,battle_zone,0,18075,2000.0
CoRe-WM old,battle_zone,0,19646,2000.0
CoRe-WM old,battle_zone,0,21097,2000.0
CoRe-WM old,battle_zone,0,23842,2000.0
CoRe-WM old,battle_zone,0,25358,3000.0
CoRe-WM old,battle_zone,0,29190,4000.0
CoRe-WM old,battle_zone,0,29986,1000.0
CoRe-WM old,battle_zone,0,31150,2000.0
CoRe-WM old,battle_zone,0,32037,1000.0
CoRe-WM old,battle_zone,0,33244,2000.0
CoRe-WM old,battle_zone,0,34312,2000.0
CoRe-WM old,battle_zone,0,36669,10000.0
CoRe-WM old,battle_zone,0,37498,6000.0
CoRe-WM old,battle_zone,0,38156,1000.0
CoRe-WM old,battle_zone,0,39316,12000.0
CoRe-WM old,battle_zone,0,40717,3000.0
CoRe-WM old,battle_zone,0,41506,1000.0
CoRe-WM old,battle_zone,0,42317,1000.0
CoRe-WM old,battle_zone,0,43735,2000.0
CoRe-WM old,battle_zone,0,44888,3000.0
CoRe-WM old,battle_zone,0,46136,1000.0
CoRe-WM old,battle_zone,0,47382,1000.0
CoRe-WM old,battle_zone,0,48511,0.0
CoRe-WM old,battle_zone,0,49897,0.0
CoRe-WM old,battle_zone,0,50626,1000.0
CoRe-WM old,battle_zone,0,52072,7000.0
CoRe-WM old,battle_zone,0,53433,1000.0
CoRe-WM old,battle_zone,0,54869,4000.0
CoRe-WM old,battle_zone,0,55944,1000.0
CoRe-WM old,battle_zone,0,57100,0.0
CoRe-WM old,battle_zone,0,58255,1000.0
CoRe-WM old,battle_zone,0,60267,0.0
CoRe-WM old,battle_zone,0,61859,3000.0
CoRe-WM old,battle_zone,0,63229,2000.0
CoRe-WM old,battle_zone,0,66114,5000.0
CoRe-WM old,battle_zone,0,67072,1000.0
CoRe-WM old,battle_zone,0,68164,3000.0
CoRe-WM old,battle_zone,0,69059,2000.0
CoRe-WM old,battle_zone,0,70005,3000.0
CoRe-WM old,battle_zone,0,70983,2000.0
CoRe-WM old,battle_zone,0,71649,1000.0
CoRe-WM old,battle_zone,0,72644,3000.0
CoRe-WM old,battle_zone,0,73332,1000.0
CoRe-WM old,battle_zone,0,74113,3000.0
CoRe-WM old,battle_zone,0,75144,8000.0
CoRe-WM old,battle_zone,0,75757,1000.0
CoRe-WM old,battle_zone,0,76374,1000.0
CoRe-WM old,battle_zone,0,77259,1000.0
CoRe-WM old,battle_zone,0,78881,3000.0
CoRe-WM old,battle_zone,0,80147,6000.0
CoRe-WM old,battle_zone,0,80781,2000.0
CoRe-WM old,battle_zone,0,81797,2000.0
CoRe-WM old,battle_zone,0,83486,3000.0
CoRe-WM old,battle_zone,0,84877,2000.0
CoRe-WM old,battle_zone,0,85695,2000.0
CoRe-WM old,battle_zone,0,86608,4000.0
CoRe-WM old,battle_zone,0,89055,4000.0
CoRe-WM old,battle_zone,0,89730,2000.0
CoRe-WM old,battle_zone,0,90818,5000.0
CoRe-WM old,battle_zone,0,92529,10000.0
CoRe-WM old,battle_zone,0,93993,3000.0
CoRe-WM old,battle_zone,0,95621,7000.0
CoRe-WM old,battle_zone,0,96681,4000.0
CoRe-WM old,battle_zone,0,97746,3000.0
CoRe-WM old,battle_zone,0,98535,2000.0
CoRe-WM old,battle_zone,1,818,1000.0
CoRe-WM old,battle_zone,1,1723,2000.0
CoRe-WM old,battle_zone,1,2818,4000.0
CoRe-WM old,battle_zone,1,3880,6000.0
CoRe-WM old,battle_zone,1,4873,1000.0
CoRe-WM old,battle_zone,1,6024,0.0
CoRe-WM old,battle_zone,1,7037,3000.0
CoRe-WM old,battle_zone,1,8338,7000.0
CoRe-WM old,battle_zone,1,9123,1000.0
CoRe-WM old,battle_zone,1,9785,1000.0
CoRe-WM old,battle_zone,1,11049,2000.0
CoRe-WM old,battle_zone,1,12235,1000.0
CoRe-WM old,battle_zone,1,13895,2000.0
CoRe-WM old,battle_zone,1,14972,6000.0
CoRe-WM old,battle_zone,1,16061,0.0
CoRe-WM old,battle_zone,1,17876,3000.0
CoRe-WM old,battle_zone,1,18952,3000.0
CoRe-WM old,battle_zone,1,19815,2000.0
CoRe-WM old,battle_zone,1,21065,3000.0
CoRe-WM old,battle_zone,1,22730,3000.0
CoRe-WM old,battle_zone,1,23955,3000.0
CoRe-WM old,battle_zone,1,25465,2000.0
CoRe-WM old,battle_zone,1,26530,8000.0
CoRe-WM old,battle_zone,1,28507,4000.0
CoRe-WM old,battle_zone,1,31225,8000.0
CoRe-WM old,battle_zone,1,32128,2000.0
CoRe-WM old,battle_zone,1,36098,0.0
CoRe-WM old,battle_zone,1,37255,3000.0
CoRe-WM old,battle_zone,1,37991,1000.0
CoRe-WM old,battle_zone,1,39150,7000.0
CoRe-WM old,battle_zone,1,41206,3000.0
CoRe-WM old,battle_zone,1,41995,2000.0
CoRe-WM old,battle_zone,1,44665,12000.0
CoRe-WM old,battle_zone,1,45616,2000.0
CoRe-WM old,battle_zone,1,47182,2000.0
CoRe-WM old,battle_zone,1,48109,8000.0
CoRe-WM old,battle_zone,1,49488,3000.0
CoRe-WM old,battle_zone,1,50637,0.0
CoRe-WM old,battle_zone,1,51844,2000.0
CoRe-WM old,battle_zone,1,52751,3000.0
CoRe-WM old,battle_zone,1,53675,1000.0
CoRe-WM old,battle_zone,1,55094,0.0
CoRe-WM old,battle_zone,1,56697,5000.0
CoRe-WM old,battle_zone,1,60183,10000.0
CoRe-WM old,battle_zone,1,66038,8000.0
CoRe-WM old,battle_zone,1,66844,1000.0
CoRe-WM old,battle_zone,1,69597,4000.0
CoRe-WM old,battle_zone,1,70807,4000.0
CoRe-WM old,battle_zone,1,72152,6000.0
CoRe-WM old,battle_zone,1,74795,2000.0
CoRe-WM old,battle_zone,1,75879,2000.0
CoRe-WM old,battle_zone,1,77430,7000.0
CoRe-WM old,battle_zone,1,78225,2000.0
CoRe-WM old,battle_zone,1,80012,2000.0
CoRe-WM old,battle_zone,1,83368,3000.0
CoRe-WM old,battle_zone,1,84381,4000.0
CoRe-WM old,battle_zone,1,86680,7000.0
CoRe-WM old,battle_zone,1,88816,9000.0
CoRe-WM old,battle_zone,1,90741,20000.0
CoRe-WM old,battle_zone,1,92072,14000.0
CoRe-WM old,battle_zone,1,93969,16000.0
CoRe-WM old,battle_zone,1,94947,13000.0
CoRe-WM old,battle_zone,1,97163,30000.0
CoRe-WM old,battle_zone,1,98822,20000.0
CoRe-WM old,battle_zone,1,99645,11000.0
CoRe-WM old,battle_zone,2,1093,0.0
CoRe-WM old,battle_zone,2,1978,8000.0
CoRe-WM old,battle_zone,2,3011,4000.0
CoRe-WM old,battle_zone,2,4456,4000.0
CoRe-WM old,battle_zone,2,5224,1000.0
CoRe-WM old,battle_zone,2,6469,1000.0
CoRe-WM old,battle_zone,2,7546,2000.0
CoRe-WM old,battle_zone,2,8690,1000.0
CoRe-WM old,battle_zone,2,10087,3000.0
CoRe-WM old,battle_zone,2,11024,1000.0
CoRe-WM old,battle_zone,2,12055,2000.0
CoRe-WM old,battle_zone,2,13088,5000.0
CoRe-WM old,battle_zone,2,14106,1000.0
CoRe-WM old,battle_zone,2,15185,11000.0
CoRe-WM old,battle_zone,2,16735,5000.0
CoRe-WM old,battle_zone,2,17670,2000.0
CoRe-WM old,battle_zone,2,18837,0.0
CoRe-WM old,battle_zone,2,20296,2000.0
CoRe-WM old,battle_zone,2,22157,4000.0
CoRe-WM old,battle_zone,2,23019,1000.0
CoRe-WM old,battle_zone,2,23906,3000.0
CoRe-WM old,battle_zone,2,25169,1000.0
CoRe-WM old,battle_zone,2,26442,1000.0
CoRe-WM old,battle_zone,2,27365,2000.0
CoRe-WM old,battle_zone,2,28572,1000.0
CoRe-WM old,battle_zone,2,30388,2000.0
CoRe-WM old,battle_zone,2,31385,2000.0
CoRe-WM old,battle_zone,2,32942,6000.0
CoRe-WM old,battle_zone,2,33845,1000.0
CoRe-WM old,battle_zone,2,34772,1000.0
CoRe-WM old,battle_zone,2,36041,0.0
CoRe-WM old,battle_zone,2,37324,1000.0
CoRe-WM old,battle_zone,2,39190,1000.0
CoRe-WM old,battle_zone,2,40339,0.0
CoRe-WM old,battle_zone,2,41692,1000.0
CoRe-WM old,battle_zone,2,42748,1000.0
CoRe-WM old,battle_zone,2,45022,6000.0
CoRe-WM old,battle_zone,2,46193,1000.0
CoRe-WM old,battle_zone,2,47347,0.0
CoRe-WM old,battle_zone,2,48965,2000.0
CoRe-WM old,battle_zone,2,50895,2000.0
CoRe-WM old,battle_zone,2,52107,1000.0
CoRe-WM old,battle_zone,2,53573,6000.0
CoRe-WM old,battle_zone,2,55057,0.0
CoRe-WM old,battle_zone,2,56281,1000.0
CoRe-WM old,battle_zone,2,57682,0.0
CoRe-WM old,battle_zone,2,58683,1000.0
CoRe-WM old,battle_zone,2,59583,2000.0
CoRe-WM old,battle_zone,2,60835,2000.0
CoRe-WM old,battle_zone,2,61914,2000.0
CoRe-WM old,battle_zone,2,63182,4000.0
CoRe-WM old,battle_zone,2,64562,2000.0
CoRe-WM old,battle_zone,2,65735,0.0
CoRe-WM old,battle_zone,2,68135,6000.0
CoRe-WM old,battle_zone,2,69769,2000.0
CoRe-WM old,battle_zone,2,71189,14000.0
CoRe-WM old,battle_zone,2,72579,3000.0
CoRe-WM old,battle_zone,2,74373,10000.0
CoRe-WM old,battle_zone,2,75742,7000.0
CoRe-WM old,battle_zone,2,76847,12000.0
CoRe-WM old,battle_zone,2,78644,8000.0
CoRe-WM old,battle_zone,2,79275,2000.0
CoRe-WM old,battle_zone,2,80410,5000.0
CoRe-WM old,battle_zone,2,81404,1000.0
CoRe-WM old,battle_zone,2,83581,12000.0
CoRe-WM old,battle_zone,2,84893,6000.0
CoRe-WM old,battle_zone,2,86232,0.0
CoRe-WM old,battle_zone,2,87637,2000.0
CoRe-WM old,battle_zone,2,88557,1000.0
CoRe-WM old,battle_zone,2,90045,11000.0
CoRe-WM old,battle_zone,2,91968,7000.0
CoRe-WM old,battle_zone,2,93146,3000.0
CoRe-WM old,battle_zone,2,94221,3000.0
CoRe-WM old,battle_zone,2,95491,2000.0
CoRe-WM old,battle_zone,2,97231,10000.0
CoRe-WM old,battle_zone,2,98027,11000.0
CoRe-WM old,battle_zone,2,99344,12000.0
CoRe-WM old,battle_zone,3,1412,2000.0
CoRe-WM old,battle_zone,3,2483,0.0
CoRe-WM old,battle_zone,3,3747,5000.0
CoRe-WM old,battle_zone,3,4986,2000.0
CoRe-WM old,battle_zone,3,5896,2000.0
CoRe-WM old,battle_zone,3,7079,1000.0
CoRe-WM old,battle_zone,3,7737,2000.0
CoRe-WM old,battle_zone,3,9092,4000.0
CoRe-WM old,battle_zone,3,9831,7000.0
CoRe-WM old,battle_zone,3,10667,2000.0
CoRe-WM old,battle_zone,3,11759,7000.0
CoRe-WM old,battle_zone,3,12667,0.0
CoRe-WM old,battle_zone,3,13873,0.0
CoRe-WM old,battle_zone,3,14931,3000.0
CoRe-WM old,battle_zone,3,16147,0.0
CoRe-WM old,battle_zone,3,16793,2000.0
CoRe-WM old,battle_zone,3,17932,1000.0
CoRe-WM old,battle_zone,3,19117,1000.0
CoRe-WM old,battle_zone,3,19939,2000.0
CoRe-WM old,battle_zone,3,21110,2000.0
CoRe-WM old,battle_zone,3,21834,1000.0
CoRe-WM old,battle_zone,3,22884,4000.0
CoRe-WM old,battle_zone,3,23845,2000.0
CoRe-WM old,battle_zone,3,24572,1000.0
CoRe-WM old,battle_zone,3,25351,1000.0
CoRe-WM old,battle_zone,3,27380,4000.0
CoRe-WM old,battle_zone,3,28609,3000.0
CoRe-WM old,battle_zone,3,30120,3000.0
CoRe-WM old,battle_zone,3,31304,3000.0
CoRe-WM old,battle_zone,3,32452,3000.0
CoRe-WM old,battle_zone,3,33900,3000.0
CoRe-WM old,battle_zone,3,35010,5000.0
CoRe-WM old,battle_zone,3,36236,0.0
CoRe-WM old,battle_zone,3,38079,10000.0
CoRe-WM old,battle_zone,3,38942,1000.0
CoRe-WM old,battle_zone,3,40877,6000.0
CoRe-WM old,battle_zone,3,42025,9000.0
CoRe-WM old,battle_zone,3,42697,3000.0
CoRe-WM old,battle_zone,3,43555,1000.0
CoRe-WM old,battle_zone,3,44917,4000.0
CoRe-WM old,battle_zone,3,46070,1000.0
CoRe-WM old,battle_zone,3,46762,2000.0
CoRe-WM old,battle_zone,3,47307,1000.0
CoRe-WM old,battle_zone,3,48362,2000.0
CoRe-WM old,battle_zone,3,50218,2000.0
CoRe-WM old,battle_zone,3,51403,1000.0
CoRe-WM old,battle_zone,3,53135,6000.0
CoRe-WM old,battle_zone,3,54040,1000.0
CoRe-WM old,battle_zone,3,55147,2000.0
CoRe-WM old,battle_zone,3,55814,1000.0
CoRe-WM old,battle_zone,3,57107,10000.0
CoRe-WM old,battle_zone,3,58906,8000.0
CoRe-WM old,battle_zone,3,60055,1000.0
CoRe-WM old,battle_zone,3,61297,2000.0
CoRe-WM old,battle_zone,3,62151,1000.0
CoRe-WM old,battle_zone,3,63500,7000.0
CoRe-WM old,battle_zone,3,64104,2000.0
CoRe-WM old,battle_zone,3,65519,4000.0
CoRe-WM old,battle_zone,3,66358,1000.0
CoRe-WM old,battle_zone,3,67457,11000.0
CoRe-WM old,battle_zone,3,68494,5000.0
CoRe-WM old,battle_zone,3,69335,4000.0
CoRe-WM old,battle_zone,3,71452,7000.0
CoRe-WM old,battle_zone,3,73319,9000.0
CoRe-WM old,battle_zone,3,74553,16000.0
CoRe-WM old,battle_zone,3,76041,12000.0
CoRe-WM old,battle_zone,3,77143,13000.0
CoRe-WM old,battle_zone,3,78141,8000.0
CoRe-WM old,battle_zone,3,79883,8000.0
CoRe-WM old,battle_zone,3,80703,1000.0
CoRe-WM old,battle_zone,3,81853,7000.0
CoRe-WM old,battle_zone,3,83144,7000.0
CoRe-WM old,battle_zone,3,83987,7000.0
CoRe-WM old,battle_zone,3,85695,4000.0
CoRe-WM old,battle_zone,3,86984,6000.0
CoRe-WM old,battle_zone,3,88928,9000.0
CoRe-WM old,battle_zone,3,90418,16000.0
CoRe-WM old,battle_zone,3,91926,13000.0
CoRe-WM old,battle_zone,3,93106,10000.0
CoRe-WM old,battle_zone,3,94392,9000.0
CoRe-WM old,battle_zone,3,95386,8000.0
CoRe-WM old,battle_zone,3,96996,17000.0
CoRe-WM old,battle_zone,3,98291,10000.0
CoRe-WM old,battle_zone,3,99836,19000.0
CoRe-WM old,battle_zone,4,926,2000.0
CoRe-WM old,battle_zone,4,1814,1000.0
CoRe-WM old,battle_zone,4,3018,10000.0
CoRe-WM old,battle_zone,4,4119,0.0
CoRe-WM old,battle_zone,4,5287,1000.0
CoRe-WM old,battle_zone,4,6386,8000.0
CoRe-WM old,battle_zone,4,8462,2000.0
CoRe-WM old,battle_zone,4,9492,13000.0
CoRe-WM old,battle_zone,4,10305,1000.0
CoRe-WM old,battle_zone,4,11461,1000.0
CoRe-WM old,battle_zone,4,12246,2000.0
CoRe-WM old,battle_zone,4,13173,1000.0
CoRe-WM old,battle_zone,4,15231,7000.0
CoRe-WM old,battle_zone,4,16808,2000.0
CoRe-WM old,battle_zone,4,17957,0.0
CoRe-WM old,battle_zone,4,18781,2000.0
CoRe-WM old,battle_zone,4,19651,1000.0
CoRe-WM old,battle_zone,4,21370,3000.0
CoRe-WM old,battle_zone,4,23805,10000.0
CoRe-WM old,battle_zone,4,25145,0.0
CoRe-WM old,battle_zone,4,27393,2000.0
CoRe-WM old,battle_zone,4,28287,2000.0
CoRe-WM old,battle_zone,4,29528,2000.0
CoRe-WM old,battle_zone,4,35130,3000.0
CoRe-WM old,battle_zone,4,37679,3000.0
CoRe-WM old,battle_zone,4,38856,1000.0
CoRe-WM old,battle_zone,4,42638,3000.0
CoRe-WM old,battle_zone,4,45262,2000.0
CoRe-WM old,battle_zone,4,46992,0.0
CoRe-WM old,battle_zone,4,47873,2000.0
CoRe-WM old,battle_zone,4,48744,2000.0
CoRe-WM old,battle_zone,4,49525,2000.0
CoRe-WM old,battle_zone,4,50981,2000.0
CoRe-WM old,battle_zone,4,51841,3000.0
CoRe-WM old,battle_zone,4,54476,9000.0
CoRe-WM old,battle_zone,4,56559,2000.0
CoRe-WM old,battle_zone,4,57728,0.0
CoRe-WM old,battle_zone,4,59225,5000.0
CoRe-WM old,battle_zone,4,61815,9000.0
CoRe-WM old,battle_zone,4,62921,0.0
CoRe-WM old,battle_zone,4,64482,1000.0
CoRe-WM old,battle_zone,4,65535,1000.0
CoRe-WM old,battle_zone,4,66293,2000.0
CoRe-WM old,battle_zone,4,66971,1000.0
CoRe-WM old,battle_zone,4,67833,2000.0
CoRe-WM old,battle_zone,4,69947,2000.0
CoRe-WM old,battle_zone,4,70731,2000.0
CoRe-WM old,battle_zone,4,72175,2000.0
CoRe-WM old,battle_zone,4,73860,3000.0
CoRe-WM old,battle_zone,4,75681,3000.0
CoRe-WM old,battle_zone,4,76836,0.0
CoRe-WM old,battle_zone,4,78965,3000.0
CoRe-WM old,battle_zone,4,79986,3000.0
CoRe-WM old,battle_zone,4,80600,1000.0
CoRe-WM old,battle_zone,4,81598,3000.0
CoRe-WM old,battle_zone,4,82502,1000.0
CoRe-WM old,battle_zone,4,83190,4000.0
CoRe-WM old,battle_zone,4,85459,4000.0
CoRe-WM old,battle_zone,4,87895,3000.0
CoRe-WM old,battle_zone,4,90016,13000.0
CoRe-WM old,battle_zone,4,91436,12000.0
CoRe-WM old,battle_zone,4,93687,4000.0
CoRe-WM old,battle_zone,4,96057,6000.0
CoRe-WM old,battle_zone,4,97410,9000.0
CoRe-WM old,battle_zone,4,98949,2000.0
CoRe-WM old,battle_zone,4,99679,2000.0
CoRe-WM old,boxing,0,1778,-10.0
CoRe-WM old,boxing,0,3559,-3.0
CoRe-WM old,boxing,0,5341,4.0
CoRe-WM old,boxing,0,7125,-1.0
CoRe-WM old,boxing,0,8908,-13.0
CoRe-WM old,boxing,0,10687,-2.0
CoRe-WM old,boxing,0,12472,0.0
CoRe-WM old,boxing,0,14257,11.0
CoRe-WM old,boxing,0,16041,5.0
CoRe-WM old,boxing,0,17826,9.0
CoRe-WM old,boxing,0,19606,10.0
CoRe-WM old,boxing,0,21387,35.0
CoRe-WM old,boxing,0,23170,21.0
CoRe-WM old,boxing,0,24954,37.0
CoRe-WM old,boxing,0,26733,9.0
CoRe-WM old,boxing,0,28518,23.0
CoRe-WM old,boxing,0,30298,46.0
CoRe-WM old,boxing,0,32077,45.0
CoRe-WM old,boxing,0,33862,59.0
CoRe-WM old,boxing,0,35643,55.0
CoRe-WM old,boxing,0,37422,66.0
CoRe-WM old,boxing,0,39202,63.0
CoRe-WM old,boxing,0,40982,66.0
CoRe-WM old,boxing,0,42704,71.0
CoRe-WM old,boxing,0,44485,53.0
CoRe-WM old,boxing,0,46266,35.0
CoRe-WM old,boxing,0,48049,54.0
CoRe-WM old,boxing,0,49690,83.0
CoRe-WM old,boxing,0,51468,53.0
CoRe-WM old,boxing,0,53248,28.0
CoRe-WM old,boxing,0,55031,65.0
CoRe-WM old,boxing,0,56816,78.0
CoRe-WM old,boxing,0,58597,46.0
CoRe-WM old,boxing,0,60379,26.0
CoRe-WM old,boxing,0,62160,80.0
CoRe-WM old,boxing,0,63934,85.0
CoRe-WM old,boxing,0,65536,80.0
CoRe-WM old,boxing,0,67320,65.0
CoRe-WM old,boxing,0,68858,86.0
CoRe-WM old,boxing,0,70638,54.0
CoRe-WM old,boxing,0,72421,66.0
CoRe-WM old,boxing,0,74205,54.0
CoRe-WM old,boxing,0,75985,75.0
CoRe-WM old,boxing,0,77765,37.0
CoRe-WM old,boxing,0,79540,73.0
CoRe-WM old,boxing,0,81156,77.0
CoRe-WM old,boxing,0,82623,81.0
CoRe-WM old,boxing,0,84403,55.0
CoRe-WM old,boxing,0,86183,23.0
CoRe-WM old,boxing,0,87967,61.0
CoRe-WM old,boxing,0,89750,64.0
CoRe-WM old,boxing,0,91532,52.0
CoRe-WM old,boxing,0,93212,83.0
CoRe-WM old,boxing,0,94861,78.0
CoRe-WM old,boxing,0,96510,79.0
CoRe-WM old,boxing,0,98291,64.0
CoRe-WM old,boxing,0,99729,84.0
CoRe-WM old,boxing,1,1782,5.0
CoRe-WM old,boxing,1,3561,2.0
CoRe-WM old,boxing,1,5345,5.0
CoRe-WM old,boxing,1,7129,0.0
CoRe-WM old,boxing,1,8907,-1.0
CoRe-WM old,boxing,1,10687,9.0
CoRe-WM old,boxing,1,12468,1.0
CoRe-WM old,boxing,1,14250,1.0
CoRe-WM old,boxing,1,16033,-6.0
CoRe-WM old,boxing,1,17815,2.0
CoRe-WM old,boxing,1,19595,5.0
CoRe-WM old,boxing,1,21373,-3.0
CoRe-WM old,boxing,1,23155,21.0
CoRe-WM old,boxing,1,24934,18.0
CoRe-WM old,boxing,1,26713,1.0
CoRe-WM old,boxing,1,28493,28.0
CoRe-WM old,boxing,1,29824,56.0
CoRe-WM old,boxing,1,31589,5.0
CoRe-WM old,boxing,1,33372,26.0
CoRe-WM old,boxing,1,35157,24.0
CoRe-WM old,boxing,1,36941,10.0
CoRe-WM old,boxing,1,38720,45.0
CoRe-WM old,boxing,1,40329,55.0
CoRe-WM old,boxing,1,41637,52.0
CoRe-WM old,boxing,1,43081,69.0
CoRe-WM old,boxing,1,44864,19.0
CoRe-WM old,boxing,1,45930,39.0
CoRe-WM old,boxing,1,46776,62.0
CoRe-WM old,boxing,1,48085,58.0
CoRe-WM old,boxing,1,49149,30.0
CoRe-WM old,boxing,1,50116,61.0
CoRe-WM old,boxing,1,51625,35.0
CoRe-WM old,boxing,1,52864,57.0
CoRe-WM old,boxing,1,53618,50.0
CoRe-WM old,boxing,1,54640,42.0
CoRe-WM old,boxing,1,55867,50.0
CoRe-WM old,boxing,1,56790,63.0
CoRe-WM old,boxing,1,57843,38.0
CoRe-WM old,boxing,1,58753,51.0
CoRe-WM old,boxing,1,59537,57.0
CoRe-WM old,boxing,1,60474,43.0
CoRe-WM old,boxing,1,61099,80.0
CoRe-WM old,boxing,1,61897,63.0
CoRe-WM old,boxing,1,62551,70.0
CoRe-WM old,boxing,1,63388,62.0
CoRe-WM old,boxing,1,64321,43.0
CoRe-WM old,boxing,1,65072,45.0
CoRe-WM old,boxing,1,65859,54.0
CoRe-WM old,boxing,1,66465,73.0
CoRe-WM old,boxing,1,66877,85.0
CoRe-WM old,boxing,1,67657,55.0
CoRe-WM old,boxing,1,68198,72.0
CoRe-WM old,boxing,1,69061,46.0
CoRe-WM old,boxing,1,69899,36.0
CoRe-WM old,boxing,1,70649,64.0
CoRe-WM old,boxing,1,71217,71.0
CoRe-WM old,boxing,1,71740,75.0
CoRe-WM old,boxing,1,72803,45.0
CoRe-WM old,boxing,1,73508,58.0
CoRe-WM old,boxing,1,74089,67.0
CoRe-WM old,boxing,1,74784,64.0
CoRe-WM old,boxing,1,75412,77.0
CoRe-WM old,boxing,1,76133,63.0
CoRe-WM old,boxing,1,76761,74.0
CoRe-WM old,boxing,1,77357,64.0
CoRe-WM old,boxing,1,78186,54.0
CoRe-WM old,boxing,1,78921,53.0
CoRe-WM old,boxing,1,79612,61.0
CoRe-WM old,boxing,1,80334,67.0
CoRe-WM old,boxing,1,80924,76.0
CoRe-WM old,boxing,1,81595,68.0
CoRe-WM old,boxing,1,82412,37.0
CoRe-WM old,boxing,1,83062,63.0
CoRe-WM old,boxing,1,83570,83.0
CoRe-WM old,boxing,1,85036,78.0
CoRe-WM old,boxing,1,85612,75.0
CoRe-WM old,boxing,1,86457,62.0
CoRe-WM old,boxing,1,86880,87.0
CoRe-WM old,boxing,1,87547,61.0
CoRe-WM old,boxing,1,87977,88.0
CoRe-WM old,boxing,1,88745,64.0
CoRe-WM old,boxing,1,89154,89.0
CoRe-WM old,boxing,1,89979,42.0
CoRe-WM old,boxing,1,90383,90.0
CoRe-WM old,boxing,1,90948,72.0
CoRe-WM old,boxing,1,91475,70.0
CoRe-WM old,boxing,1,92065,70.0
CoRe-WM old,boxing,1,92716,71.0
CoRe-WM old,boxing,1,93443,65.0
CoRe-WM old,boxing,1,93930,68.0
CoRe-WM old,boxing,1,94649,65.0
CoRe-WM old,boxing,1,95147,80.0
CoRe-WM old,boxing,1,95751,60.0
CoRe-WM old,boxing,1,96489,81.0
CoRe-WM old,boxing,1,96965,85.0
CoRe-WM old,boxing,1,97696,69.0
CoRe-WM old,boxing,1,98189,81.0
CoRe-WM old,boxing,1,98789,65.0
CoRe-WM old,boxing,1,99586,54.0
CoRe-WM old,boxing,2,1782,-6.0
CoRe-WM old,boxing,2,3567,-2.0
CoRe-WM old,boxing,2,5347,5.0
CoRe-WM old,boxing,2,7125,-2.0
CoRe-WM old,boxing,2,8910,-3.0
CoRe-WM old,boxing,2,10696,7.0
CoRe-WM old,boxing,2,12477,8.0
CoRe-WM old,boxing,2,14258,-27.0
CoRe-WM old,boxing,2,16043,-23.0
CoRe-WM old,boxing,2,17827,-20.0
CoRe-WM old,boxing,2,19612,4.0
CoRe-WM old,boxing,2,21393,2.0
CoRe-WM old,boxing,2,23175,3.0
CoRe-WM old,boxing,2,24961,-6.0
CoRe-WM old,boxing,2,26743,0.0
CoRe-WM old,boxing,2,28525,-4.0
CoRe-WM old,boxing,2,30311,34.0
CoRe-WM old,boxing,2,32096,29.0
CoRe-WM old,boxing,2,33876,13.0
CoRe-WM old,boxing,2,35660,17.0
CoRe-WM old,boxing,2,37443,14.0
CoRe-WM old,boxing,2,39221,31.0
CoRe-WM old,boxing,2,41000,38.0
CoRe-WM old,boxing,2,42783,5.0
CoRe-WM old,boxing,2,44564,26.0
CoRe-WM old,boxing,2,46349,41.0
CoRe-WM old,boxing,2,47960,59.0
CoRe-WM old,boxing,2,49745,22.0
CoRe-WM old,boxing,2,51512,62.0
CoRe-WM old,boxing,2,52776,36.0
CoRe-WM old,boxing,2,54178,41.0
CoRe-WM old,boxing,2,55506,59.0
CoRe-WM old,boxing,2,56787,58.0
CoRe-WM old,boxing,2,58400,56.0
CoRe-WM old,boxing,2,59801,51.0
CoRe-WM old,boxing,2,60932,65.0
CoRe-WM old,boxing,2,62712,27.0
CoRe-WM old,boxing,2,63408,74.0
CoRe-WM old,boxing,2,64506,59.0
CoRe-WM old,boxing,2,65730,45.0
CoRe-WM old,boxing,2,66689,65.0
CoRe-WM old,boxing,2,67465,72.0
CoRe-WM old,boxing,2,68466,67.0
CoRe-WM old,boxing,2,69575,50.0
CoRe-WM old,boxing,2,70560,75.0
CoRe-WM old,boxing,2,71405,69.0
CoRe-WM old,boxing,2,72667,66.0
CoRe-WM old,boxing,2,73485,74.0
CoRe-WM old,boxing,2,74529,58.0
CoRe-WM old,boxing,2,75681,59.0
CoRe-WM old,boxing,2,76716,65.0
CoRe-WM old,boxing,2,77770,69.0
CoRe-WM old,boxing,2,78458,73.0
CoRe-WM old,boxing,2,79346,72.0
CoRe-WM old,boxing,2,80308,59.0
CoRe-WM old,boxing,2,80892,78.0
CoRe-WM old,boxing,2,81621,75.0
CoRe-WM old,boxing,2,82400,50.0
CoRe-WM old,boxing,2,83372,52.0
CoRe-WM old,boxing,2,84098,73.0
CoRe-WM old,boxing,2,84838,74.0
CoRe-WM old,boxing,2,85336,83.0
CoRe-WM old,boxing,2,86128,67.0
CoRe-WM old,boxing,2,86824,79.0
CoRe-WM old,boxing,2,87249,82.0
CoRe-WM old,boxing,2,87957,74.0
CoRe-WM old,boxing,2,88544,82.0
CoRe-WM old,boxing,2,89057,82.0
CoRe-WM old,boxing,2,89654,76.0
CoRe-WM old,boxing,2,90204,82.0
CoRe-WM old,boxing,2,90474,97.0
CoRe-WM old,boxing,2,91051,69.0
CoRe-WM old,boxing,2,91457,85.0
CoRe-WM old,boxing,2,91994,76.0
CoRe-WM old,boxing,2,92428,89.0
CoRe-WM old,boxing,2,92893,84.0
CoRe-WM old,boxing,2,93429,74.0
CoRe-WM old,boxing,2,94099,74.0
CoRe-WM old,boxing,2,94616,81.0
CoRe-WM old,boxing,2,95228,66.0
CoRe-WM old,boxing,2,95819,68.0
CoRe-WM old,boxing,2,96607,59.0
CoRe-WM old,boxing,2,97127,76.0
CoRe-WM old,boxing,2,97777,83.0
CoRe-WM old,boxing,2,98737,53.0
CoRe-WM old,boxing,2,99255,86.0
CoRe-WM old,boxing,2,99613,88.0
CoRe-WM old,boxing,3,1783,-3.0
CoRe-WM old,boxing,3,3562,0.0
CoRe-WM old,boxing,3,5347,2.0
CoRe-WM old,boxing,3,7132,-2.0
CoRe-WM old,boxing,3,8911,1.0
CoRe-WM old,boxing,3,10692,2.0
CoRe-WM old,boxing,3,12476,-19.0
CoRe-WM old,boxing,3,14261,-8.0
CoRe-WM old,boxing,3,16043,-4.0
CoRe-WM old,boxing,3,17822,-13.0
CoRe-WM old,boxing,3,19601,-8.0
CoRe-WM old,boxing,3,21380,-19.0
CoRe-WM old,boxing,3,23160,4.0
CoRe-WM old,boxing,3,24943,21.0
CoRe-WM old,boxing,3,26723,1.0
CoRe-WM old,boxing,3,28507,1.0
CoRe-WM old,boxing,3,30286,8.0
CoRe-WM old,boxing,3,31883,23.0
CoRe-WM old,boxing,3,33617,18.0
CoRe-WM old,boxing,3,35397,15.0
CoRe-WM old,boxing,3,37178,6.0
CoRe-WM old,boxing,3,38957,3.0
CoRe-WM old,boxing,3,40359,21.0
CoRe-WM old,boxing,3,41446,51.0
CoRe-WM old,boxing,3,42673,35.0
CoRe-WM old,boxing,3,44439,42.0
CoRe-WM old,boxing,3,46220,20.0
CoRe-WM old,boxing,3,47415,44.0
CoRe-WM old,boxing,3,48813,53.0
CoRe-WM old,boxing,3,49908,64.0
CoRe-WM old,boxing,3,51288,61.0
CoRe-WM old,boxing,3,52479,39.0
CoRe-WM old,boxing,3,53757,33.0
CoRe-WM old,boxing,3,55051,52.0
CoRe-WM old,boxing,3,56027,63.0
CoRe-WM old,boxing,3,57475,24.0
CoRe-WM old,boxing,3,58374,49.0
CoRe-WM old,boxing,3,59008,81.0
CoRe-WM old,boxing,3,59721,79.0
CoRe-WM old,boxing,3,60501,72.0
CoRe-WM old,boxing,3,61623,43.0
CoRe-WM old,boxing,3,62502,53.0
CoRe-WM old,boxing,3,63224,59.0
CoRe-WM old,boxing,3,63734,87.0
CoRe-WM old,boxing,3,64225,84.0
CoRe-WM old,boxing,3,64733,83.0
CoRe-WM old,boxing,3,65534,57.0
CoRe-WM old,boxing,3,66072,72.0
CoRe-WM old,boxing,3,66909,65.0
CoRe-WM old,boxing,3,67373,84.0
CoRe-WM old,boxing,3,67692,95.0
CoRe-WM old,boxing,3,68323,73.0
CoRe-WM old,boxing,3,68806,83.0
CoRe-WM old,boxing,3,69499,71.0
CoRe-WM old,boxing,3,70231,65.0
CoRe-WM old,boxing,3,70781,64.0
CoRe-WM old,boxing,3,71247,90.0
CoRe-WM old,boxing,3,72043,70.0
CoRe-WM old,boxing,3,72783,66.0
CoRe-WM old,boxing,3,73574,59.0
CoRe-WM old,boxing,3,74019,87.0
CoRe-WM old,boxing,3,74895,61.0
CoRe-WM old,boxing,3,75360,87.0
CoRe-WM old,boxing,3,75867,75.0
CoRe-WM old,boxing,3,76522,72.0
CoRe-WM old,boxing,3,77057,82.0
CoRe-WM old,boxing,3,78058,50.0
CoRe-WM old,boxing,3,78614,72.0
CoRe-WM old,boxing,3,79216,85.0
CoRe-WM old,boxing,3,79596,91.0
CoRe-WM old,boxing,3,79964,92.0
CoRe-WM old,boxing,3,80350,89.0
CoRe-WM old,boxing,3,80859,79.0
CoRe-WM old,boxing,3,81574,56.0
CoRe-WM old,boxing,3,82095,76.0
CoRe-WM old,boxing,3,82665,72.0
CoRe-WM old,boxing,3,83160,83.0
CoRe-WM old,boxing,3,83865,54.0
CoRe-WM old,boxing,3,84350,87.0
CoRe-WM old,boxing,3,84883,77.0
CoRe-WM old,boxing,3,85828,71.0
CoRe-WM old,boxing,3,86133,96.0
CoRe-WM old,boxing,3,86479,89.0
CoRe-WM old,boxing,3,86929,87.0
CoRe-WM old,boxing,3,87355,88.0
CoRe-WM old,boxing,3,88186,83.0
CoRe-WM old,boxing,3,88740,80.0
CoRe-WM old,boxing,3,89380,71.0
CoRe-WM old,boxing,3,89717,93.0
CoRe-WM old,boxing,3,90090,86.0
CoRe-WM old,boxing,3,90486,85.0
CoRe-WM old,boxing,3,90986,73.0
CoRe-WM old,boxing,3,91329,89.0
CoRe-WM old,boxing,3,91574,100.0
CoRe-WM old,boxing,3,91931,93.0
CoRe-WM old,boxing,3,92637,65.0
CoRe-WM old,boxing,3,93227,78.0
CoRe-WM old,boxing,3,93739,71.0
CoRe-WM old,boxing,3,94821,-3.0
CoRe-WM old,boxing,3,95093,95.0
CoRe-WM old,boxing,3,96628,-32.0
CoRe-WM old,boxing,3,97106,83.0
CoRe-WM old,boxing,3,97431,96.0
CoRe-WM old,boxing,3,97750,92.0
CoRe-WM old,boxing,3,98004,100.0
CoRe-WM old,boxing,3,98241,100.0
CoRe-WM old,boxing,3,98887,74.0
CoRe-WM old,boxing,3,99280,89.0
CoRe-WM old,boxing,3,99767,74.0
CoRe-WM old,boxing,4,1784,14.0
CoRe-WM old,boxing,4,3567,0.0
CoRe-WM old,boxing,4,5345,-3.0
CoRe-WM old,boxing,4,7126,1.0
CoRe-WM old,boxing,4,8905,-5.0
CoRe-WM old,boxing,4,10690,-3.0
CoRe-WM old,boxing,4,12472,-59.0
CoRe-WM old,boxing,4,14256,-1.0
CoRe-WM old,boxing,4,16039,-17.0
CoRe-WM old,boxing,4,17819,-1.0
CoRe-WM old,boxing,4,19601,-8.0
CoRe-WM old,boxing,4,21386,38.0
CoRe-WM old,boxing,4,23170,-29.0
CoRe-WM old,boxing,4,24954,39.0
CoRe-WM old,boxing,4,26732,23.0
CoRe-WM old,boxing,4,28514,23.0
CoRe-WM old,boxing,4,30297,-8.0
CoRe-WM old,boxing,4,32078,22.0
CoRe-WM old,boxing,4,33859,39.0
CoRe-WM old,boxing,4,35638,48.0
CoRe-WM old,boxing,4,37419,52.0
CoRe-WM old,boxing,4,39043,78.0
CoRe-WM old,boxing,4,40826,37.0
CoRe-WM old,boxing,4,42565,75.0
CoRe-WM old,boxing,4,44129,83.0
CoRe-WM old,boxing,4,45910,74.0
CoRe-WM old,boxing,4,47690,31.0
CoRe-WM old,boxing,4,49471,56.0
CoRe-WM old,boxing,4,51255,31.0
CoRe-WM old,boxing,4,52992,55.0
CoRe-WM old,boxing,4,54772,43.0
CoRe-WM old,boxing,4,56442,51.0
CoRe-WM old,boxing,4,58153,59.0
CoRe-WM old,boxing,4,59828,78.0
CoRe-WM old,boxing,4,61120,73.0
CoRe-WM old,boxing,4,62292,55.0
CoRe-WM old,boxing,4,63525,29.0
CoRe-WM old,boxing,4,64538,40.0
CoRe-WM old,boxing,4,65441,61.0
CoRe-WM old,boxing,4,66700,58.0
CoRe-WM old,boxing,4,68215,47.0
CoRe-WM old,boxing,4,69192,77.0
CoRe-WM old,boxing,4,70521,63.0
CoRe-WM old,boxing,4,71738,68.0
CoRe-WM old,boxing,4,72904,83.0
CoRe-WM old,boxing,4,73920,67.0
CoRe-WM old,boxing,4,74870,80.0
CoRe-WM old,boxing,4,76059,69.0
CoRe-WM old,boxing,4,77312,67.0
CoRe-WM old,boxing,4,78224,74.0
CoRe-WM old,boxing,4,79199,70.0
CoRe-WM old,boxing,4,80198,58.0
CoRe-WM old,boxing,4,80986,63.0
CoRe-WM old,boxing,4,81676,71.0
CoRe-WM old,boxing,4,82303,78.0
CoRe-WM old,boxing,4,82959,70.0
CoRe-WM old,boxing,4,83721,64.0
CoRe-WM old,boxing,4,84841,43.0
CoRe-WM old,boxing,4,85919,56.0
CoRe-WM old,boxing,4,86931,58.0
CoRe-WM old,boxing,4,87877,53.0
CoRe-WM old,boxing,4,88781,65.0
CoRe-WM old,boxing,4,89423,76.0
CoRe-WM old,boxing,4,90165,73.0
CoRe-WM old,boxing,4,90995,77.0
CoRe-WM old,boxing,4,91941,53.0
CoRe-WM old,boxing,4,92751,65.0
CoRe-WM old,boxing,4,93173,87.0
CoRe-WM old,boxing,4,93749,78.0
CoRe-WM old,boxing,4,94637,55.0
CoRe-WM old,boxing,4,95561,59.0
CoRe-WM old,boxing,4,96003,87.0
CoRe-WM old,boxing,4,96490,89.0
CoRe-WM old,boxing,4,97202,64.0
CoRe-WM old,boxing,4,97627,85.0
CoRe-WM old,boxing,4,98407,60.0
CoRe-WM old,boxing,4,99196,55.0
CoRe-WM old,boxing,4,99845,62.0
CoRe-WM old,breakout,0,138,0.0
CoRe-WM old,breakout,0,279,0.0
CoRe-WM old,breakout,0,410,0.0
CoRe-WM old,breakout,0,588,1.0
CoRe-WM old,breakout,0,726,0.0
CoRe-WM old,breakout,0,936,2.0
CoRe-WM old,breakout,0,1067,0.0
CoRe-WM old,breakout,0,1372,4.0
CoRe-WM old,breakout,0,1500,0.0
CoRe-WM old,breakout,0,1686,1.0
CoRe-WM old,breakout,0,1999,4.0
CoRe-WM old,breakout,0,2226,2.0
CoRe-WM old,breakout,0,2386,1.0
CoRe-WM old,breakout,0,2618,2.0
CoRe-WM old,breakout,0,2780,1.0
CoRe-WM old,breakout,0,2914,0.0
CoRe-WM old,breakout,0,3153,2.0
CoRe-WM old,breakout,0,3291,0.0
CoRe-WM old,breakout,0,3456,1.0
CoRe-WM old,breakout,0,3621,0.0
CoRe-WM old,breakout,0,3805,1.0
CoRe-WM old,breakout,0,4066,3.0
CoRe-WM old,breakout,0,4350,3.0
CoRe-WM old,breakout,0,4578,2.0
CoRe-WM old,breakout,0,4719,0.0
CoRe-WM old,breakout,0,4920,2.0
CoRe-WM old,breakout,0,5173,3.0
CoRe-WM old,breakout,0,5402,2.0
CoRe-WM old,breakout,0,5611,2.0
CoRe-WM old,breakout,0,5751,0.0
CoRe-WM old,breakout,0,6002,3.0
CoRe-WM old,breakout,0,6146,0.0
CoRe-WM old,breakout,0,6363,2.0
CoRe-WM old,breakout,0,6506,0.0
CoRe-WM old,breakout,0,6681,1.0
CoRe-WM old,breakout,0,6896,2.0
CoRe-WM old,breakout,0,7031,0.0
CoRe-WM old,breakout,0,7219,1.0
CoRe-WM old,breakout,0,7398,1.0
CoRe-WM old,breakout,0,7619,2.0
CoRe-WM old,breakout,0,7848,2.0
CoRe-WM old,breakout,0,8027,1.0
CoRe-WM old,breakout,0,8234,2.0
CoRe-WM old,breakout,0,8591,5.0
CoRe-WM old,breakout,0,8842,3.0
CoRe-WM old,breakout,0,8973,0.0
CoRe-WM old,breakout,0,9226,3.0
CoRe-WM old,breakout,0,9366,0.0
CoRe-WM old,breakout,0,9707,2.0
CoRe-WM old,breakout,0,9992,2.0
CoRe-WM old,breakout,0,10123,0.0
CoRe-WM old,breakout,0,10300,1.0
CoRe-WM old,breakout,0,10501,2.0
CoRe-WM old,breakout,0,10671,1.0
CoRe-WM old,breakout,0,10897,3.0
CoRe-WM old,breakout,0,11019,0.0
CoRe-WM old,breakout,0,11188,1.0
CoRe-WM old,breakout,0,11385,2.0
CoRe-WM old,breakout,0,11510,0.0
CoRe-WM old,breakout,0,11664,0.0
CoRe-WM old,breakout,0,12030,3.0
CoRe-WM old,breakout,0,12490,3.0
CoRe-WM old,breakout,0,12662,1.0
CoRe-WM old,breakout,0,12862,1.0
CoRe-WM old,breakout,0,13077,0.0
CoRe-WM old,breakout,0,13401,0.0
CoRe-WM old,breakout,0,13642,0.0
CoRe-WM old,breakout,0,14012,4.0
CoRe-WM old,breakout,0,14137,0.0
CoRe-WM old,breakout,0,14283,0.0
CoRe-WM old,breakout,0,14429,0.0
CoRe-WM old,breakout,0,14597,0.0
CoRe-WM old,breakout,0,14834,2.0
CoRe-WM old,breakout,0,14959,0.0
CoRe-WM old,breakout,0,15089,0.0
CoRe-WM old,breakout,0,15214,0.0
CoRe-WM old,breakout,0,15412,2.0
CoRe-WM old,breakout,0,15610,2.0
CoRe-WM old,breakout,0,15736,0.0
CoRe-WM old,breakout,0,15897,1.0
CoRe-WM old,breakout,0,16049,1.0
CoRe-WM old,breakout,0,16171,0.0
CoRe-WM old,breakout,0,16595,7.0
CoRe-WM old,breakout,0,16719,0.0
CoRe-WM old,breakout,0,17046,5.0
CoRe-WM old,breakout,0,17218,1.0
CoRe-WM old,breakout,0,17423,2.0
CoRe-WM old,breakout,0,17584,1.0
CoRe-WM old,breakout,0,17757,1.0
CoRe-WM old,breakout,0,18049,4.0
CoRe-WM old,breakout,0,18320,3.0
CoRe-WM old,breakout,0,18499,2.0
CoRe-WM old,breakout,0,18684,2.0
CoRe-WM old,breakout,0,18894,3.0
CoRe-WM old,breakout,0,19223,5.0
CoRe-WM old,breakout,0,19475,4.0
CoRe-WM old,breakout,0,19597,0.0
CoRe-WM old,breakout,0,19807,3.0
CoRe-WM old,breakout,0,20150,10.0
CoRe-WM old,breakout,0,20380,3.0
CoRe-WM old,breakout,0,20560,2.0
CoRe-WM old,breakout,0,20771,3.0
CoRe-WM old,breakout,0,21134,6.0
CoRe-WM old,breakout,0,21472,7.0
CoRe-WM old,breakout,0,21683,3.0
CoRe-WM old,breakout,0,21834,1.0
CoRe-WM old,breakout,0,22048,3.0
CoRe-WM old,breakout,0,22393,10.0
CoRe-WM old,breakout,0,22689,4.0
CoRe-WM old,breakout,0,22871,2.0
CoRe-WM old,breakout,0,23082,3.0
CoRe-WM old,breakout,0,23344,4.0
CoRe-WM old,breakout,0,23673,5.0
CoRe-WM old,breakout,0,23886,3.0
CoRe-WM old,breakout,0,24191,5.0
CoRe-WM old,breakout,0,24535,10.0
CoRe-WM old,breakout,0,24686,1.0
CoRe-WM old,breakout,0,25066,15.0
CoRe-WM old,breakout,0,25409,10.0
CoRe-WM old,breakout,0,25789,15.0
CoRe-WM old,breakout,0,25969,2.0
CoRe-WM old,breakout,0,26349,15.0
CoRe-WM old,breakout,0,26529,2.0
CoRe-WM old,breakout,0,26909,15.0
CoRe-WM old,breakout,0,27252,10.0
CoRe-WM old,breakout,0,27632,15.0
CoRe-WM old,breakout,0,27975,10.0
CoRe-WM old,breakout,0,28155,2.0
CoRe-WM old,breakout,0,28431,4.0
CoRe-WM old,breakout,0,28554,0.0
CoRe-WM old,breakout,0,28734,2.0
CoRe-WM old,breakout,0,28914,2.0
CoRe-WM old,breakout,0,29125,3.0
CoRe-WM old,breakout,0,29307,2.0
CoRe-WM old,breakout,0,29650,10.0
CoRe-WM old,breakout,0,29832,2.0
CoRe-WM old,breakout,0,30043,3.0
CoRe-WM old,breakout,0,30423,15.0
CoRe-WM old,breakout,0,30766,10.0
CoRe-WM old,breakout,0,31069,6.0
CoRe-WM old,breakout,0,31249,2.0
CoRe-WM old,breakout,0,31429,2.0
CoRe-WM old,breakout,0,31640,3.0
CoRe-WM old,breakout,0,31851,3.0
CoRe-WM old,breakout,0,32099,3.0
CoRe-WM old,breakout,0,32377,4.0
CoRe-WM old,breakout,0,32557,2.0
CoRe-WM old,breakout,0,32864,5.0
CoRe-WM old,breakout,0,33017,1.0
CoRe-WM old,breakout,0,33360,10.0
CoRe-WM old,breakout,0,33540,2.0
CoRe-WM old,breakout,0,33844,5.0
CoRe-WM old,breakout,0,34224,15.0
CoRe-WM old,breakout,0,34406,2.0
CoRe-WM old,breakout,0,34604,2.0
CoRe-WM old,breakout,0,34892,5.0
CoRe-WM old,breakout,0,35197,5.0
CoRe-WM old,breakout,0,35618,7.0
CoRe-WM old,breakout,0,35992,7.0
CoRe-WM old,breakout,0,36239,2.0
CoRe-WM old,breakout,0,36546,6.0
CoRe-WM old,breakout,0,36728,2.0
CoRe-WM old,breakout,0,37023,5.0
CoRe-WM old,breakout,0,37375,6.0
CoRe-WM old,breakout,0,37691,9.0
CoRe-WM old,breakout,0,38042,8.0
CoRe-WM old,breakout,0,38386,10.0
CoRe-WM old,breakout,0,38704,5.0
CoRe-WM old,breakout,0,38884,2.0
CoRe-WM old,breakout,0,39200,9.0
CoRe-WM old,breakout,0,39459,4.0
CoRe-WM old,breakout,0,39767,6.0
CoRe-WM old,breakout,0,39994,3.0
CoRe-WM old,breakout,0,40441,13.0
CoRe-WM old,breakout,0,40738,4.0
CoRe-WM old,breakout,0,40925,2.0
CoRe-WM old,breakout,0,41305,15.0
CoRe-WM old,breakout,0,41456,1.0
CoRe-WM old,breakout,0,41765,6.0
CoRe-WM old,breakout,0,42111,10.0
CoRe-WM old,breakout,0,42322,3.0
CoRe-WM old,breakout,0,42789,14.0
CoRe-WM old,breakout,0,42969,2.0
CoRe-WM old,breakout,0,43243,4.0
CoRe-WM old,breakout,0,43598,6.0
CoRe-WM old,breakout,0,43810,3.0
CoRe-WM old,breakout,0,44100,5.0
CoRe-WM old,breakout,0,44281,2.0
CoRe-WM old,breakout,0,44469,2.0
CoRe-WM old,breakout,0,44871,8.0
CoRe-WM old,breakout,0,45091,2.0
CoRe-WM old,breakout,0,45304,3.0
CoRe-WM old,breakout,0,45649,10.0
CoRe-WM old,breakout,0,45832,2.0
CoRe-WM old,breakout,0,46013,2.0
CoRe-WM old,breakout,0,46357,10.0
CoRe-WM old,breakout,0,46600,4.0
CoRe-WM old,breakout,0,46960,6.0
CoRe-WM old,breakout,0,47250,5.0
CoRe-WM old,breakout,0,47434,2.0
CoRe-WM old,breakout,0,47798,8.0
CoRe-WM old,breakout,0,48135,6.0
CoRe-WM old,breakout,0,48316,2.0
CoRe-WM old,breakout,0,48499,2.0
CoRe-WM old,breakout,0,48799,5.0
CoRe-WM old,breakout,0,48980,2.0
CoRe-WM old,breakout,0,49162,2.0
CoRe-WM old,breakout,0,49587,8.0
CoRe-WM old,breakout,0,49769,2.0
CoRe-WM old,breakout,0,50085,5.0
CoRe-WM old,breakout,0,50452,6.0
CoRe-WM old,breakout,0,50923,11.0
CoRe-WM old,breakout,0,51315,11.0
CoRe-WM old,breakout,0,51612,4.0
CoRe-WM old,breakout,0,51937,5.0
CoRe-WM old,breakout,0,52331,10.0
CoRe-WM old,breakout,0,52607,4.0
CoRe-WM old,breakout,0,52899,5.0
CoRe-WM old,breakout,0,53415,11.0
CoRe-WM old,breakout,0,53648,2.0
CoRe-WM old,breakout,0,53863,3.0
CoRe-WM old,breakout,0,54187,9.0
CoRe-WM old,breakout,0,54396,3.0
CoRe-WM old,breakout,0,54570,1.0
CoRe-WM old,breakout,0,54852,4.0
CoRe-WM old,breakout,0,55240,8.0
CoRe-WM old,breakout,0,55586,5.0
CoRe-WM old,breakout,0,55848,4.0
CoRe-WM old,breakout,0,56192,5.0
CoRe-WM old,breakout,0,56511,4.0
CoRe-WM old,breakout,0,56810,5.0
CoRe-WM old,breakout,0,57212,7.0
CoRe-WM old,breakout,0,57544,5.0
CoRe-WM old,breakout,0,57948,8.0
CoRe-WM old,breakout,0,58190,4.0
CoRe-WM old,breakout,0,58486,4.0
CoRe-WM old,breakout,0,58788,4.0
CoRe-WM old,breakout,0,59209,7.0
CoRe-WM old,breakout,0,59483,4.0
CoRe-WM old,breakout,0,59855,6.0
CoRe-WM old,breakout,0,60067,3.0
CoRe-WM old,breakout,0,60283,3.0
CoRe-WM old,breakout,0,60591,5.0
CoRe-WM old,breakout,0,60948,6.0
CoRe-WM old,breakout,0,61071,0.0
CoRe-WM old,breakout,0,61466,8.0
CoRe-WM old,breakout,0,61680,2.0
CoRe-WM old,breakout,0,62063,6.0
CoRe-WM old,breakout,0,62318,4.0
CoRe-WM old,breakout,0,62550,3.0
CoRe-WM old,breakout,0,62703,1.0
CoRe-WM old,breakout,0,63141,7.0
CoRe-WM old,breakout,0,63532,12.0
CoRe-WM old,breakout,0,63821,5.0
CoRe-WM old,breakout,0,64152,6.0
CoRe-WM old,breakout,0,64429,4.0
CoRe-WM old,breakout,0,64797,13.0
CoRe-WM old,breakout,0,65047,3.0
CoRe-WM old,breakout,0,65202,1.0
CoRe-WM old,breakout,0,65387,2.0
CoRe-WM old,breakout,0,65881,18.0
CoRe-WM old,breakout,0,66164,5.0
CoRe-WM old,breakout,0,66347,2.0
CoRe-WM old,breakout,0,66634,5.0
CoRe-WM old,breakout,0,66876,4.0
CoRe-WM old,breakout,0,67290,8.0
CoRe-WM old,breakout,0,67763,17.0
CoRe-WM old,breakout,0,68262,31.0
CoRe-WM old,breakout,0,68495,3.0
CoRe-WM old,breakout,0,68838,6.0
CoRe-WM old,breakout,0,69126,8.0
CoRe-WM old,breakout,0,69355,3.0
CoRe-WM old,breakout,0,69701,10.0
CoRe-WM old,breakout,0,70178,9.0
CoRe-WM old,breakout,0,70358,2.0
CoRe-WM old,breakout,0,70513,1.0
CoRe-WM old,breakout,0,70891,10.0
CoRe-WM old,breakout,0,71203,5.0
CoRe-WM old,breakout,0,71505,6.0
CoRe-WM old,breakout,0,71885,15.0
CoRe-WM old,breakout,0,72449,19.0
CoRe-WM old,breakout,0,72575,0.0
CoRe-WM old,breakout,0,72831,4.0
CoRe-WM old,breakout,0,73355,19.0
CoRe-WM old,breakout,0,73553,2.0
CoRe-WM old,breakout,0,73897,10.0
CoRe-WM old,breakout,0,74113,3.0
CoRe-WM old,breakout,0,74411,4.0
CoRe-WM old,breakout,0,74689,8.0
CoRe-WM old,breakout,0,74918,3.0
CoRe-WM old,breakout,0,75387,12.0
CoRe-WM old,breakout,0,75710,9.0
CoRe-WM old,breakout,0,75892,2.0
CoRe-WM old,breakout,0,76169,4.0
CoRe-WM old,breakout,0,76360,1.0
CoRe-WM old,breakout,0,76811,8.0
CoRe-WM old,breakout,0,77155,10.0
CoRe-WM old,breakout,0,77493,6.0
CoRe-WM old,breakout,0,77889,11.0
CoRe-WM old,breakout,0,78048,1.0
CoRe-WM old,breakout,0,78851,6.0
CoRe-WM old,breakout,0,79003,1.0
CoRe-WM old,breakout,0,79136,0.0
CoRe-WM old,breakout,0,79413,4.0
CoRe-WM old,breakout,0,79682,3.0
CoRe-WM old,breakout,0,79923,2.0
CoRe-WM old,breakout,0,80258,6.0
CoRe-WM old,breakout,0,80444,2.0
CoRe-WM old,breakout,0,80757,4.0
CoRe-WM old,breakout,0,81137,15.0
CoRe-WM old,breakout,0,81456,9.0
CoRe-WM old,breakout,0,81789,5.0
CoRe-WM old,breakout,0,82109,6.0
CoRe-WM old,breakout,0,82334,2.0
CoRe-WM old,breakout,0,82651,6.0
CoRe-WM old,breakout,0,83147,6.0
CoRe-WM old,breakout,0,83617,9.0
CoRe-WM old,breakout,0,83949,13.0
CoRe-WM old,breakout,0,84215,4.0
CoRe-WM old,breakout,0,84482,11.0
CoRe-WM old,breakout,0,84903,4.0
CoRe-WM old,breakout,0,85289,6.0
CoRe-WM old,breakout,0,85461,1.0
CoRe-WM old,breakout,0,85692,3.0
CoRe-WM old,breakout,0,86079,7.0
CoRe-WM old,breakout,0,86562,6.0
CoRe-WM old,breakout,0,87012,9.0
CoRe-WM old,breakout,0,87233,2.0
CoRe-WM old,breakout,0,87387,1.0
CoRe-WM old,breakout,0,87902,10.0
CoRe-WM old,breakout,0,88322,16.0
CoRe-WM old,breakout,0,88725,8.0
CoRe-WM old,breakout,0,89134,7.0
CoRe-WM old,breakout,0,89514,15.0
CoRe-WM old,breakout,0,89873,10.0
CoRe-WM old,breakout,0,90198,9.0
CoRe-WM old,breakout,0,90445,2.0
CoRe-WM old,breakout,0,90790,10.0
CoRe-WM old,breakout,0,91291,10.0
CoRe-WM old,breakout,0,91590,4.0
CoRe-WM old,breakout,0,91930,6.0
CoRe-WM old,breakout,0,92089,0.0
CoRe-WM old,breakout,0,92805,15.0
CoRe-WM old,breakout,0,93101,13.0
CoRe-WM old,breakout,0,93474,6.0
CoRe-WM old,breakout,0,93766,8.0
CoRe-WM old,breakout,0,94278,16.0
CoRe-WM old,breakout,0,94953,9.0
CoRe-WM old,breakout,0,95288,6.0
CoRe-WM old,breakout,0,95554,2.0
CoRe-WM old,breakout,0,95824,3.0
CoRe-WM old,breakout,0,96250,6.0
CoRe-WM old,breakout,0,96581,10.0
CoRe-WM old,breakout,0,96792,3.0
CoRe-WM old,breakout,0,97029,2.0
CoRe-WM old,breakout,0,97347,5.0
CoRe-WM old,breakout,0,97541,2.0
CoRe-WM old,breakout,0,97844,6.0
CoRe-WM old,breakout,0,98447,11.0
CoRe-WM old,breakout,0,98735,5.0
CoRe-WM old,breakout,0,99180,16.0
CoRe-WM old,breakout,0,99613,9.0
CoRe-WM old,breakout,0,99978,7.0
CoRe-WM old,breakout,1,137,0.0
CoRe-WM old,breakout,1,391,3.0
CoRe-WM old,breakout,1,524,0.0
CoRe-WM old,breakout,1,700,1.0
CoRe-WM old,breakout,1,825,0.0
CoRe-WM old,breakout,1,953,0.0
CoRe-WM old,breakout,1,1153,1.0
CoRe-WM old,breakout,1,1363,2.0
CoRe-WM old,breakout,1,1607,2.0
CoRe-WM old,breakout,1,1810,2.0
CoRe-WM old,breakout,1,1946,0.0
CoRe-WM old,breakout,1,2087,0.0
CoRe-WM old,breakout,1,2249,1.0
CoRe-WM old,breakout,1,2397,0.0
CoRe-WM old,breakout,1,2545,0.0
CoRe-WM old,breakout,1,2745,1.0
CoRe-WM old,breakout,1,2903,1.0
CoRe-WM old,breakout,1,3063,1.0
CoRe-WM old,breakout,1,3236,1.0
CoRe-WM old,breakout,1,3374,0.0
CoRe-WM old,breakout,1,3607,2.0
CoRe-WM old,breakout,1,3807,2.0
CoRe-WM old,breakout,1,3999,1.0
CoRe-WM old,breakout,1,4161,1.0
CoRe-WM old,breakout,1,4334,1.0
CoRe-WM old,breakout,1,4490,1.0
CoRe-WM old,breakout,1,4722,2.0
CoRe-WM old,breakout,1,5011,4.0
CoRe-WM old,breakout,1,5146,0.0
CoRe-WM old,breakout,1,5283,0.0
CoRe-WM old,breakout,1,5547,3.0
CoRe-WM old,breakout,1,5738,2.0
CoRe-WM old,breakout,1,5904,1.0
CoRe-WM old,breakout,1,6119,2.0
CoRe-WM old,breakout,1,6252,0.0
CoRe-WM old,breakout,1,6386,0.0
CoRe-WM old,breakout,1,6563,1.0
CoRe-WM old,breakout,1,6759,1.0
CoRe-WM old,breakout,1,7045,7.0
CoRe-WM old,breakout,1,7178,0.0
CoRe-WM old,breakout,1,7307,0.0
CoRe-WM old,breakout,1,7451,0.0
CoRe-WM old,breakout,1,7611,0.0
CoRe-WM old,breakout,1,7767,1.0
CoRe-WM old,breakout,1,7904,0.0
CoRe-WM old,breakout,1,8096,1.0
CoRe-WM old,breakout,1,8247,0.0
CoRe-WM old,breakout,1,8421,0.0
CoRe-WM old,breakout,1,8550,0.0
CoRe-WM old,breakout,1,8754,1.0
CoRe-WM old,breakout,1,8899,0.0
CoRe-WM old,breakout,1,9049,0.0
CoRe-WM old,breakout,1,9329,1.0
CoRe-WM old,breakout,1,9721,6.0
CoRe-WM old,breakout,1,9895,0.0
CoRe-WM old,breakout,1,10914,8.0
CoRe-WM old,breakout,1,11209,2.0
CoRe-WM old,breakout,1,12161,2.0
CoRe-WM old,breakout,1,12291,0.0
CoRe-WM old,breakout,1,12447,0.0
CoRe-WM old,breakout,1,13305,1.0
CoRe-WM old,breakout,1,13516,2.0
CoRe-WM old,breakout,1,14683,2.0
CoRe-WM old,breakout,1,16079,2.0
CoRe-WM old,breakout,1,16566,2.0
CoRe-WM old,breakout,1,17274,10.0
CoRe-WM old,breakout,1,17974,0.0
CoRe-WM old,breakout,1,18597,2.0
CoRe-WM old,breakout,1,19374,4.0
CoRe-WM old,breakout,1,20635,3.0
CoRe-WM old,breakout,1,21040,2.0
CoRe-WM old,breakout,1,22531,3.0
CoRe-WM old,breakout,1,24282,2.0
CoRe-WM old,breakout,1,24735,0.0
CoRe-WM old,breakout,1,27419,0.0
CoRe-WM old,breakout,1,29318,2.0
CoRe-WM old,breakout,1,32757,0.0
CoRe-WM old,breakout,1,32968,0.0
CoRe-WM old,breakout,1,33909,1.0
CoRe-WM old,breakout,1,34037,0.0
CoRe-WM old,breakout,1,34190,1.0
CoRe-WM old,breakout,1,38207,5.0
CoRe-WM old,breakout,1,38332,0.0
CoRe-WM old,breakout,1,38710,2.0
CoRe-WM old,breakout,1,39739,3.0
CoRe-WM old,breakout,1,40671,3.0
CoRe-WM old,breakout,1,41129,4.0
CoRe-WM old,breakout,1,41803,3.0
CoRe-WM old,breakout,1,42386,2.0
CoRe-WM old,breakout,1,43555,5.0
CoRe-WM old,breakout,1,43898,3.0
CoRe-WM old,breakout,1,44099,2.0
CoRe-WM old,breakout,1,44299,2.0
CoRe-WM old,breakout,1,44502,2.0
CoRe-WM old,breakout,1,44704,2.0
CoRe-WM old,breakout,1,44903,2.0
CoRe-WM old,breakout,1,45106,2.0
CoRe-WM old,breakout,1,45513,2.0
CoRe-WM old,breakout,1,45761,3.0
CoRe-WM old,breakout,1,46280,2.0
CoRe-WM old,breakout,1,46550,2.0
CoRe-WM old,breakout,1,46750,2.0
CoRe-WM old,breakout,1,47456,2.0
CoRe-WM old,breakout,1,47843,5.0
CoRe-WM old,breakout,1,48227,4.0
CoRe-WM old,breakout,1,48773,2.0
CoRe-WM old,breakout,1,49023,3.0
CoRe-WM old,breakout,1,49301,3.0
CoRe-WM old,breakout,1,49776,2.0
CoRe-WM old,breakout,1,50104,3.0
CoRe-WM old,breakout,1,50631,3.0
CoRe-WM old,breakout,1,51063,2.0
CoRe-WM old,breakout,1,51264,2.0
CoRe-WM old,breakout,1,51803,2.0
CoRe-WM old,breakout,1,52078,3.0
CoRe-WM old,breakout,1,52205,0.0
CoRe-WM old,breakout,1,52333,0.0
CoRe-WM old,breakout,1,52502,0.0
CoRe-WM old,breakout,1,52716,2.0
CoRe-WM old,breakout,1,52968,3.0
CoRe-WM old,breakout,1,53363,3.0
CoRe-WM old,breakout,1,53686,2.0
CoRe-WM old,breakout,1,54137,2.0
CoRe-WM old,breakout,1,54337,2.0
CoRe-WM old,breakout,1,54542,2.0
CoRe-WM old,breakout,1,54969,2.0
CoRe-WM old,breakout,1,55102,0.0
CoRe-WM old,breakout,1,55370,3.0
CoRe-WM old,breakout,1,55570,2.0
CoRe-WM old,breakout,1,56625,2.0
CoRe-WM old,breakout,1,57020,2.0
CoRe-WM old,breakout,1,57145,0.0
CoRe-WM old,breakout,1,57345,2.0
CoRe-WM old,breakout,1,57581,2.0
CoRe-WM old,breakout,1,57781,2.0
CoRe-WM old,breakout,1,57983,2.0
CoRe-WM old,breakout,1,58225,2.0
CoRe-WM old,breakout,1,58426,2.0
CoRe-WM old,breakout,1,58637,2.0
CoRe-WM old,breakout,1,58884,3.0
CoRe-WM old,breakout,1,59084,2.0
CoRe-WM old,breakout,1,59284,2.0
CoRe-WM old,breakout,1,59485,2.0
CoRe-WM old,breakout,1,59685,2.0
CoRe-WM old,breakout,1,59886,2.0
CoRe-WM old,breakout,1,60086,2.0
CoRe-WM old,breakout,1,60212,0.0
CoRe-WM old,breakout,1,60665,2.0
CoRe-WM old,breakout,1,60952,2.0
CoRe-WM old,breakout,1,61152,2.0
CoRe-WM old,breakout,1,61479,4.0
CoRe-WM old,breakout,1,61679,2.0
CoRe-WM old,breakout,1,61950,3.0
CoRe-WM old,breakout,1,62361,3.0
CoRe-WM old,breakout,1,62620,3.0
CoRe-WM old,breakout,1,62747,0.0
CoRe-WM old,breakout,1,62951,2.0
CoRe-WM old,breakout,1,63152,2.0
CoRe-WM old,breakout,1,63401,3.0
CoRe-WM old,breakout,1,63707,4.0
CoRe-WM old,breakout,1,63910,2.0
CoRe-WM old,breakout,1,64110,2.0
CoRe-WM old,breakout,1,64310,2.0
CoRe-WM old,breakout,1,64513,2.0
CoRe-WM old,breakout,1,64714,2.0
CoRe-WM old,breakout,1,65026,4.0
CoRe-WM old,breakout,1,65227,2.0
CoRe-WM old,breakout,1,65436,2.0
CoRe-WM old,breakout,1,65687,3.0
CoRe-WM old,breakout,1,65945,3.0
CoRe-WM old,breakout,1,66171,2.0
CoRe-WM old,breakout,1,66299,0.0
CoRe-WM old,breakout,1,66599,4.0
CoRe-WM old,breakout,1,66800,2.0
CoRe-WM old,breakout,1,67005,2.0
CoRe-WM old,breakout,1,67206,2.0
CoRe-WM old,breakout,1,67409,2.0
CoRe-WM old,breakout,1,67708,4.0
CoRe-WM old,breakout,1,67910,2.0
CoRe-WM old,breakout,1,68300,5.0
CoRe-WM old,breakout,1,68604,4.0
CoRe-WM old,breakout,1,68805,2.0
CoRe-WM old,breakout,1,69011,2.0
CoRe-WM old,breakout,1,69213,2.0
CoRe-WM old,breakout,1,69464,3.0
CoRe-WM old,breakout,1,70047,3.0
CoRe-WM old,breakout,1,70514,4.0
CoRe-WM old,breakout,1,70716,2.0
CoRe-WM old,breakout,1,70972,2.0
CoRe-WM old,breakout,1,71226,3.0
CoRe-WM old,breakout,1,71459,2.0
CoRe-WM old,breakout,1,71760,4.0
CoRe-WM old,breakout,1,71961,2.0
CoRe-WM old,breakout,1,72209,3.0
CoRe-WM old,breakout,1,72410,2.0
CoRe-WM old,breakout,1,72630,2.0
CoRe-WM old,breakout,1,72914,2.0
CoRe-WM old,breakout,1,73118,2.0
CoRe-WM old,breakout,1,73500,2.0
CoRe-WM old,breakout,1,73709,2.0
CoRe-WM old,breakout,1,73920,2.0
CoRe-WM old,breakout,1,74325,4.0
CoRe-WM old,breakout,1,74548,2.0
CoRe-WM old,breakout,1,75177,3.0
CoRe-WM old,breakout,1,75480,2.0
CoRe-WM old,breakout,1,75735,3.0
CoRe-WM old,breakout,1,76746,5.0
CoRe-WM old,breakout,1,76950,2.0
CoRe-WM old,breakout,1,77233,2.0
CoRe-WM old,breakout,1,77433,2.0
CoRe-WM old,breakout,1,77890,2.0
CoRe-WM old,breakout,1,78446,4.0
CoRe-WM old,breakout,1,78648,2.0
CoRe-WM old,breakout,1,78995,4.0
CoRe-WM old,breakout,1,79348,2.0
CoRe-WM old,breakout,1,79651,2.0
CoRe-WM old,breakout,1,80055,3.0
CoRe-WM old,breakout,1,80382,2.0
CoRe-WM old,breakout,1,80679,2.0
CoRe-WM old,breakout,1,80888,2.0
CoRe-WM old,breakout,1,81198,2.0
CoRe-WM old,breakout,1,81970,2.0
CoRe-WM old,breakout,1,82251,4.0
CoRe-WM old,breakout,1,82731,6.0
CoRe-WM old,breakout,1,83013,4.0
CoRe-WM old,breakout,1,83756,4.0
CoRe-WM old,breakout,1,84248,2.0
CoRe-WM old,breakout,1,84725,5.0
CoRe-WM old,breakout,1,85461,4.0
CoRe-WM old,breakout,1,85990,4.0
CoRe-WM old,breakout,1,86464,4.0
CoRe-WM old,breakout,1,87053,5.0
CoRe-WM old,breakout,1,87830,3.0
CoRe-WM old,breakout,1,88216,4.0
CoRe-WM old,breakout,1,88606,4.0
CoRe-WM old,breakout,1,88957,4.0
CoRe-WM old,breakout,1,89271,4.0
CoRe-WM old,breakout,1,90817,5.0
CoRe-WM old,breakout,1,91574,8.0
CoRe-WM old,breakout,1,92662,5.0
CoRe-WM old,breakout,1,92951,4.0
CoRe-WM old,breakout,1,93252,4.0
CoRe-WM old,breakout,1,93666,5.0
CoRe-WM old,breakout,1,93998,3.0
CoRe-WM old,breakout,1,94413,5.0
CoRe-WM old,breakout,1,95035,6.0
CoRe-WM old,breakout,1,95359,5.0
CoRe-WM old,breakout,1,95753,6.0
CoRe-WM old,breakout,1,96051,4.0
CoRe-WM old,breakout,1,96634,11.0
CoRe-WM old,breakout,1,97011,6.0
CoRe-WM old,breakout,1,97271,3.0
CoRe-WM old,breakout,1,97750,3.0
CoRe-WM old,breakout,1,98212,8.0
CoRe-WM old,breakout,1,98567,3.0
CoRe-WM old,breakout,1,99566,3.0
CoRe-WM old,breakout,1,99885,4.0
CoRe-WM old,breakout,2,238,2.0
CoRe-WM old,breakout,2,420,1.0
CoRe-WM old,breakout,2,722,4.0
CoRe-WM old,breakout,2,996,3.0
CoRe-WM old,breakout,2,1125,0.0
CoRe-WM old,breakout,2,1274,0.0
CoRe-WM old,breakout,2,1460,1.0
CoRe-WM old,breakout,2,1697,2.0
CoRe-WM old,breakout,2,1912,2.0
CoRe-WM old,breakout,2,2221,4.0
CoRe-WM old,breakout,2,2354,0.0
CoRe-WM old,breakout,2,2541,1.0
CoRe-WM old,breakout,2,2682,0.0
CoRe-WM old,breakout,2,2809,0.0
CoRe-WM old,breakout,2,3029,2.0
CoRe-WM old,breakout,2,3154,0.0
CoRe-WM old,breakout,2,3377,2.0
CoRe-WM old,breakout,2,3589,2.0
CoRe-WM old,breakout,2,3727,0.0
CoRe-WM old,breakout,2,3961,2.0
CoRe-WM old,breakout,2,4223,3.0
CoRe-WM old,breakout,2,4398,1.0
CoRe-WM old,breakout,2,4537,0.0
CoRe-WM old,breakout,2,4763,2.0
CoRe-WM old,breakout,2,4976,2.0
CoRe-WM old,breakout,2,5110,0.0
CoRe-WM old,breakout,2,5276,1.0
CoRe-WM old,breakout,2,5479,2.0
CoRe-WM old,breakout,2,5722,2.0
CoRe-WM old,breakout,2,5885,1.0
CoRe-WM old,breakout,2,6040,1.0
CoRe-WM old,breakout,2,6182,0.0
CoRe-WM old,breakout,2,6360,1.0
CoRe-WM old,breakout,2,6485,0.0
CoRe-WM old,breakout,2,6712,2.0
CoRe-WM old,breakout,2,6929,2.0
CoRe-WM old,breakout,2,7143,2.0
CoRe-WM old,breakout,2,7292,0.0
CoRe-WM old,breakout,2,7434,0.0
CoRe-WM old,breakout,2,7655,2.0
CoRe-WM old,breakout,2,7970,4.0
CoRe-WM old,breakout,2,8243,2.0
CoRe-WM old,breakout,2,8431,0.0
CoRe-WM old,breakout,2,8628,0.0
CoRe-WM old,breakout,2,8883,2.0
CoRe-WM old,breakout,2,9039,0.0
CoRe-WM old,breakout,2,9262,2.0
CoRe-WM old,breakout,2,9482,2.0
CoRe-WM old,breakout,2,9659,1.0
CoRe-WM old,breakout,2,9855,0.0
CoRe-WM old,breakout,2,10056,2.0
CoRe-WM old,breakout,2,10368,3.0
CoRe-WM old,breakout,2,10529,0.0
CoRe-WM old,breakout,2,10758,2.0
CoRe-WM old,breakout,2,10881,0.0
CoRe-WM old,breakout,2,11017,0.0
CoRe-WM old,breakout,2,11219,2.0
CoRe-WM old,breakout,2,11353,0.0
CoRe-WM old,breakout,2,11577,2.0
CoRe-WM old,breakout,2,11730,1.0
CoRe-WM old,breakout,2,11855,0.0
CoRe-WM old,breakout,2,12082,2.0
CoRe-WM old,breakout,2,14459,5.0
CoRe-WM old,breakout,2,20792,0.0
CoRe-WM old,breakout,2,22245,0.0
CoRe-WM old,breakout,2,22442,0.0
CoRe-WM old,breakout,2,22612,1.0
CoRe-WM old,breakout,2,22809,1.0
CoRe-WM old,breakout,2,22931,0.0
CoRe-WM old,breakout,2,23081,1.0
CoRe-WM old,breakout,2,23237,1.0
CoRe-WM old,breakout,2,23459,3.0
CoRe-WM old,breakout,2,23582,0.0
CoRe-WM old,breakout,2,23704,0.0
CoRe-WM old,breakout,2,23827,0.0
CoRe-WM old,breakout,2,23983,1.0
CoRe-WM old,breakout,2,24106,0.0
CoRe-WM old,breakout,2,24228,0.0
CoRe-WM old,breakout,2,24527,4.0
CoRe-WM old,breakout,2,24726,0.0
CoRe-WM old,breakout,2,24964,1.0
CoRe-WM old,breakout,2,25117,0.0
CoRe-WM old,breakout,2,25295,1.0
CoRe-WM old,breakout,2,25503,1.0
CoRe-WM old,breakout,2,25643,0.0
CoRe-WM old,breakout,2,25957,1.0
CoRe-WM old,breakout,2,26296,8.0
CoRe-WM old,breakout,2,26553,3.0
CoRe-WM old,breakout,2,26696,0.0
CoRe-WM old,breakout,2,26910,2.0
CoRe-WM old,breakout,2,27060,0.0
CoRe-WM old,breakout,2,27371,4.0
CoRe-WM old,breakout,2,27577,2.0
CoRe-WM old,breakout,2,27823,2.0
CoRe-WM old,breakout,2,28047,2.0
CoRe-WM old,breakout,2,28289,3.0
CoRe-WM old,breakout,2,28541,1.0
CoRe-WM old,breakout,2,28667,0.0
CoRe-WM old,breakout,2,28868,2.0
CoRe-WM old,breakout,2,29099,2.0
CoRe-WM old,breakout,2,29228,0.0
CoRe-WM old,breakout,2,29434,2.0
CoRe-WM old,breakout,2,29886,4.0
CoRe-WM old,breakout,2,30452,1.0
CoRe-WM old,breakout,2,30656,2.0
CoRe-WM old,breakout,2,31043,4.0
CoRe-WM old,breakout,2,31282,3.0
CoRe-WM old,breakout,2,31669,4.0
CoRe-WM old,breakout,2,32162,7.0
CoRe-WM old,breakout,2,32469,2.0
CoRe-WM old,breakout,2,33462,5.0
CoRe-WM old,breakout,2,33595,0.0
CoRe-WM old,breakout,2,33745,0.0
CoRe-WM old,breakout,2,34280,3.0
CoRe-WM old,breakout,2,34483,2.0
CoRe-WM old,breakout,2,35504,7.0
CoRe-WM old,breakout,2,35824,4.0
CoRe-WM old,breakout,2,36181,4.0
CoRe-WM old,breakout,2,36691,4.0
CoRe-WM old,breakout,2,37033,4.0
CoRe-WM old,breakout,2,37236,2.0
CoRe-WM old,breakout,2,37676,5.0
CoRe-WM old,breakout,2,37937,3.0
CoRe-WM old,breakout,2,38149,2.0
CoRe-WM old,breakout,2,38469,5.0
CoRe-WM old,breakout,2,39002,4.0
CoRe-WM old,breakout,2,39251,3.0
CoRe-WM old,breakout,2,39577,5.0
CoRe-WM old,breakout,2,39897,5.0
CoRe-WM old,breakout,2,41776,5.0
CoRe-WM old,breakout,2,42080,5.0
CoRe-WM old,breakout,2,42311,3.0
CoRe-WM old,breakout,2,42588,4.0
CoRe-WM old,breakout,2,42918,6.0
CoRe-WM old,breakout,2,43217,4.0
CoRe-WM old,breakout,2,43420,2.0
CoRe-WM old,breakout,2,43692,4.0
CoRe-WM old,breakout,2,44000,4.0
CoRe-WM old,breakout,2,44303,4.0
CoRe-WM old,breakout,2,44432,0.0
CoRe-WM old,breakout,2,44700,4.0
CoRe-WM old,breakout,2,44968,4.0
CoRe-WM old,breakout,2,45238,4.0
CoRe-WM old,breakout,2,45569,6.0
CoRe-WM old,breakout,2,45899,6.0
CoRe-WM old,breakout,2,46174,4.0
CoRe-WM old,breakout,2,46446,4.0
CoRe-WM old,breakout,2,46739,4.0
CoRe-WM old,breakout,2,47038,5.0
CoRe-WM old,breakout,2,47311,4.0
CoRe-WM old,breakout,2,47609,5.0
CoRe-WM old,breakout,2,47910,5.0
CoRe-WM old,breakout,2,48211,5.0
CoRe-WM old,breakout,2,48548,6.0
CoRe-WM old,breakout,2,48822,4.0
CoRe-WM old,breakout,2,49123,5.0
CoRe-WM old,breakout,2,49405,4.0
CoRe-WM old,breakout,2,49692,4.0
CoRe-WM old,breakout,2,50032,5.0
CoRe-WM old,breakout,2,50339,5.0
CoRe-WM old,breakout,2,50799,6.0
CoRe-WM old,breakout,2,51155,5.0
CoRe-WM old,breakout,2,51516,6.0
CoRe-WM old,breakout,2,51780,3.0
CoRe-WM old,breakout,2,51981,2.0
CoRe-WM old,breakout,2,52254,4.0
CoRe-WM old,breakout,2,52586,4.0
CoRe-WM old,breakout,2,52787,2.0
CoRe-WM old,breakout,2,53097,5.0
CoRe-WM old,breakout,2,53395,4.0
CoRe-WM old,breakout,2,53737,6.0
CoRe-WM old,breakout,2,54097,5.0
CoRe-WM old,breakout,2,54369,4.0
CoRe-WM old,breakout,2,54703,5.0
CoRe-WM old,breakout,2,54972,4.0
CoRe-WM old,breakout,2,55398,6.0
CoRe-WM old,breakout,2,55707,4.0
CoRe-WM old,breakout,2,55907,2.0
CoRe-WM old,breakout,2,56273,5.0
CoRe-WM old,breakout,2,56634,5.0
CoRe-WM old,breakout,2,56990,6.0
CoRe-WM old,breakout,2,57308,5.0
CoRe-WM old,breakout,2,57598,4.0
CoRe-WM old,breakout,2,57878,4.0
CoRe-WM old,breakout,2,58264,6.0
CoRe-WM old,breakout,2,58438,1.0
CoRe-WM old,breakout,2,58810,6.0
CoRe-WM old,breakout,2,59159,6.0
CoRe-WM old,breakout,2,59434,4.0
CoRe-WM old,breakout,2,59764,5.0
CoRe-WM old,breakout,2,59934,0.0
CoRe-WM old,breakout,2,60163,3.0
CoRe-WM old,breakout,2,60540,6.0
CoRe-WM old,breakout,2,60809,4.0
CoRe-WM old,breakout,2,61128,5.0
CoRe-WM old,breakout,2,61446,5.0
CoRe-WM old,breakout,2,61724,4.0
CoRe-WM old,breakout,2,62002,4.0
CoRe-WM old,breakout,2,62355,5.0
CoRe-WM old,breakout,2,62672,5.0
CoRe-WM old,breakout,2,63039,6.0
CoRe-WM old,breakout,2,63357,5.0
CoRe-WM old,breakout,2,63659,4.0
CoRe-WM old,breakout,2,64007,6.0
CoRe-WM old,breakout,2,64325,5.0
CoRe-WM old,breakout,2,64721,7.0
CoRe-WM old,breakout,2,64875,1.0
CoRe-WM old,breakout,2,65159,4.0
CoRe-WM old,breakout,2,65427,4.0
CoRe-WM old,breakout,2,65774,6.0
CoRe-WM old,breakout,2,66043,4.0
CoRe-WM old,breakout,2,66314,4.0
CoRe-WM old,breakout,2,66710,7.0
CoRe-WM old,breakout,2,67009,5.0
CoRe-WM old,breakout,2,67378,6.0
CoRe-WM old,breakout,2,67679,5.0
CoRe-WM old,breakout,2,67976,4.0
CoRe-WM old,breakout,2,68153,1.0
CoRe-WM old,breakout,2,68748,7.0
CoRe-WM old,breakout,2,69220,8.0
CoRe-WM old,breakout,2,69538,5.0
CoRe-WM old,breakout,2,69856,5.0
CoRe-WM old,breakout,2,70180,5.0
CoRe-WM old,breakout,2,70527,6.0
CoRe-WM old,breakout,2,70844,5.0
CoRe-WM old,breakout,2,71190,6.0
CoRe-WM old,breakout,2,71568,7.0
CoRe-WM old,breakout,2,71886,5.0
CoRe-WM old,breakout,2,72253,6.0
CoRe-WM old,breakout,2,72749,9.0
CoRe-WM old,breakout,2,72950,2.0
CoRe-WM old,breakout,2,73324,6.0
CoRe-WM old,breakout,2,73642,5.0
CoRe-WM old,breakout,2,74012,6.0
CoRe-WM old,breakout,2,74359,5.0
CoRe-WM old,breakout,2,74793,7.0
CoRe-WM old,breakout,2,75128,5.0
CoRe-WM old,breakout,2,75496,6.0
CoRe-WM old,breakout,2,75724,0.0
CoRe-WM old,breakout,2,76006,4.0
CoRe-WM old,breakout,2,76324,5.0
CoRe-WM old,breakout,2,76808,5.0
CoRe-WM old,breakout,2,77419,7.0
CoRe-WM old,breakout,2,77741,5.0
CoRe-WM old,breakout,2,78111,6.0
CoRe-WM old,breakout,2,78577,12.0
CoRe-WM old,breakout,2,79592,6.0
CoRe-WM old,breakout,2,81406,7.0
CoRe-WM old,breakout,2,81610,0.0
CoRe-WM old,breakout,2,81929,5.0
CoRe-WM old,breakout,2,82199,4.0
CoRe-WM old,breakout,2,82596,7.0
CoRe-WM old,breakout,2,82921,5.0
CoRe-WM old,breakout,2,83312,6.0
CoRe-WM old,breakout,2,84337,17.0
CoRe-WM old,breakout,2,84935,7.0
CoRe-WM old,breakout,2,85282,6.0
CoRe-WM old,breakout,2,86424,5.0
CoRe-WM old,breakout,2,86791,6.0
CoRe-WM old,breakout,2,87251,6.0
CoRe-WM old,breakout,2,87597,6.0
CoRe-WM old,breakout,2,88088,9.0
CoRe-WM old,breakout,2,88407,5.0
CoRe-WM old,breakout,2,89252,6.0
CoRe-WM old,breakout,2,89570,5.0
CoRe-WM old,breakout,2,90321,8.0
CoRe-WM old,breakout,2,90667,6.0
CoRe-WM old,breakout,2,91029,6.0
CoRe-WM old,breakout,2,91347,5.0
CoRe-WM old,breakout,2,91846,9.0
CoRe-WM old,breakout,2,92395,8.0
CoRe-WM old,breakout,2,92712,5.0
CoRe-WM old,breakout,2,93087,6.0
CoRe-WM old,breakout,2,93595,12.0
CoRe-WM old,breakout,2,94040,8.0
CoRe-WM old,breakout,2,94489,7.0
CoRe-WM old,breakout,2,95034,7.0
CoRe-WM old,breakout,2,95432,7.0
CoRe-WM old,breakout,2,95881,8.0
CoRe-WM old,breakout,2,96255,2.0
CoRe-WM old,breakout,2,96674,7.0
CoRe-WM old,breakout,2,97499,23.0
CoRe-WM old,breakout,2,97929,6.0
CoRe-WM old,breakout,2,98487,9.0
CoRe-WM old,breakout,2,98959,8.0
CoRe-WM old,breakout,2,99470,9.0
CoRe-WM old,breakout,2,99896,7.0
CoRe-WM old,breakout,3,127,0.0
CoRe-WM old,breakout,3,304,1.0
CoRe-WM old,breakout,3,434,0.0
CoRe-WM old,breakout,3,787,5.0
CoRe-WM old,breakout,3,1058,4.0
CoRe-WM old,breakout,3,1202,0.0
CoRe-WM old,breakout,3,1387,1.0
CoRe-WM old,breakout,3,1622,2.0
CoRe-WM old,breakout,3,1844,2.0
CoRe-WM old,breakout,3,1975,0.0
CoRe-WM old,breakout,3,2292,4.0
CoRe-WM old,breakout,3,2471,1.0
CoRe-WM old,breakout,3,2679,2.0
CoRe-WM old,breakout,3,2838,1.0
CoRe-WM old,breakout,3,3007,1.0
CoRe-WM old,breakout,3,3156,0.0
CoRe-WM old,breakout,3,3529,8.0
CoRe-WM old,breakout,3,3825,7.0
CoRe-WM old,breakout,3,3971,0.0
CoRe-WM old,breakout,3,4174,1.0
CoRe-WM old,breakout,3,4340,1.0
CoRe-WM old,breakout,3,4613,3.0
CoRe-WM old,breakout,3,4747,0.0
CoRe-WM old,breakout,3,4875,0.0
CoRe-WM old,breakout,3,5150,3.0
CoRe-WM old,breakout,3,5315,1.0
CoRe-WM old,breakout,3,5444,0.0
CoRe-WM old,breakout,3,5579,0.0
CoRe-WM old,breakout,3,5721,0.0
CoRe-WM old,breakout,3,5875,1.0
CoRe-WM old,breakout,3,6003,0.0
CoRe-WM old,breakout,3,6141,0.0
CoRe-WM old,breakout,3,6312,1.0
CoRe-WM old,breakout,3,6445,0.0
CoRe-WM old,breakout,3,6589,0.0
CoRe-WM old,breakout,3,6810,2.0
CoRe-WM old,breakout,3,7187,5.0
CoRe-WM old,breakout,3,7335,0.0
CoRe-WM old,breakout,3,7749,5.0
CoRe-WM old,breakout,3,8139,5.0
CoRe-WM old,breakout,3,8285,0.0
CoRe-WM old,breakout,3,8473,0.0
CoRe-WM old,breakout,3,8688,0.0
CoRe-WM old,breakout,3,8934,2.0
CoRe-WM old,breakout,3,9089,0.0
CoRe-WM old,breakout,3,9633,0.0
CoRe-WM old,breakout,3,9983,3.0
CoRe-WM old,breakout,3,10216,1.0
CoRe-WM old,breakout,3,10461,3.0
CoRe-WM old,breakout,3,10716,2.0
CoRe-WM old,breakout,3,10976,2.0
CoRe-WM old,breakout,3,11179,2.0
CoRe-WM old,breakout,3,11354,0.0
CoRe-WM old,breakout,3,11754,3.0
CoRe-WM old,breakout,3,12381,3.0
CoRe-WM old,breakout,3,12907,1.0
CoRe-WM old,breakout,3,13312,2.0
CoRe-WM old,breakout,3,13895,1.0
CoRe-WM old,breakout,3,15386,3.0
CoRe-WM old,breakout,3,17342,0.0
CoRe-WM old,breakout,3,18793,1.0
CoRe-WM old,breakout,3,19905,1.0
CoRe-WM old,breakout,3,21962,1.0
CoRe-WM old,breakout,3,22530,1.0
CoRe-WM old,breakout,3,23056,4.0
CoRe-WM old,breakout,3,23401,1.0
CoRe-WM old,breakout,3,23877,5.0
CoRe-WM old,breakout,3,24320,2.0
CoRe-WM old,breakout,3,25104,1.0
CoRe-WM old,breakout,3,25749,0.0
CoRe-WM old,breakout,3,26735,5.0
CoRe-WM old,breakout,3,27398,0.0
CoRe-WM old,breakout,3,28638,1.0
CoRe-WM old,breakout,3,29442,6.0
CoRe-WM old,breakout,3,30299,1.0
CoRe-WM old,breakout,3,30662,1.0
CoRe-WM old,breakout,3,30920,0.0
CoRe-WM old,breakout,3,31378,4.0
CoRe-WM old,breakout,3,32119,0.0
CoRe-WM old,breakout,3,32337,1.0
CoRe-WM old,breakout,3,32592,1.0
CoRe-WM old,breakout,3,33377,2.0
CoRe-WM old,breakout,3,34037,2.0
CoRe-WM old,breakout,3,34161,0.0
CoRe-WM old,breakout,3,34965,4.0
CoRe-WM old,breakout,3,35684,1.0
CoRe-WM old,breakout,3,35813,0.0
CoRe-WM old,breakout,3,36035,1.0
CoRe-WM old,breakout,3,36244,1.0
CoRe-WM old,breakout,3,36597,4.0
CoRe-WM old,breakout,3,37062,0.0
CoRe-WM old,breakout,3,37999,4.0
CoRe-WM old,breakout,3,38320,2.0
CoRe-WM old,breakout,3,38444,0.0
CoRe-WM old,breakout,3,38926,0.0
CoRe-WM old,breakout,3,39114,0.0
CoRe-WM old,breakout,3,39497,6.0
CoRe-WM old,breakout,3,40180,6.0
CoRe-WM old,breakout,3,40393,0.0
CoRe-WM old,breakout,3,40552,0.0
CoRe-WM old,breakout,3,41079,3.0
CoRe-WM old,breakout,3,42001,7.0
CoRe-WM old,breakout,3,42210,2.0
CoRe-WM old,breakout,3,42667,2.0
CoRe-WM old,breakout,3,42959,8.0
CoRe-WM old,breakout,3,43259,4.0
CoRe-WM old,breakout,3,43537,4.0
CoRe-WM old,breakout,3,43963,8.0
CoRe-WM old,breakout,3,44276,4.0
CoRe-WM old,breakout,3,44428,1.0
CoRe-WM old,breakout,3,44739,5.0
CoRe-WM old,breakout,3,45020,2.0
CoRe-WM old,breakout,3,45252,3.0
CoRe-WM old,breakout,3,45559,5.0
CoRe-WM old,breakout,3,45741,2.0
CoRe-WM old,breakout,3,45923,2.0
CoRe-WM old,breakout,3,46185,1.0
CoRe-WM old,breakout,3,46567,7.0
CoRe-WM old,breakout,3,46802,3.0
CoRe-WM old,breakout,3,47143,9.0
CoRe-WM old,breakout,3,47388,3.0
CoRe-WM old,breakout,3,47663,4.0
CoRe-WM old,breakout,3,48120,12.0
CoRe-WM old,breakout,3,48423,4.0
CoRe-WM old,breakout,3,48604,2.0
CoRe-WM old,breakout,3,48969,5.0
CoRe-WM old,breakout,3,49306,5.0
CoRe-WM old,breakout,3,49582,4.0
CoRe-WM old,breakout,3,49869,4.0
CoRe-WM old,breakout,3,50234,5.0
CoRe-WM old,breakout,3,50628,6.0
CoRe-WM old,breakout,3,50839,3.0
CoRe-WM old,breakout,3,51253,11.0
CoRe-WM old,breakout,3,51464,3.0
CoRe-WM old,breakout,3,51773,5.0
CoRe-WM old,breakout,3,51926,1.0
CoRe-WM old,breakout,3,52191,4.0
CoRe-WM old,breakout,3,52421,3.0
CoRe-WM old,breakout,3,52634,3.0
CoRe-WM old,breakout,3,52861,3.0
CoRe-WM old,breakout,3,53081,2.0
CoRe-WM old,breakout,3,53279,2.0
CoRe-WM old,breakout,3,53459,2.0
CoRe-WM old,breakout,3,53744,5.0
CoRe-WM old,breakout,3,53965,2.0
CoRe-WM old,breakout,3,54145,2.0
CoRe-WM old,breakout,3,54403,4.0
CoRe-WM old,breakout,3,54700,4.0
CoRe-WM old,breakout,3,54882,2.0
CoRe-WM old,breakout,3,55166,5.0
CoRe-WM old,breakout,3,55393,3.0
CoRe-WM old,breakout,3,55544,1.0
CoRe-WM old,breakout,3,55696,1.0
CoRe-WM old,breakout,3,55927,3.0
CoRe-WM old,breakout,3,56078,1.0
CoRe-WM old,breakout,3,56259,2.0
CoRe-WM old,breakout,3,56440,2.0
CoRe-WM old,breakout,3,56840,7.0
CoRe-WM old,breakout,3,57075,2.0
CoRe-WM old,breakout,3,57257,2.0
CoRe-WM old,breakout,3,57616,6.0
CoRe-WM old,breakout,3,57876,4.0
CoRe-WM old,breakout,3,58153,4.0
CoRe-WM old,breakout,3,58304,1.0
CoRe-WM old,breakout,3,58722,6.0
CoRe-WM old,breakout,3,59125,12.0
CoRe-WM old,breakout,3,59305,2.0
CoRe-WM old,breakout,3,59606,5.0
CoRe-WM old,breakout,3,59833,3.0
CoRe-WM old,breakout,3,60225,10.0
CoRe-WM old,breakout,3,60506,5.0
CoRe-WM old,breakout,3,60851,6.0
CoRe-WM old,breakout,3,61177,5.0
CoRe-WM old,breakout,3,61410,3.0
CoRe-WM old,breakout,3,61630,2.0
CoRe-WM old,breakout,3,61812,2.0
CoRe-WM old,breakout,3,61994,2.0
CoRe-WM old,breakout,3,62277,5.0
CoRe-WM old,breakout,3,62582,5.0
CoRe-WM old,breakout,3,62934,6.0
CoRe-WM old,breakout,3,63235,5.0
CoRe-WM old,breakout,3,63693,16.0
CoRe-WM old,breakout,3,63876,2.0
CoRe-WM old,breakout,3,64341,16.0
CoRe-WM old,breakout,3,64552,3.0
CoRe-WM old,breakout,3,65076,10.0
CoRe-WM old,breakout,3,65246,1.0
CoRe-WM old,breakout,3,65620,7.0
CoRe-WM old,breakout,3,65878,4.0
CoRe-WM old,breakout,3,66317,9.0
CoRe-WM old,breakout,3,66615,5.0
CoRe-WM old,breakout,3,67215,18.0
CoRe-WM old,breakout,3,67528,6.0
CoRe-WM old,breakout,3,67995,9.0
CoRe-WM old,breakout,3,68344,5.0
CoRe-WM old,breakout,3,68901,11.0
CoRe-WM old,breakout,3,69215,6.0
CoRe-WM old,breakout,3,69486,4.0
CoRe-WM old,breakout,3,69856,3.0
CoRe-WM old,breakout,3,70092,3.0
CoRe-WM old,breakout,3,70489,6.0
CoRe-WM old,breakout,3,70786,5.0
CoRe-WM old,breakout,3,71049,4.0
CoRe-WM old,breakout,3,71340,5.0
CoRe-WM old,breakout,3,71521,2.0
CoRe-WM old,breakout,3,71888,5.0
CoRe-WM old,breakout,3,72146,4.0
CoRe-WM old,breakout,3,72327,2.0
CoRe-WM old,breakout,3,72609,4.0
CoRe-WM old,breakout,3,72871,4.0
CoRe-WM old,breakout,3,73284,6.0
CoRe-WM old,breakout,3,73488,2.0
CoRe-WM old,breakout,3,73749,4.0
CoRe-WM old,breakout,3,74072,5.0
CoRe-WM old,breakout,3,74322,3.0
CoRe-WM old,breakout,3,74475,1.0
CoRe-WM old,breakout,3,74784,5.0
CoRe-WM old,breakout,3,75224,8.0
CoRe-WM old,breakout,3,75530,5.0
CoRe-WM old,breakout,3,75921,8.0
CoRe-WM old,breakout,3,76322,6.0
CoRe-WM old,breakout,3,76551,3.0
CoRe-WM old,breakout,3,76723,1.0
CoRe-WM old,breakout,3,77058,6.0
CoRe-WM old,breakout,3,77396,6.0
CoRe-WM old,breakout,3,77658,4.0
CoRe-WM old,breakout,3,78032,11.0
CoRe-WM old,breakout,3,78263,3.0
CoRe-WM old,breakout,3,78522,4.0
CoRe-WM old,breakout,3,78865,7.0
CoRe-WM old,breakout,3,79333,13.0
CoRe-WM old,breakout,3,79591,4.0
CoRe-WM old,breakout,3,79914,6.0
CoRe-WM old,breakout,3,80294,7.0
CoRe-WM old,breakout,3,80561,4.0
CoRe-WM old,breakout,3,80908,5.0
CoRe-WM old,breakout,3,81291,7.0
CoRe-WM old,breakout,3,81640,6.0
CoRe-WM old,breakout,3,81866,3.0
CoRe-WM old,breakout,3,82160,4.0
CoRe-WM old,breakout,3,82547,6.0
CoRe-WM old,breakout,3,82825,4.0
CoRe-WM old,breakout,3,83340,9.0
CoRe-WM old,breakout,3,83620,4.0
CoRe-WM old,breakout,3,83986,6.0
CoRe-WM old,breakout,3,84331,6.0
CoRe-WM old,breakout,3,84605,4.0
CoRe-WM old,breakout,3,84875,3.0
CoRe-WM old,breakout,3,85089,3.0
CoRe-WM old,breakout,3,85418,6.0
CoRe-WM old,breakout,3,85616,2.0
CoRe-WM old,breakout,3,85966,6.0
CoRe-WM old,breakout,3,86271,5.0
CoRe-WM old,breakout,3,86489,2.0
CoRe-WM old,breakout,3,86821,6.0
CoRe-WM old,breakout,3,87131,5.0
CoRe-WM old,breakout,3,87465,5.0
CoRe-WM old,breakout,3,87731,4.0
CoRe-WM old,breakout,3,87985,4.0
CoRe-WM old,breakout,3,88266,5.0
CoRe-WM old,breakout,3,88464,2.0
CoRe-WM old,breakout,3,88841,8.0
CoRe-WM old,breakout,3,89155,8.0
CoRe-WM old,breakout,3,89565,7.0
CoRe-WM old,breakout,3,89816,4.0
CoRe-WM old,breakout,3,90062,3.0
CoRe-WM old,breakout,3,90479,8.0
CoRe-WM old,breakout,3,90798,6.0
CoRe-WM old,breakout,3,91113,6.0
CoRe-WM old,breakout,3,91445,6.0
CoRe-WM old,breakout,3,91738,5.0
CoRe-WM old,breakout,3,92336,16.0
CoRe-WM old,breakout,3,92729,8.0
CoRe-WM old,breakout,3,93057,5.0
CoRe-WM old,breakout,3,93287,3.0
CoRe-WM old,breakout,3,93564,4.0
CoRe-WM old,breakout,3,93859,4.0
CoRe-WM old,breakout,3,94190,6.0
CoRe-WM old,breakout,3,94403,3.0
CoRe-WM old,breakout,3,94662,4.0
CoRe-WM old,breakout,3,94974,5.0
CoRe-WM old,breakout,3,95301,5.0
CoRe-WM old,breakout,3,95559,4.0
CoRe-WM old,breakout,3,95915,6.0
CoRe-WM old,breakout,3,96187,4.0
CoRe-WM old,breakout,3,96432,3.0
CoRe-WM old,breakout,3,96748,5.0
CoRe-WM old,breakout,3,97118,7.0
CoRe-WM old,breakout,3,97477,6.0
CoRe-WM old,breakout,3,97898,8.0
CoRe-WM old,breakout,3,98225,5.0
CoRe-WM old,breakout,3,98702,9.0
CoRe-WM old,breakout,3,98998,4.0
CoRe-WM old,breakout,3,99198,2.0
CoRe-WM old,breakout,3,99397,2.0
CoRe-WM old,breakout,3,99785,6.0
CoRe-WM old,breakout,4,256,3.0
CoRe-WM old,breakout,4,425,1.0
CoRe-WM old,breakout,4,568,0.0
CoRe-WM old,breakout,4,750,1.0
CoRe-WM old,breakout,4,887,0.0
CoRe-WM old,breakout,4,1094,2.0
CoRe-WM old,breakout,4,1223,0.0
CoRe-WM old,breakout,4,1358,0.0
CoRe-WM old,breakout,4,1499,0.0
CoRe-WM old,breakout,4,1684,1.0
CoRe-WM old,breakout,4,1914,2.0
CoRe-WM old,breakout,4,2064,0.0
CoRe-WM old,breakout,4,2198,0.0
CoRe-WM old,breakout,4,2485,3.0
CoRe-WM old,breakout,4,2618,0.0
CoRe-WM old,breakout,4,2747,0.0
CoRe-WM old,breakout,4,3013,3.0
CoRe-WM old,breakout,4,3189,1.0
CoRe-WM old,breakout,4,3374,1.0
CoRe-WM old,breakout,4,3530,1.0
CoRe-WM old,breakout,4,3745,2.0
CoRe-WM old,breakout,4,3873,0.0
CoRe-WM old,breakout,4,4090,2.0
CoRe-WM old,breakout,4,4235,0.0
CoRe-WM old,breakout,4,4416,1.0
CoRe-WM old,breakout,4,4677,3.0
CoRe-WM old,breakout,4,4856,1.0
CoRe-WM old,breakout,4,5033,1.0
CoRe-WM old,breakout,4,5163,0.0
CoRe-WM old,breakout,4,5413,3.0
CoRe-WM old,breakout,4,5639,2.0
CoRe-WM old,breakout,4,5805,1.0
CoRe-WM old,breakout,4,5933,0.0
CoRe-WM old,breakout,4,6108,1.0
CoRe-WM old,breakout,4,6288,1.0
CoRe-WM old,breakout,4,6494,2.0
CoRe-WM old,breakout,4,6618,0.0
CoRe-WM old,breakout,4,6871,3.0
CoRe-WM old,breakout,4,7070,2.0
CoRe-WM old,breakout,4,7233,1.0
CoRe-WM old,breakout,4,7359,0.0
CoRe-WM old,breakout,4,7497,0.0
CoRe-WM old,breakout,4,7619,0.0
CoRe-WM old,breakout,4,7743,0.0
CoRe-WM old,breakout,4,7941,2.0
CoRe-WM old,breakout,4,8296,5.0
CoRe-WM old,breakout,4,8432,0.0
CoRe-WM old,breakout,4,8685,3.0
CoRe-WM old,breakout,4,8809,0.0
CoRe-WM old,breakout,4,9755,4.0
CoRe-WM old,breakout,4,10546,2.0
CoRe-WM old,breakout,4,10978,0.0
CoRe-WM old,breakout,4,11105,0.0
CoRe-WM old,breakout,4,12096,0.0
CoRe-WM old,breakout,4,12375,3.0
CoRe-WM old,breakout,4,12681,1.0
CoRe-WM old,breakout,4,13004,2.0
CoRe-WM old,breakout,4,13310,0.0
CoRe-WM old,breakout,4,13972,4.0
CoRe-WM old,breakout,4,15341,0.0
CoRe-WM old,breakout,4,15853,0.0
CoRe-WM old,breakout,4,16787,0.0
CoRe-WM old,breakout,4,17574,0.0
CoRe-WM old,breakout,4,18110,2.0
CoRe-WM old,breakout,4,18964,0.0
CoRe-WM old,breakout,4,19286,3.0
CoRe-WM old,breakout,4,19413,0.0
CoRe-WM old,breakout,4,19934,2.0
CoRe-WM old,breakout,4,20191,2.0
CoRe-WM old,breakout,4,20790,0.0
CoRe-WM old,breakout,4,20988,2.0
CoRe-WM old,breakout,4,21334,1.0
CoRe-WM old,breakout,4,22089,0.0
CoRe-WM old,breakout,4,22224,0.0
CoRe-WM old,breakout,4,22835,3.0
CoRe-WM old,breakout,4,23418,3.0
CoRe-WM old,breakout,4,24320,4.0
CoRe-WM old,breakout,4,24442,0.0
CoRe-WM old,breakout,4,24576,0.0
CoRe-WM old,breakout,4,25246,0.0
CoRe-WM old,breakout,4,26154,2.0
CoRe-WM old,breakout,4,26501,2.0
CoRe-WM old,breakout,4,26830,2.0
CoRe-WM old,breakout,4,27131,2.0
CoRe-WM old,breakout,4,27256,0.0
CoRe-WM old,breakout,4,27478,2.0
CoRe-WM old,breakout,4,27680,2.0
CoRe-WM old,breakout,4,28399,6.0
CoRe-WM old,breakout,4,29089,3.0
CoRe-WM old,breakout,4,31333,9.0
CoRe-WM old,breakout,4,32254,5.0
CoRe-WM old,breakout,4,33286,2.0
CoRe-WM old,breakout,4,33483,2.0
CoRe-WM old,breakout,4,34379,2.0
CoRe-WM old,breakout,4,35899,6.0
CoRe-WM old,breakout,4,36159,2.0
CoRe-WM old,breakout,4,36499,3.0
CoRe-WM old,breakout,4,38509,4.0
CoRe-WM old,breakout,4,38988,3.0
CoRe-WM old,breakout,4,39546,2.0
CoRe-WM old,breakout,4,39745,2.0
CoRe-WM old,breakout,4,40021,3.0
CoRe-WM old,breakout,4,40392,4.0
CoRe-WM old,breakout,4,40734,4.0
CoRe-WM old,breakout,4,40931,2.0
CoRe-WM old,breakout,4,41054,0.0
CoRe-WM old,breakout,4,41277,2.0
CoRe-WM old,breakout,4,41743,3.0
CoRe-WM old,breakout,4,42489,3.0
CoRe-WM old,breakout,4,43013,4.0
CoRe-WM old,breakout,4,44140,4.0
CoRe-WM old,breakout,4,44632,4.0
CoRe-WM old,breakout,4,45234,4.0
CoRe-WM old,breakout,4,45621,2.0
CoRe-WM old,breakout,4,45848,3.0
CoRe-WM old,breakout,4,46045,2.0
CoRe-WM old,breakout,4,46503,2.0
CoRe-WM old,breakout,4,46798,3.0
CoRe-WM old,breakout,4,47590,4.0
CoRe-WM old,breakout,4,47943,4.0
CoRe-WM old,breakout,4,48143,2.0
CoRe-WM old,breakout,4,48520,3.0
CoRe-WM old,breakout,4,48827,4.0
CoRe-WM old,breakout,4,49072,3.0
CoRe-WM old,breakout,4,49272,2.0
CoRe-WM old,breakout,4,49854,2.0
CoRe-WM old,breakout,4,50195,4.0
CoRe-WM old,breakout,4,50601,4.0
CoRe-WM old,breakout,4,51062,2.0
CoRe-WM old,breakout,4,51290,3.0
CoRe-WM old,breakout,4,53066,5.0
CoRe-WM old,breakout,4,54087,4.0
CoRe-WM old,breakout,4,54627,5.0
CoRe-WM old,breakout,4,55068,5.0
CoRe-WM old,breakout,4,56386,5.0
CoRe-WM old,breakout,4,56741,4.0
CoRe-WM old,breakout,4,57765,5.0
CoRe-WM old,breakout,4,58096,4.0
CoRe-WM old,breakout,4,58759,4.0
CoRe-WM old,breakout,4,59030,4.0
CoRe-WM old,breakout,4,59263,3.0
CoRe-WM old,breakout,4,59589,4.0
CoRe-WM old,breakout,4,59942,5.0
CoRe-WM old,breakout,4,60334,5.0
CoRe-WM old,breakout,4,60854,4.0
CoRe-WM old,breakout,4,61369,5.0
CoRe-WM old,breakout,4,61685,5.0
CoRe-WM old,breakout,4,61987,4.0
CoRe-WM old,breakout,4,62116,0.0
CoRe-WM old,breakout,4,62469,6.0
CoRe-WM old,breakout,4,62929,5.0
CoRe-WM old,breakout,4,63291,6.0
CoRe-WM old,breakout,4,63747,7.0
CoRe-WM old,breakout,4,64235,7.0
CoRe-WM old,breakout,4,64576,6.0
CoRe-WM old,breakout,4,65072,5.0
CoRe-WM old,breakout,4,65376,4.0
CoRe-WM old,breakout,4,65744,6.0
CoRe-WM old,breakout,4,66110,6.0
CoRe-WM old,breakout,4,66415,5.0
CoRe-WM old,breakout,4,66791,4.0
CoRe-WM old,breakout,4,67088,4.0
CoRe-WM old,breakout,4,67556,5.0
CoRe-WM old,breakout,4,67874,5.0
CoRe-WM old,breakout,4,68322,7.0
CoRe-WM old,breakout,4,68730,7.0
CoRe-WM old,breakout,4,69042,5.0
CoRe-WM old,breakout,4,69439,7.0
CoRe-WM old,breakout,4,69756,4.0
CoRe-WM old,breakout,4,70026,4.0
CoRe-WM old,breakout,4,70580,5.0
CoRe-WM old,breakout,4,70907,4.0
CoRe-WM old,breakout,4,71773,4.0
CoRe-WM old,breakout,4,72169,4.0
CoRe-WM old,breakout,4,72587,7.0
CoRe-WM old,breakout,4,72962,6.0
CoRe-WM old,breakout,4,73390,6.0
CoRe-WM old,breakout,4,73731,6.0
CoRe-WM old,breakout,4,74063,5.0
CoRe-WM old,breakout,4,74429,6.0
CoRe-WM old,breakout,4,74795,6.0
CoRe-WM old,breakout,4,75162,6.0
CoRe-WM old,breakout,4,75649,6.0
CoRe-WM old,breakout,4,76218,4.0
CoRe-WM old,breakout,4,76543,5.0
CoRe-WM old,breakout,4,77001,5.0
CoRe-WM old,breakout,4,77288,4.0
CoRe-WM old,breakout,4,77605,5.0
CoRe-WM old,breakout,4,77922,5.0
CoRe-WM old,breakout,4,78291,6.0
CoRe-WM old,breakout,4,78640,6.0
CoRe-WM old,breakout,4,79020,5.0
CoRe-WM old,breakout,4,79294,4.0
CoRe-WM old,breakout,4,79799,6.0
CoRe-WM old,breakout,4,80118,5.0
CoRe-WM old,breakout,4,80483,6.0
CoRe-WM old,breakout,4,81168,16.0
CoRe-WM old,breakout,4,81438,4.0
CoRe-WM old,breakout,4,81709,4.0
CoRe-WM old,breakout,4,82076,6.0
CoRe-WM old,breakout,4,82471,7.0
CoRe-WM old,breakout,4,82863,5.0
CoRe-WM old,breakout,4,83205,6.0
CoRe-WM old,breakout,4,83551,4.0
CoRe-WM old,breakout,4,83819,4.0
CoRe-WM old,breakout,4,84343,7.0
CoRe-WM old,breakout,4,84743,5.0
CoRe-WM old,breakout,4,85119,6.0
CoRe-WM old,breakout,4,85615,3.0
CoRe-WM old,breakout,4,85960,6.0
CoRe-WM old,breakout,4,86336,7.0
CoRe-WM old,breakout,4,86702,6.0
CoRe-WM old,breakout,4,87019,5.0
CoRe-WM old,breakout,4,87386,6.0
CoRe-WM old,breakout,4,87950,13.0
CoRe-WM old,breakout,4,88266,5.0
CoRe-WM old,breakout,4,88632,6.0
CoRe-WM old,breakout,4,89000,6.0
CoRe-WM old,breakout,4,89317,5.0
CoRe-WM old,breakout,4,90539,7.0
CoRe-WM old,breakout,4,90859,5.0
CoRe-WM old,breakout,4,91226,6.0
CoRe-WM old,breakout,4,91594,6.0
CoRe-WM old,breakout,4,92566,7.0
CoRe-WM old,breakout,4,92883,5.0
CoRe-WM old,breakout,4,93250,6.0
CoRe-WM old,breakout,4,93616,6.0
CoRe-WM old,breakout,4,94045,8.0
CoRe-WM old,breakout,4,94555,6.0
CoRe-WM old,breakout,4,94921,6.0
CoRe-WM old,breakout,4,95643,5.0
CoRe-WM old,breakout,4,96009,6.0
CoRe-WM old,breakout,4,96456,8.0
CoRe-WM old,breakout,4,96822,6.0
CoRe-WM old,breakout,4,97090,4.0
CoRe-WM old,breakout,4,97485,7.0
CoRe-WM old,breakout,4,98067,7.0
CoRe-WM old,breakout,4,98462,7.0
CoRe-WM old,breakout,4,98825,4.0
CoRe-WM old,chopper_command,0,721,1000.0
CoRe-WM old,chopper_command,0,2545,1100.0
CoRe-WM old,chopper_command,0,3285,500.0
CoRe-WM old,chopper_command,0,5143,900.0
CoRe-WM old,chopper_command,0,5784,700.0
CoRe-WM old,chopper_command,0,6757,900.0
CoRe-WM old,chopper_command,0,7932,700.0
CoRe-WM old,chopper_command,0,8649,900.0
CoRe-WM old,chopper_command,0,10494,1000.0
CoRe-WM old,chopper_command,0,11109,800.0
CoRe-WM old,chopper_command,0,12394,600.0
CoRe-WM old,chopper_command,0,13034,500.0
CoRe-WM old,chopper_command,0,13894,800.0
CoRe-WM old,chopper_command,0,17389,1400.0
CoRe-WM old,chopper_command,0,18138,600.0
CoRe-WM old,chopper_command,0,18507,600.0
CoRe-WM old,chopper_command,0,18930,700.0
CoRe-WM old,chopper_command,0,19274,400.0
CoRe-WM old,chopper_command,0,19601,400.0
CoRe-WM old,chopper_command,0,19952,300.0
CoRe-WM old,chopper_command,0,20277,100.0
CoRe-WM old,chopper_command,0,20678,0.0
CoRe-WM old,chopper_command,0,21147,800.0
CoRe-WM old,chopper_command,0,22405,1300.0
CoRe-WM old,chopper_command,0,23512,1300.0
CoRe-WM old,chopper_command,0,24053,500.0
CoRe-WM old,chopper_command,0,24582,400.0
CoRe-WM old,chopper_command,0,24958,500.0
CoRe-WM old,chopper_command,0,25364,700.0
CoRe-WM old,chopper_command,0,25883,500.0
CoRe-WM old,chopper_command,0,26256,400.0
CoRe-WM old,chopper_command,0,27197,600.0
CoRe-WM old,chopper_command,0,27526,800.0
CoRe-WM old,chopper_command,0,28380,700.0
CoRe-WM old,chopper_command,0,28690,500.0
CoRe-WM old,chopper_command,0,29156,600.0
CoRe-WM old,chopper_command,0,29842,600.0
CoRe-WM old,chopper_command,0,30639,500.0
CoRe-WM old,chopper_command,0,31109,500.0
CoRe-WM old,chopper_command,0,31736,700.0
CoRe-WM old,chopper_command,0,32152,200.0
CoRe-WM old,chopper_command,0,32619,400.0
CoRe-WM old,chopper_command,0,32956,200.0
CoRe-WM old,chopper_command,0,33402,300.0
CoRe-WM old,chopper_command,0,33840,600.0
CoRe-WM old,chopper_command,0,34151,300.0
CoRe-WM old,chopper_command,0,34407,400.0
CoRe-WM old,chopper_command,0,34777,900.0
CoRe-WM old,chopper_command,0,35328,1000.0
CoRe-WM old,chopper_command,0,35759,1200.0
CoRe-WM old,chopper_command,0,36042,600.0
CoRe-WM old,chopper_command,0,36401,500.0
CoRe-WM old,chopper_command,0,37008,1000.0
CoRe-WM old,chopper_command,0,37618,1300.0
CoRe-WM old,chopper_command,0,38867,1100.0
CoRe-WM old,chopper_command,0,39689,800.0
CoRe-WM old,chopper_command,0,40293,1200.0
CoRe-WM old,chopper_command,0,40713,900.0
CoRe-WM old,chopper_command,0,41386,700.0
CoRe-WM old,chopper_command,0,41889,800.0
CoRe-WM old,chopper_command,0,42698,1100.0
CoRe-WM old,chopper_command,0,44377,2600.0
CoRe-WM old,chopper_command,0,47413,1600.0
CoRe-WM old,chopper_command,0,47846,800.0
CoRe-WM old,chopper_command,0,48248,900.0
CoRe-WM old,chopper_command,0,50723,1700.0
CoRe-WM old,chopper_command,0,51519,800.0
CoRe-WM old,chopper_command,0,51929,600.0
CoRe-WM old,chopper_command,0,52436,900.0
CoRe-WM old,chopper_command,0,52960,1100.0
CoRe-WM old,chopper_command,0,53581,1100.0
CoRe-WM old,chopper_command,0,54494,1300.0
CoRe-WM old,chopper_command,0,54962,900.0
CoRe-WM old,chopper_command,0,55465,1000.0
CoRe-WM old,chopper_command,0,56468,1000.0
CoRe-WM old,chopper_command,0,56923,800.0
CoRe-WM old,chopper_command,0,57274,800.0
CoRe-WM old,chopper_command,0,57794,1200.0
CoRe-WM old,chopper_command,0,58611,1000.0
CoRe-WM old,chopper_command,0,59670,1200.0
CoRe-WM old,chopper_command,0,60092,700.0
CoRe-WM old,chopper_command,0,60964,1000.0
CoRe-WM old,chopper_command,0,61694,1100.0
CoRe-WM old,chopper_command,0,61913,600.0
CoRe-WM old,chopper_command,0,62646,1400.0
CoRe-WM old,chopper_command,0,63359,1400.0
CoRe-WM old,chopper_command,0,63763,1100.0
CoRe-WM old,chopper_command,0,64792,1700.0
CoRe-WM old,chopper_command,0,65319,900.0
CoRe-WM old,chopper_command,0,65588,800.0
CoRe-WM old,chopper_command,0,66080,1100.0
CoRe-WM old,chopper_command,0,66446,700.0
CoRe-WM old,chopper_command,0,67033,1200.0
CoRe-WM old,chopper_command,0,67414,1100.0
CoRe-WM old,chopper_command,0,68060,1300.0
CoRe-WM old,chopper_command,0,69046,1000.0
CoRe-WM old,chopper_command,0,69744,800.0
CoRe-WM old,chopper_command,0,70579,1400.0
CoRe-WM old,chopper_command,0,70816,600.0
CoRe-WM old,chopper_command,0,71655,1000.0
CoRe-WM old,chopper_command,0,73184,1000.0
CoRe-WM old,chopper_command,0,73675,1000.0
CoRe-WM old,chopper_command,0,74355,1700.0
CoRe-WM old,chopper_command,0,74725,1200.0
CoRe-WM old,chopper_command,0,75011,700.0
CoRe-WM old,chopper_command,0,75581,1000.0
CoRe-WM old,chopper_command,0,75834,700.0
CoRe-WM old,chopper_command,0,76446,1300.0
CoRe-WM old,chopper_command,0,76992,1300.0
CoRe-WM old,chopper_command,0,77457,1000.0
CoRe-WM old,chopper_command,0,78405,1400.0
CoRe-WM old,chopper_command,0,78831,1500.0
CoRe-WM old,chopper_command,0,79418,1200.0
CoRe-WM old,chopper_command,0,79675,700.0
CoRe-WM old,chopper_command,0,80132,1200.0
CoRe-WM old,chopper_command,0,80375,700.0
CoRe-WM old,chopper_command,0,81152,1400.0
CoRe-WM old,chopper_command,0,81565,800.0
CoRe-WM old,chopper_command,0,82279,1400.0
CoRe-WM old,chopper_command,0,82871,1800.0
CoRe-WM old,chopper_command,0,83975,1600.0
CoRe-WM old,chopper_command,0,84300,600.0
CoRe-WM old,chopper_command,0,84646,1200.0
CoRe-WM old,chopper_command,0,85084,1300.0
CoRe-WM old,chopper_command,0,85637,900.0
CoRe-WM old,chopper_command,0,86427,1000.0
CoRe-WM old,chopper_command,0,87078,1400.0
CoRe-WM old,chopper_command,0,87736,900.0
CoRe-WM old,chopper_command,0,89159,1500.0
CoRe-WM old,chopper_command,0,89700,1100.0
CoRe-WM old,chopper_command,0,91206,1500.0
CoRe-WM old,chopper_command,0,91836,1400.0
CoRe-WM old,chopper_command,0,92622,1700.0
CoRe-WM old,chopper_command,0,93083,1100.0
CoRe-WM old,chopper_command,0,93482,500.0
CoRe-WM old,chopper_command,0,94019,900.0
CoRe-WM old,chopper_command,0,95657,3000.0
CoRe-WM old,chopper_command,0,97031,1300.0
CoRe-WM old,chopper_command,0,97922,2700.0
CoRe-WM old,chopper_command,0,98382,900.0
CoRe-WM old,chopper_command,0,98906,1200.0
CoRe-WM old,chopper_command,0,99441,1100.0
CoRe-WM old,chopper_command,1,478,200.0
CoRe-WM old,chopper_command,1,1682,800.0
CoRe-WM old,chopper_command,1,3714,800.0
CoRe-WM old,chopper_command,1,4444,700.0
CoRe-WM old,chopper_command,1,6075,1300.0
CoRe-WM old,chopper_command,1,6782,500.0
CoRe-WM old,chopper_command,1,10758,900.0
CoRe-WM old,chopper_command,1,11305,900.0
CoRe-WM old,chopper_command,1,11811,500.0
CoRe-WM old,chopper_command,1,12156,600.0
CoRe-WM old,chopper_command,1,12483,900.0
CoRe-WM old,chopper_command,1,12805,1200.0
CoRe-WM old,chopper_command,1,13146,700.0
CoRe-WM old,chopper_command,1,15251,1000.0
CoRe-WM old,chopper_command,1,16154,800.0
CoRe-WM old,chopper_command,1,16588,400.0
CoRe-WM old,chopper_command,1,17223,1000.0
CoRe-WM old,chopper_command,1,17649,600.0
CoRe-WM old,chopper_command,1,18135,200.0
CoRe-WM old,chopper_command,1,18526,300.0
CoRe-WM old,chopper_command,1,18905,0.0
CoRe-WM old,chopper_command,1,19761,400.0
CoRe-WM old,chopper_command,1,20326,500.0
CoRe-WM old,chopper_command,1,21015,1000.0
CoRe-WM old,chopper_command,1,21568,1000.0
CoRe-WM old,chopper_command,1,22384,1100.0
CoRe-WM old,chopper_command,1,23088,1000.0
CoRe-WM old,chopper_command,1,23434,400.0
CoRe-WM old,chopper_command,1,23746,800.0
CoRe-WM old,chopper_command,1,24400,900.0
CoRe-WM old,chopper_command,1,24714,800.0
CoRe-WM old,chopper_command,1,24949,400.0
CoRe-WM old,chopper_command,1,25133,400.0
CoRe-WM old,chopper_command,1,25370,600.0
CoRe-WM old,chopper_command,1,25617,600.0
CoRe-WM old,chopper_command,1,25970,500.0
CoRe-WM old,chopper_command,1,27136,1100.0
CoRe-WM old,chopper_command,1,27652,700.0
CoRe-WM old,chopper_command,1,27924,300.0
CoRe-WM old,chopper_command,1,28768,1200.0
CoRe-WM old,chopper_command,1,29008,500.0
CoRe-WM old,chopper_command,1,29320,800.0
CoRe-WM old,chopper_command,1,30398,1000.0
CoRe-WM old,chopper_command,1,30689,700.0
CoRe-WM old,chopper_command,1,31030,600.0
CoRe-WM old,chopper_command,1,31706,800.0
CoRe-WM old,chopper_command,1,32166,800.0
CoRe-WM old,chopper_command,1,32770,900.0
CoRe-WM old,chopper_command,1,33328,600.0
CoRe-WM old,chopper_command,1,33841,400.0
CoRe-WM old,chopper_command,1,34330,500.0
CoRe-WM old,chopper_command,1,34839,600.0
CoRe-WM old,chopper_command,1,35463,1000.0
CoRe-WM old,chopper_command,1,35857,700.0
CoRe-WM old,chopper_command,1,36650,800.0
CoRe-WM old,chopper_command,1,37216,700.0
CoRe-WM old,chopper_command,1,39407,1100.0
CoRe-WM old,chopper_command,1,39865,800.0
CoRe-WM old,chopper_command,1,40254,700.0
CoRe-WM old,chopper_command,1,40744,1000.0
CoRe-WM old,chopper_command,1,41173,500.0
CoRe-WM old,chopper_command,1,41470,700.0
CoRe-WM old,chopper_command,1,43866,1000.0
CoRe-WM old,chopper_command,1,44313,700.0
CoRe-WM old,chopper_command,1,44640,600.0
CoRe-WM old,chopper_command,1,44937,800.0
CoRe-WM old,chopper_command,1,45554,700.0
CoRe-WM old,chopper_command,1,45902,800.0
CoRe-WM old,chopper_command,1,46446,600.0
CoRe-WM old,chopper_command,1,46709,500.0
CoRe-WM old,chopper_command,1,46974,600.0
CoRe-WM old,chopper_command,1,47509,700.0
CoRe-WM old,chopper_command,1,47813,600.0
CoRe-WM old,chopper_command,1,48091,700.0
CoRe-WM old,chopper_command,1,48643,500.0
CoRe-WM old,chopper_command,1,49552,700.0
CoRe-WM old,chopper_command,1,49831,400.0
CoRe-WM old,chopper_command,1,50054,600.0
CoRe-WM old,chopper_command,1,50321,800.0
CoRe-WM old,chopper_command,1,50552,500.0
CoRe-WM old,chopper_command,1,50841,700.0
CoRe-WM old,chopper_command,1,51176,800.0
CoRe-WM old,chopper_command,1,51812,700.0
CoRe-WM old,chopper_command,1,52443,800.0
CoRe-WM old,chopper_command,1,52698,500.0
CoRe-WM old,chopper_command,1,53564,1000.0
CoRe-WM old,chopper_command,1,53986,1100.0
CoRe-WM old,chopper_command,1,54895,1000.0
CoRe-WM old,chopper_command,1,55150,700.0
CoRe-WM old,chopper_command,1,55481,600.0
CoRe-WM old,chopper_command,1,56217,900.0
CoRe-WM old,chopper_command,1,56513,700.0
CoRe-WM old,chopper_command,1,57136,700.0
CoRe-WM old,chopper_command,1,57527,700.0
CoRe-WM old,chopper_command,1,57957,800.0
CoRe-WM old,chopper_command,1,58203,500.0
CoRe-WM old,chopper_command,1,59411,1400.0
CoRe-WM old,chopper_command,1,59741,700.0
CoRe-WM old,chopper_command,1,60959,1200.0
CoRe-WM old,chopper_command,1,61239,700.0
CoRe-WM old,chopper_command,1,61853,800.0
CoRe-WM old,chopper_command,1,62443,1100.0
CoRe-WM old,chopper_command,1,62725,800.0
CoRe-WM old,chopper_command,1,63534,1200.0
CoRe-WM old,chopper_command,1,63831,700.0
CoRe-WM old,chopper_command,1,64218,1100.0
CoRe-WM old,chopper_command,1,64674,900.0
CoRe-WM old,chopper_command,1,65519,1000.0
CoRe-WM old,chopper_command,1,66058,1100.0
CoRe-WM old,chopper_command,1,66757,900.0
CoRe-WM old,chopper_command,1,67171,900.0
CoRe-WM old,chopper_command,1,67878,1100.0
CoRe-WM old,chopper_command,1,68153,600.0
CoRe-WM old,chopper_command,1,68750,800.0
CoRe-WM old,chopper_command,1,70442,1400.0
CoRe-WM old,chopper_command,1,70826,1400.0
CoRe-WM old,chopper_command,1,71159,800.0
CoRe-WM old,chopper_command,1,72018,900.0
CoRe-WM old,chopper_command,1,73053,1100.0
CoRe-WM old,chopper_command,1,73626,1000.0
CoRe-WM old,chopper_command,1,73896,600.0
CoRe-WM old,chopper_command,1,74407,1200.0
CoRe-WM old,chopper_command,1,74743,900.0
CoRe-WM old,chopper_command,1,75288,1000.0
CoRe-WM old,chopper_command,1,75738,1200.0
CoRe-WM old,chopper_command,1,76036,700.0
CoRe-WM old,chopper_command,1,76442,800.0
CoRe-WM old,chopper_command,1,76769,800.0
CoRe-WM old,chopper_command,1,77250,900.0
CoRe-WM old,chopper_command,1,77694,600.0
CoRe-WM old,chopper_command,1,77927,600.0
CoRe-WM old,chopper_command,1,78521,900.0
CoRe-WM old,chopper_command,1,79160,1100.0
CoRe-WM old,chopper_command,1,80175,1100.0
CoRe-WM old,chopper_command,1,80523,600.0
CoRe-WM old,chopper_command,1,81048,1000.0
CoRe-WM old,chopper_command,1,81760,1300.0
CoRe-WM old,chopper_command,1,82224,1100.0
CoRe-WM old,chopper_command,1,82753,800.0
CoRe-WM old,chopper_command,1,83607,900.0
CoRe-WM old,chopper_command,1,83936,1100.0
CoRe-WM old,chopper_command,1,84739,900.0
CoRe-WM old,chopper_command,1,84972,700.0
CoRe-WM old,chopper_command,1,85306,1200.0
CoRe-WM old,chopper_command,1,85507,700.0
CoRe-WM old,chopper_command,1,85766,1000.0
CoRe-WM old,chopper_command,1,86213,1100.0
CoRe-WM old,chopper_command,1,86417,600.0
CoRe-WM old,chopper_command,1,86651,900.0
CoRe-WM old,chopper_command,1,86850,700.0
CoRe-WM old,chopper_command,1,87096,400.0
CoRe-WM old,chopper_command,1,87557,400.0
CoRe-WM old,chopper_command,1,88145,1400.0
CoRe-WM old,chopper_command,1,89528,1300.0
CoRe-WM old,chopper_command,1,89722,700.0
CoRe-WM old,chopper_command,1,89979,600.0
CoRe-WM old,chopper_command,1,90210,800.0
CoRe-WM old,chopper_command,1,90455,800.0
CoRe-WM old,chopper_command,1,90647,800.0
CoRe-WM old,chopper_command,1,92019,2300.0
CoRe-WM old,chopper_command,1,92369,900.0
CoRe-WM old,chopper_command,1,92612,400.0
CoRe-WM old,chopper_command,1,92795,200.0
CoRe-WM old,chopper_command,1,93895,1500.0
CoRe-WM old,chopper_command,1,94264,700.0
CoRe-WM old,chopper_command,1,94703,1600.0
CoRe-WM old,chopper_command,1,94925,300.0
CoRe-WM old,chopper_command,1,95107,300.0
CoRe-WM old,chopper_command,1,95325,300.0
CoRe-WM old,chopper_command,1,95736,900.0
CoRe-WM old,chopper_command,1,95986,700.0
CoRe-WM old,chopper_command,1,96292,1000.0
CoRe-WM old,chopper_command,1,96611,800.0
CoRe-WM old,chopper_command,1,97042,600.0
CoRe-WM old,chopper_command,1,97309,800.0
CoRe-WM old,chopper_command,1,97504,200.0
CoRe-WM old,chopper_command,1,98048,1300.0
CoRe-WM old,chopper_command,1,98390,800.0
CoRe-WM old,chopper_command,1,99257,1700.0
CoRe-WM old,chopper_command,1,99450,500.0
CoRe-WM old,chopper_command,1,99976,1100.0
CoRe-WM old,chopper_command,2,621,700.0
CoRe-WM old,chopper_command,2,1626,700.0
CoRe-WM old,chopper_command,2,3182,1500.0
CoRe-WM old,chopper_command,2,6679,1400.0
CoRe-WM old,chopper_command,2,7265,700.0
CoRe-WM old,chopper_command,2,7909,400.0
CoRe-WM old,chopper_command,2,8838,600.0
CoRe-WM old,chopper_command,2,9490,700.0
CoRe-WM old,chopper_command,2,10118,1100.0
CoRe-WM old,chopper_command,2,10676,600.0
CoRe-WM old,chopper_command,2,11264,600.0
CoRe-WM old,chopper_command,2,11796,700.0
CoRe-WM old,chopper_command,2,12289,800.0
CoRe-WM old,chopper_command,2,12977,800.0
CoRe-WM old,chopper_command,2,13869,600.0
CoRe-WM old,chopper_command,2,16080,1300.0
CoRe-WM old,chopper_command,2,16675,600.0
CoRe-WM old,chopper_command,2,17339,1000.0
CoRe-WM old,chopper_command,2,17910,400.0
CoRe-WM old,chopper_command,2,18388,500.0
CoRe-WM old,chopper_command,2,18982,300.0
CoRe-WM old,chopper_command,2,19452,600.0
CoRe-WM old,chopper_command,2,20289,700.0
CoRe-WM old,chopper_command,2,20952,1100.0
CoRe-WM old,chopper_command,2,21673,1300.0
CoRe-WM old,chopper_command,2,22506,600.0
CoRe-WM old,chopper_command,2,23342,800.0
CoRe-WM old,chopper_command,2,23693,500.0
CoRe-WM old,chopper_command,2,24204,400.0
CoRe-WM old,chopper_command,2,24840,800.0
CoRe-WM old,chopper_command,2,25231,800.0
CoRe-WM old,chopper_command,2,25863,600.0
CoRe-WM old,chopper_command,2,26184,500.0
CoRe-WM old,chopper_command,2,27640,1100.0
CoRe-WM old,chopper_command,2,28451,700.0
CoRe-WM old,chopper_command,2,29181,1300.0
CoRe-WM old,chopper_command,2,29486,600.0
CoRe-WM old,chopper_command,2,29735,700.0
CoRe-WM old,chopper_command,2,31008,900.0
CoRe-WM old,chopper_command,2,31918,900.0
CoRe-WM old,chopper_command,2,32960,700.0
CoRe-WM old,chopper_command,2,33814,800.0
CoRe-WM old,chopper_command,2,34743,700.0
CoRe-WM old,chopper_command,2,35516,900.0
CoRe-WM old,chopper_command,2,36509,800.0
CoRe-WM old,chopper_command,2,37547,1000.0
CoRe-WM old,chopper_command,2,38003,700.0
CoRe-WM old,chopper_command,2,38378,800.0
CoRe-WM old,chopper_command,2,38763,300.0
CoRe-WM old,chopper_command,2,39864,500.0
CoRe-WM old,chopper_command,2,40321,800.0
CoRe-WM old,chopper_command,2,40820,900.0
CoRe-WM old,chopper_command,2,41357,600.0
CoRe-WM old,chopper_command,2,41711,500.0
CoRe-WM old,chopper_command,2,41950,400.0
CoRe-WM old,chopper_command,2,42182,200.0
CoRe-WM old,chopper_command,2,42890,600.0
CoRe-WM old,chopper_command,2,43837,1000.0
CoRe-WM old,chopper_command,2,44405,1400.0
CoRe-WM old,chopper_command,2,44764,500.0
CoRe-WM old,chopper_command,2,45189,300.0
CoRe-WM old,chopper_command,2,45385,300.0
CoRe-WM old,chopper_command,2,45827,300.0
CoRe-WM old,chopper_command,2,46160,400.0
CoRe-WM old,chopper_command,2,46457,300.0
CoRe-WM old,chopper_command,2,47091,1000.0
CoRe-WM old,chopper_command,2,48372,1100.0
CoRe-WM old,chopper_command,2,48862,1000.0
CoRe-WM old,chopper_command,2,49100,500.0
CoRe-WM old,chopper_command,2,49520,1100.0
CoRe-WM old,chopper_command,2,50016,800.0
CoRe-WM old,chopper_command,2,50412,700.0
CoRe-WM old,chopper_command,2,50607,300.0
CoRe-WM old,chopper_command,2,51031,1000.0
CoRe-WM old,chopper_command,2,51643,800.0
CoRe-WM old,chopper_command,2,52400,1400.0
CoRe-WM old,chopper_command,2,53499,1000.0
CoRe-WM old,chopper_command,2,53848,700.0
CoRe-WM old,chopper_command,2,54250,700.0
CoRe-WM old,chopper_command,2,55009,1000.0
CoRe-WM old,chopper_command,2,55539,1000.0
CoRe-WM old,chopper_command,2,56132,800.0
CoRe-WM old,chopper_command,2,56533,1100.0
CoRe-WM old,chopper_command,2,57438,1200.0
CoRe-WM old,chopper_command,2,57769,900.0
CoRe-WM old,chopper_command,2,58058,700.0
CoRe-WM old,chopper_command,2,58682,1300.0
CoRe-WM old,chopper_command,2,59276,1100.0
CoRe-WM old,chopper_command,2,59748,900.0
CoRe-WM old,chopper_command,2,59992,600.0
CoRe-WM old,chopper_command,2,60300,1000.0
CoRe-WM old,chopper_command,2,60554,1000.0
CoRe-WM old,chopper_command,2,60859,800.0
CoRe-WM old,chopper_command,2,61241,800.0
CoRe-WM old,chopper_command,2,61612,1200.0
CoRe-WM old,chopper_command,2,61794,300.0
CoRe-WM old,chopper_command,2,62181,1300.0
CoRe-WM old,chopper_command,2,62442,500.0
CoRe-WM old,chopper_command,2,63065,1200.0
CoRe-WM old,chopper_command,2,63982,1000.0
CoRe-WM old,chopper_command,2,64782,1200.0
CoRe-WM old,chopper_command,2,65097,500.0
CoRe-WM old,chopper_command,2,65687,900.0
CoRe-WM old,chopper_command,2,65935,500.0
CoRe-WM old,chopper_command,2,66196,800.0
CoRe-WM old,chopper_command,2,66876,1200.0
CoRe-WM old,chopper_command,2,67097,400.0
CoRe-WM old,chopper_command,2,67811,1200.0
CoRe-WM old,chopper_command,2,68211,1000.0
CoRe-WM old,chopper_command,2,68569,900.0
CoRe-WM old,chopper_command,2,69441,1200.0
CoRe-WM old,chopper_command,2,69791,700.0
CoRe-WM old,chopper_command,2,70190,900.0
CoRe-WM old,chopper_command,2,70529,700.0
CoRe-WM old,chopper_command,2,70835,700.0
CoRe-WM old,chopper_command,2,71427,1200.0
CoRe-WM old,chopper_command,2,72028,1200.0
CoRe-WM old,chopper_command,2,72283,700.0
CoRe-WM old,chopper_command,2,72685,1000.0
CoRe-WM old,chopper_command,2,73396,1400.0
CoRe-WM old,chopper_command,2,74337,1200.0
CoRe-WM old,chopper_command,2,76420,1100.0
CoRe-WM old,chopper_command,2,76674,1000.0
CoRe-WM old,chopper_command,2,77042,900.0
CoRe-WM old,chopper_command,2,77290,700.0
CoRe-WM old,chopper_command,2,77814,1000.0
CoRe-WM old,chopper_command,2,78123,900.0
CoRe-WM old,chopper_command,2,79028,1300.0
CoRe-WM old,chopper_command,2,79339,500.0
CoRe-WM old,chopper_command,2,79904,1200.0
CoRe-WM old,chopper_command,2,80209,800.0
CoRe-WM old,chopper_command,2,80488,900.0
CoRe-WM old,chopper_command,2,81589,1000.0
CoRe-WM old,chopper_command,2,82076,1100.0
CoRe-WM old,chopper_command,2,82497,1100.0
CoRe-WM old,chopper_command,2,82946,1000.0
CoRe-WM old,chopper_command,2,83410,1300.0
CoRe-WM old,chopper_command,2,83780,900.0
CoRe-WM old,chopper_command,2,84194,1100.0
CoRe-WM old,chopper_command,2,84477,600.0
CoRe-WM old,chopper_command,2,84735,900.0
CoRe-WM old,chopper_command,2,86718,2500.0
CoRe-WM old,chopper_command,2,87193,1100.0
CoRe-WM old,chopper_command,2,87592,1200.0
CoRe-WM old,chopper_command,2,88019,1000.0
CoRe-WM old,chopper_command,2,88264,1000.0
CoRe-WM old,chopper_command,2,89031,1300.0
CoRe-WM old,chopper_command,2,89526,800.0
CoRe-WM old,chopper_command,2,90242,1200.0
CoRe-WM old,chopper_command,2,90565,1100.0
CoRe-WM old,chopper_command,2,90888,1200.0
CoRe-WM old,chopper_command,2,91922,1300.0
CoRe-WM old,chopper_command,2,92134,500.0
CoRe-WM old,chopper_command,2,92442,900.0
CoRe-WM old,chopper_command,2,93889,1600.0
CoRe-WM old,chopper_command,2,94361,1200.0
CoRe-WM old,chopper_command,2,95835,1500.0
CoRe-WM old,chopper_command,2,96540,1400.0
CoRe-WM old,chopper_command,2,97554,1400.0
CoRe-WM old,chopper_command,2,98012,1100.0
CoRe-WM old,chopper_command,2,98549,1300.0
CoRe-WM old,chopper_command,2,99012,1300.0
CoRe-WM old,chopper_command,2,99376,1300.0
CoRe-WM old,chopper_command,3,681,600.0
CoRe-WM old,chopper_command,3,2258,1000.0
CoRe-WM old,chopper_command,3,2896,600.0
CoRe-WM old,chopper_command,3,3534,400.0
CoRe-WM old,chopper_command,3,4097,700.0
CoRe-WM old,chopper_command,3,4834,600.0
CoRe-WM old,chopper_command,3,5414,800.0
CoRe-WM old,chopper_command,3,6948,1200.0
CoRe-WM old,chopper_command,3,7641,600.0
CoRe-WM old,chopper_command,3,8560,900.0
CoRe-WM old,chopper_command,3,9351,800.0
CoRe-WM old,chopper_command,3,13399,1700.0
CoRe-WM old,chopper_command,3,13937,700.0
CoRe-WM old,chopper_command,3,14821,400.0
CoRe-WM old,chopper_command,3,15439,300.0
CoRe-WM old,chopper_command,3,16162,600.0
CoRe-WM old,chopper_command,3,16865,200.0
CoRe-WM old,chopper_command,3,17471,400.0
CoRe-WM old,chopper_command,3,18077,400.0
CoRe-WM old,chopper_command,3,18681,300.0
CoRe-WM old,chopper_command,3,19240,200.0
CoRe-WM old,chopper_command,3,20048,300.0
CoRe-WM old,chopper_command,3,20579,200.0
CoRe-WM old,chopper_command,3,21526,600.0
CoRe-WM old,chopper_command,3,22435,600.0
CoRe-WM old,chopper_command,3,23342,500.0
CoRe-WM old,chopper_command,3,23676,700.0
CoRe-WM old,chopper_command,3,24734,700.0
CoRe-WM old,chopper_command,3,25607,500.0
CoRe-WM old,chopper_command,3,26456,700.0
CoRe-WM old,chopper_command,3,26894,500.0
CoRe-WM old,chopper_command,3,27116,400.0
CoRe-WM old,chopper_command,3,27556,700.0
CoRe-WM old,chopper_command,3,28284,700.0
CoRe-WM old,chopper_command,3,29413,700.0
CoRe-WM old,chopper_command,3,30380,900.0
CoRe-WM old,chopper_command,3,30667,500.0
CoRe-WM old,chopper_command,3,31386,700.0
CoRe-WM old,chopper_command,3,31784,700.0
CoRe-WM old,chopper_command,3,32078,200.0
CoRe-WM old,chopper_command,3,32867,800.0
CoRe-WM old,chopper_command,3,33303,400.0
CoRe-WM old,chopper_command,3,33842,600.0
CoRe-WM old,chopper_command,3,34821,900.0
CoRe-WM old,chopper_command,3,35338,800.0
CoRe-WM old,chopper_command,3,36061,800.0
CoRe-WM old,chopper_command,3,36328,600.0
CoRe-WM old,chopper_command,3,37295,1100.0
CoRe-WM old,chopper_command,3,38254,1100.0
CoRe-WM old,chopper_command,3,38645,500.0
CoRe-WM old,chopper_command,3,39179,500.0
CoRe-WM old,chopper_command,3,39834,600.0
CoRe-WM old,chopper_command,3,40275,700.0
CoRe-WM old,chopper_command,3,41134,1000.0
CoRe-WM old,chopper_command,3,41743,1000.0
CoRe-WM old,chopper_command,3,42401,1200.0
CoRe-WM old,chopper_command,3,42857,500.0
CoRe-WM old,chopper_command,3,43631,500.0
CoRe-WM old,chopper_command,3,44336,500.0
CoRe-WM old,chopper_command,3,44760,700.0
CoRe-WM old,chopper_command,3,45192,500.0
CoRe-WM old,chopper_command,3,46686,600.0
CoRe-WM old,chopper_command,3,47254,1100.0
CoRe-WM old,chopper_command,3,47763,900.0
CoRe-WM old,chopper_command,3,48403,600.0
CoRe-WM old,chopper_command,3,48791,700.0
CoRe-WM old,chopper_command,3,49107,600.0
CoRe-WM old,chopper_command,3,49452,700.0
CoRe-WM old,chopper_command,3,50076,700.0
CoRe-WM old,chopper_command,3,50410,800.0
CoRe-WM old,chopper_command,3,51048,600.0
CoRe-WM old,chopper_command,3,52132,800.0
CoRe-WM old,chopper_command,3,52766,900.0
CoRe-WM old,chopper_command,3,53132,800.0
CoRe-WM old,chopper_command,3,53543,700.0
CoRe-WM old,chopper_command,3,53879,600.0
CoRe-WM old,chopper_command,3,54195,300.0
CoRe-WM old,chopper_command,3,55061,900.0
CoRe-WM old,chopper_command,3,55432,600.0
CoRe-WM old,chopper_command,3,55974,900.0
CoRe-WM old,chopper_command,3,56403,1000.0
CoRe-WM old,chopper_command,3,56696,700.0
CoRe-WM old,chopper_command,3,58905,1300.0
CoRe-WM old,chopper_command,3,59270,400.0
CoRe-WM old,chopper_command,3,59945,700.0
CoRe-WM old,chopper_command,3,60787,1100.0
CoRe-WM old,chopper_command,3,61118,400.0
CoRe-WM old,chopper_command,3,61845,1100.0
CoRe-WM old,chopper_command,3,62548,1100.0
CoRe-WM old,chopper_command,3,63074,1000.0
CoRe-WM old,chopper_command,3,63356,900.0
CoRe-WM old,chopper_command,3,63890,900.0
CoRe-WM old,chopper_command,3,64693,1200.0
CoRe-WM old,chopper_command,3,65251,300.0
CoRe-WM old,chopper_command,3,65476,300.0
CoRe-WM old,chopper_command,3,65940,600.0
CoRe-WM old,chopper_command,3,66546,700.0
CoRe-WM old,chopper_command,3,67063,1100.0
CoRe-WM old,chopper_command,3,67457,300.0
CoRe-WM old,chopper_command,3,67883,900.0
CoRe-WM old,chopper_command,3,68384,700.0
CoRe-WM old,chopper_command,3,68672,500.0
CoRe-WM old,chopper_command,3,69661,900.0
CoRe-WM old,chopper_command,3,70070,800.0
CoRe-WM old,chopper_command,3,70424,700.0
CoRe-WM old,chopper_command,3,70784,700.0
CoRe-WM old,chopper_command,3,71087,300.0
CoRe-WM old,chopper_command,3,71783,1000.0
CoRe-WM old,chopper_command,3,72030,400.0
CoRe-WM old,chopper_command,3,72311,100.0
CoRe-WM old,chopper_command,3,72637,700.0
CoRe-WM old,chopper_command,3,73235,1000.0
CoRe-WM old,chopper_command,3,73547,700.0
CoRe-WM old,chopper_command,3,74695,800.0
CoRe-WM old,chopper_command,3,74945,200.0
CoRe-WM old,chopper_command,3,75399,700.0
CoRe-WM old,chopper_command,3,75656,400.0
CoRe-WM old,chopper_command,3,75915,500.0
CoRe-WM old,chopper_command,3,76527,800.0
CoRe-WM old,chopper_command,3,76813,400.0
CoRe-WM old,chopper_command,3,77219,900.0
CoRe-WM old,chopper_command,3,77474,400.0
CoRe-WM old,chopper_command,3,77735,400.0
CoRe-WM old,chopper_command,3,78584,1100.0
CoRe-WM old,chopper_command,3,79062,600.0
CoRe-WM old,chopper_command,3,79279,600.0
CoRe-WM old,chopper_command,3,79589,800.0
CoRe-WM old,chopper_command,3,80068,900.0
CoRe-WM old,chopper_command,3,81853,1300.0
CoRe-WM old,chopper_command,3,82115,600.0
CoRe-WM old,chopper_command,3,82480,900.0
CoRe-WM old,chopper_command,3,83128,900.0
CoRe-WM old,chopper_command,3,83548,900.0
CoRe-WM old,chopper_command,3,83843,500.0
CoRe-WM old,chopper_command,3,84256,700.0
CoRe-WM old,chopper_command,3,84844,1000.0
CoRe-WM old,chopper_command,3,85219,700.0
CoRe-WM old,chopper_command,3,85893,1100.0
CoRe-WM old,chopper_command,3,86945,1200.0
CoRe-WM old,chopper_command,3,87317,400.0
CoRe-WM old,chopper_command,3,88062,900.0
CoRe-WM old,chopper_command,3,88453,900.0
CoRe-WM old,chopper_command,3,88889,700.0
CoRe-WM old,chopper_command,3,89445,800.0
CoRe-WM old,chopper_command,3,90217,900.0
CoRe-WM old,chopper_command,3,91460,1300.0
CoRe-WM old,chopper_command,3,91982,900.0
CoRe-WM old,chopper_command,3,92406,800.0
CoRe-WM old,chopper_command,3,92709,300.0
CoRe-WM old,chopper_command,3,92954,600.0
CoRe-WM old,chopper_command,3,93526,800.0
CoRe-WM old,chopper_command,3,93815,300.0
CoRe-WM old,chopper_command,3,94451,1000.0
CoRe-WM old,chopper_command,3,94869,300.0
CoRe-WM old,chopper_command,3,95420,1100.0
CoRe-WM old,chopper_command,3,95875,600.0
CoRe-WM old,chopper_command,3,96422,900.0
CoRe-WM old,chopper_command,3,96800,700.0
CoRe-WM old,chopper_command,3,97867,1200.0
CoRe-WM old,chopper_command,3,98163,700.0
CoRe-WM old,chopper_command,3,98463,900.0
CoRe-WM old,chopper_command,3,99051,1000.0
CoRe-WM old,chopper_command,3,99726,1000.0
CoRe-WM old,chopper_command,4,1119,500.0
CoRe-WM old,chopper_command,4,2281,900.0
CoRe-WM old,chopper_command,4,3899,900.0
CoRe-WM old,chopper_command,4,4562,400.0
CoRe-WM old,chopper_command,4,5063,600.0
CoRe-WM old,chopper_command,4,5555,600.0
CoRe-WM old,chopper_command,4,6446,400.0
CoRe-WM old,chopper_command,4,7599,700.0
CoRe-WM old,chopper_command,4,7890,600.0
CoRe-WM old,chopper_command,4,8596,1100.0
CoRe-WM old,chopper_command,4,9687,700.0
CoRe-WM old,chopper_command,4,10432,500.0
CoRe-WM old,chopper_command,4,11166,700.0
CoRe-WM old,chopper_command,4,13599,1200.0
CoRe-WM old,chopper_command,4,14564,1200.0
CoRe-WM old,chopper_command,4,16278,1100.0
CoRe-WM old,chopper_command,4,16652,700.0
CoRe-WM old,chopper_command,4,17273,800.0
CoRe-WM old,chopper_command,4,17469,200.0
CoRe-WM old,chopper_command,4,17694,500.0
CoRe-WM old,chopper_command,4,17951,400.0
CoRe-WM old,chopper_command,4,18162,200.0
CoRe-WM old,chopper_command,4,18410,300.0
CoRe-WM old,chopper_command,4,18616,200.0
CoRe-WM old,chopper_command,4,18853,400.0
CoRe-WM old,chopper_command,4,19138,700.0
CoRe-WM old,chopper_command,4,19364,500.0
CoRe-WM old,chopper_command,4,19593,400.0
CoRe-WM old,chopper_command,4,20202,800.0
CoRe-WM old,chopper_command,4,20401,200.0
CoRe-WM old,chopper_command,4,20613,600.0
CoRe-WM old,chopper_command,4,20947,300.0
CoRe-WM old,chopper_command,4,21275,700.0
CoRe-WM old,chopper_command,4,21492,700.0
CoRe-WM old,chopper_command,4,21739,500.0
CoRe-WM old,chopper_command,4,21949,400.0
CoRe-WM old,chopper_command,4,22193,500.0
CoRe-WM old,chopper_command,4,22596,400.0
CoRe-WM old,chopper_command,4,22853,300.0
CoRe-WM old,chopper_command,4,23624,600.0
CoRe-WM old,chopper_command,4,24228,700.0
CoRe-WM old,chopper_command,4,24436,300.0
CoRe-WM old,chopper_command,4,24701,900.0
CoRe-WM old,chopper_command,4,25061,800.0
CoRe-WM old,chopper_command,4,26716,1200.0
CoRe-WM old,chopper_command,4,27037,500.0
CoRe-WM old,chopper_command,4,27383,900.0
CoRe-WM old,chopper_command,4,27643,300.0
CoRe-WM old,chopper_command,4,27857,600.0
CoRe-WM old,chopper_command,4,28573,900.0
CoRe-WM old,chopper_command,4,29601,1200.0
CoRe-WM old,chopper_command,4,29843,400.0
CoRe-WM old,chopper_command,4,30579,600.0
CoRe-WM old,chopper_command,4,30973,1000.0
CoRe-WM old,chopper_command,4,31748,1100.0
CoRe-WM old,chopper_command,4,32945,800.0
CoRe-WM old,chopper_command,4,33377,1100.0
CoRe-WM old,chopper_command,4,33690,800.0
CoRe-WM old,chopper_command,4,34121,400.0
CoRe-WM old,chopper_command,4,34919,900.0
CoRe-WM old,chopper_command,4,35719,1100.0
CoRe-WM old,chopper_command,4,36271,1000.0
CoRe-WM old,chopper_command,4,36783,800.0
CoRe-WM old,chopper_command,4,37365,500.0
CoRe-WM old,chopper_command,4,38490,1000.0
CoRe-WM old,chopper_command,4,40658,1300.0
CoRe-WM old,chopper_command,4,40981,600.0
CoRe-WM old,chopper_command,4,41488,1600.0
CoRe-WM old,chopper_command,4,41881,1000.0
CoRe-WM old,chopper_command,4,42213,700.0
CoRe-WM old,chopper_command,4,42624,600.0
CoRe-WM old,chopper_command,4,43074,800.0
CoRe-WM old,chopper_command,4,43841,600.0
CoRe-WM old,chopper_command,4,44869,1300.0
CoRe-WM old,chopper_command,4,45632,1100.0
CoRe-WM old,chopper_command,4,46079,800.0
CoRe-WM old,chopper_command,4,46426,800.0
CoRe-WM old,chopper_command,4,46723,600.0
CoRe-WM old,chopper_command,4,46969,200.0
CoRe-WM old,chopper_command,4,47457,900.0
CoRe-WM old,chopper_command,4,48484,800.0
CoRe-WM old,chopper_command,4,48926,1100.0
CoRe-WM old,chopper_command,4,49343,800.0
CoRe-WM old,chopper_command,4,50529,1500.0
CoRe-WM old,chopper_command,4,50970,500.0
CoRe-WM old,chopper_command,4,51542,1200.0
CoRe-WM old,chopper_command,4,51953,1200.0
CoRe-WM old,chopper_command,4,52322,600.0
CoRe-WM old,chopper_command,4,52771,900.0
CoRe-WM old,chopper_command,4,53376,1100.0
CoRe-WM old,chopper_command,4,53745,600.0
CoRe-WM old,chopper_command,4,54240,1000.0
CoRe-WM old,chopper_command,4,55478,1400.0
CoRe-WM old,chopper_command,4,55901,600.0
CoRe-WM old,chopper_command,4,56364,700.0
CoRe-WM old,chopper_command,4,57287,1200.0
CoRe-WM old,chopper_command,4,57725,500.0
CoRe-WM old,chopper_command,4,58005,400.0
CoRe-WM old,chopper_command,4,58431,600.0
CoRe-WM old,chopper_command,4,58663,200.0
CoRe-WM old,chopper_command,4,59452,1300.0
CoRe-WM old,chopper_command,4,60413,900.0
CoRe-WM old,chopper_command,4,61086,700.0
CoRe-WM old,chopper_command,4,62971,1700.0
CoRe-WM old,chopper_command,4,63233,400.0
CoRe-WM old,chopper_command,4,63675,700.0
CoRe-WM old,chopper_command,4,64002,600.0
CoRe-WM old,chopper_command,4,64495,1000.0
CoRe-WM old,chopper_command,4,64777,1000.0
CoRe-WM old,chopper_command,4,66065,1000.0
CoRe-WM old,chopper_command,4,67263,1400.0
CoRe-WM old,chopper_command,4,67706,400.0
CoRe-WM old,chopper_command,4,68272,1000.0
CoRe-WM old,chopper_command,4,68694,900.0
CoRe-WM old,chopper_command,4,69825,1200.0
CoRe-WM old,chopper_command,4,70151,900.0
CoRe-WM old,chopper_command,4,70356,500.0
CoRe-WM old,chopper_command,4,70663,800.0
CoRe-WM old,chopper_command,4,71073,1000.0
CoRe-WM old,chopper_command,4,71580,1100.0
CoRe-WM old,chopper_command,4,71944,700.0
CoRe-WM old,chopper_command,4,73012,1500.0
CoRe-WM old,chopper_command,4,73368,900.0
CoRe-WM old,chopper_command,4,73888,1100.0
CoRe-WM old,chopper_command,4,74290,700.0
CoRe-WM old,chopper_command,4,74670,1100.0
CoRe-WM old,chopper_command,4,75440,1000.0
CoRe-WM old,chopper_command,4,76111,1100.0
CoRe-WM old,chopper_command,4,76712,1000.0
CoRe-WM old,chopper_command,4,77337,900.0
CoRe-WM old,chopper_command,4,77981,1200.0
CoRe-WM old,chopper_command,4,78696,1200.0
CoRe-WM old,chopper_command,4,79139,1400.0
CoRe-WM old,chopper_command,4,79402,1000.0
CoRe-WM old,chopper_command,4,80006,800.0
CoRe-WM old,chopper_command,4,80557,1000.0
CoRe-WM old,chopper_command,4,81020,800.0
CoRe-WM old,chopper_command,4,81332,700.0
CoRe-WM old,chopper_command,4,82007,1100.0
CoRe-WM old,chopper_command,4,82440,1100.0
CoRe-WM old,chopper_command,4,82883,900.0
CoRe-WM old,chopper_command,4,83712,1300.0
CoRe-WM old,chopper_command,4,84100,900.0
CoRe-WM old,chopper_command,4,84751,1500.0
CoRe-WM old,chopper_command,4,85385,1000.0
CoRe-WM old,chopper_command,4,86177,1400.0
CoRe-WM old,chopper_command,4,86699,1500.0
CoRe-WM old,chopper_command,4,87146,1200.0
CoRe-WM old,chopper_command,4,87399,400.0
CoRe-WM old,chopper_command,4,87893,1500.0
CoRe-WM old,chopper_command,4,88422,1400.0
CoRe-WM old,chopper_command,4,89216,1500.0
CoRe-WM old,chopper_command,4,89613,1400.0
CoRe-WM old,chopper_command,4,90565,1600.0
CoRe-WM old,chopper_command,4,91091,1300.0
CoRe-WM old,chopper_command,4,91558,800.0
CoRe-WM old,chopper_command,4,91806,500.0
CoRe-WM old,chopper_command,4,92071,700.0
CoRe-WM old,chopper_command,4,92534,1400.0
CoRe-WM old,chopper_command,4,92893,1000.0
CoRe-WM old,chopper_command,4,93396,1100.0
CoRe-WM old,chopper_command,4,93907,1000.0
CoRe-WM old,chopper_command,4,94386,800.0
CoRe-WM old,chopper_command,4,94797,800.0
CoRe-WM old,chopper_command,4,95281,1100.0
CoRe-WM old,chopper_command,4,97225,3100.0
CoRe-WM old,chopper_command,4,98004,1200.0
CoRe-WM old,chopper_command,4,98442,900.0
CoRe-WM old,chopper_command,4,99329,1200.0
CoRe-WM old,crazy_climber,0,2978,7800.0
CoRe-WM old,crazy_climber,0,5164,6400.0
CoRe-WM old,crazy_climber,0,8135,6800.0
CoRe-WM old,crazy_climber,0,11414,11000.0
CoRe-WM old,crazy_climber,0,13366,11000.0
CoRe-WM old,crazy_climber,0,15643,11000.0
CoRe-WM old,crazy_climber,0,20250,19900.0
CoRe-WM old,crazy_climber,0,23497,18100.0
CoRe-WM old,crazy_climber,0,25272,15700.0
CoRe-WM old,crazy_climber,0,27874,31100.0
CoRe-WM old,crazy_climber,0,31323,27000.0
CoRe-WM old,crazy_climber,0,33450,28900.0
CoRe-WM old,crazy_climber,0,35513,18300.0
CoRe-WM old,crazy_climber,0,37798,35000.0
CoRe-WM old,crazy_climber,0,40546,36700.0
CoRe-WM old,crazy_climber,0,43108,37700.0
CoRe-WM old,crazy_climber,0,46531,53100.0
CoRe-WM old,crazy_climber,0,48568,18300.0
CoRe-WM old,crazy_climber,0,50935,24100.0
CoRe-WM old,crazy_climber,0,53984,37500.0
CoRe-WM old,crazy_climber,0,56529,23700.0
CoRe-WM old,crazy_climber,0,58958,37000.0
CoRe-WM old,crazy_climber,0,62738,62300.0
CoRe-WM old,crazy_climber,0,66516,64500.0
CoRe-WM old,crazy_climber,0,69434,28700.0
CoRe-WM old,crazy_climber,0,71860,38200.0
CoRe-WM old,crazy_climber,0,74649,33900.0
CoRe-WM old,crazy_climber,0,77480,49200.0
CoRe-WM old,crazy_climber,0,80391,58000.0
CoRe-WM old,crazy_climber,0,83153,49900.0
CoRe-WM old,crazy_climber,0,87324,77900.0
CoRe-WM old,crazy_climber,0,89935,51900.0
CoRe-WM old,crazy_climber,0,94293,90800.0
CoRe-WM old,crazy_climber,0,96687,26500.0
CoRe-WM old,crazy_climber,0,99402,56000.0
CoRe-WM old,crazy_climber,1,2644,7200.0
CoRe-WM old,crazy_climber,1,5024,7200.0
CoRe-WM old,crazy_climber,1,7718,6700.0
CoRe-WM old,crazy_climber,1,10267,3400.0
CoRe-WM old,crazy_climber,1,14642,17300.0
CoRe-WM old,crazy_climber,1,17917,11000.0
CoRe-WM old,crazy_climber,1,22746,18300.0
CoRe-WM old,crazy_climber,1,25484,17300.0
CoRe-WM old,crazy_climber,1,28306,29100.0
CoRe-WM old,crazy_climber,1,32230,29500.0
CoRe-WM old,crazy_climber,1,35517,38000.0
CoRe-WM old,crazy_climber,1,38318,32700.0
CoRe-WM old,crazy_climber,1,41027,29500.0
CoRe-WM old,crazy_climber,1,44727,32300.0
CoRe-WM old,crazy_climber,1,47845,33700.0
CoRe-WM old,crazy_climber,1,50125,20300.0
CoRe-WM old,crazy_climber,1,53651,50100.0
CoRe-WM old,crazy_climber,1,56799,34400.0
CoRe-WM old,crazy_climber,1,59113,24700.0
CoRe-WM old,crazy_climber,1,61379,38000.0
CoRe-WM old,crazy_climber,1,63852,43300.0
CoRe-WM old,crazy_climber,1,67633,64100.0
CoRe-WM old,crazy_climber,1,69985,38900.0
CoRe-WM old,crazy_climber,1,72666,44600.0
CoRe-WM old,crazy_climber,1,75097,27700.0
CoRe-WM old,crazy_climber,1,77283,37700.0
CoRe-WM old,crazy_climber,1,79470,36700.0
CoRe-WM old,crazy_climber,1,81733,35100.0
CoRe-WM old,crazy_climber,1,83987,38000.0
CoRe-WM old,crazy_climber,1,88467,78900.0
CoRe-WM old,crazy_climber,1,90763,41700.0
CoRe-WM old,crazy_climber,1,92730,31300.0
CoRe-WM old,crazy_climber,1,95793,59300.0
CoRe-WM old,crazy_climber,1,99999,78400.0
CoRe-WM old,crazy_climber,2,2714,5900.0
CoRe-WM old,crazy_climber,2,4675,5700.0
CoRe-WM old,crazy_climber,2,8393,9400.0
CoRe-WM old,crazy_climber,2,14736,18500.0
CoRe-WM old,crazy_climber,2,18013,11000.0
CoRe-WM old,crazy_climber,2,21656,19900.0
CoRe-WM old,crazy_climber,2,24989,29000.0
CoRe-WM old,crazy_climber,2,28939,19900.0
CoRe-WM old,crazy_climber,2,32050,28800.0
CoRe-WM old,crazy_climber,2,34993,19900.0
CoRe-WM old,crazy_climber,2,37759,19900.0
CoRe-WM old,crazy_climber,2,40432,26700.0
CoRe-WM old,crazy_climber,2,42972,38100.0
CoRe-WM old,crazy_climber,2,46063,38000.0
CoRe-WM old,crazy_climber,2,50805,87900.0
CoRe-WM old,crazy_climber,2,53782,44700.0
CoRe-WM old,crazy_climber,2,56380,28900.0
CoRe-WM old,crazy_climber,2,58447,34100.0
CoRe-WM old,crazy_climber,2,62349,95500.0
CoRe-WM old,crazy_climber,2,64804,28900.0
CoRe-WM old,crazy_climber,2,67453,40300.0
CoRe-WM old,crazy_climber,2,69880,28900.0
CoRe-WM old,crazy_climber,2,74051,89800.0
CoRe-WM old,crazy_climber,2,77077,41100.0
CoRe-WM old,crazy_climber,2,79583,28900.0
CoRe-WM old,crazy_climber,2,82599,38500.0
CoRe-WM old,crazy_climber,2,85556,44300.0
CoRe-WM old,crazy_climber,2,87780,38500.0
CoRe-WM old,crazy_climber,2,91029,59500.0
CoRe-WM old,crazy_climber,2,93415,27500.0
CoRe-WM old,crazy_climber,2,97713,86200.0
CoRe-WM old,crazy_climber,3,3877,11500.0
CoRe-WM old,crazy_climber,3,6292,5000.0
CoRe-WM old,crazy_climber,3,8954,5900.0
CoRe-WM old,crazy_climber,3,11377,10400.0
CoRe-WM old,crazy_climber,3,15170,11000.0
CoRe-WM old,crazy_climber,3,17087,11000.0
CoRe-WM old,crazy_climber,3,20519,32800.0
CoRe-WM old,crazy_climber,3,23204,27200.0
CoRe-WM old,crazy_climber,3,25398,20500.0
CoRe-WM old,crazy_climber,3,27584,19100.0
CoRe-WM old,crazy_climber,3,31987,23100.0
CoRe-WM old,crazy_climber,3,34799,45400.0
CoRe-WM old,crazy_climber,3,37130,25500.0
CoRe-WM old,crazy_climber,3,40508,55700.0
CoRe-WM old,crazy_climber,3,43180,49400.0
CoRe-WM old,crazy_climber,3,46394,52100.0
CoRe-WM old,crazy_climber,3,48707,30300.0
CoRe-WM old,crazy_climber,3,52677,86100.0
CoRe-WM old,crazy_climber,3,55801,50100.0
CoRe-WM old,crazy_climber,3,60251,107700.0
CoRe-WM old,crazy_climber,3,63347,50100.0
CoRe-WM old,crazy_climber,3,65970,47100.0
CoRe-WM old,crazy_climber,3,68117,38400.0
CoRe-WM old,crazy_climber,3,71043,47900.0
CoRe-WM old,crazy_climber,3,75269,80400.0
CoRe-WM old,crazy_climber,3,77553,25300.0
CoRe-WM old,crazy_climber,3,79819,29500.0
CoRe-WM old,crazy_climber,3,81983,25900.0
CoRe-WM old,crazy_climber,3,85423,67900.0
CoRe-WM old,crazy_climber,3,87913,46500.0
CoRe-WM old,crazy_climber,3,90145,39000.0
CoRe-WM old,crazy_climber,3,94357,109200.0
CoRe-WM old,crazy_climber,3,97036,29700.0
CoRe-WM old,crazy_climber,4,3515,8200.0
CoRe-WM old,crazy_climber,4,7424,11000.0
CoRe-WM old,crazy_climber,4,9801,3400.0
CoRe-WM old,crazy_climber,4,14698,21300.0
CoRe-WM old,crazy_climber,4,18488,11000.0
CoRe-WM old,crazy_climber,4,20900,22300.0
CoRe-WM old,crazy_climber,4,24708,28700.0
CoRe-WM old,crazy_climber,4,27738,37900.0
CoRe-WM old,crazy_climber,4,29794,27600.0
CoRe-WM old,crazy_climber,4,32195,18900.0
CoRe-WM old,crazy_climber,4,35970,38300.0
CoRe-WM old,crazy_climber,4,38069,26600.0
CoRe-WM old,crazy_climber,4,41858,64700.0
CoRe-WM old,crazy_climber,4,44565,48400.0
CoRe-WM old,crazy_climber,4,47096,29700.0
CoRe-WM old,crazy_climber,4,50055,32100.0
CoRe-WM old,crazy_climber,4,53800,53700.0
CoRe-WM old,crazy_climber,4,56125,39200.0
CoRe-WM old,crazy_climber,4,59507,69400.0
CoRe-WM old,crazy_climber,4,61842,25900.0
CoRe-WM old,crazy_climber,4,65300,63500.0
CoRe-WM old,crazy_climber,4,68668,61400.0
CoRe-WM old,crazy_climber,4,73094,99100.0
CoRe-WM old,crazy_climber,4,75637,40300.0
CoRe-WM old,crazy_climber,4,79712,109200.0
CoRe-WM old,crazy_climber,4,82937,51300.0
CoRe-WM old,crazy_climber,4,87098,86700.0
CoRe-WM old,crazy_climber,4,89770,29500.0
CoRe-WM old,crazy_climber,4,92161,38800.0
CoRe-WM old,crazy_climber,4,94375,38500.0
CoRe-WM old,crazy_climber,4,96519,21100.0
CoRe-WM old,crazy_climber,4,99521,50900.0
CoRe-WM old,demon_attack,0,1754,265.0
CoRe-WM old,demon_attack,0,2141,70.0
CoRe-WM old,demon_attack,0,3121,175.0
CoRe-WM old,demon_attack,0,4093,140.0
CoRe-WM old,demon_attack,0,6384,355.0
CoRe-WM old,demon_attack,0,8921,175.0
CoRe-WM old,demon_attack,0,9263,60.0
CoRe-WM old,demon_attack,0,12340,250.0
CoRe-WM old,demon_attack,0,12800,60.0
CoRe-WM old,demon_attack,0,14995,295.0
CoRe-WM old,demon_attack,0,15934,120.0
CoRe-WM old,demon_attack,0,16759,190.0
CoRe-WM old,demon_attack,0,17971,100.0
CoRe-WM old,demon_attack,0,18214,20.0
CoRe-WM old,demon_attack,0,19405,205.0
CoRe-WM old,demon_attack,0,20953,520.0
CoRe-WM old,demon_attack,0,21146,40.0
CoRe-WM old,demon_attack,0,23341,310.0
CoRe-WM old,demon_attack,0,24334,235.0
CoRe-WM old,demon_attack,0,26839,1160.0
CoRe-WM old,demon_attack,0,27907,130.0
CoRe-WM old,demon_attack,0,29418,355.0
CoRe-WM old,demon_attack,0,30076,150.0
CoRe-WM old,demon_attack,0,33554,2420.0
CoRe-WM old,demon_attack,0,33838,50.0
CoRe-WM old,demon_attack,0,35632,340.0
CoRe-WM old,demon_attack,0,36854,250.0
CoRe-WM old,demon_attack,0,37263,60.0
CoRe-WM old,demon_attack,0,38328,295.0
CoRe-WM old,demon_attack,0,39981,355.0
CoRe-WM old,demon_attack,0,40596,150.0
CoRe-WM old,demon_attack,0,41724,205.0
CoRe-WM old,demon_attack,0,43018,370.0
CoRe-WM old,demon_attack,0,44583,370.0
CoRe-WM old,demon_attack,0,45587,205.0
CoRe-WM old,demon_attack,0,46297,140.0
CoRe-WM old,demon_attack,0,47600,660.0
CoRe-WM old,demon_attack,0,49196,580.0
CoRe-WM old,demon_attack,0,49771,120.0
CoRe-WM old,demon_attack,0,50487,120.0
CoRe-WM old,demon_attack,0,51490,265.0
CoRe-WM old,demon_attack,0,52231,110.0
CoRe-WM old,demon_attack,0,53003,190.0
CoRe-WM old,demon_attack,0,53282,40.0
CoRe-WM old,demon_attack,0,54182,190.0
CoRe-WM old,demon_attack,0,55347,235.0
CoRe-WM old,demon_attack,0,56319,340.0
CoRe-WM old,demon_attack,0,57292,220.0
CoRe-WM old,demon_attack,0,58259,295.0
CoRe-WM old,demon_attack,0,58847,130.0
CoRe-WM old,demon_attack,0,59507,150.0
CoRe-WM old,demon_attack,0,60164,120.0
CoRe-WM old,demon_attack,0,60908,140.0
CoRe-WM old,demon_attack,0,61115,60.0
CoRe-WM old,demon_attack,0,61938,205.0
CoRe-WM old,demon_attack,0,63893,960.0
CoRe-WM old,demon_attack,0,64711,175.0
CoRe-WM old,demon_attack,0,65449,150.0
CoRe-WM old,demon_attack,0,65944,90.0
CoRe-WM old,demon_attack,0,66234,60.0
CoRe-WM old,demon_attack,0,66979,205.0
CoRe-WM old,demon_attack,0,67927,175.0
CoRe-WM old,demon_attack,0,69430,500.0
CoRe-WM old,demon_attack,0,70001,120.0
CoRe-WM old,demon_attack,0,70437,100.0
CoRe-WM old,demon_attack,0,70911,120.0
CoRe-WM old,demon_attack,0,71516,150.0
CoRe-WM old,demon_attack,0,72709,385.0
CoRe-WM old,demon_attack,0,73753,235.0
CoRe-WM old,demon_attack,0,74100,90.0
CoRe-WM old,demon_attack,0,75551,700.0
CoRe-WM old,demon_attack,0,76161,100.0
CoRe-WM old,demon_attack,0,77013,190.0
CoRe-WM old,demon_attack,0,77901,265.0
CoRe-WM old,demon_attack,0,78476,70.0
CoRe-WM old,demon_attack,0,78699,50.0
CoRe-WM old,demon_attack,0,79191,150.0
CoRe-WM old,demon_attack,0,79949,190.0
CoRe-WM old,demon_attack,0,80399,110.0
CoRe-WM old,demon_attack,0,81810,440.0
CoRe-WM old,demon_attack,0,82346,70.0
CoRe-WM old,demon_attack,0,82730,120.0
CoRe-WM old,demon_attack,0,83565,235.0
CoRe-WM old,demon_attack,0,84475,265.0
CoRe-WM old,demon_attack,0,84873,90.0
CoRe-WM old,demon_attack,0,85187,60.0
CoRe-WM old,demon_attack,0,85443,50.0
CoRe-WM old,demon_attack,0,85925,90.0
CoRe-WM old,demon_attack,0,86208,40.0
CoRe-WM old,demon_attack,0,86654,80.0
CoRe-WM old,demon_attack,0,87341,90.0
CoRe-WM old,demon_attack,0,88076,205.0
CoRe-WM old,demon_attack,0,88722,190.0
CoRe-WM old,demon_attack,0,89670,250.0
CoRe-WM old,demon_attack,0,90293,120.0
CoRe-WM old,demon_attack,0,91657,220.0
CoRe-WM old,demon_attack,0,92149,160.0
CoRe-WM old,demon_attack,0,92820,150.0
CoRe-WM old,demon_attack,0,93495,130.0
CoRe-WM old,demon_attack,0,94552,310.0
CoRe-WM old,demon_attack,0,95306,130.0
CoRe-WM old,demon_attack,0,97170,860.0
CoRe-WM old,demon_attack,0,97896,175.0
CoRe-WM old,demon_attack,0,98774,205.0
CoRe-WM old,demon_attack,0,99183,80.0
CoRe-WM old,demon_attack,0,99559,70.0
CoRe-WM old,demon_attack,1,491,100.0
CoRe-WM old,demon_attack,1,2576,205.0
CoRe-WM old,demon_attack,1,4418,370.0
CoRe-WM old,demon_attack,1,5649,205.0
CoRe-WM old,demon_attack,1,6238,80.0
CoRe-WM old,demon_attack,1,6774,70.0
CoRe-WM old,demon_attack,1,7863,190.0
CoRe-WM old,demon_attack,1,8663,140.0
CoRe-WM old,demon_attack,1,9125,80.0
CoRe-WM old,demon_attack,1,9677,60.0
CoRe-WM old,demon_attack,1,10789,80.0
CoRe-WM old,demon_attack,1,12109,190.0
CoRe-WM old,demon_attack,1,13409,265.0
CoRe-WM old,demon_attack,1,14688,205.0
CoRe-WM old,demon_attack,1,15410,100.0
CoRe-WM old,demon_attack,1,16311,175.0
CoRe-WM old,demon_attack,1,17519,250.0
CoRe-WM old,demon_attack,1,18492,235.0
CoRe-WM old,demon_attack,1,20224,920.0
CoRe-WM old,demon_attack,1,21586,310.0
CoRe-WM old,demon_attack,1,23291,340.0
CoRe-WM old,demon_attack,1,24061,90.0
CoRe-WM old,demon_attack,1,25000,205.0
CoRe-WM old,demon_attack,1,26799,190.0
CoRe-WM old,demon_attack,1,27306,90.0
CoRe-WM old,demon_attack,1,28232,120.0
CoRe-WM old,demon_attack,1,28464,50.0
CoRe-WM old,demon_attack,1,29763,235.0
CoRe-WM old,demon_attack,1,30955,355.0
CoRe-WM old,demon_attack,1,31617,80.0
CoRe-WM old,demon_attack,1,32606,150.0
CoRe-WM old,demon_attack,1,35316,1640.0
CoRe-WM old,demon_attack,1,36085,100.0
CoRe-WM old,demon_attack,1,37882,540.0
CoRe-WM old,demon_attack,1,39034,205.0
CoRe-WM old,demon_attack,1,41340,800.0
CoRe-WM old,demon_attack,1,43536,920.0
CoRe-WM old,demon_attack,1,45055,325.0
CoRe-WM old,demon_attack,1,46312,280.0
CoRe-WM old,demon_attack,1,48178,500.0
CoRe-WM old,demon_attack,1,49371,265.0
CoRe-WM old,demon_attack,1,50625,175.0
CoRe-WM old,demon_attack,1,52149,370.0
CoRe-WM old,demon_attack,1,52915,220.0
CoRe-WM old,demon_attack,1,53591,140.0
CoRe-WM old,demon_attack,1,54694,250.0
CoRe-WM old,demon_attack,1,56102,340.0
CoRe-WM old,demon_attack,1,56915,150.0
CoRe-WM old,demon_attack,1,57971,310.0
CoRe-WM old,demon_attack,1,59091,175.0
CoRe-WM old,demon_attack,1,59467,80.0
CoRe-WM old,demon_attack,1,59722,40.0
CoRe-WM old,demon_attack,1,61124,420.0
CoRe-WM old,demon_attack,1,63748,1540.0
CoRe-WM old,demon_attack,1,64616,220.0
CoRe-WM old,demon_attack,1,65082,130.0
CoRe-WM old,demon_attack,1,66383,385.0
CoRe-WM old,demon_attack,1,68142,740.0
CoRe-WM old,demon_attack,1,68495,60.0
CoRe-WM old,demon_attack,1,68901,110.0
CoRe-WM old,demon_attack,1,70121,130.0
CoRe-WM old,demon_attack,1,70860,130.0
CoRe-WM old,demon_attack,1,71282,90.0
CoRe-WM old,demon_attack,1,72141,130.0
CoRe-WM old,demon_attack,1,73674,235.0
CoRe-WM old,demon_attack,1,74885,370.0
CoRe-WM old,demon_attack,1,75862,310.0
CoRe-WM old,demon_attack,1,77489,480.0
CoRe-WM old,demon_attack,1,78454,130.0
CoRe-WM old,demon_attack,1,78722,70.0
CoRe-WM old,demon_attack,1,79342,100.0
CoRe-WM old,demon_attack,1,79720,90.0
CoRe-WM old,demon_attack,1,80280,120.0
CoRe-WM old,demon_attack,1,81264,250.0
CoRe-WM old,demon_attack,1,82391,355.0
CoRe-WM old,demon_attack,1,83507,235.0
CoRe-WM old,demon_attack,1,84043,90.0
CoRe-WM old,demon_attack,1,85415,295.0
CoRe-WM old,demon_attack,1,86697,385.0
CoRe-WM old,demon_attack,1,87805,310.0
CoRe-WM old,demon_attack,1,88504,190.0
CoRe-WM old,demon_attack,1,89645,280.0
CoRe-WM old,demon_attack,1,89913,40.0
CoRe-WM old,demon_attack,1,90669,130.0
CoRe-WM old,demon_attack,1,91195,90.0
CoRe-WM old,demon_attack,1,91714,120.0
CoRe-WM old,demon_attack,1,92212,100.0
CoRe-WM old,demon_attack,1,92571,60.0
CoRe-WM old,demon_attack,1,94005,205.0
CoRe-WM old,demon_attack,1,94972,235.0
CoRe-WM old,demon_attack,1,96553,295.0
CoRe-WM old,demon_attack,1,97153,150.0
CoRe-WM old,demon_attack,1,97883,160.0
CoRe-WM old,demon_attack,1,98377,90.0
CoRe-WM old,demon_attack,1,99385,205.0
CoRe-WM old,demon_attack,1,99933,110.0
CoRe-WM old,demon_attack,2,1049,175.0
CoRe-WM old,demon_attack,2,2109,235.0
CoRe-WM old,demon_attack,2,3069,100.0
CoRe-WM old,demon_attack,2,4494,190.0
CoRe-WM old,demon_attack,2,5221,100.0
CoRe-WM old,demon_attack,2,12917,325.0
CoRe-WM old,demon_attack,2,13656,175.0
CoRe-WM old,demon_attack,2,13967,90.0
CoRe-WM old,demon_attack,2,15975,580.0
CoRe-WM old,demon_attack,2,17657,150.0
CoRe-WM old,demon_attack,2,18692,220.0
CoRe-WM old,demon_attack,2,19714,265.0
CoRe-WM old,demon_attack,2,20625,235.0
CoRe-WM old,demon_attack,2,21974,295.0
CoRe-WM old,demon_attack,2,23621,385.0
CoRe-WM old,demon_attack,2,24135,100.0
CoRe-WM old,demon_attack,2,25737,325.0
CoRe-WM old,demon_attack,2,26781,205.0
CoRe-WM old,demon_attack,2,28069,295.0
CoRe-WM old,demon_attack,2,28754,90.0
CoRe-WM old,demon_attack,2,29928,295.0
CoRe-WM old,demon_attack,2,30156,60.0
CoRe-WM old,demon_attack,2,30666,110.0
CoRe-WM old,demon_attack,2,31977,295.0
CoRe-WM old,demon_attack,2,32409,90.0
CoRe-WM old,demon_attack,2,32693,70.0
CoRe-WM old,demon_attack,2,34363,480.0
CoRe-WM old,demon_attack,2,35581,340.0
CoRe-WM old,demon_attack,2,36159,140.0
CoRe-WM old,demon_attack,2,36826,130.0
CoRe-WM old,demon_attack,2,37694,190.0
CoRe-WM old,demon_attack,2,38529,205.0
CoRe-WM old,demon_attack,2,39659,370.0
CoRe-WM old,demon_attack,2,40561,90.0
CoRe-WM old,demon_attack,2,40971,80.0
CoRe-WM old,demon_attack,2,41951,205.0
CoRe-WM old,demon_attack,2,42436,100.0
CoRe-WM old,demon_attack,2,43641,325.0
CoRe-WM old,demon_attack,2,44020,80.0
CoRe-WM old,demon_attack,2,44937,310.0
CoRe-WM old,demon_attack,2,45825,385.0
CoRe-WM old,demon_attack,2,47049,310.0
CoRe-WM old,demon_attack,2,48471,340.0
CoRe-WM old,demon_attack,2,49194,175.0
CoRe-WM old,demon_attack,2,49705,140.0
CoRe-WM old,demon_attack,2,51015,265.0
CoRe-WM old,demon_attack,2,52195,355.0
CoRe-WM old,demon_attack,2,52481,70.0
CoRe-WM old,demon_attack,2,53732,340.0
CoRe-WM old,demon_attack,2,54364,160.0
CoRe-WM old,demon_attack,2,54924,130.0
CoRe-WM old,demon_attack,2,55250,90.0
CoRe-WM old,demon_attack,2,55532,70.0
CoRe-WM old,demon_attack,2,55916,80.0
CoRe-WM old,demon_attack,2,56428,110.0
CoRe-WM old,demon_attack,2,57584,355.0
CoRe-WM old,demon_attack,2,58114,100.0
CoRe-WM old,demon_attack,2,59439,370.0
CoRe-WM old,demon_attack,2,60324,205.0
CoRe-WM old,demon_attack,2,61027,190.0
CoRe-WM old,demon_attack,2,61944,160.0
CoRe-WM old,demon_attack,2,62587,175.0
CoRe-WM old,demon_attack,2,64376,560.0
CoRe-WM old,demon_attack,2,65227,220.0
CoRe-WM old,demon_attack,2,65622,50.0
CoRe-WM old,demon_attack,2,66322,205.0
CoRe-WM old,demon_attack,2,66552,50.0
CoRe-WM old,demon_attack,2,67165,140.0
CoRe-WM old,demon_attack,2,68298,340.0
CoRe-WM old,demon_attack,2,69197,250.0
CoRe-WM old,demon_attack,2,70440,720.0
CoRe-WM old,demon_attack,2,71322,250.0
CoRe-WM old,demon_attack,2,72302,295.0
CoRe-WM old,demon_attack,2,73293,325.0
CoRe-WM old,demon_attack,2,73572,80.0
CoRe-WM old,demon_attack,2,73992,120.0
CoRe-WM old,demon_attack,2,74674,235.0
CoRe-WM old,demon_attack,2,75171,90.0
CoRe-WM old,demon_attack,2,76263,295.0
CoRe-WM old,demon_attack,2,77663,370.0
CoRe-WM old,demon_attack,2,78025,70.0
CoRe-WM old,demon_attack,2,79586,460.0
CoRe-WM old,demon_attack,2,80748,295.0
CoRe-WM old,demon_attack,2,81399,150.0
CoRe-WM old,demon_attack,2,82598,295.0
CoRe-WM old,demon_attack,2,83088,120.0
CoRe-WM old,demon_attack,2,83604,140.0
CoRe-WM old,demon_attack,2,84307,160.0
CoRe-WM old,demon_attack,2,85033,205.0
CoRe-WM old,demon_attack,2,86153,340.0
CoRe-WM old,demon_attack,2,86708,150.0
CoRe-WM old,demon_attack,2,87398,160.0
CoRe-WM old,demon_attack,2,87898,150.0
CoRe-WM old,demon_attack,2,88143,60.0
CoRe-WM old,demon_attack,2,88598,100.0
CoRe-WM old,demon_attack,2,89447,265.0
CoRe-WM old,demon_attack,2,90004,160.0
CoRe-WM old,demon_attack,2,90467,130.0
CoRe-WM old,demon_attack,2,91215,175.0
CoRe-WM old,demon_attack,2,92240,205.0
CoRe-WM old,demon_attack,2,93431,340.0
CoRe-WM old,demon_attack,2,94041,175.0
CoRe-WM old,demon_attack,2,94717,140.0
CoRe-WM old,demon_attack,2,96049,385.0
CoRe-WM old,demon_attack,2,98188,960.0
CoRe-WM old,demon_attack,2,99453,355.0
CoRe-WM old,demon_attack,3,443,60.0
CoRe-WM old,demon_attack,3,1754,120.0
CoRe-WM old,demon_attack,3,3901,340.0
CoRe-WM old,demon_attack,3,6407,340.0
CoRe-WM old,demon_attack,3,7862,220.0
CoRe-WM old,demon_attack,3,9731,460.0
CoRe-WM old,demon_attack,3,12762,295.0
CoRe-WM old,demon_attack,3,13607,140.0
CoRe-WM old,demon_attack,3,14538,175.0
CoRe-WM old,demon_attack,3,15460,250.0
CoRe-WM old,demon_attack,3,16552,325.0
CoRe-WM old,demon_attack,3,17224,100.0
CoRe-WM old,demon_attack,3,18151,140.0
CoRe-WM old,demon_attack,3,18663,100.0
CoRe-WM old,demon_attack,3,20191,340.0
CoRe-WM old,demon_attack,3,21115,110.0
CoRe-WM old,demon_attack,3,21660,110.0
CoRe-WM old,demon_attack,3,23241,220.0
CoRe-WM old,demon_attack,3,24039,110.0
CoRe-WM old,demon_attack,3,25775,370.0
CoRe-WM old,demon_attack,3,27383,310.0
CoRe-WM old,demon_attack,3,27606,20.0
CoRe-WM old,demon_attack,3,28572,90.0
CoRe-WM old,demon_attack,3,29975,385.0
CoRe-WM old,demon_attack,3,30424,60.0
CoRe-WM old,demon_attack,3,32239,820.0
CoRe-WM old,demon_attack,3,33162,140.0
CoRe-WM old,demon_attack,3,33444,70.0
CoRe-WM old,demon_attack,3,35277,310.0
CoRe-WM old,demon_attack,3,38343,90.0
CoRe-WM old,demon_attack,3,39150,140.0
CoRe-WM old,demon_attack,3,39423,40.0
CoRe-WM old,demon_attack,3,39637,0.0
CoRe-WM old,demon_attack,3,40931,250.0
CoRe-WM old,demon_attack,3,41860,100.0
CoRe-WM old,demon_attack,3,42264,40.0
CoRe-WM old,demon_attack,3,42568,20.0
CoRe-WM old,demon_attack,3,43280,190.0
CoRe-WM old,demon_attack,3,44427,160.0
CoRe-WM old,demon_attack,3,46501,295.0
CoRe-WM old,demon_attack,3,47535,205.0
CoRe-WM old,demon_attack,3,48106,175.0
CoRe-WM old,demon_attack,3,49235,220.0
CoRe-WM old,demon_attack,3,50810,235.0
CoRe-WM old,demon_attack,3,51147,80.0
CoRe-WM old,demon_attack,3,52350,150.0
CoRe-WM old,demon_attack,3,52587,50.0
CoRe-WM old,demon_attack,3,52953,40.0
CoRe-WM old,demon_attack,3,54447,520.0
CoRe-WM old,demon_attack,3,55733,150.0
CoRe-WM old,demon_attack,3,58190,1340.0
CoRe-WM old,demon_attack,3,59147,295.0
CoRe-WM old,demon_attack,3,60603,295.0
CoRe-WM old,demon_attack,3,61521,280.0
CoRe-WM old,demon_attack,3,62502,250.0
CoRe-WM old,demon_attack,3,63705,340.0
CoRe-WM old,demon_attack,3,64598,250.0
CoRe-WM old,demon_attack,3,65960,340.0
CoRe-WM old,demon_attack,3,68028,1160.0
CoRe-WM old,demon_attack,3,68846,160.0
CoRe-WM old,demon_attack,3,69789,130.0
CoRe-WM old,demon_attack,3,70157,70.0
CoRe-WM old,demon_attack,3,70905,150.0
CoRe-WM old,demon_attack,3,71312,80.0
CoRe-WM old,demon_attack,3,71681,90.0
CoRe-WM old,demon_attack,3,72508,175.0
CoRe-WM old,demon_attack,3,73033,90.0
CoRe-WM old,demon_attack,3,74156,205.0
CoRe-WM old,demon_attack,3,74653,160.0
CoRe-WM old,demon_attack,3,75622,250.0
CoRe-WM old,demon_attack,3,76343,140.0
CoRe-WM old,demon_attack,3,77096,150.0
CoRe-WM old,demon_attack,3,77902,140.0
CoRe-WM old,demon_attack,3,79701,480.0
CoRe-WM old,demon_attack,3,80182,90.0
CoRe-WM old,demon_attack,3,81046,265.0
CoRe-WM old,demon_attack,3,81241,60.0
CoRe-WM old,demon_attack,3,83002,355.0
CoRe-WM old,demon_attack,3,83722,190.0
CoRe-WM old,demon_attack,3,84744,325.0
CoRe-WM old,demon_attack,3,85540,235.0
CoRe-WM old,demon_attack,3,86126,130.0
CoRe-WM old,demon_attack,3,86681,80.0
CoRe-WM old,demon_attack,3,87316,120.0
CoRe-WM old,demon_attack,3,88281,220.0
CoRe-WM old,demon_attack,3,89386,325.0
CoRe-WM old,demon_attack,3,90841,760.0
CoRe-WM old,demon_attack,3,91973,295.0
CoRe-WM old,demon_attack,3,92414,90.0
CoRe-WM old,demon_attack,3,93973,340.0
CoRe-WM old,demon_attack,3,94139,40.0
CoRe-WM old,demon_attack,3,94629,100.0
CoRe-WM old,demon_attack,3,95157,140.0
CoRe-WM old,demon_attack,3,96653,580.0
CoRe-WM old,demon_attack,3,98510,1620.0
CoRe-WM old,demon_attack,3,98794,70.0
CoRe-WM old,demon_attack,3,99541,130.0
CoRe-WM old,demon_attack,4,2168,295.0
CoRe-WM old,demon_attack,4,2484,30.0
CoRe-WM old,demon_attack,4,3232,120.0
CoRe-WM old,demon_attack,4,3621,40.0
CoRe-WM old,demon_attack,4,3872,40.0
CoRe-WM old,demon_attack,4,4799,130.0
CoRe-WM old,demon_attack,4,5557,110.0
CoRe-WM old,demon_attack,4,7362,340.0
CoRe-WM old,demon_attack,4,13386,295.0
CoRe-WM old,demon_attack,4,14467,220.0
CoRe-WM old,demon_attack,4,15064,140.0
CoRe-WM old,demon_attack,4,16105,280.0
CoRe-WM old,demon_attack,4,17618,355.0
CoRe-WM old,demon_attack,4,18266,110.0
CoRe-WM old,demon_attack,4,19028,140.0
CoRe-WM old,demon_attack,4,20749,325.0
CoRe-WM old,demon_attack,4,22251,340.0
CoRe-WM old,demon_attack,4,23533,130.0
CoRe-WM old,demon_attack,4,24314,235.0
CoRe-WM old,demon_attack,4,25157,175.0
CoRe-WM old,demon_attack,4,26754,190.0
CoRe-WM old,demon_attack,4,27801,235.0
CoRe-WM old,demon_attack,4,29429,440.0
CoRe-WM old,demon_attack,4,31041,235.0
CoRe-WM old,demon_attack,4,31719,100.0
CoRe-WM old,demon_attack,4,32698,205.0
CoRe-WM old,demon_attack,4,33245,80.0
CoRe-WM old,demon_attack,4,33875,100.0
CoRe-WM old,demon_attack,4,34189,50.0
CoRe-WM old,demon_attack,4,34431,50.0
CoRe-WM old,demon_attack,4,35288,110.0
CoRe-WM old,demon_attack,4,37276,1320.0
CoRe-WM old,demon_attack,4,38386,190.0
CoRe-WM old,demon_attack,4,38955,120.0
CoRe-WM old,demon_attack,4,39963,220.0
CoRe-WM old,demon_attack,4,40363,70.0
CoRe-WM old,demon_attack,4,41961,310.0
CoRe-WM old,demon_attack,4,42289,50.0
CoRe-WM old,demon_attack,4,42798,120.0
CoRe-WM old,demon_attack,4,45438,420.0
CoRe-WM old,demon_attack,4,46213,235.0
CoRe-WM old,demon_attack,4,47249,280.0
CoRe-WM old,demon_attack,4,49788,90.0
CoRe-WM old,demon_attack,4,50529,120.0
CoRe-WM old,demon_attack,4,51646,150.0
CoRe-WM old,demon_attack,4,52663,205.0
CoRe-WM old,demon_attack,4,53479,190.0
CoRe-WM old,demon_attack,4,54003,130.0
CoRe-WM old,demon_attack,4,55102,325.0
CoRe-WM old,demon_attack,4,57345,1240.0
CoRe-WM old,demon_attack,4,58741,250.0
CoRe-WM old,demon_attack,4,59333,140.0
CoRe-WM old,demon_attack,4,60886,355.0
CoRe-WM old,demon_attack,4,61986,120.0
CoRe-WM old,demon_attack,4,62501,90.0
CoRe-WM old,demon_attack,4,63139,110.0
CoRe-WM old,demon_attack,4,64728,400.0
CoRe-WM old,demon_attack,4,65504,140.0
CoRe-WM old,demon_attack,4,66179,120.0
CoRe-WM old,demon_attack,4,67231,265.0
CoRe-WM old,demon_attack,4,67917,160.0
CoRe-WM old,demon_attack,4,69181,295.0
CoRe-WM old,demon_attack,4,69724,120.0
CoRe-WM old,demon_attack,4,70592,120.0
CoRe-WM old,demon_attack,4,71110,120.0
CoRe-WM old,demon_attack,4,72062,295.0
CoRe-WM old,demon_attack,4,72628,140.0
CoRe-WM old,demon_attack,4,73413,175.0
CoRe-WM old,demon_attack,4,74208,220.0
CoRe-WM old,demon_attack,4,74710,90.0
CoRe-WM old,demon_attack,4,75494,150.0
CoRe-WM old,demon_attack,4,77021,310.0
CoRe-WM old,demon_attack,4,78204,295.0
CoRe-WM old,demon_attack,4,79357,370.0
CoRe-WM old,demon_attack,4,80113,250.0
CoRe-WM old,demon_attack,4,81069,150.0
CoRe-WM old,demon_attack,4,81364,60.0
CoRe-WM old,demon_attack,4,82022,100.0
CoRe-WM old,demon_attack,4,82278,60.0
CoRe-WM old,demon_attack,4,83209,205.0
CoRe-WM old,demon_attack,4,85393,1120.0
CoRe-WM old,demon_attack,4,86663,250.0
CoRe-WM old,demon_attack,4,87570,160.0
CoRe-WM old,demon_attack,4,87917,120.0
CoRe-WM old,demon_attack,4,88687,280.0
CoRe-WM old,demon_attack,4,89708,220.0
CoRe-WM old,demon_attack,4,90912,340.0
CoRe-WM old,demon_attack,4,92273,400.0
CoRe-WM old,demon_attack,4,92682,20.0
CoRe-WM old,demon_attack,4,93580,190.0
CoRe-WM old,demon_attack,4,94523,250.0
CoRe-WM old,demon_attack,4,95542,175.0
CoRe-WM old,demon_attack,4,96071,130.0
CoRe-WM old,demon_attack,4,96734,175.0
CoRe-WM old,demon_attack,4,98133,310.0
CoRe-WM old,demon_attack,4,99368,325.0
CoRe-WM old,demon_attack,4,99618,30.0
CoRe-WM old,freeway,0,2042,0.0
CoRe-WM old,freeway,0,4090,0.0
CoRe-WM old,freeway,0,6131,0.0
CoRe-WM old,freeway,0,8174,0.0
CoRe-WM old,freeway,0,10222,0.0
CoRe-WM old,freeway,0,12265,0.0
CoRe-WM old,freeway,0,14308,0.0
CoRe-WM old,freeway,0,16355,0.0
CoRe-WM old,freeway,0,18398,0.0
CoRe-WM old,freeway,0,20440,0.0
CoRe-WM old,freeway,0,22487,0.0
CoRe-WM old,freeway,0,24528,0.0
CoRe-WM old,freeway,0,26569,0.0
CoRe-WM old,freeway,0,28615,0.0
CoRe-WM old,freeway,0,30661,0.0
CoRe-WM old,freeway,0,32707,0.0
CoRe-WM old,freeway,0,34751,0.0
CoRe-WM old,freeway,0,36799,0.0
CoRe-WM old,freeway,0,38841,0.0
CoRe-WM old,freeway,0,40883,0.0
CoRe-WM old,freeway,0,42930,0.0
CoRe-WM old,freeway,0,44973,0.0
CoRe-WM old,freeway,0,47019,0.0
CoRe-WM old,freeway,0,49067,0.0
CoRe-WM old,freeway,0,51112,0.0
CoRe-WM old,freeway,0,53157,0.0
CoRe-WM old,freeway,0,55204,0.0
CoRe-WM old,freeway,0,57248,0.0
CoRe-WM old,freeway,0,59295,0.0
CoRe-WM old,freeway,0,61336,0.0
CoRe-WM old,freeway,0,63384,0.0
CoRe-WM old,freeway,0,65431,0.0
CoRe-WM old,freeway,0,67475,0.0
CoRe-WM old,freeway,0,69520,0.0
CoRe-WM old,freeway,0,71565,0.0
CoRe-WM old,freeway,0,73607,0.0
CoRe-WM old,freeway,0,75650,0.0
CoRe-WM old,freeway,0,77694,0.0
CoRe-WM old,freeway,0,79742,0.0
CoRe-WM old,freeway,0,81788,0.0
CoRe-WM old,freeway,0,83831,0.0
CoRe-WM old,freeway,0,85875,0.0
CoRe-WM old,freeway,0,87921,0.0
CoRe-WM old,freeway,0,89969,0.0
CoRe-WM old,freeway,0,92011,0.0
CoRe-WM old,freeway,0,94053,0.0
CoRe-WM old,freeway,0,96096,0.0
CoRe-WM old,freeway,0,98144,0.0
CoRe-WM old,freeway,1,2042,0.0
CoRe-WM old,freeway,1,4088,0.0
CoRe-WM old,freeway,1,6135,0.0
CoRe-WM old,freeway,1,8178,0.0
CoRe-WM old,freeway,1,10226,0.0
CoRe-WM old,freeway,1,12267,0.0
CoRe-WM old,freeway,1,14314,0.0
CoRe-WM old,freeway,1,16358,0.0
CoRe-WM old,freeway,1,18401,0.0
CoRe-WM old,freeway,1,20444,0.0
CoRe-WM old,freeway,1,22488,0.0
CoRe-WM old,freeway,1,24536,0.0
CoRe-WM old,freeway,1,26582,0.0
CoRe-WM old,freeway,1,28630,0.0
CoRe-WM old,freeway,1,30678,0.0
CoRe-WM old,freeway,1,32722,0.0
CoRe-WM old,freeway,1,34769,0.0
CoRe-WM old,freeway,1,36817,0.0
CoRe-WM old,freeway,1,38860,0.0
CoRe-WM old,freeway,1,40903,0.0
CoRe-WM old,freeway,1,42946,0.0
CoRe-WM old,freeway,1,44992,0.0
CoRe-WM old,freeway,1,47038,0.0
CoRe-WM old,freeway,1,49079,0.0
CoRe-WM old,freeway,1,51121,0.0
CoRe-WM old,freeway,1,53168,0.0
CoRe-WM old,freeway,1,55214,0.0
CoRe-WM old,freeway,1,57260,0.0
CoRe-WM old,freeway,1,59302,0.0
CoRe-WM old,freeway,1,61343,0.0
CoRe-WM old,freeway,1,63385,0.0
CoRe-WM old,freeway,1,65433,0.0
CoRe-WM old,freeway,1,67481,0.0
CoRe-WM old,freeway,1,69528,0.0
CoRe-WM old,freeway,1,71574,0.0
CoRe-WM old,freeway,1,73619,0.0
CoRe-WM old,freeway,1,75667,0.0
CoRe-WM old,freeway,1,77714,0.0
CoRe-WM old,freeway,1,79761,0.0
CoRe-WM old,freeway,1,81802,0.0
CoRe-WM old,freeway,1,83850,0.0
CoRe-WM old,freeway,1,85893,0.0
CoRe-WM old,freeway,1,87936,0.0
CoRe-WM old,freeway,1,89978,0.0
CoRe-WM old,freeway,1,92024,0.0
CoRe-WM old,freeway,1,94071,0.0
CoRe-WM old,freeway,1,96116,0.0
CoRe-WM old,freeway,1,98158,0.0
CoRe-WM old,freeway,2,2047,0.0
CoRe-WM old,freeway,2,4090,0.0
CoRe-WM old,freeway,2,6134,0.0
CoRe-WM old,freeway,2,8182,0.0
CoRe-WM old,freeway,2,10226,0.0
CoRe-WM old,freeway,2,12270,0.0
CoRe-WM old,freeway,2,14311,0.0
CoRe-WM old,freeway,2,16357,0.0
CoRe-WM old,freeway,2,18404,0.0
CoRe-WM old,freeway,2,20448,0.0
CoRe-WM old,freeway,2,22493,0.0
CoRe-WM old,freeway,2,24541,0.0
CoRe-WM old,freeway,2,26586,0.0
CoRe-WM old,freeway,2,28632,0.0
CoRe-WM old,freeway,2,30680,0.0
CoRe-WM old,freeway,2,32723,0.0
CoRe-WM old,freeway,2,34770,0.0
CoRe-WM old,freeway,2,36811,0.0
CoRe-WM old,freeway,2,38859,0.0
CoRe-WM old,freeway,2,40906,0.0
CoRe-WM old,freeway,2,42954,0.0
CoRe-WM old,freeway,2,45002,0.0
CoRe-WM old,freeway,2,47050,0.0
CoRe-WM old,freeway,2,49093,0.0
CoRe-WM old,freeway,2,51139,0.0
CoRe-WM old,freeway,2,53186,0.0
CoRe-WM old,freeway,2,55232,0.0
CoRe-WM old,freeway,2,57274,0.0
CoRe-WM old,freeway,2,59317,0.0
CoRe-WM old,freeway,2,61362,0.0
CoRe-WM old,freeway,2,63408,0.0
CoRe-WM old,freeway,2,65456,0.0
CoRe-WM old,freeway,2,67504,0.0
CoRe-WM old,freeway,2,69548,0.0
CoRe-WM old,freeway,2,71592,0.0
CoRe-WM old,freeway,2,73640,0.0
CoRe-WM old,freeway,2,75687,0.0
CoRe-WM old,freeway,2,77731,0.0
CoRe-WM old,freeway,2,79772,0.0
CoRe-WM old,freeway,2,81814,0.0
CoRe-WM old,freeway,2,83860,0.0
CoRe-WM old,freeway,2,85905,0.0
CoRe-WM old,freeway,2,87953,0.0
CoRe-WM old,freeway,2,89996,0.0
CoRe-WM old,freeway,2,92039,0.0
CoRe-WM old,freeway,2,94082,0.0
CoRe-WM old,freeway,2,96129,0.0
CoRe-WM old,freeway,2,98173,0.0
CoRe-WM old,freeway,3,2046,0.0
CoRe-WM old,freeway,3,4093,0.0
CoRe-WM old,freeway,3,6139,0.0
CoRe-WM old,freeway,3,8186,0.0
CoRe-WM old,freeway,3,10234,0.0
CoRe-WM old,freeway,3,12275,0.0
CoRe-WM old,freeway,3,14318,0.0
CoRe-WM old,freeway,3,16364,0.0
CoRe-WM old,freeway,3,18405,0.0
CoRe-WM old,freeway,3,20453,0.0
CoRe-WM old,freeway,3,22495,0.0
CoRe-WM old,freeway,3,24537,0.0
CoRe-WM old,freeway,3,26579,0.0
CoRe-WM old,freeway,3,28620,0.0
CoRe-WM old,freeway,3,30668,0.0
CoRe-WM old,freeway,3,32714,0.0
CoRe-WM old,freeway,3,34756,0.0
CoRe-WM old,freeway,3,36800,0.0
CoRe-WM old,freeway,3,38843,0.0
CoRe-WM old,freeway,3,40886,0.0
CoRe-WM old,freeway,3,42929,0.0
CoRe-WM old,freeway,3,44976,0.0
CoRe-WM old,freeway,3,47023,0.0
CoRe-WM old,freeway,3,49069,0.0
CoRe-WM old,freeway,3,51112,0.0
CoRe-WM old,freeway,3,53155,0.0
CoRe-WM old,freeway,3,55196,0.0
CoRe-WM old,freeway,3,57243,0.0
CoRe-WM old,freeway,3,59284,0.0
CoRe-WM old,freeway,3,61325,0.0
CoRe-WM old,freeway,3,63373,0.0
CoRe-WM old,freeway,3,65414,0.0
CoRe-WM old,freeway,3,67459,0.0
CoRe-WM old,freeway,3,69503,0.0
CoRe-WM old,freeway,3,71549,0.0
CoRe-WM old,freeway,3,73592,0.0
CoRe-WM old,freeway,3,75633,0.0
CoRe-WM old,freeway,3,77675,0.0
CoRe-WM old,freeway,3,79716,0.0
CoRe-WM old,freeway,3,81760,0.0
CoRe-WM old,freeway,3,83806,0.0
CoRe-WM old,freeway,3,85853,0.0
CoRe-WM old,freeway,3,87900,0.0
CoRe-WM old,freeway,3,89943,0.0
CoRe-WM old,freeway,3,91986,0.0
CoRe-WM old,freeway,3,94029,0.0
CoRe-WM old,freeway,3,96071,0.0
CoRe-WM old,freeway,3,98112,0.0
CoRe-WM old,freeway,4,2045,0.0
CoRe-WM old,freeway,4,4088,0.0
CoRe-WM old,freeway,4,6134,0.0
CoRe-WM old,freeway,4,8182,0.0
CoRe-WM old,freeway,4,10224,0.0
CoRe-WM old,freeway,4,12267,0.0
CoRe-WM old,freeway,4,14309,0.0
CoRe-WM old,freeway,4,16355,0.0
CoRe-WM old,freeway,4,18399,0.0
CoRe-WM old,freeway,4,20443,0.0
CoRe-WM old,freeway,4,22488,0.0
CoRe-WM old,freeway,4,24530,0.0
CoRe-WM old,freeway,4,26572,0.0
CoRe-WM old,freeway,4,28618,0.0
CoRe-WM old,freeway,4,30665,0.0
CoRe-WM old,freeway,4,32711,0.0
CoRe-WM old,freeway,4,34755,0.0
CoRe-WM old,freeway,4,36798,0.0
CoRe-WM old,freeway,4,38839,0.0
CoRe-WM old,freeway,4,40887,0.0
CoRe-WM old,freeway,4,42935,0.0
CoRe-WM old,freeway,4,44977,0.0
CoRe-WM old,freeway,4,47020,0.0
CoRe-WM old,freeway,4,49067,0.0
CoRe-WM old,freeway,4,51109,0.0
CoRe-WM old,freeway,4,53150,0.0
CoRe-WM old,freeway,4,55195,0.0
CoRe-WM old,freeway,4,57243,0.0
CoRe-WM old,freeway,4,59288,0.0
CoRe-WM old,freeway,4,61335,0.0
CoRe-WM old,freeway,4,63382,0.0
CoRe-WM old,freeway,4,65429,0.0
CoRe-WM old,freeway,4,67476,0.0
CoRe-WM old,freeway,4,69520,0.0
CoRe-WM old,freeway,4,71562,0.0
CoRe-WM old,freeway,4,73608,0.0
CoRe-WM old,freeway,4,75655,0.0
CoRe-WM old,freeway,4,77700,1.0
CoRe-WM old,freeway,4,79743,0.0
CoRe-WM old,freeway,4,81788,0.0
CoRe-WM old,freeway,4,83830,0.0
CoRe-WM old,freeway,4,85875,0.0
CoRe-WM old,freeway,4,87917,0.0
CoRe-WM old,freeway,4,89965,0.0
CoRe-WM old,freeway,4,92008,0.0
CoRe-WM old,freeway,4,94051,0.0
CoRe-WM old,freeway,4,96099,0.0
CoRe-WM old,freeway,4,98142,0.0
CoRe-WM old,frostbite,0,497,70.0
CoRe-WM old,frostbite,0,869,80.0
CoRe-WM old,frostbite,0,1274,70.0
CoRe-WM old,frostbite,0,1635,60.0
CoRe-WM old,frostbite,0,1887,0.0
CoRe-WM old,frostbite,0,2378,140.0
CoRe-WM old,frostbite,0,2755,50.0
CoRe-WM old,frostbite,0,3126,110.0
CoRe-WM old,frostbite,0,3538,80.0
CoRe-WM old,frostbite,0,4064,140.0
CoRe-WM old,frostbite,0,4462,130.0
CoRe-WM old,frostbite,0,4784,30.0
CoRe-WM old,frostbite,0,5139,50.0
CoRe-WM old,frostbite,0,5610,120.0
CoRe-WM old,frostbite,0,5968,50.0
CoRe-WM old,frostbite,0,6398,90.0
CoRe-WM old,frostbite,0,6797,80.0
CoRe-WM old,frostbite,0,7206,40.0
CoRe-WM old,frostbite,0,7499,30.0
CoRe-WM old,frostbite,0,7951,100.0
CoRe-WM old,frostbite,0,8489,80.0
CoRe-WM old,frostbite,0,8811,50.0
CoRe-WM old,frostbite,0,9171,50.0
CoRe-WM old,frostbite,0,9590,80.0
CoRe-WM old,frostbite,0,10003,110.0
CoRe-WM old,frostbite,0,10454,140.0
CoRe-WM old,frostbite,0,10850,130.0
CoRe-WM old,frostbite,0,11205,130.0
CoRe-WM old,frostbite,0,11510,80.0
CoRe-WM old,frostbite,0,11836,100.0
CoRe-WM old,frostbite,0,12203,130.0
CoRe-WM old,frostbite,0,12474,40.0
CoRe-WM old,frostbite,0,12903,140.0
CoRe-WM old,frostbite,0,13245,130.0
CoRe-WM old,frostbite,0,13742,180.0
CoRe-WM old,frostbite,0,14048,80.0
CoRe-WM old,frostbite,0,14401,140.0
CoRe-WM old,frostbite,0,14792,130.0
CoRe-WM old,frostbite,0,15081,70.0
CoRe-WM old,frostbite,0,15449,160.0
CoRe-WM old,frostbite,0,15804,160.0
CoRe-WM old,frostbite,0,16302,210.0
CoRe-WM old,frostbite,0,16751,190.0
CoRe-WM old,frostbite,0,17160,210.0
CoRe-WM old,frostbite,0,17573,180.0
CoRe-WM old,frostbite,0,18066,220.0
CoRe-WM old,frostbite,0,18440,170.0
CoRe-WM old,frostbite,0,18887,200.0
CoRe-WM old,frostbite,0,19396,220.0
CoRe-WM old,frostbite,0,19797,170.0
CoRe-WM old,frostbite,0,20305,220.0
CoRe-WM old,frostbite,0,20755,180.0
CoRe-WM old,frostbite,0,21324,220.0
CoRe-WM old,frostbite,0,21799,250.0
CoRe-WM old,frostbite,0,22185,190.0
CoRe-WM old,frostbite,0,22565,160.0
CoRe-WM old,frostbite,0,22999,200.0
CoRe-WM old,frostbite,0,23505,200.0
CoRe-WM old,frostbite,0,23916,170.0
CoRe-WM old,frostbite,0,24437,240.0
CoRe-WM old,frostbite,0,24832,180.0
CoRe-WM old,frostbite,0,25295,210.0
CoRe-WM old,frostbite,0,25701,200.0
CoRe-WM old,frostbite,0,26144,200.0
CoRe-WM old,frostbite,0,26575,210.0
CoRe-WM old,frostbite,0,26967,200.0
CoRe-WM old,frostbite,0,27352,190.0
CoRe-WM old,frostbite,0,27940,280.0
CoRe-WM old,frostbite,0,28328,190.0
CoRe-WM old,frostbite,0,28713,210.0
CoRe-WM old,frostbite,0,29181,210.0
CoRe-WM old,frostbite,0,29547,160.0
CoRe-WM old,frostbite,0,29935,200.0
CoRe-WM old,frostbite,0,30329,200.0
CoRe-WM old,frostbite,0,30721,190.0
CoRe-WM old,frostbite,0,31140,220.0
CoRe-WM old,frostbite,0,31512,170.0
CoRe-WM old,frostbite,0,31963,200.0
CoRe-WM old,frostbite,0,32374,210.0
CoRe-WM old,frostbite,0,32809,220.0
CoRe-WM old,frostbite,0,33193,160.0
CoRe-WM old,frostbite,0,33621,210.0
CoRe-WM old,frostbite,0,34068,180.0
CoRe-WM old,frostbite,0,34500,210.0
CoRe-WM old,frostbite,0,34993,260.0
CoRe-WM old,frostbite,0,35433,210.0
CoRe-WM old,frostbite,0,35864,210.0
CoRe-WM old,frostbite,0,36322,190.0
CoRe-WM old,frostbite,0,36728,190.0
CoRe-WM old,frostbite,0,37205,220.0
CoRe-WM old,frostbite,0,37643,210.0
CoRe-WM old,frostbite,0,38115,220.0
CoRe-WM old,frostbite,0,38562,210.0
CoRe-WM old,frostbite,0,38990,220.0
CoRe-WM old,frostbite,0,39456,210.0
CoRe-WM old,frostbite,0,39857,180.0
CoRe-WM old,frostbite,0,40327,240.0
CoRe-WM old,frostbite,0,40704,160.0
CoRe-WM old,frostbite,0,41201,220.0
CoRe-WM old,frostbite,0,41635,210.0
CoRe-WM old,frostbite,0,42113,200.0
CoRe-WM old,frostbite,0,42543,200.0
CoRe-WM old,frostbite,0,43036,210.0
CoRe-WM old,frostbite,0,43558,240.0
CoRe-WM old,frostbite,0,44069,240.0
CoRe-WM old,frostbite,0,44537,220.0
CoRe-WM old,frostbite,0,44966,180.0
CoRe-WM old,frostbite,0,45485,250.0
CoRe-WM old,frostbite,0,45955,220.0
CoRe-WM old,frostbite,0,46398,210.0
CoRe-WM old,frostbite,0,46909,240.0
CoRe-WM old,frostbite,0,47417,230.0
CoRe-WM old,frostbite,0,47933,240.0
CoRe-WM old,frostbite,0,48368,220.0
CoRe-WM old,frostbite,0,48832,230.0
CoRe-WM old,frostbite,0,49289,230.0
CoRe-WM old,frostbite,0,49755,210.0
CoRe-WM old,frostbite,0,50202,220.0
CoRe-WM old,frostbite,0,50666,220.0
CoRe-WM old,frostbite,0,51196,240.0
CoRe-WM old,frostbite,0,51655,240.0
CoRe-WM old,frostbite,0,52127,220.0
CoRe-WM old,frostbite,0,52646,240.0
CoRe-WM old,frostbite,0,53229,240.0
CoRe-WM old,frostbite,0,53830,260.0
CoRe-WM old,frostbite,0,54313,220.0
CoRe-WM old,frostbite,0,54729,160.0
CoRe-WM old,frostbite,0,55242,240.0
CoRe-WM old,frostbite,0,55774,240.0
CoRe-WM old,frostbite,0,56233,230.0
CoRe-WM old,frostbite,0,56795,260.0
CoRe-WM old,frostbite,0,57488,230.0
CoRe-WM old,frostbite,0,58010,240.0
CoRe-WM old,frostbite,0,58773,270.0
CoRe-WM old,frostbite,0,59352,240.0
CoRe-WM old,frostbite,0,59992,260.0
CoRe-WM old,frostbite,0,60665,260.0
CoRe-WM old,frostbite,0,61153,200.0
CoRe-WM old,frostbite,0,61799,230.0
CoRe-WM old,frostbite,0,62491,240.0
CoRe-WM old,frostbite,0,63113,240.0
CoRe-WM old,frostbite,0,63696,240.0
CoRe-WM old,frostbite,0,64258,220.0
CoRe-WM old,frostbite,0,64864,220.0
CoRe-WM old,frostbite,0,65448,190.0
CoRe-WM old,frostbite,0,66029,250.0
CoRe-WM old,frostbite,0,66527,220.0
CoRe-WM old,frostbite,0,67004,220.0
CoRe-WM old,frostbite,0,67488,240.0
CoRe-WM old,frostbite,0,67961,230.0
CoRe-WM old,frostbite,0,68494,240.0
CoRe-WM old,frostbite,0,69016,240.0
CoRe-WM old,frostbite,0,69475,230.0
CoRe-WM old,frostbite,0,70015,250.0
CoRe-WM old,frostbite,0,70750,300.0
CoRe-WM old,frostbite,0,71515,260.0
CoRe-WM old,frostbite,0,72134,270.0
CoRe-WM old,frostbite,0,72631,240.0
CoRe-WM old,frostbite,0,73114,230.0
CoRe-WM old,frostbite,0,73654,260.0
CoRe-WM old,frostbite,0,74152,220.0
CoRe-WM old,frostbite,0,74700,250.0
CoRe-WM old,frostbite,0,75229,240.0
CoRe-WM old,frostbite,0,76018,280.0
CoRe-WM old,frostbite,0,76648,250.0
CoRe-WM old,frostbite,0,77217,260.0
CoRe-WM old,frostbite,0,77786,250.0
CoRe-WM old,frostbite,0,78352,240.0
CoRe-WM old,frostbite,0,78897,240.0
CoRe-WM old,frostbite,0,79449,260.0
CoRe-WM old,frostbite,0,80031,250.0
CoRe-WM old,frostbite,0,80577,280.0
CoRe-WM old,frostbite,0,81114,240.0
CoRe-WM old,frostbite,0,81707,270.0
CoRe-WM old,frostbite,0,82200,250.0
CoRe-WM old,frostbite,0,82620,180.0
CoRe-WM old,frostbite,0,83145,280.0
CoRe-WM old,frostbite,0,83700,270.0
CoRe-WM old,frostbite,0,84172,250.0
CoRe-WM old,frostbite,0,84698,270.0
CoRe-WM old,frostbite,0,85326,300.0
CoRe-WM old,frostbite,0,85742,200.0
CoRe-WM old,frostbite,0,86156,190.0
CoRe-WM old,frostbite,0,86994,280.0
CoRe-WM old,frostbite,0,87638,300.0
CoRe-WM old,frostbite,0,88157,260.0
CoRe-WM old,frostbite,0,88780,340.0
CoRe-WM old,frostbite,0,89327,280.0
CoRe-WM old,frostbite,0,89903,300.0
CoRe-WM old,frostbite,0,90485,300.0
CoRe-WM old,frostbite,0,91106,360.0
CoRe-WM old,frostbite,0,91653,260.0
CoRe-WM old,frostbite,0,92284,280.0
CoRe-WM old,frostbite,0,92770,240.0
CoRe-WM old,frostbite,0,93449,300.0
CoRe-WM old,frostbite,0,94119,370.0
CoRe-WM old,frostbite,0,94571,220.0
CoRe-WM old,frostbite,0,95014,210.0
CoRe-WM old,frostbite,0,95681,340.0
CoRe-WM old,frostbite,0,96313,340.0
CoRe-WM old,frostbite,0,96998,380.0
CoRe-WM old,frostbite,0,97653,230.0
CoRe-WM old,frostbite,0,98188,250.0
CoRe-WM old,frostbite,0,99068,240.0
CoRe-WM old,frostbite,0,99855,330.0
CoRe-WM old,frostbite,1,285,50.0
CoRe-WM old,frostbite,1,767,160.0
CoRe-WM old,frostbite,1,1193,70.0
CoRe-WM old,frostbite,1,1519,30.0
CoRe-WM old,frostbite,1,1864,40.0
CoRe-WM old,frostbite,1,2257,90.0
CoRe-WM old,frostbite,1,2608,60.0
CoRe-WM old,frostbite,1,3050,50.0
CoRe-WM old,frostbite,1,3346,30.0
CoRe-WM old,frostbite,1,3668,70.0
CoRe-WM old,frostbite,1,3993,50.0
CoRe-WM old,frostbite,1,4324,60.0
CoRe-WM old,frostbite,1,4635,60.0
CoRe-WM old,frostbite,1,4968,40.0
CoRe-WM old,frostbite,1,5246,50.0
CoRe-WM old,frostbite,1,5628,20.0
CoRe-WM old,frostbite,1,5889,10.0
CoRe-WM old,frostbite,1,6351,120.0
CoRe-WM old,frostbite,1,6651,60.0
CoRe-WM old,frostbite,1,7047,90.0
CoRe-WM old,frostbite,1,7345,40.0
CoRe-WM old,frostbite,1,7788,80.0
CoRe-WM old,frostbite,1,8061,40.0
CoRe-WM old,frostbite,1,8464,90.0
CoRe-WM old,frostbite,1,8830,110.0
CoRe-WM old,frostbite,1,9077,0.0
CoRe-WM old,frostbite,1,9325,0.0
CoRe-WM old,frostbite,1,9568,0.0
CoRe-WM old,frostbite,1,9820,0.0
CoRe-WM old,frostbite,1,10088,10.0
CoRe-WM old,frostbite,1,10350,0.0
CoRe-WM old,frostbite,1,10764,110.0
CoRe-WM old,frostbite,1,11047,20.0
CoRe-WM old,frostbite,1,11372,20.0
CoRe-WM old,frostbite,1,11694,60.0
CoRe-WM old,frostbite,1,12066,70.0
CoRe-WM old,frostbite,1,12424,90.0
CoRe-WM old,frostbite,1,12933,150.0
CoRe-WM old,frostbite,1,13257,40.0
CoRe-WM old,frostbite,1,13704,130.0
CoRe-WM old,frostbite,1,14235,170.0
CoRe-WM old,frostbite,1,14721,200.0
CoRe-WM old,frostbite,1,15190,210.0
CoRe-WM old,frostbite,1,15536,90.0
CoRe-WM old,frostbite,1,15963,160.0
CoRe-WM old,frostbite,1,16363,170.0
CoRe-WM old,frostbite,1,16801,190.0
CoRe-WM old,frostbite,1,17226,170.0
CoRe-WM old,frostbite,1,17656,190.0
CoRe-WM old,frostbite,1,18054,170.0
CoRe-WM old,frostbite,1,18401,140.0
CoRe-WM old,frostbite,1,18820,190.0
CoRe-WM old,frostbite,1,19199,170.0
CoRe-WM old,frostbite,1,19717,210.0
CoRe-WM old,frostbite,1,20238,210.0
CoRe-WM old,frostbite,1,20668,200.0
CoRe-WM old,frostbite,1,21083,180.0
CoRe-WM old,frostbite,1,21476,170.0
CoRe-WM old,frostbite,1,21897,200.0
CoRe-WM old,frostbite,1,22399,210.0
CoRe-WM old,frostbite,1,22919,260.0
CoRe-WM old,frostbite,1,23500,250.0
CoRe-WM old,frostbite,1,24089,270.0
CoRe-WM old,frostbite,1,24522,210.0
CoRe-WM old,frostbite,1,25020,220.0
CoRe-WM old,frostbite,1,25440,170.0
CoRe-WM old,frostbite,1,25876,170.0
CoRe-WM old,frostbite,1,26344,210.0
CoRe-WM old,frostbite,1,26804,200.0
CoRe-WM old,frostbite,1,27397,240.0
CoRe-WM old,frostbite,1,27901,210.0
CoRe-WM old,frostbite,1,28427,210.0
CoRe-WM old,frostbite,1,28890,220.0
CoRe-WM old,frostbite,1,29292,200.0
CoRe-WM old,frostbite,1,29681,170.0
CoRe-WM old,frostbite,1,30155,250.0
CoRe-WM old,frostbite,1,30607,230.0
CoRe-WM old,frostbite,1,31041,190.0
CoRe-WM old,frostbite,1,31455,210.0
CoRe-WM old,frostbite,1,31895,220.0
CoRe-WM old,frostbite,1,32424,260.0
CoRe-WM old,frostbite,1,32900,260.0
CoRe-WM old,frostbite,1,33298,200.0
CoRe-WM old,frostbite,1,33837,250.0
CoRe-WM old,frostbite,1,34319,230.0
CoRe-WM old,frostbite,1,34773,210.0
CoRe-WM old,frostbite,1,35227,230.0
CoRe-WM old,frostbite,1,35734,250.0
CoRe-WM old,frostbite,1,36212,220.0
CoRe-WM old,frostbite,1,36693,210.0
CoRe-WM old,frostbite,1,37181,200.0
CoRe-WM old,frostbite,1,37598,200.0
CoRe-WM old,frostbite,1,38017,200.0
CoRe-WM old,frostbite,1,38501,220.0
CoRe-WM old,frostbite,1,39023,230.0
CoRe-WM old,frostbite,1,39512,210.0
CoRe-WM old,frostbite,1,40005,230.0
CoRe-WM old,frostbite,1,40504,220.0
CoRe-WM old,frostbite,1,40948,200.0
CoRe-WM old,frostbite,1,41568,210.0
CoRe-WM old,frostbite,1,42117,200.0
CoRe-WM old,frostbite,1,42614,210.0
CoRe-WM old,frostbite,1,43299,230.0
CoRe-WM old,frostbite,1,43713,200.0
CoRe-WM old,frostbite,1,44160,210.0
CoRe-WM old,frostbite,1,44856,250.0
CoRe-WM old,frostbite,1,45304,210.0
CoRe-WM old,frostbite,1,45790,250.0
CoRe-WM old,frostbite,1,46226,210.0
CoRe-WM old,frostbite,1,46631,200.0
CoRe-WM old,frostbite,1,47113,230.0
CoRe-WM old,frostbite,1,47764,240.0
CoRe-WM old,frostbite,1,48248,250.0
CoRe-WM old,frostbite,1,48669,190.0
CoRe-WM old,frostbite,1,49137,200.0
CoRe-WM old,frostbite,1,49637,230.0
CoRe-WM old,frostbite,1,50119,240.0
CoRe-WM old,frostbite,1,50674,220.0
CoRe-WM old,frostbite,1,51212,240.0
CoRe-WM old,frostbite,1,51670,200.0
CoRe-WM old,frostbite,1,52168,220.0
CoRe-WM old,frostbite,1,52668,230.0
CoRe-WM old,frostbite,1,53337,230.0
CoRe-WM old,frostbite,1,53853,240.0
CoRe-WM old,frostbite,1,54572,890.0
CoRe-WM old,frostbite,1,55159,210.0
CoRe-WM old,frostbite,1,55640,250.0
CoRe-WM old,frostbite,1,56187,230.0
CoRe-WM old,frostbite,1,56987,840.0
CoRe-WM old,frostbite,1,57601,790.0
CoRe-WM old,frostbite,1,58507,1020.0
CoRe-WM old,frostbite,1,59099,790.0
CoRe-WM old,frostbite,1,59852,800.0
CoRe-WM old,frostbite,1,86852,820.0
CoRe-WM old,frostbite,1,87682,1410.0
CoRe-WM old,frostbite,1,88121,210.0
CoRe-WM old,frostbite,1,88639,220.0
CoRe-WM old,frostbite,1,89073,210.0
CoRe-WM old,frostbite,1,89634,770.0
CoRe-WM old,frostbite,1,90419,1050.0
CoRe-WM old,frostbite,1,91140,940.0
CoRe-WM old,frostbite,1,92006,2270.0
CoRe-WM old,frostbite,1,93073,2830.0
CoRe-WM old,frostbite,1,93852,1060.0
CoRe-WM old,frostbite,1,94827,2440.0
CoRe-WM old,frostbite,1,95809,2950.0
CoRe-WM old,frostbite,1,96592,990.0
CoRe-WM old,frostbite,1,97603,2500.0
CoRe-WM old,frostbite,1,98443,2340.0
CoRe-WM old,frostbite,1,99333,2430.0
CoRe-WM old,frostbite,2,441,130.0
CoRe-WM old,frostbite,2,844,40.0
CoRe-WM old,frostbite,2,1283,50.0
CoRe-WM old,frostbite,2,1735,90.0
CoRe-WM old,frostbite,2,2230,110.0
CoRe-WM old,frostbite,2,2656,110.0
CoRe-WM old,frostbite,2,2996,90.0
CoRe-WM old,frostbite,2,3415,120.0
CoRe-WM old,frostbite,2,3748,70.0
CoRe-WM old,frostbite,2,4175,70.0
CoRe-WM old,frostbite,2,4555,90.0
CoRe-WM old,frostbite,2,5055,90.0
CoRe-WM old,frostbite,2,5437,80.0
CoRe-WM old,frostbite,2,5811,60.0
CoRe-WM old,frostbite,2,6237,140.0
CoRe-WM old,frostbite,2,6642,110.0
CoRe-WM old,frostbite,2,7087,100.0
CoRe-WM old,frostbite,2,7392,50.0
CoRe-WM old,frostbite,2,7675,20.0
CoRe-WM old,frostbite,2,8003,50.0
CoRe-WM old,frostbite,2,8430,80.0
CoRe-WM old,frostbite,2,8746,50.0
CoRe-WM old,frostbite,2,9072,70.0
CoRe-WM old,frostbite,2,9403,60.0
CoRe-WM old,frostbite,2,9710,80.0
CoRe-WM old,frostbite,2,10048,90.0
CoRe-WM old,frostbite,2,10363,50.0
CoRe-WM old,frostbite,2,10739,90.0
CoRe-WM old,frostbite,2,10981,0.0
CoRe-WM old,frostbite,2,11304,70.0
CoRe-WM old,frostbite,2,11831,200.0
CoRe-WM old,frostbite,2,12244,150.0
CoRe-WM old,frostbite,2,12624,160.0
CoRe-WM old,frostbite,2,13049,190.0
CoRe-WM old,frostbite,2,13576,200.0
CoRe-WM old,frostbite,2,14034,230.0
CoRe-WM old,frostbite,2,14487,180.0
CoRe-WM old,frostbite,2,15049,240.0
CoRe-WM old,frostbite,2,15552,200.0
CoRe-WM old,frostbite,2,16013,220.0
CoRe-WM old,frostbite,2,16515,230.0
CoRe-WM old,frostbite,2,17387,1000.0
CoRe-WM old,frostbite,2,17774,170.0
CoRe-WM old,frostbite,2,18791,1190.0
CoRe-WM old,frostbite,2,19479,260.0
CoRe-WM old,frostbite,2,20411,1430.0
CoRe-WM old,frostbite,2,20867,200.0
CoRe-WM old,frostbite,2,21589,1290.0
CoRe-WM old,frostbite,2,22195,720.0
CoRe-WM old,frostbite,2,22598,170.0
CoRe-WM old,frostbite,2,23441,1380.0
CoRe-WM old,frostbite,2,24181,1310.0
CoRe-WM old,frostbite,2,24580,210.0
CoRe-WM old,frostbite,2,25676,2340.0
CoRe-WM old,frostbite,2,26676,1780.0
CoRe-WM old,frostbite,2,27828,2090.0
CoRe-WM old,frostbite,2,28742,1660.0
CoRe-WM old,frostbite,2,29577,1120.0
CoRe-WM old,frostbite,2,30463,1790.0
CoRe-WM old,frostbite,2,31344,920.0
CoRe-WM old,frostbite,2,31782,200.0
CoRe-WM old,frostbite,2,32802,2260.0
CoRe-WM old,frostbite,2,33671,1060.0
CoRe-WM old,frostbite,2,34556,1200.0
CoRe-WM old,frostbite,2,35637,1270.0
CoRe-WM old,frostbite,2,36378,950.0
CoRe-WM old,frostbite,2,37212,1420.0
CoRe-WM old,frostbite,2,38280,1630.0
CoRe-WM old,frostbite,2,39321,1730.0
CoRe-WM old,frostbite,2,40216,1800.0
CoRe-WM old,frostbite,2,41123,1750.0
CoRe-WM old,frostbite,2,42026,1510.0
CoRe-WM old,frostbite,2,42899,1910.0
CoRe-WM old,frostbite,2,43833,1940.0
CoRe-WM old,frostbite,2,44742,2130.0
CoRe-WM old,frostbite,2,45564,1360.0
CoRe-WM old,frostbite,2,46333,980.0
CoRe-WM old,frostbite,2,47340,1870.0
CoRe-WM old,frostbite,2,48181,1270.0
CoRe-WM old,frostbite,2,49054,1710.0
CoRe-WM old,frostbite,2,49860,1340.0
CoRe-WM old,frostbite,2,50749,1740.0
CoRe-WM old,frostbite,2,51498,1320.0
CoRe-WM old,frostbite,2,52366,1890.0
CoRe-WM old,frostbite,2,53228,1510.0
CoRe-WM old,frostbite,2,54149,2020.0
CoRe-WM old,frostbite,2,54607,220.0
CoRe-WM old,frostbite,2,55696,3220.0
CoRe-WM old,frostbite,2,56560,1600.0
CoRe-WM old,frostbite,2,57471,1780.0
CoRe-WM old,frostbite,2,58662,1650.0
CoRe-WM old,frostbite,2,59625,1840.0
CoRe-WM old,frostbite,2,60292,930.0
CoRe-WM old,frostbite,2,61307,2910.0
CoRe-WM old,frostbite,2,62221,1490.0
CoRe-WM old,frostbite,2,63031,1250.0
CoRe-WM old,frostbite,2,63935,2400.0
CoRe-WM old,frostbite,2,64911,1550.0
CoRe-WM old,frostbite,2,65726,1070.0
CoRe-WM old,frostbite,2,66644,1930.0
CoRe-WM old,frostbite,2,67327,1110.0
CoRe-WM old,frostbite,2,67768,200.0
CoRe-WM old,frostbite,2,68500,1610.0
CoRe-WM old,frostbite,2,69375,1110.0
CoRe-WM old,frostbite,2,70180,1720.0
CoRe-WM old,frostbite,2,71016,1230.0
CoRe-WM old,frostbite,2,71929,1610.0
CoRe-WM old,frostbite,2,72616,1460.0
CoRe-WM old,frostbite,2,73499,1530.0
CoRe-WM old,frostbite,2,74256,1490.0
CoRe-WM old,frostbite,2,75146,1910.0
CoRe-WM old,frostbite,2,76017,1320.0
CoRe-WM old,frostbite,2,76877,1330.0
CoRe-WM old,frostbite,2,77746,2120.0
CoRe-WM old,frostbite,2,78615,1340.0
CoRe-WM old,frostbite,2,79490,1490.0
CoRe-WM old,frostbite,2,80461,2550.0
CoRe-WM old,frostbite,2,81399,1940.0
CoRe-WM old,frostbite,2,82367,2150.0
CoRe-WM old,frostbite,2,83396,2270.0
CoRe-WM old,frostbite,2,84335,1880.0
CoRe-WM old,frostbite,2,85088,1270.0
CoRe-WM old,frostbite,2,86129,2330.0
CoRe-WM old,frostbite,2,87138,2870.0
CoRe-WM old,frostbite,2,88127,2760.0
CoRe-WM old,frostbite,2,89199,3140.0
CoRe-WM old,frostbite,2,90193,1920.0
CoRe-WM old,frostbite,2,91363,2520.0
CoRe-WM old,frostbite,2,92338,2130.0
CoRe-WM old,frostbite,2,93301,2360.0
CoRe-WM old,frostbite,2,94492,2800.0
CoRe-WM old,frostbite,2,95366,1830.0
CoRe-WM old,frostbite,2,96332,2150.0
CoRe-WM old,frostbite,2,97240,1730.0
CoRe-WM old,frostbite,2,98150,2040.0
CoRe-WM old,frostbite,2,99361,2140.0
CoRe-WM old,frostbite,3,393,60.0
CoRe-WM old,frostbite,3,674,30.0
CoRe-WM old,frostbite,3,1026,20.0
CoRe-WM old,frostbite,3,1524,130.0
CoRe-WM old,frostbite,3,1907,90.0
CoRe-WM old,frostbite,3,2293,40.0
CoRe-WM old,frostbite,3,2833,180.0
CoRe-WM old,frostbite,3,3227,40.0
CoRe-WM old,frostbite,3,3594,110.0
CoRe-WM old,frostbite,3,3956,80.0
CoRe-WM old,frostbite,3,4271,20.0
CoRe-WM old,frostbite,3,4619,80.0
CoRe-WM old,frostbite,3,4983,80.0
CoRe-WM old,frostbite,3,5332,90.0
CoRe-WM old,frostbite,3,5688,90.0
CoRe-WM old,frostbite,3,6266,140.0
CoRe-WM old,frostbite,3,6594,50.0
CoRe-WM old,frostbite,3,6900,30.0
CoRe-WM old,frostbite,3,7307,140.0
CoRe-WM old,frostbite,3,7724,80.0
CoRe-WM old,frostbite,3,8256,100.0
CoRe-WM old,frostbite,3,8561,70.0
CoRe-WM old,frostbite,3,8934,80.0
CoRe-WM old,frostbite,3,9290,40.0
CoRe-WM old,frostbite,3,9570,40.0
CoRe-WM old,frostbite,3,9924,100.0
CoRe-WM old,frostbite,3,10416,100.0
CoRe-WM old,frostbite,3,10717,80.0
CoRe-WM old,frostbite,3,11058,80.0
CoRe-WM old,frostbite,3,11538,140.0
CoRe-WM old,frostbite,3,11934,130.0
CoRe-WM old,frostbite,3,12685,230.0
CoRe-WM old,frostbite,3,13377,230.0
CoRe-WM old,frostbite,3,13724,100.0
CoRe-WM old,frostbite,3,14397,200.0
CoRe-WM old,frostbite,3,14718,100.0
CoRe-WM old,frostbite,3,15049,120.0
CoRe-WM old,frostbite,3,15407,150.0
CoRe-WM old,frostbite,3,15830,150.0
CoRe-WM old,frostbite,3,16376,240.0
CoRe-WM old,frostbite,3,16817,210.0
CoRe-WM old,frostbite,3,17271,200.0
CoRe-WM old,frostbite,3,17744,210.0
CoRe-WM old,frostbite,3,18215,180.0
CoRe-WM old,frostbite,3,18714,200.0
CoRe-WM old,frostbite,3,19135,150.0
CoRe-WM old,frostbite,3,19587,170.0
CoRe-WM old,frostbite,3,20110,230.0
CoRe-WM old,frostbite,3,20719,220.0
CoRe-WM old,frostbite,3,21260,220.0
CoRe-WM old,frostbite,3,21672,180.0
CoRe-WM old,frostbite,3,22329,270.0
CoRe-WM old,frostbite,3,22845,230.0
CoRe-WM old,frostbite,3,23483,270.0
CoRe-WM old,frostbite,3,24188,270.0
CoRe-WM old,frostbite,3,24786,250.0
CoRe-WM old,frostbite,3,25340,210.0
CoRe-WM old,frostbite,3,25831,210.0
CoRe-WM old,frostbite,3,26379,230.0
CoRe-WM old,frostbite,3,26839,200.0
CoRe-WM old,frostbite,3,27463,260.0
CoRe-WM old,frostbite,3,27996,240.0
CoRe-WM old,frostbite,3,28611,240.0
CoRe-WM old,frostbite,3,29201,250.0
CoRe-WM old,frostbite,3,29751,230.0
CoRe-WM old,frostbite,3,30418,270.0
CoRe-WM old,frostbite,3,30990,260.0
CoRe-WM old,frostbite,3,31635,250.0
CoRe-WM old,frostbite,3,32177,250.0
CoRe-WM old,frostbite,3,32693,230.0
CoRe-WM old,frostbite,3,33319,250.0
CoRe-WM old,frostbite,3,33840,230.0
CoRe-WM old,frostbite,3,34302,210.0
CoRe-WM old,frostbite,3,34689,160.0
CoRe-WM old,frostbite,3,35143,180.0
CoRe-WM old,frostbite,3,35662,250.0
CoRe-WM old,frostbite,3,36080,210.0
CoRe-WM old,frostbite,3,36707,210.0
CoRe-WM old,frostbite,3,37222,230.0
CoRe-WM old,frostbite,3,37705,220.0
CoRe-WM old,frostbite,3,38199,200.0
CoRe-WM old,frostbite,3,38698,210.0
CoRe-WM old,frostbite,3,39303,240.0
CoRe-WM old,frostbite,3,40125,260.0
CoRe-WM old,frostbite,3,40745,240.0
CoRe-WM old,frostbite,3,41336,220.0
CoRe-WM old,frostbite,3,41871,210.0
CoRe-WM old,frostbite,3,42541,250.0
CoRe-WM old,frostbite,3,43693,260.0
CoRe-WM old,frostbite,3,44305,220.0
CoRe-WM old,frostbite,3,44848,240.0
CoRe-WM old,frostbite,3,45467,250.0
CoRe-WM old,frostbite,3,46105,260.0
CoRe-WM old,frostbite,3,46597,230.0
CoRe-WM old,frostbite,3,47154,250.0
CoRe-WM old,frostbite,3,47801,270.0
CoRe-WM old,frostbite,3,48329,250.0
CoRe-WM old,frostbite,3,48895,250.0
CoRe-WM old,frostbite,3,49425,250.0
CoRe-WM old,frostbite,3,49924,250.0
CoRe-WM old,frostbite,3,50500,240.0
CoRe-WM old,frostbite,3,50980,230.0
CoRe-WM old,frostbite,3,51569,270.0
CoRe-WM old,frostbite,3,52063,240.0
CoRe-WM old,frostbite,3,52677,250.0
CoRe-WM old,frostbite,3,53142,200.0
CoRe-WM old,frostbite,3,53702,260.0
CoRe-WM old,frostbite,3,54143,210.0
CoRe-WM old,frostbite,3,54704,260.0
CoRe-WM old,frostbite,3,55196,230.0
CoRe-WM old,frostbite,3,55789,270.0
CoRe-WM old,frostbite,3,56397,260.0
CoRe-WM old,frostbite,3,56894,220.0
CoRe-WM old,frostbite,3,57354,210.0
CoRe-WM old,frostbite,3,57879,250.0
CoRe-WM old,frostbite,3,58384,240.0
CoRe-WM old,frostbite,3,58895,200.0
CoRe-WM old,frostbite,3,59896,3440.0
CoRe-WM old,frostbite,3,60371,260.0
CoRe-WM old,frostbite,3,60944,270.0
CoRe-WM old,frostbite,3,61427,210.0
CoRe-WM old,frostbite,3,61963,260.0
CoRe-WM old,frostbite,3,62996,3130.0
CoRe-WM old,frostbite,3,63433,160.0
CoRe-WM old,frostbite,3,64107,1200.0
CoRe-WM old,frostbite,3,64765,920.0
CoRe-WM old,frostbite,3,65261,250.0
CoRe-WM old,frostbite,3,65782,260.0
CoRe-WM old,frostbite,3,66336,260.0
CoRe-WM old,frostbite,3,67047,940.0
CoRe-WM old,frostbite,3,67680,830.0
CoRe-WM old,frostbite,3,68339,1010.0
CoRe-WM old,frostbite,3,69148,250.0
CoRe-WM old,frostbite,3,69825,970.0
CoRe-WM old,frostbite,3,70215,180.0
CoRe-WM old,frostbite,3,70957,1060.0
CoRe-WM old,frostbite,3,71618,990.0
CoRe-WM old,frostbite,3,72070,220.0
CoRe-WM old,frostbite,3,72739,920.0
CoRe-WM old,frostbite,3,73448,1010.0
CoRe-WM old,frostbite,3,74010,800.0
CoRe-WM old,frostbite,3,74614,840.0
CoRe-WM old,frostbite,3,75263,880.0
CoRe-WM old,frostbite,3,76079,1030.0
CoRe-WM old,frostbite,3,76722,880.0
CoRe-WM old,frostbite,3,77818,3530.0
CoRe-WM old,frostbite,3,79188,3790.0
CoRe-WM old,frostbite,3,80483,2420.0
CoRe-WM old,frostbite,3,81491,1930.0
CoRe-WM old,frostbite,3,82656,2830.0
CoRe-WM old,frostbite,3,83450,1310.0
CoRe-WM old,frostbite,3,84517,1910.0
CoRe-WM old,frostbite,3,85476,1730.0
CoRe-WM old,frostbite,3,86559,3620.0
CoRe-WM old,frostbite,3,87412,1750.0
CoRe-WM old,frostbite,3,88295,2610.0
CoRe-WM old,frostbite,3,89479,3290.0
CoRe-WM old,frostbite,3,90300,1070.0
CoRe-WM old,frostbite,3,91239,1820.0
CoRe-WM old,frostbite,3,92140,2720.0
CoRe-WM old,frostbite,3,93135,2670.0
CoRe-WM old,frostbite,3,94166,2810.0
CoRe-WM old,frostbite,3,95106,2440.0
CoRe-WM old,frostbite,3,96088,3330.0
CoRe-WM old,frostbite,3,97232,3090.0
CoRe-WM old,frostbite,3,98382,4700.0
CoRe-WM old,frostbite,3,99741,5330.0
CoRe-WM old,frostbite,4,491,230.0
CoRe-WM old,frostbite,4,745,10.0
CoRe-WM old,frostbite,4,1173,70.0
CoRe-WM old,frostbite,4,1578,70.0
CoRe-WM old,frostbite,4,1879,40.0
CoRe-WM old,frostbite,4,2194,70.0
CoRe-WM old,frostbite,4,2536,40.0
CoRe-WM old,frostbite,4,2846,40.0
CoRe-WM old,frostbite,4,3143,20.0
CoRe-WM old,frostbite,4,3480,60.0
CoRe-WM old,frostbite,4,3777,20.0
CoRe-WM old,frostbite,4,4081,10.0
CoRe-WM old,frostbite,4,4457,120.0
CoRe-WM old,frostbite,4,4898,90.0
CoRe-WM old,frostbite,4,5236,30.0
CoRe-WM old,frostbite,4,5562,60.0
CoRe-WM old,frostbite,4,5890,30.0
CoRe-WM old,frostbite,4,6364,100.0
CoRe-WM old,frostbite,4,6767,50.0
CoRe-WM old,frostbite,4,7233,90.0
CoRe-WM old,frostbite,4,7696,130.0
CoRe-WM old,frostbite,4,8089,90.0
CoRe-WM old,frostbite,4,8545,200.0
CoRe-WM old,frostbite,4,8911,130.0
CoRe-WM old,frostbite,4,9245,90.0
CoRe-WM old,frostbite,4,9579,110.0
CoRe-WM old,frostbite,4,9915,90.0
CoRe-WM old,frostbite,4,10294,120.0
CoRe-WM old,frostbite,4,10638,100.0
CoRe-WM old,frostbite,4,10982,90.0
CoRe-WM old,frostbite,4,11279,70.0
CoRe-WM old,frostbite,4,11701,150.0
CoRe-WM old,frostbite,4,12078,130.0
CoRe-WM old,frostbite,4,12451,120.0
CoRe-WM old,frostbite,4,12790,110.0
CoRe-WM old,frostbite,4,13111,90.0
CoRe-WM old,frostbite,4,13430,90.0
CoRe-WM old,frostbite,4,13761,110.0
CoRe-WM old,frostbite,4,14108,110.0
CoRe-WM old,frostbite,4,14382,40.0
CoRe-WM old,frostbite,4,14726,110.0
CoRe-WM old,frostbite,4,15136,150.0
CoRe-WM old,frostbite,4,15596,140.0
CoRe-WM old,frostbite,4,15911,70.0
CoRe-WM old,frostbite,4,16401,170.0
CoRe-WM old,frostbite,4,16708,80.0
CoRe-WM old,frostbite,4,17098,140.0
CoRe-WM old,frostbite,4,17467,120.0
CoRe-WM old,frostbite,4,17900,180.0
CoRe-WM old,frostbite,4,18297,170.0
CoRe-WM old,frostbite,4,18662,160.0
CoRe-WM old,frostbite,4,19047,160.0
CoRe-WM old,frostbite,4,19398,150.0
CoRe-WM old,frostbite,4,19809,150.0
CoRe-WM old,frostbite,4,20164,140.0
CoRe-WM old,frostbite,4,20517,140.0
CoRe-WM old,frostbite,4,21045,200.0
CoRe-WM old,frostbite,4,21531,150.0
CoRe-WM old,frostbite,4,21939,180.0
CoRe-WM old,frostbite,4,22502,200.0
CoRe-WM old,frostbite,4,23009,180.0
CoRe-WM old,frostbite,4,23407,170.0
CoRe-WM old,frostbite,4,23799,180.0
CoRe-WM old,frostbite,4,24148,150.0
CoRe-WM old,frostbite,4,24509,170.0
CoRe-WM old,frostbite,4,24887,170.0
CoRe-WM old,frostbite,4,25304,180.0
CoRe-WM old,frostbite,4,25750,200.0
CoRe-WM old,frostbite,4,26109,150.0
CoRe-WM old,frostbite,4,26598,210.0
CoRe-WM old,frostbite,4,27064,160.0
CoRe-WM old,frostbite,4,27506,230.0
CoRe-WM old,frostbite,4,27989,220.0
CoRe-WM old,frostbite,4,28425,220.0
CoRe-WM old,frostbite,4,28945,230.0
CoRe-WM old,frostbite,4,29396,200.0
CoRe-WM old,frostbite,4,29892,240.0
CoRe-WM old,frostbite,4,30301,180.0
CoRe-WM old,frostbite,4,30878,210.0
CoRe-WM old,frostbite,4,31371,250.0
CoRe-WM old,frostbite,4,31846,230.0
CoRe-WM old,frostbite,4,32336,220.0
CoRe-WM old,frostbite,4,32909,220.0
CoRe-WM old,frostbite,4,33358,180.0
CoRe-WM old,frostbite,4,33804,160.0
CoRe-WM old,frostbite,4,34363,230.0
CoRe-WM old,frostbite,4,35002,220.0
CoRe-WM old,frostbite,4,35440,200.0
CoRe-WM old,frostbite,4,36049,300.0
CoRe-WM old,frostbite,4,36640,230.0
CoRe-WM old,frostbite,4,37118,230.0
CoRe-WM old,frostbite,4,37637,200.0
CoRe-WM old,frostbite,4,38147,200.0
CoRe-WM old,frostbite,4,38649,230.0
CoRe-WM old,frostbite,4,39124,230.0
CoRe-WM old,frostbite,4,39796,240.0
CoRe-WM old,frostbite,4,40374,240.0
CoRe-WM old,frostbite,4,40817,180.0
CoRe-WM old,frostbite,4,41368,220.0
CoRe-WM old,frostbite,4,41916,270.0
CoRe-WM old,frostbite,4,42353,210.0
CoRe-WM old,frostbite,4,42959,310.0
CoRe-WM old,frostbite,4,43513,230.0
CoRe-WM old,frostbite,4,44119,220.0
CoRe-WM old,frostbite,4,44636,210.0
CoRe-WM old,frostbite,4,45301,260.0
CoRe-WM old,frostbite,4,45812,230.0
CoRe-WM old,frostbite,4,46334,210.0
CoRe-WM old,frostbite,4,46770,200.0
CoRe-WM old,frostbite,4,47252,220.0
CoRe-WM old,frostbite,4,47759,220.0
CoRe-WM old,frostbite,4,48257,220.0
CoRe-WM old,frostbite,4,48858,250.0
CoRe-WM old,frostbite,4,49332,240.0
CoRe-WM old,frostbite,4,49824,220.0
CoRe-WM old,frostbite,4,50396,250.0
CoRe-WM old,frostbite,4,50902,210.0
CoRe-WM old,frostbite,4,51476,250.0
CoRe-WM old,frostbite,4,52075,260.0
CoRe-WM old,frostbite,4,52640,230.0
CoRe-WM old,frostbite,4,53221,280.0
CoRe-WM old,frostbite,4,53836,300.0
CoRe-WM old,frostbite,4,54511,260.0
CoRe-WM old,frostbite,4,55236,320.0
CoRe-WM old,frostbite,4,55841,250.0
CoRe-WM old,frostbite,4,56471,300.0
CoRe-WM old,frostbite,4,57100,270.0
CoRe-WM old,frostbite,4,57659,240.0
CoRe-WM old,frostbite,4,58263,290.0
CoRe-WM old,frostbite,4,58772,230.0
CoRe-WM old,frostbite,4,59341,280.0
CoRe-WM old,frostbite,4,59856,240.0
CoRe-WM old,frostbite,4,60373,260.0
CoRe-WM old,frostbite,4,60921,270.0
CoRe-WM old,frostbite,4,61467,220.0
CoRe-WM old,frostbite,4,61946,220.0
CoRe-WM old,frostbite,4,62449,240.0
CoRe-WM old,frostbite,4,63016,290.0
CoRe-WM old,frostbite,4,63548,280.0
CoRe-WM old,frostbite,4,63964,180.0
CoRe-WM old,frostbite,4,64553,290.0
CoRe-WM old,frostbite,4,65062,250.0
CoRe-WM old,frostbite,4,65638,260.0
CoRe-WM old,frostbite,4,66313,280.0
CoRe-WM old,frostbite,4,66844,220.0
CoRe-WM old,frostbite,4,67473,280.0
CoRe-WM old,frostbite,4,68097,280.0
CoRe-WM old,frostbite,4,68606,230.0
CoRe-WM old,frostbite,4,69106,240.0
CoRe-WM old,frostbite,4,69840,250.0
CoRe-WM old,frostbite,4,70460,260.0
CoRe-WM old,frostbite,4,70977,270.0
CoRe-WM old,frostbite,4,71575,270.0
CoRe-WM old,frostbite,4,72294,310.0
CoRe-WM old,frostbite,4,72890,280.0
CoRe-WM old,frostbite,4,73366,240.0
CoRe-WM old,frostbite,4,73863,260.0
CoRe-WM old,frostbite,4,74465,270.0
CoRe-WM old,frostbite,4,75044,300.0
CoRe-WM old,frostbite,4,75585,290.0
CoRe-WM old,frostbite,4,76121,250.0
CoRe-WM old,frostbite,4,76865,220.0
CoRe-WM old,frostbite,4,77438,220.0
CoRe-WM old,frostbite,4,77933,250.0
CoRe-WM old,frostbite,4,78430,210.0
CoRe-WM old,frostbite,4,78903,250.0
CoRe-WM old,frostbite,4,79686,370.0
CoRe-WM old,frostbite,4,80322,330.0
CoRe-WM old,frostbite,4,80910,260.0
CoRe-WM old,frostbite,4,81633,330.0
CoRe-WM old,frostbite,4,82207,310.0
CoRe-WM old,frostbite,4,82870,360.0
CoRe-WM old,frostbite,4,83463,300.0
CoRe-WM old,frostbite,4,84051,240.0
CoRe-WM old,frostbite,4,84732,290.0
CoRe-WM old,frostbite,4,85415,330.0
CoRe-WM old,frostbite,4,85969,280.0
CoRe-WM old,frostbite,4,86591,370.0
CoRe-WM old,frostbite,4,87225,350.0
CoRe-WM old,frostbite,4,87706,230.0
CoRe-WM old,frostbite,4,88335,310.0
CoRe-WM old,frostbite,4,88915,320.0
CoRe-WM old,frostbite,4,89754,320.0
CoRe-WM old,frostbite,4,90346,310.0
CoRe-WM old,frostbite,4,91009,310.0
CoRe-WM old,frostbite,4,91468,200.0
CoRe-WM old,frostbite,4,92066,320.0
CoRe-WM old,frostbite,4,92847,360.0
CoRe-WM old,frostbite,4,93528,350.0
CoRe-WM old,frostbite,4,94268,390.0
CoRe-WM old,frostbite,4,95051,430.0
CoRe-WM old,frostbite,4,95681,340.0
CoRe-WM old,frostbite,4,96280,330.0
CoRe-WM old,frostbite,4,96868,360.0
CoRe-WM old,frostbite,4,97507,360.0
CoRe-WM old,frostbite,4,98089,300.0
CoRe-WM old,frostbite,4,98589,220.0
CoRe-WM old,frostbite,4,99462,420.0
CoRe-WM old,gopher,0,1745,1160.0
CoRe-WM old,gopher,0,2932,160.0
CoRe-WM old,gopher,0,4209,840.0
CoRe-WM old,gopher,0,5755,640.0
CoRe-WM old,gopher,0,6578,360.0
CoRe-WM old,gopher,0,7821,280.0
CoRe-WM old,gopher,0,8699,180.0
CoRe-WM old,gopher,0,9414,80.0
CoRe-WM old,gopher,0,10584,320.0
CoRe-WM old,gopher,0,11675,240.0
CoRe-WM old,gopher,0,13429,100.0
CoRe-WM old,gopher,0,14170,180.0
CoRe-WM old,gopher,0,15211,320.0
CoRe-WM old,gopher,0,15864,280.0
CoRe-WM old,gopher,0,16614,240.0
CoRe-WM old,gopher,0,17938,640.0
CoRe-WM old,gopher,0,19304,700.0
CoRe-WM old,gopher,0,20401,800.0
CoRe-WM old,gopher,0,21194,420.0
CoRe-WM old,gopher,0,21925,280.0
CoRe-WM old,gopher,0,23411,560.0
CoRe-WM old,gopher,0,24426,760.0
CoRe-WM old,gopher,0,25486,400.0
CoRe-WM old,gopher,0,26098,40.0
CoRe-WM old,gopher,0,27160,360.0
CoRe-WM old,gopher,0,28064,120.0
CoRe-WM old,gopher,0,28972,360.0
CoRe-WM old,gopher,0,29930,400.0
CoRe-WM old,gopher,0,30638,220.0
CoRe-WM old,gopher,0,31824,400.0
CoRe-WM old,gopher,0,32334,80.0
CoRe-WM old,gopher,0,33023,200.0
CoRe-WM old,gopher,0,34135,540.0
CoRe-WM old,gopher,0,35273,560.0
CoRe-WM old,gopher,0,35905,140.0
CoRe-WM old,gopher,0,36574,140.0
CoRe-WM old,gopher,0,37695,440.0
CoRe-WM old,gopher,0,38539,220.0
CoRe-WM old,gopher,0,39724,680.0
CoRe-WM old,gopher,0,40630,340.0
CoRe-WM old,gopher,0,41679,240.0
CoRe-WM old,gopher,0,42505,540.0
CoRe-WM old,gopher,0,43885,720.0
CoRe-WM old,gopher,0,44824,460.0
CoRe-WM old,gopher,0,45410,180.0
CoRe-WM old,gopher,0,45995,280.0
CoRe-WM old,gopher,0,47392,980.0
CoRe-WM old,gopher,0,48314,300.0
CoRe-WM old,gopher,0,48990,300.0
CoRe-WM old,gopher,0,49481,40.0
CoRe-WM old,gopher,0,50553,840.0
CoRe-WM old,gopher,0,51973,900.0
CoRe-WM old,gopher,0,53564,1120.0
CoRe-WM old,gopher,0,54658,1240.0
CoRe-WM old,gopher,0,55427,300.0
CoRe-WM old,gopher,0,56173,300.0
CoRe-WM old,gopher,0,56725,120.0
CoRe-WM old,gopher,0,57741,560.0
CoRe-WM old,gopher,0,59337,1500.0
CoRe-WM old,gopher,0,60473,860.0
CoRe-WM old,gopher,0,61681,860.0
CoRe-WM old,gopher,0,63248,1300.0
CoRe-WM old,gopher,0,64282,780.0
CoRe-WM old,gopher,0,65587,980.0
CoRe-WM old,gopher,0,66791,860.0
CoRe-WM old,gopher,0,67770,440.0
CoRe-WM old,gopher,0,68751,760.0
CoRe-WM old,gopher,0,70255,1200.0
CoRe-WM old,gopher,0,71447,740.0
CoRe-WM old,gopher,0,72877,600.0
CoRe-WM old,gopher,0,73644,520.0
CoRe-WM old,gopher,0,75149,1580.0
CoRe-WM old,gopher,0,76399,860.0
CoRe-WM old,gopher,0,77543,720.0
CoRe-WM old,gopher,0,78693,900.0
CoRe-WM old,gopher,0,80028,1320.0
CoRe-WM old,gopher,0,80945,280.0
CoRe-WM old,gopher,0,82199,1040.0
CoRe-WM old,gopher,0,84035,1720.0
CoRe-WM old,gopher,0,84853,980.0
CoRe-WM old,gopher,0,86428,980.0
CoRe-WM old,gopher,0,87308,360.0
CoRe-WM old,gopher,0,89477,2900.0
CoRe-WM old,gopher,0,90432,860.0
CoRe-WM old,gopher,0,91834,1020.0
CoRe-WM old,gopher,0,93305,1040.0
CoRe-WM old,gopher,0,94527,1080.0
CoRe-WM old,gopher,0,96112,1460.0
CoRe-WM old,gopher,0,97310,1320.0
CoRe-WM old,gopher,0,98780,2240.0
CoRe-WM old,gopher,0,99965,940.0
CoRe-WM old,gopher,1,1374,540.0
CoRe-WM old,gopher,1,2132,260.0
CoRe-WM old,gopher,1,3004,160.0
CoRe-WM old,gopher,1,4737,640.0
CoRe-WM old,gopher,1,5590,260.0
CoRe-WM old,gopher,1,6407,180.0
CoRe-WM old,gopher,1,8639,1600.0
CoRe-WM old,gopher,1,9551,240.0
CoRe-WM old,gopher,1,10179,180.0
CoRe-WM old,gopher,1,11189,180.0
CoRe-WM old,gopher,1,11722,260.0
CoRe-WM old,gopher,1,12686,180.0
CoRe-WM old,gopher,1,13840,1000.0
CoRe-WM old,gopher,1,14859,320.0
CoRe-WM old,gopher,1,16179,460.0
CoRe-WM old,gopher,1,17185,260.0
CoRe-WM old,gopher,1,18064,240.0
CoRe-WM old,gopher,1,19730,640.0
CoRe-WM old,gopher,1,20700,580.0
CoRe-WM old,gopher,1,21633,560.0
CoRe-WM old,gopher,1,22811,260.0
CoRe-WM old,gopher,1,24150,620.0
CoRe-WM old,gopher,1,25234,460.0
CoRe-WM old,gopher,1,26209,160.0
CoRe-WM old,gopher,1,26875,180.0
CoRe-WM old,gopher,1,28061,800.0
CoRe-WM old,gopher,1,29439,660.0
CoRe-WM old,gopher,1,30219,360.0
CoRe-WM old,gopher,1,31368,580.0
CoRe-WM old,gopher,1,32009,140.0
CoRe-WM old,gopher,1,33131,620.0
CoRe-WM old,gopher,1,34060,360.0
CoRe-WM old,gopher,1,35350,800.0
CoRe-WM old,gopher,1,36720,820.0
CoRe-WM old,gopher,1,37444,160.0
CoRe-WM old,gopher,1,38624,560.0
CoRe-WM old,gopher,1,40388,1360.0
CoRe-WM old,gopher,1,41469,460.0
CoRe-WM old,gopher,1,42331,200.0
CoRe-WM old,gopher,1,43446,800.0
CoRe-WM old,gopher,1,44141,140.0
CoRe-WM old,gopher,1,45453,960.0
CoRe-WM old,gopher,1,46477,640.0
CoRe-WM old,gopher,1,47472,680.0
CoRe-WM old,gopher,1,48548,760.0
CoRe-WM old,gopher,1,49823,1160.0
CoRe-WM old,gopher,1,50506,300.0
CoRe-WM old,gopher,1,51684,680.0
CoRe-WM old,gopher,1,53131,920.0
CoRe-WM old,gopher,1,54417,920.0
CoRe-WM old,gopher,1,56101,1220.0
CoRe-WM old,gopher,1,56840,260.0
CoRe-WM old,gopher,1,57946,620.0
CoRe-WM old,gopher,1,59380,1840.0
CoRe-WM old,gopher,1,60673,880.0
CoRe-WM old,gopher,1,61382,440.0
CoRe-WM old,gopher,1,62366,900.0
CoRe-WM old,gopher,1,63993,1560.0
CoRe-WM old,gopher,1,65027,860.0
CoRe-WM old,gopher,1,66635,1800.0
CoRe-WM old,gopher,1,68171,1600.0
CoRe-WM old,gopher,1,70044,2000.0
CoRe-WM old,gopher,1,71469,1760.0
CoRe-WM old,gopher,1,72487,1100.0
CoRe-WM old,gopher,1,73847,1420.0
CoRe-WM old,gopher,1,75281,1060.0
CoRe-WM old,gopher,1,76254,540.0
CoRe-WM old,gopher,1,78156,2080.0
CoRe-WM old,gopher,1,79261,660.0
CoRe-WM old,gopher,1,80656,1400.0
CoRe-WM old,gopher,1,82042,1140.0
CoRe-WM old,gopher,1,82800,320.0
CoRe-WM old,gopher,1,84552,2100.0
CoRe-WM old,gopher,1,85303,260.0
CoRe-WM old,gopher,1,86519,1440.0
CoRe-WM old,gopher,1,87832,1400.0
CoRe-WM old,gopher,1,89281,1920.0
CoRe-WM old,gopher,1,91108,2100.0
CoRe-WM old,gopher,1,92316,1440.0
CoRe-WM old,gopher,1,93564,1280.0
CoRe-WM old,gopher,1,95466,2040.0
CoRe-WM old,gopher,1,96625,820.0
CoRe-WM old,gopher,1,97711,1060.0
CoRe-WM old,gopher,1,99018,1840.0
CoRe-WM old,gopher,2,1273,280.0
CoRe-WM old,gopher,2,2283,480.0
CoRe-WM old,gopher,2,4220,920.0
CoRe-WM old,gopher,2,5275,560.0
CoRe-WM old,gopher,2,6160,400.0
CoRe-WM old,gopher,2,6824,140.0
CoRe-WM old,gopher,2,7940,680.0
CoRe-WM old,gopher,2,8974,180.0
CoRe-WM old,gopher,2,10083,540.0
CoRe-WM old,gopher,2,10795,80.0
CoRe-WM old,gopher,2,11570,180.0
CoRe-WM old,gopher,2,12497,340.0
CoRe-WM old,gopher,2,13584,440.0
CoRe-WM old,gopher,2,14803,740.0
CoRe-WM old,gopher,2,15624,80.0
CoRe-WM old,gopher,2,16286,100.0
CoRe-WM old,gopher,2,17162,340.0
CoRe-WM old,gopher,2,17966,80.0
CoRe-WM old,gopher,2,18680,300.0
CoRe-WM old,gopher,2,19800,320.0
CoRe-WM old,gopher,2,20721,180.0
CoRe-WM old,gopher,2,21899,680.0
CoRe-WM old,gopher,2,22756,160.0
CoRe-WM old,gopher,2,23515,300.0
CoRe-WM old,gopher,2,24338,180.0
CoRe-WM old,gopher,2,25195,160.0
CoRe-WM old,gopher,2,25685,60.0
CoRe-WM old,gopher,2,27149,340.0
CoRe-WM old,gopher,2,28380,560.0
CoRe-WM old,gopher,2,29842,500.0
CoRe-WM old,gopher,2,30767,420.0
CoRe-WM old,gopher,2,31650,240.0
CoRe-WM old,gopher,2,32755,580.0
CoRe-WM old,gopher,2,33606,280.0
CoRe-WM old,gopher,2,34346,280.0
CoRe-WM old,gopher,2,35085,260.0
CoRe-WM old,gopher,2,35647,180.0
CoRe-WM old,gopher,2,36461,420.0
CoRe-WM old,gopher,2,37276,240.0
CoRe-WM old,gopher,2,38734,600.0
CoRe-WM old,gopher,2,40128,760.0
CoRe-WM old,gopher,2,40973,340.0
CoRe-WM old,gopher,2,42118,420.0
CoRe-WM old,gopher,2,42869,280.0
CoRe-WM old,gopher,2,43775,360.0
CoRe-WM old,gopher,2,45662,1040.0
CoRe-WM old,gopher,2,46732,420.0
CoRe-WM old,gopher,2,48456,1040.0
CoRe-WM old,gopher,2,49210,280.0
CoRe-WM old,gopher,2,50499,740.0
CoRe-WM old,gopher,2,51922,1120.0
CoRe-WM old,gopher,2,52920,640.0
CoRe-WM old,gopher,2,54446,820.0
CoRe-WM old,gopher,2,55688,540.0
CoRe-WM old,gopher,2,56710,520.0
CoRe-WM old,gopher,2,57463,100.0
CoRe-WM old,gopher,2,58510,640.0
CoRe-WM old,gopher,2,59447,480.0
CoRe-WM old,gopher,2,60909,1020.0
CoRe-WM old,gopher,2,62300,1280.0
CoRe-WM old,gopher,2,63350,780.0
CoRe-WM old,gopher,2,63987,160.0
CoRe-WM old,gopher,2,65010,440.0
CoRe-WM old,gopher,2,66567,1240.0
CoRe-WM old,gopher,2,67484,540.0
CoRe-WM old,gopher,2,68617,620.0
CoRe-WM old,gopher,2,69847,480.0
CoRe-WM old,gopher,2,71130,780.0
CoRe-WM old,gopher,2,72621,1440.0
CoRe-WM old,gopher,2,73392,460.0
CoRe-WM old,gopher,2,74491,620.0
CoRe-WM old,gopher,2,75207,420.0
CoRe-WM old,gopher,2,76648,1200.0
CoRe-WM old,gopher,2,77804,1060.0
CoRe-WM old,gopher,2,79626,2160.0
CoRe-WM old,gopher,2,80611,640.0
CoRe-WM old,gopher,2,82188,1800.0
CoRe-WM old,gopher,2,83680,1200.0
CoRe-WM old,gopher,2,84526,600.0
CoRe-WM old,gopher,2,85382,720.0
CoRe-WM old,gopher,2,87230,1800.0
CoRe-WM old,gopher,2,88439,1020.0
CoRe-WM old,gopher,2,90251,1960.0
CoRe-WM old,gopher,2,91824,1940.0
CoRe-WM old,gopher,2,92981,820.0
CoRe-WM old,gopher,2,94090,1120.0
CoRe-WM old,gopher,2,96445,4200.0
CoRe-WM old,gopher,2,98889,4480.0
CoRe-WM old,gopher,2,99764,760.0
CoRe-WM old,gopher,3,675,120.0
CoRe-WM old,gopher,3,2581,940.0
CoRe-WM old,gopher,3,3352,80.0
CoRe-WM old,gopher,3,4159,400.0
CoRe-WM old,gopher,3,5284,520.0
CoRe-WM old,gopher,3,6320,0.0
CoRe-WM old,gopher,3,7334,300.0
CoRe-WM old,gopher,3,8536,620.0
CoRe-WM old,gopher,3,9372,80.0
CoRe-WM old,gopher,3,10119,120.0
CoRe-WM old,gopher,3,11436,200.0
CoRe-WM old,gopher,3,12279,160.0
CoRe-WM old,gopher,3,13413,260.0
CoRe-WM old,gopher,3,14705,440.0
CoRe-WM old,gopher,3,15503,360.0
CoRe-WM old,gopher,3,16048,120.0
CoRe-WM old,gopher,3,16815,80.0
CoRe-WM old,gopher,3,17665,200.0
CoRe-WM old,gopher,3,18910,840.0
CoRe-WM old,gopher,3,19610,200.0
CoRe-WM old,gopher,3,20990,1040.0
CoRe-WM old,gopher,3,22224,960.0
CoRe-WM old,gopher,3,22923,160.0
CoRe-WM old,gopher,3,24079,580.0
CoRe-WM old,gopher,3,24994,400.0
CoRe-WM old,gopher,3,26077,380.0
CoRe-WM old,gopher,3,26648,140.0
CoRe-WM old,gopher,3,27609,160.0
CoRe-WM old,gopher,3,28889,480.0
CoRe-WM old,gopher,3,29677,300.0
CoRe-WM old,gopher,3,31006,700.0
CoRe-WM old,gopher,3,32447,580.0
CoRe-WM old,gopher,3,33005,140.0
CoRe-WM old,gopher,3,33593,100.0
CoRe-WM old,gopher,3,34324,40.0
CoRe-WM old,gopher,3,35388,340.0
CoRe-WM old,gopher,3,36664,520.0
CoRe-WM old,gopher,3,37560,400.0
CoRe-WM old,gopher,3,38508,340.0
CoRe-WM old,gopher,3,39481,280.0
CoRe-WM old,gopher,3,40714,760.0
CoRe-WM old,gopher,3,41636,700.0
CoRe-WM old,gopher,3,42620,400.0
CoRe-WM old,gopher,3,44062,1020.0
CoRe-WM old,gopher,3,45229,420.0
CoRe-WM old,gopher,3,45926,320.0
CoRe-WM old,gopher,3,46897,740.0
CoRe-WM old,gopher,3,48092,540.0
CoRe-WM old,gopher,3,49193,620.0
CoRe-WM old,gopher,3,50077,640.0
CoRe-WM old,gopher,3,50758,180.0
CoRe-WM old,gopher,3,51739,160.0
CoRe-WM old,gopher,3,53082,1000.0
CoRe-WM old,gopher,3,54674,980.0
CoRe-WM old,gopher,3,55381,400.0
CoRe-WM old,gopher,3,56332,440.0
CoRe-WM old,gopher,3,58049,760.0
CoRe-WM old,gopher,3,58909,360.0
CoRe-WM old,gopher,3,59780,380.0
CoRe-WM old,gopher,3,61254,1400.0
CoRe-WM old,gopher,3,61753,80.0
CoRe-WM old,gopher,3,63799,1700.0
CoRe-WM old,gopher,3,65350,1740.0
CoRe-WM old,gopher,3,66406,500.0
CoRe-WM old,gopher,3,67612,780.0
CoRe-WM old,gopher,3,68688,700.0
CoRe-WM old,gopher,3,70327,1100.0
CoRe-WM old,gopher,3,71350,980.0
CoRe-WM old,gopher,3,72164,560.0
CoRe-WM old,gopher,3,72786,160.0
CoRe-WM old,gopher,3,73724,440.0
CoRe-WM old,gopher,3,74307,160.0
CoRe-WM old,gopher,3,75286,840.0
CoRe-WM old,gopher,3,76536,840.0
CoRe-WM old,gopher,3,77783,420.0
CoRe-WM old,gopher,3,79284,1220.0
CoRe-WM old,gopher,3,80450,1160.0
CoRe-WM old,gopher,3,81383,340.0
CoRe-WM old,gopher,3,82403,680.0
CoRe-WM old,gopher,3,83498,760.0
CoRe-WM old,gopher,3,84402,920.0
CoRe-WM old,gopher,3,85163,580.0
CoRe-WM old,gopher,3,85951,380.0
CoRe-WM old,gopher,3,86681,420.0
CoRe-WM old,gopher,3,88144,1120.0
CoRe-WM old,gopher,3,88890,380.0
CoRe-WM old,gopher,3,90151,1040.0
CoRe-WM old,gopher,3,91812,1560.0
CoRe-WM old,gopher,3,92925,640.0
CoRe-WM old,gopher,3,94828,1320.0
CoRe-WM old,gopher,3,96814,1660.0
CoRe-WM old,gopher,3,97949,880.0
CoRe-WM old,gopher,3,99156,860.0
CoRe-WM old,gopher,4,1075,260.0
CoRe-WM old,gopher,4,1987,80.0
CoRe-WM old,gopher,4,2917,540.0
CoRe-WM old,gopher,4,4146,460.0
CoRe-WM old,gopher,4,5201,260.0
CoRe-WM old,gopher,4,6777,540.0
CoRe-WM old,gopher,4,7798,440.0
CoRe-WM old,gopher,4,8707,500.0
CoRe-WM old,gopher,4,9405,100.0
CoRe-WM old,gopher,4,10694,760.0
CoRe-WM old,gopher,4,11470,220.0
CoRe-WM old,gopher,4,12498,180.0
CoRe-WM old,gopher,4,13318,280.0
CoRe-WM old,gopher,4,14585,440.0
CoRe-WM old,gopher,4,15758,700.0
CoRe-WM old,gopher,4,16638,80.0
CoRe-WM old,gopher,4,17535,160.0
CoRe-WM old,gopher,4,18411,160.0
CoRe-WM old,gopher,4,19749,580.0
CoRe-WM old,gopher,4,20944,440.0
CoRe-WM old,gopher,4,21938,600.0
CoRe-WM old,gopher,4,22891,500.0
CoRe-WM old,gopher,4,23560,80.0
CoRe-WM old,gopher,4,24530,240.0
CoRe-WM old,gopher,4,25219,40.0
CoRe-WM old,gopher,4,26184,440.0
CoRe-WM old,gopher,4,27262,820.0
CoRe-WM old,gopher,4,28259,160.0
CoRe-WM old,gopher,4,29314,500.0
CoRe-WM old,gopher,4,30245,560.0
CoRe-WM old,gopher,4,31144,260.0
CoRe-WM old,gopher,4,32111,580.0
CoRe-WM old,gopher,4,33552,960.0
CoRe-WM old,gopher,4,34147,180.0
CoRe-WM old,gopher,4,35633,1000.0
CoRe-WM old,gopher,4,36444,600.0
CoRe-WM old,gopher,4,37425,600.0
CoRe-WM old,gopher,4,38249,340.0
CoRe-WM old,gopher,4,39179,180.0
CoRe-WM old,gopher,4,40955,780.0
CoRe-WM old,gopher,4,43200,2000.0
CoRe-WM old,gopher,4,44190,720.0
CoRe-WM old,gopher,4,44934,260.0
CoRe-WM old,gopher,4,46391,600.0
CoRe-WM old,gopher,4,47599,760.0
CoRe-WM old,gopher,4,48422,300.0
CoRe-WM old,gopher,4,49681,780.0
CoRe-WM old,gopher,4,50517,560.0
CoRe-WM old,gopher,4,51835,1240.0
CoRe-WM old,gopher,4,52757,540.0
CoRe-WM old,gopher,4,54043,880.0
CoRe-WM old,gopher,4,55183,1080.0
CoRe-WM old,gopher,4,56951,980.0
CoRe-WM old,gopher,4,58116,900.0
CoRe-WM old,gopher,4,59508,920.0
CoRe-WM old,gopher,4,60408,580.0
CoRe-WM old,gopher,4,61612,980.0
CoRe-WM old,gopher,4,62914,920.0
CoRe-WM old,gopher,4,63997,440.0
CoRe-WM old,gopher,4,65543,1560.0
CoRe-WM old,gopher,4,66520,760.0
CoRe-WM old,gopher,4,67631,1080.0
CoRe-WM old,gopher,4,68426,520.0
CoRe-WM old,gopher,4,69601,520.0
CoRe-WM old,gopher,4,70920,900.0
CoRe-WM old,gopher,4,71612,320.0
CoRe-WM old,gopher,4,72783,820.0
CoRe-WM old,gopher,4,74235,1160.0
CoRe-WM old,gopher,4,75335,740.0
CoRe-WM old,gopher,4,76536,680.0
CoRe-WM old,gopher,4,77738,1240.0
CoRe-WM old,gopher,4,78675,480.0
CoRe-WM old,gopher,4,79853,600.0
CoRe-WM old,gopher,4,80881,780.0
CoRe-WM old,gopher,4,82710,1640.0
CoRe-WM old,gopher,4,83909,940.0
CoRe-WM old,gopher,4,85412,1260.0
CoRe-WM old,gopher,4,86376,580.0
CoRe-WM old,gopher,4,87218,680.0
CoRe-WM old,gopher,4,88647,1420.0
CoRe-WM old,gopher,4,90294,1040.0
CoRe-WM old,gopher,4,92078,1400.0
CoRe-WM old,gopher,4,93094,700.0
CoRe-WM old,gopher,4,94940,1940.0
CoRe-WM old,gopher,4,96021,560.0
CoRe-WM old,gopher,4,98169,2180.0
CoRe-WM old,gopher,4,99924,1680.0
CoRe-WM old,hero,0,345,75.0
CoRe-WM old,hero,0,661,75.0
CoRe-WM old,hero,0,1534,2045.0
CoRe-WM old,hero,0,1951,0.0
CoRe-WM old,hero,0,3428,0.0
CoRe-WM old,hero,0,4902,125.0
CoRe-WM old,hero,0,5218,75.0
CoRe-WM old,hero,0,5878,2285.0
CoRe-WM old,hero,0,6899,1825.0
CoRe-WM old,hero,0,8219,1565.0
CoRe-WM old,hero,0,8582,0.0
CoRe-WM old,hero,0,8956,0.0
CoRe-WM old,hero,0,9288,0.0
CoRe-WM old,hero,0,9654,0.0
CoRe-WM old,hero,0,10051,0.0
CoRe-WM old,hero,0,10651,0.0
CoRe-WM old,hero,0,11014,0.0
CoRe-WM old,hero,0,11530,75.0
CoRe-WM old,hero,0,11927,75.0
CoRe-WM old,hero,0,12470,2900.0
CoRe-WM old,hero,0,12959,2930.0
CoRe-WM old,hero,0,14273,2700.0
CoRe-WM old,hero,0,14887,2775.0
CoRe-WM old,hero,0,15677,2630.0
CoRe-WM old,hero,0,16210,2840.0
CoRe-WM old,hero,0,16786,75.0
CoRe-WM old,hero,0,17213,3040.0
CoRe-WM old,hero,0,17670,2930.0
CoRe-WM old,hero,0,18359,2900.0
CoRe-WM old,hero,0,18882,2920.0
CoRe-WM old,hero,0,19394,2730.0
CoRe-WM old,hero,0,19782,75.0
CoRe-WM old,hero,0,20162,2850.0
CoRe-WM old,hero,0,20790,2910.0
CoRe-WM old,hero,0,21268,2900.0
CoRe-WM old,hero,0,21627,2850.0
CoRe-WM old,hero,0,22023,2990.0
CoRe-WM old,hero,0,22469,2990.0
CoRe-WM old,hero,0,22839,2940.0
CoRe-WM old,hero,0,23209,2960.0
CoRe-WM old,hero,0,23593,2960.0
CoRe-WM old,hero,0,23975,2870.0
CoRe-WM old,hero,0,24387,2960.0
CoRe-WM old,hero,0,24756,2940.0
CoRe-WM old,hero,0,25119,2940.0
CoRe-WM old,hero,0,25508,3065.0
CoRe-WM old,hero,0,25863,2940.0
CoRe-WM old,hero,0,26340,3010.0
CoRe-WM old,hero,0,26723,2960.0
CoRe-WM old,hero,0,27108,2990.0
CoRe-WM old,hero,0,27482,3010.0
CoRe-WM old,hero,0,27876,2990.0
CoRe-WM old,hero,0,28308,3010.0
CoRe-WM old,hero,0,28695,3085.0
CoRe-WM old,hero,0,29105,3010.0
CoRe-WM old,hero,0,29584,3020.0
CoRe-WM old,hero,0,30049,3060.0
CoRe-WM old,hero,0,30494,3010.0
CoRe-WM old,hero,0,30922,3010.0
CoRe-WM old,hero,0,31367,3060.0
CoRe-WM old,hero,0,31774,3060.0
CoRe-WM old,hero,0,32167,3010.0
CoRe-WM old,hero,0,32563,2940.0
CoRe-WM old,hero,0,32957,3010.0
CoRe-WM old,hero,0,33409,3060.0
CoRe-WM old,hero,0,33906,3010.0
CoRe-WM old,hero,0,34306,3060.0
CoRe-WM old,hero,0,34769,3060.0
CoRe-WM old,hero,0,35201,3060.0
CoRe-WM old,hero,0,35628,3135.0
CoRe-WM old,hero,0,36057,3135.0
CoRe-WM old,hero,0,36468,3060.0
CoRe-WM old,hero,0,36894,3010.0
CoRe-WM old,hero,0,37330,3010.0
CoRe-WM old,hero,0,37779,3060.0
CoRe-WM old,hero,0,38289,3135.0
CoRe-WM old,hero,0,38688,3060.0
CoRe-WM old,hero,0,39159,3010.0
CoRe-WM old,hero,0,39571,3010.0
CoRe-WM old,hero,0,40097,3010.0
CoRe-WM old,hero,0,40569,3135.0
CoRe-WM old,hero,0,41012,3135.0
CoRe-WM old,hero,0,41681,3010.0
CoRe-WM old,hero,0,43706,3010.0
CoRe-WM old,hero,0,44308,3010.0
CoRe-WM old,hero,0,44793,3135.0
CoRe-WM old,hero,0,45222,3135.0
CoRe-WM old,hero,0,45632,3135.0
CoRe-WM old,hero,0,46041,3135.0
CoRe-WM old,hero,0,46493,3135.0
CoRe-WM old,hero,0,47706,3235.0
CoRe-WM old,hero,0,48133,3135.0
CoRe-WM old,hero,0,48993,3235.0
CoRe-WM old,hero,0,49455,3185.0
CoRe-WM old,hero,0,49925,3135.0
CoRe-WM old,hero,0,50435,3135.0
CoRe-WM old,hero,0,50920,3135.0
CoRe-WM old,hero,0,51544,7235.0
CoRe-WM old,hero,0,52021,3135.0
CoRe-WM old,hero,0,53625,3285.0
CoRe-WM old,hero,0,54270,3135.0
CoRe-WM old,hero,0,54985,6995.0
CoRe-WM old,hero,0,56197,3135.0
CoRe-WM old,hero,0,58203,6985.0
CoRe-WM old,hero,0,58835,3060.0
CoRe-WM old,hero,0,59462,2975.0
CoRe-WM old,hero,0,60360,6295.0
CoRe-WM old,hero,0,61446,7405.0
CoRe-WM old,hero,0,61890,3135.0
CoRe-WM old,hero,0,62489,7245.0
CoRe-WM old,hero,0,64059,3285.0
CoRe-WM old,hero,0,65025,6390.0
CoRe-WM old,hero,0,66454,6835.0
CoRe-WM old,hero,0,67453,7385.0
CoRe-WM old,hero,0,68352,6800.0
CoRe-WM old,hero,0,68887,7485.0
CoRe-WM old,hero,0,69414,7485.0
CoRe-WM old,hero,0,70052,7165.0
CoRe-WM old,hero,0,70590,7485.0
CoRe-WM old,hero,0,71149,7365.0
CoRe-WM old,hero,0,71733,7485.0
CoRe-WM old,hero,0,72284,7560.0
CoRe-WM old,hero,0,72934,7525.0
CoRe-WM old,hero,0,73341,3235.0
CoRe-WM old,hero,0,74040,7520.0
CoRe-WM old,hero,0,75886,7415.0
CoRe-WM old,hero,0,77068,6685.0
CoRe-WM old,hero,0,77590,7560.0
CoRe-WM old,hero,0,78135,7560.0
CoRe-WM old,hero,0,78947,6925.0
CoRe-WM old,hero,0,79542,7385.0
CoRe-WM old,hero,0,81067,6725.0
CoRe-WM old,hero,0,81605,7485.0
CoRe-WM old,hero,0,82318,7005.0
CoRe-WM old,hero,0,82722,3135.0
CoRe-WM old,hero,0,83288,7365.0
CoRe-WM old,hero,0,83665,3135.0
CoRe-WM old,hero,0,84216,7355.0
CoRe-WM old,hero,0,84750,7485.0
CoRe-WM old,hero,0,85286,7445.0
CoRe-WM old,hero,0,86022,7160.0
CoRe-WM old,hero,0,86543,7445.0
CoRe-WM old,hero,0,87071,7485.0
CoRe-WM old,hero,0,87611,7560.0
CoRe-WM old,hero,0,88183,7485.0
CoRe-WM old,hero,0,88887,7560.0
CoRe-WM old,hero,0,89655,7390.0
CoRe-WM old,hero,0,90254,7560.0
CoRe-WM old,hero,0,90854,7560.0
CoRe-WM old,hero,0,91454,7520.0
CoRe-WM old,hero,0,92085,7520.0
CoRe-WM old,hero,0,92635,7560.0
CoRe-WM old,hero,0,93172,7560.0
CoRe-WM old,hero,0,93690,7560.0
CoRe-WM old,hero,0,94204,7560.0
CoRe-WM old,hero,0,94723,7520.0
CoRe-WM old,hero,0,95334,7480.0
CoRe-WM old,hero,0,95861,7520.0
CoRe-WM old,hero,0,96405,7560.0
CoRe-WM old,hero,0,96977,7560.0
CoRe-WM old,hero,0,97537,7480.0
CoRe-WM old,hero,0,98058,7560.0
CoRe-WM old,hero,0,99005,7560.0
CoRe-WM old,hero,0,99554,7560.0
CoRe-WM old,hero,1,360,75.0
CoRe-WM old,hero,1,779,75.0
CoRe-WM old,hero,1,1101,0.0
CoRe-WM old,hero,1,1382,75.0
CoRe-WM old,hero,1,1722,0.0
CoRe-WM old,hero,1,2021,0.0
CoRe-WM old,hero,1,2397,0.0
CoRe-WM old,hero,1,2680,75.0
CoRe-WM old,hero,1,3018,75.0
CoRe-WM old,hero,1,3298,0.0
CoRe-WM old,hero,1,3915,2345.0
CoRe-WM old,hero,1,4203,0.0
CoRe-WM old,hero,1,4892,2455.0
CoRe-WM old,hero,1,5842,2040.0
CoRe-WM old,hero,1,6183,0.0
CoRe-WM old,hero,1,6475,0.0
CoRe-WM old,hero,1,6756,75.0
CoRe-WM old,hero,1,7067,75.0
CoRe-WM old,hero,1,7374,75.0
CoRe-WM old,hero,1,7694,0.0
CoRe-WM old,hero,1,9057,1605.0
CoRe-WM old,hero,1,9468,0.0
CoRe-WM old,hero,1,9845,0.0
CoRe-WM old,hero,1,10154,0.0
CoRe-WM old,hero,1,11774,1435.0
CoRe-WM old,hero,1,12267,0.0
CoRe-WM old,hero,1,12670,0.0
CoRe-WM old,hero,1,13096,0.0
CoRe-WM old,hero,1,13497,0.0
CoRe-WM old,hero,1,13888,0.0
CoRe-WM old,hero,1,14225,0.0
CoRe-WM old,hero,1,14589,75.0
CoRe-WM old,hero,1,15208,2950.0
CoRe-WM old,hero,1,15722,2970.0
CoRe-WM old,hero,1,16361,2945.0
CoRe-WM old,hero,1,17180,2480.0
CoRe-WM old,hero,1,18209,2895.0
CoRe-WM old,hero,1,19281,2825.0
CoRe-WM old,hero,1,19979,2635.0
CoRe-WM old,hero,1,21694,2730.0
CoRe-WM old,hero,1,22357,2950.0
CoRe-WM old,hero,1,22938,2900.0
CoRe-WM old,hero,1,23557,2820.0
CoRe-WM old,hero,1,24139,2950.0
CoRe-WM old,hero,1,24783,2875.0
CoRe-WM old,hero,1,25310,2990.0
CoRe-WM old,hero,1,26089,2855.0
CoRe-WM old,hero,1,26868,2790.0
CoRe-WM old,hero,1,27617,2735.0
CoRe-WM old,hero,1,28229,3010.0
CoRe-WM old,hero,1,28834,3135.0
CoRe-WM old,hero,1,29250,3010.0
CoRe-WM old,hero,1,30855,3060.0
CoRe-WM old,hero,1,31239,2920.0
CoRe-WM old,hero,1,31742,3010.0
CoRe-WM old,hero,1,33350,3060.0
CoRe-WM old,hero,1,33754,3010.0
CoRe-WM old,hero,1,34141,3010.0
CoRe-WM old,hero,1,35749,3060.0
CoRe-WM old,hero,1,37356,3060.0
CoRe-WM old,hero,1,37799,3135.0
CoRe-WM old,hero,1,38193,3045.0
CoRe-WM old,hero,1,38664,2990.0
CoRe-WM old,hero,1,39132,3115.0
CoRe-WM old,hero,1,39605,3060.0
CoRe-WM old,hero,1,40055,3135.0
CoRe-WM old,hero,1,40463,3135.0
CoRe-WM old,hero,1,40936,3185.0
CoRe-WM old,hero,1,41367,3135.0
CoRe-WM old,hero,1,41854,3060.0
CoRe-WM old,hero,1,42302,3135.0
CoRe-WM old,hero,1,43924,3185.0
CoRe-WM old,hero,1,44377,3185.0
CoRe-WM old,hero,1,44791,3135.0
CoRe-WM old,hero,1,45192,3085.0
CoRe-WM old,hero,1,45698,3185.0
CoRe-WM old,hero,1,46147,3085.0
CoRe-WM old,hero,1,46597,3185.0
CoRe-WM old,hero,1,47037,3135.0
CoRe-WM old,hero,1,47506,3135.0
CoRe-WM old,hero,1,47907,3135.0
CoRe-WM old,hero,1,48359,3185.0
CoRe-WM old,hero,1,48776,3135.0
CoRe-WM old,hero,1,49210,3185.0
CoRe-WM old,hero,1,49617,3135.0
CoRe-WM old,hero,1,50018,3135.0
CoRe-WM old,hero,1,50447,3135.0
CoRe-WM old,hero,1,50894,3185.0
CoRe-WM old,hero,1,51328,3135.0
CoRe-WM old,hero,1,52915,3235.0
CoRe-WM old,hero,1,54573,2935.0
CoRe-WM old,hero,1,54978,3010.0
CoRe-WM old,hero,1,55393,3085.0
CoRe-WM old,hero,1,55865,3135.0
CoRe-WM old,hero,1,56370,3185.0
CoRe-WM old,hero,1,56903,3165.0
CoRe-WM old,hero,1,57350,3135.0
CoRe-WM old,hero,1,58980,4465.0
CoRe-WM old,hero,1,59430,3135.0
CoRe-WM old,hero,1,59876,3135.0
CoRe-WM old,hero,1,60329,3135.0
CoRe-WM old,hero,1,60748,3135.0
CoRe-WM old,hero,1,61790,3160.0
CoRe-WM old,hero,1,62299,3060.0
CoRe-WM old,hero,1,62764,3135.0
CoRe-WM old,hero,1,63151,3085.0
CoRe-WM old,hero,1,64757,3060.0
CoRe-WM old,hero,1,65253,3185.0
CoRe-WM old,hero,1,65632,3085.0
CoRe-WM old,hero,1,66015,2940.0
CoRe-WM old,hero,1,66771,2885.0
CoRe-WM old,hero,1,67367,3065.0
CoRe-WM old,hero,1,68159,3115.0
CoRe-WM old,hero,1,69769,5250.0
CoRe-WM old,hero,1,70405,3185.0
CoRe-WM old,hero,1,71022,3185.0
CoRe-WM old,hero,1,71460,3135.0
CoRe-WM old,hero,1,73091,3290.0
CoRe-WM old,hero,1,74325,5680.0
CoRe-WM old,hero,1,75921,5215.0
CoRe-WM old,hero,1,77728,7285.0
CoRe-WM old,hero,1,79006,5600.0
CoRe-WM old,hero,1,80812,6415.0
CoRe-WM old,hero,1,81689,6975.0
CoRe-WM old,hero,1,82412,7360.0
CoRe-WM old,hero,1,83199,7510.0
CoRe-WM old,hero,1,83913,7220.0
CoRe-WM old,hero,1,84946,7305.0
CoRe-WM old,hero,1,85563,7560.0
CoRe-WM old,hero,1,86505,7550.0
CoRe-WM old,hero,1,87387,7400.0
CoRe-WM old,hero,1,87971,7490.0
CoRe-WM old,hero,1,88689,7540.0
CoRe-WM old,hero,1,89410,7640.0
CoRe-WM old,hero,1,89979,7450.0
CoRe-WM old,hero,1,90692,7450.0
CoRe-WM old,hero,1,91332,7500.0
CoRe-WM old,hero,1,92064,7260.0
CoRe-WM old,hero,1,92633,7520.0
CoRe-WM old,hero,1,93321,3115.0
CoRe-WM old,hero,1,94419,6570.0
CoRe-WM old,hero,1,95032,7470.0
CoRe-WM old,hero,1,95735,7480.0
CoRe-WM old,hero,1,96382,7590.0
CoRe-WM old,hero,1,97076,7540.0
CoRe-WM old,hero,1,97704,7590.0
CoRe-WM old,hero,1,98338,7500.0
CoRe-WM old,hero,1,98985,7500.0
CoRe-WM old,hero,1,99545,7490.0
CoRe-WM old,hero,2,595,2740.0
CoRe-WM old,hero,2,953,0.0
CoRe-WM old,hero,2,2487,125.0
CoRe-WM old,hero,2,3966,125.0
CoRe-WM old,hero,2,4272,75.0
CoRe-WM old,hero,2,4603,75.0
CoRe-WM old,hero,2,5124,2725.0
CoRe-WM old,hero,2,6583,0.0
CoRe-WM old,hero,2,6944,75.0
CoRe-WM old,hero,2,8163,1565.0
CoRe-WM old,hero,2,8449,75.0
CoRe-WM old,hero,2,8897,0.0
CoRe-WM old,hero,2,9220,0.0
CoRe-WM old,hero,2,9550,0.0
CoRe-WM old,hero,2,9849,0.0
CoRe-WM old,hero,2,10201,0.0
CoRe-WM old,hero,2,10510,0.0
CoRe-WM old,hero,2,10789,0.0
CoRe-WM old,hero,2,11092,0.0
CoRe-WM old,hero,2,11425,0.0
CoRe-WM old,hero,2,11706,0.0
CoRe-WM old,hero,2,12110,0.0
CoRe-WM old,hero,2,12379,0.0
CoRe-WM old,hero,2,12731,0.0
CoRe-WM old,hero,2,13002,0.0
CoRe-WM old,hero,2,13303,0.0
CoRe-WM old,hero,2,13670,0.0
CoRe-WM old,hero,2,14044,0.0
CoRe-WM old,hero,2,14843,2305.0
CoRe-WM old,hero,2,15341,75.0
CoRe-WM old,hero,2,15748,2970.0
CoRe-WM old,hero,2,16340,2690.0
CoRe-WM old,hero,2,16716,75.0
CoRe-WM old,hero,2,17689,2370.0
CoRe-WM old,hero,2,19926,2660.0
CoRe-WM old,hero,2,20508,2740.0
CoRe-WM old,hero,2,21113,2860.0
CoRe-WM old,hero,2,22037,2880.0
CoRe-WM old,hero,2,22841,2990.0
CoRe-WM old,hero,2,23377,3010.0
CoRe-WM old,hero,2,23959,3065.0
CoRe-WM old,hero,2,24893,3010.0
CoRe-WM old,hero,2,25297,2810.0
CoRe-WM old,hero,2,26654,2920.0
CoRe-WM old,hero,2,27101,3000.0
CoRe-WM old,hero,2,27598,3010.0
CoRe-WM old,hero,2,28073,3040.0
CoRe-WM old,hero,2,28557,3010.0
CoRe-WM old,hero,2,29073,2970.0
CoRe-WM old,hero,2,29579,2900.0
CoRe-WM old,hero,2,30017,3010.0
CoRe-WM old,hero,2,30487,2990.0
CoRe-WM old,hero,2,30925,3010.0
CoRe-WM old,hero,2,31404,2990.0
CoRe-WM old,hero,2,31808,3060.0
CoRe-WM old,hero,2,32267,3040.0
CoRe-WM old,hero,2,32674,3135.0
CoRe-WM old,hero,2,33111,3010.0
CoRe-WM old,hero,2,33541,3135.0
CoRe-WM old,hero,2,34023,3040.0
CoRe-WM old,hero,2,34477,3010.0
CoRe-WM old,hero,2,34878,3010.0
CoRe-WM old,hero,2,35261,3010.0
CoRe-WM old,hero,2,35697,3010.0
CoRe-WM old,hero,2,36092,3060.0
CoRe-WM old,hero,2,36573,3115.0
CoRe-WM old,hero,2,36995,3010.0
CoRe-WM old,hero,2,37492,3135.0
CoRe-WM old,hero,2,37931,2970.0
CoRe-WM old,hero,2,38363,3115.0
CoRe-WM old,hero,2,38799,3010.0
CoRe-WM old,hero,2,39202,3085.0
CoRe-WM old,hero,2,39609,2990.0
CoRe-WM old,hero,2,41250,3175.0
CoRe-WM old,hero,2,41757,3165.0
CoRe-WM old,hero,2,42157,3065.0
CoRe-WM old,hero,2,42599,3065.0
CoRe-WM old,hero,2,42997,3135.0
CoRe-WM old,hero,2,43813,6820.0
CoRe-WM old,hero,2,45296,5290.0
CoRe-WM old,hero,2,47234,6905.0
CoRe-WM old,hero,2,47727,3005.0
CoRe-WM old,hero,2,48339,3115.0
CoRe-WM old,hero,2,49074,6820.0
CoRe-WM old,hero,2,51890,3095.0
CoRe-WM old,hero,2,52482,3010.0
CoRe-WM old,hero,2,54073,3040.0
CoRe-WM old,hero,2,55121,6960.0
CoRe-WM old,hero,2,56198,3185.0
CoRe-WM old,hero,2,56990,6925.0
CoRe-WM old,hero,2,57818,7250.0
CoRe-WM old,hero,2,58476,7385.0
CoRe-WM old,hero,2,59313,6805.0
CoRe-WM old,hero,2,60001,7210.0
CoRe-WM old,hero,2,60629,6915.0
CoRe-WM old,hero,2,61319,6900.0
CoRe-WM old,hero,2,61928,7400.0
CoRe-WM old,hero,2,62793,7450.0
CoRe-WM old,hero,2,63503,7050.0
CoRe-WM old,hero,2,64066,7370.0
CoRe-WM old,hero,2,64699,7380.0
CoRe-WM old,hero,2,65414,7460.0
CoRe-WM old,hero,2,66012,7540.0
CoRe-WM old,hero,2,66830,7540.0
CoRe-WM old,hero,2,67889,7500.0
CoRe-WM old,hero,2,68538,7500.0
CoRe-WM old,hero,2,69087,7400.0
CoRe-WM old,hero,2,69685,7540.0
CoRe-WM old,hero,2,70431,7550.0
CoRe-WM old,hero,2,71273,7550.0
CoRe-WM old,hero,2,71941,7500.0
CoRe-WM old,hero,2,72667,7450.0
CoRe-WM old,hero,2,73319,7440.0
CoRe-WM old,hero,2,73852,7270.0
CoRe-WM old,hero,2,74535,7450.0
CoRe-WM old,hero,2,75085,7450.0
CoRe-WM old,hero,2,75744,7370.0
CoRe-WM old,hero,2,76391,7500.0
CoRe-WM old,hero,2,77187,7590.0
CoRe-WM old,hero,2,77802,7550.0
CoRe-WM old,hero,2,78391,7450.0
CoRe-WM old,hero,2,79020,7450.0
CoRe-WM old,hero,2,79764,7540.0
CoRe-WM old,hero,2,80423,7500.0
CoRe-WM old,hero,2,81047,7450.0
CoRe-WM old,hero,2,81694,7550.0
CoRe-WM old,hero,2,82259,7400.0
CoRe-WM old,hero,2,82945,7540.0
CoRe-WM old,hero,2,83565,7450.0
CoRe-WM old,hero,2,84276,7540.0
CoRe-WM old,hero,2,85855,7590.0
CoRe-WM old,hero,2,86550,7370.0
CoRe-WM old,hero,2,87188,7510.0
CoRe-WM old,hero,2,87834,7440.0
CoRe-WM old,hero,2,88519,7360.0
CoRe-WM old,hero,2,90151,5260.0
CoRe-WM old,hero,2,90774,7540.0
CoRe-WM old,hero,2,91435,7500.0
CoRe-WM old,hero,2,92067,7490.0
CoRe-WM old,hero,2,92732,7500.0
CoRe-WM old,hero,2,93400,7460.0
CoRe-WM old,hero,2,94108,7550.0
CoRe-WM old,hero,2,96005,7465.0
CoRe-WM old,hero,2,97011,7500.0
CoRe-WM old,hero,2,98791,7590.0
CoRe-WM old,hero,2,99637,7575.0
CoRe-WM old,hero,3,1461,0.0
CoRe-WM old,hero,3,1830,75.0
CoRe-WM old,hero,3,2137,0.0
CoRe-WM old,hero,3,4493,2010.0
CoRe-WM old,hero,3,5988,1245.0
CoRe-WM old,hero,3,7469,125.0
CoRe-WM old,hero,3,7809,75.0
CoRe-WM old,hero,3,8223,75.0
CoRe-WM old,hero,3,9307,2085.0
CoRe-WM old,hero,3,10866,0.0
CoRe-WM old,hero,3,11252,75.0
CoRe-WM old,hero,3,11673,75.0
CoRe-WM old,hero,3,12005,0.0
CoRe-WM old,hero,3,12374,0.0
CoRe-WM old,hero,3,12937,2365.0
CoRe-WM old,hero,3,13419,0.0
CoRe-WM old,hero,3,13893,0.0
CoRe-WM old,hero,3,15340,0.0
CoRe-WM old,hero,3,15846,0.0
CoRe-WM old,hero,3,16178,75.0
CoRe-WM old,hero,3,16811,75.0
CoRe-WM old,hero,3,17176,0.0
CoRe-WM old,hero,3,17484,75.0
CoRe-WM old,hero,3,17911,2830.0
CoRe-WM old,hero,3,18426,2860.0
CoRe-WM old,hero,3,18975,2800.0
CoRe-WM old,hero,3,20159,2655.0
CoRe-WM old,hero,3,20797,2775.0
CoRe-WM old,hero,3,21392,2805.0
CoRe-WM old,hero,3,22062,2775.0
CoRe-WM old,hero,3,22509,2880.0
CoRe-WM old,hero,3,22958,2940.0
CoRe-WM old,hero,3,23403,2860.0
CoRe-WM old,hero,3,23925,2960.0
CoRe-WM old,hero,3,24378,2900.0
CoRe-WM old,hero,3,24667,75.0
CoRe-WM old,hero,3,25230,2900.0
CoRe-WM old,hero,3,25837,75.0
CoRe-WM old,hero,3,26317,2990.0
CoRe-WM old,hero,3,26713,2940.0
CoRe-WM old,hero,3,27262,3135.0
CoRe-WM old,hero,3,27770,2970.0
CoRe-WM old,hero,3,28216,3010.0
CoRe-WM old,hero,3,28780,3010.0
CoRe-WM old,hero,3,29396,3185.0
CoRe-WM old,hero,3,29863,2970.0
CoRe-WM old,hero,3,30284,2990.0
CoRe-WM old,hero,3,30724,2990.0
CoRe-WM old,hero,3,31157,2970.0
CoRe-WM old,hero,3,31538,3010.0
CoRe-WM old,hero,3,31964,3135.0
CoRe-WM old,hero,3,33443,5125.0
CoRe-WM old,hero,3,33847,3010.0
CoRe-WM old,hero,3,34301,3185.0
CoRe-WM old,hero,3,34708,3010.0
CoRe-WM old,hero,3,35105,3010.0
CoRe-WM old,hero,3,35494,3010.0
CoRe-WM old,hero,3,35940,3135.0
CoRe-WM old,hero,3,36324,3010.0
CoRe-WM old,hero,3,36761,3085.0
CoRe-WM old,hero,3,38365,3110.0
CoRe-WM old,hero,3,38810,3060.0
CoRe-WM old,hero,3,39191,3010.0
CoRe-WM old,hero,3,39597,3010.0
CoRe-WM old,hero,3,39999,3010.0
CoRe-WM old,hero,3,40408,3010.0
CoRe-WM old,hero,3,40801,3010.0
CoRe-WM old,hero,3,41234,3060.0
CoRe-WM old,hero,3,41683,3060.0
CoRe-WM old,hero,3,42105,3115.0
CoRe-WM old,hero,3,42561,3135.0
CoRe-WM old,hero,3,42969,3135.0
CoRe-WM old,hero,3,43368,3060.0
CoRe-WM old,hero,3,43763,3060.0
CoRe-WM old,hero,3,44230,3045.0
CoRe-WM old,hero,3,44671,3020.0
CoRe-WM old,hero,3,45056,3060.0
CoRe-WM old,hero,3,45439,3060.0
CoRe-WM old,hero,3,47064,3060.0
CoRe-WM old,hero,3,47509,2920.0
CoRe-WM old,hero,3,47937,3060.0
CoRe-WM old,hero,3,48404,3010.0
CoRe-WM old,hero,3,48797,3010.0
CoRe-WM old,hero,3,49206,3010.0
CoRe-WM old,hero,3,49905,6715.0
CoRe-WM old,hero,3,50352,3135.0
CoRe-WM old,hero,3,50819,3135.0
CoRe-WM old,hero,3,51281,3185.0
CoRe-WM old,hero,3,51719,3085.0
CoRe-WM old,hero,3,52157,3135.0
CoRe-WM old,hero,3,53765,3060.0
CoRe-WM old,hero,3,54207,3060.0
CoRe-WM old,hero,3,54613,3060.0
CoRe-WM old,hero,3,55037,3185.0
CoRe-WM old,hero,3,55596,3115.0
CoRe-WM old,hero,3,56300,3185.0
CoRe-WM old,hero,3,56896,3135.0
CoRe-WM old,hero,3,57311,3060.0
CoRe-WM old,hero,3,57757,3060.0
CoRe-WM old,hero,3,58204,3135.0
CoRe-WM old,hero,3,58610,3135.0
CoRe-WM old,hero,3,59069,3135.0
CoRe-WM old,hero,3,59491,3185.0
CoRe-WM old,hero,3,59880,3135.0
CoRe-WM old,hero,3,60330,3135.0
CoRe-WM old,hero,3,60858,3135.0
CoRe-WM old,hero,3,61442,2985.0
CoRe-WM old,hero,3,61879,3135.0
CoRe-WM old,hero,3,62308,3185.0
CoRe-WM old,hero,3,62737,3010.0
CoRe-WM old,hero,3,63245,3185.0
CoRe-WM old,hero,3,63736,3135.0
CoRe-WM old,hero,3,64204,3135.0
CoRe-WM old,hero,3,64698,3165.0
CoRe-WM old,hero,3,65174,3135.0
CoRe-WM old,hero,3,65668,3215.0
CoRe-WM old,hero,3,66868,7240.0
CoRe-WM old,hero,3,67527,3115.0
CoRe-WM old,hero,3,68067,2990.0
CoRe-WM old,hero,3,68459,3135.0
CoRe-WM old,hero,3,68953,3115.0
CoRe-WM old,hero,3,69397,3115.0
CoRe-WM old,hero,3,69879,3185.0
CoRe-WM old,hero,3,70611,3040.0
CoRe-WM old,hero,3,71103,3165.0
CoRe-WM old,hero,3,72712,3115.0
CoRe-WM old,hero,3,73243,3215.0
CoRe-WM old,hero,3,73712,3165.0
CoRe-WM old,hero,3,74373,7330.0
CoRe-WM old,hero,3,74951,7335.0
CoRe-WM old,hero,3,75568,7290.0
CoRe-WM old,hero,3,76187,7375.0
CoRe-WM old,hero,3,76762,7415.0
CoRe-WM old,hero,3,78382,3115.0
CoRe-WM old,hero,3,80185,7010.0
CoRe-WM old,hero,3,80851,7425.0
CoRe-WM old,hero,3,81533,7250.0
CoRe-WM old,hero,3,82197,7540.0
CoRe-WM old,hero,3,82903,7540.0
CoRe-WM old,hero,3,83554,7375.0
CoRe-WM old,hero,3,84870,7640.0
CoRe-WM old,hero,3,86485,7480.0
CoRe-WM old,hero,3,88286,7540.0
CoRe-WM old,hero,3,88914,7540.0
CoRe-WM old,hero,3,89674,7540.0
CoRe-WM old,hero,3,90319,7540.0
CoRe-WM old,hero,3,90912,7540.0
CoRe-WM old,hero,3,91726,7610.0
CoRe-WM old,hero,3,92362,7540.0
CoRe-WM old,hero,3,92991,7500.0
CoRe-WM old,hero,3,93583,7540.0
CoRe-WM old,hero,3,94548,7540.0
CoRe-WM old,hero,3,95458,7540.0
CoRe-WM old,hero,3,96606,7500.0
CoRe-WM old,hero,3,97268,7560.0
CoRe-WM old,hero,3,98064,7590.0
CoRe-WM old,hero,3,98844,7500.0
CoRe-WM old,hero,3,99590,7540.0
CoRe-WM old,hero,4,615,2615.0
CoRe-WM old,hero,4,2948,2095.0
CoRe-WM old,hero,4,3303,75.0
CoRe-WM old,hero,4,3638,75.0
CoRe-WM old,hero,4,4136,2705.0
CoRe-WM old,hero,4,4456,0.0
CoRe-WM old,hero,4,4737,0.0
CoRe-WM old,hero,4,5079,75.0
CoRe-WM old,hero,4,5415,0.0
CoRe-WM old,hero,4,5999,2425.0
CoRe-WM old,hero,4,6353,75.0
CoRe-WM old,hero,4,7921,125.0
CoRe-WM old,hero,4,8357,0.0
CoRe-WM old,hero,4,8700,0.0
CoRe-WM old,hero,4,9038,0.0
CoRe-WM old,hero,4,9580,75.0
CoRe-WM old,hero,4,10021,75.0
CoRe-WM old,hero,4,10529,2555.0
CoRe-WM old,hero,4,11110,2990.0
CoRe-WM old,hero,4,12213,2505.0
CoRe-WM old,hero,4,12954,2805.0
CoRe-WM old,hero,4,14285,2855.0
CoRe-WM old,hero,4,15117,75.0
CoRe-WM old,hero,4,15705,2730.0
CoRe-WM old,hero,4,16283,3025.0
CoRe-WM old,hero,4,16835,2630.0
CoRe-WM old,hero,4,17277,75.0
CoRe-WM old,hero,4,17649,75.0
CoRe-WM old,hero,4,18183,2990.0
CoRe-WM old,hero,4,18739,2910.0
CoRe-WM old,hero,4,19431,2560.0
CoRe-WM old,hero,4,20207,2605.0
CoRe-WM old,hero,4,20734,2930.0
CoRe-WM old,hero,4,21308,2900.0
CoRe-WM old,hero,4,21819,2820.0
CoRe-WM old,hero,4,22429,2770.0
CoRe-WM old,hero,4,22996,2930.0
CoRe-WM old,hero,4,23575,2730.0
CoRe-WM old,hero,4,24116,2970.0
CoRe-WM old,hero,4,24630,2970.0
CoRe-WM old,hero,4,25124,3040.0
CoRe-WM old,hero,4,25567,2850.0
CoRe-WM old,hero,4,26029,2920.0
CoRe-WM old,hero,4,26491,2940.0
CoRe-WM old,hero,4,27048,2990.0
CoRe-WM old,hero,4,27504,2850.0
CoRe-WM old,hero,4,29124,3115.0
CoRe-WM old,hero,4,30106,3115.0
CoRe-WM old,hero,4,30514,3010.0
CoRe-WM old,hero,4,30933,2990.0
CoRe-WM old,hero,4,31375,2990.0
CoRe-WM old,hero,4,31827,3060.0
CoRe-WM old,hero,4,32615,2940.0
CoRe-WM old,hero,4,33027,3010.0
CoRe-WM old,hero,4,33440,3060.0
CoRe-WM old,hero,4,33914,2695.0
CoRe-WM old,hero,4,34298,3010.0
CoRe-WM old,hero,4,34739,2970.0
CoRe-WM old,hero,4,35123,3010.0
CoRe-WM old,hero,4,35599,3010.0
CoRe-WM old,hero,4,37189,3060.0
CoRe-WM old,hero,4,38840,3135.0
CoRe-WM old,hero,4,39310,3135.0
CoRe-WM old,hero,4,39816,3095.0
CoRe-WM old,hero,4,40323,2990.0
CoRe-WM old,hero,4,40791,3060.0
CoRe-WM old,hero,4,41385,3115.0
CoRe-WM old,hero,4,41822,3065.0
CoRe-WM old,hero,4,43398,4700.0
CoRe-WM old,hero,4,43860,2990.0
CoRe-WM old,hero,4,44303,3010.0
CoRe-WM old,hero,4,45910,3040.0
CoRe-WM old,hero,4,46395,3115.0
CoRe-WM old,hero,4,47435,2990.0
CoRe-WM old,hero,4,48099,2990.0
CoRe-WM old,hero,4,48686,2990.0
CoRe-WM old,hero,4,49368,3115.0
CoRe-WM old,hero,4,50949,4530.0
CoRe-WM old,hero,4,51516,3115.0
CoRe-WM old,hero,4,52064,3065.0
CoRe-WM old,hero,4,52515,3065.0
CoRe-WM old,hero,4,53226,7120.0
CoRe-WM old,hero,4,53782,3165.0
CoRe-WM old,hero,4,54425,7180.0
CoRe-WM old,hero,4,54882,3115.0
CoRe-WM old,hero,4,55392,3115.0
CoRe-WM old,hero,4,56374,6885.0
CoRe-WM old,hero,4,56856,3115.0
CoRe-WM old,hero,4,57336,3115.0
CoRe-WM old,hero,4,57791,3060.0
CoRe-WM old,hero,4,58269,3040.0
CoRe-WM old,hero,4,58823,3020.0
CoRe-WM old,hero,4,59287,3085.0
CoRe-WM old,hero,4,59881,3115.0
CoRe-WM old,hero,4,60374,2950.0
CoRe-WM old,hero,4,60869,3055.0
CoRe-WM old,hero,4,61382,3065.0
CoRe-WM old,hero,4,62035,7265.0
CoRe-WM old,hero,4,62727,7095.0
CoRe-WM old,hero,4,63966,6440.0
CoRe-WM old,hero,4,65131,6335.0
CoRe-WM old,hero,4,66657,6795.0
CoRe-WM old,hero,4,67717,7195.0
CoRe-WM old,hero,4,68344,7320.0
CoRe-WM old,hero,4,69653,7155.0
CoRe-WM old,hero,4,70648,6690.0
CoRe-WM old,hero,4,71470,7195.0
CoRe-WM old,hero,4,72039,7450.0
CoRe-WM old,hero,4,72940,6900.0
CoRe-WM old,hero,4,74099,6040.0
CoRe-WM old,hero,4,74890,7190.0
CoRe-WM old,hero,4,75879,7180.0
CoRe-WM old,hero,4,76528,7540.0
CoRe-WM old,hero,4,77202,7480.0
CoRe-WM old,hero,4,77947,7620.0
CoRe-WM old,hero,4,78540,7540.0
CoRe-WM old,hero,4,79211,7585.0
CoRe-WM old,hero,4,80867,7540.0
CoRe-WM old,hero,4,81566,7460.0
CoRe-WM old,hero,4,82458,7460.0
CoRe-WM old,hero,4,83183,7540.0
CoRe-WM old,hero,4,83816,7510.0
CoRe-WM old,hero,4,84443,7500.0
CoRe-WM old,hero,4,85121,7510.0
CoRe-WM old,hero,4,85740,7590.0
CoRe-WM old,hero,4,86688,7560.0
CoRe-WM old,hero,4,87408,7540.0
CoRe-WM old,hero,4,87976,7490.0
CoRe-WM old,hero,4,88638,7540.0
CoRe-WM old,hero,4,89245,7500.0
CoRe-WM old,hero,4,89858,7500.0
CoRe-WM old,hero,4,90464,7590.0
CoRe-WM old,hero,4,91187,7590.0
CoRe-WM old,hero,4,91817,7590.0
CoRe-WM old,hero,4,92446,7540.0
CoRe-WM old,hero,4,93119,7420.0
CoRe-WM old,hero,4,93741,7500.0
CoRe-WM old,hero,4,94356,7590.0
CoRe-WM old,hero,4,95052,7500.0
CoRe-WM old,hero,4,95689,7590.0
CoRe-WM old,hero,4,96342,7470.0
CoRe-WM old,hero,4,96971,7590.0
CoRe-WM old,hero,4,97577,7540.0
CoRe-WM old,hero,4,98186,7540.0
CoRe-WM old,hero,4,98797,7500.0
CoRe-WM old,hero,4,99615,7640.0
CoRe-WM old,jamesbond,0,466,100.0
CoRe-WM old,jamesbond,0,1052,50.0
CoRe-WM old,jamesbond,0,1563,50.0
CoRe-WM old,jamesbond,0,2065,50.0
CoRe-WM old,jamesbond,0,2552,0.0
CoRe-WM old,jamesbond,0,3026,0.0
CoRe-WM old,jamesbond,0,3494,0.0
CoRe-WM old,jamesbond,0,3966,50.0
CoRe-WM old,jamesbond,0,4435,0.0
CoRe-WM old,jamesbond,0,5044,50.0
CoRe-WM old,jamesbond,0,5514,0.0
CoRe-WM old,jamesbond,0,5975,0.0
CoRe-WM old,jamesbond,0,6452,0.0
CoRe-WM old,jamesbond,0,6932,0.0
CoRe-WM old,jamesbond,0,7400,0.0
CoRe-WM old,jamesbond,0,8005,50.0
CoRe-WM old,jamesbond,0,8461,0.0
CoRe-WM old,jamesbond,0,8930,0.0
CoRe-WM old,jamesbond,0,9401,0.0
CoRe-WM old,jamesbond,0,9933,50.0
CoRe-WM old,jamesbond,0,10427,0.0
CoRe-WM old,jamesbond,0,10920,100.0
CoRe-WM old,jamesbond,0,11371,0.0
CoRe-WM old,jamesbond,0,11842,0.0
CoRe-WM old,jamesbond,0,12308,0.0
CoRe-WM old,jamesbond,0,12751,0.0
CoRe-WM old,jamesbond,0,13278,100.0
CoRe-WM old,jamesbond,0,13815,50.0
CoRe-WM old,jamesbond,0,14493,50.0
CoRe-WM old,jamesbond,0,15152,100.0
CoRe-WM old,jamesbond,0,15994,100.0
CoRe-WM old,jamesbond,0,16655,50.0
CoRe-WM old,jamesbond,0,17233,0.0
CoRe-WM old,jamesbond,0,18181,100.0
CoRe-WM old,jamesbond,0,18886,0.0
CoRe-WM old,jamesbond,0,19573,100.0
CoRe-WM old,jamesbond,0,20413,100.0
CoRe-WM old,jamesbond,0,21199,50.0
CoRe-WM old,jamesbond,0,21880,0.0
CoRe-WM old,jamesbond,0,22428,50.0
CoRe-WM old,jamesbond,0,23112,100.0
CoRe-WM old,jamesbond,0,23642,0.0
CoRe-WM old,jamesbond,0,24255,0.0
CoRe-WM old,jamesbond,0,24806,50.0
CoRe-WM old,jamesbond,0,25425,100.0
CoRe-WM old,jamesbond,0,26084,0.0
CoRe-WM old,jamesbond,0,26577,0.0
CoRe-WM old,jamesbond,0,27195,0.0
CoRe-WM old,jamesbond,0,27852,150.0
CoRe-WM old,jamesbond,0,28601,150.0
CoRe-WM old,jamesbond,0,29237,100.0
CoRe-WM old,jamesbond,0,29939,100.0
CoRe-WM old,jamesbond,0,30694,0.0
CoRe-WM old,jamesbond,0,31425,100.0
CoRe-WM old,jamesbond,0,32083,50.0
CoRe-WM old,jamesbond,0,32707,100.0
CoRe-WM old,jamesbond,0,33621,100.0
CoRe-WM old,jamesbond,0,34145,50.0
CoRe-WM old,jamesbond,0,34716,50.0
CoRe-WM old,jamesbond,0,35276,0.0
CoRe-WM old,jamesbond,0,36043,100.0
CoRe-WM old,jamesbond,0,36856,100.0
CoRe-WM old,jamesbond,0,37647,150.0
CoRe-WM old,jamesbond,0,38372,100.0
CoRe-WM old,jamesbond,0,38888,50.0
CoRe-WM old,jamesbond,0,39621,100.0
CoRe-WM old,jamesbond,0,40122,0.0
CoRe-WM old,jamesbond,0,41049,100.0
CoRe-WM old,jamesbond,0,41735,150.0
CoRe-WM old,jamesbond,0,42433,50.0
CoRe-WM old,jamesbond,0,43054,100.0
CoRe-WM old,jamesbond,0,43995,200.0
CoRe-WM old,jamesbond,0,44948,50.0
CoRe-WM old,jamesbond,0,45696,200.0
CoRe-WM old,jamesbond,0,46642,150.0
CoRe-WM old,jamesbond,0,47394,150.0
CoRe-WM old,jamesbond,0,48585,250.0
CoRe-WM old,jamesbond,0,49107,0.0
CoRe-WM old,jamesbond,0,50286,250.0
CoRe-WM old,jamesbond,0,50890,100.0
CoRe-WM old,jamesbond,0,51581,0.0
CoRe-WM old,jamesbond,0,52242,100.0
CoRe-WM old,jamesbond,0,53191,150.0
CoRe-WM old,jamesbond,0,54073,150.0
CoRe-WM old,jamesbond,0,55131,100.0
CoRe-WM old,jamesbond,0,55952,100.0
CoRe-WM old,jamesbond,0,57028,200.0
CoRe-WM old,jamesbond,0,57845,50.0
CoRe-WM old,jamesbond,0,58683,150.0
CoRe-WM old,jamesbond,0,59570,200.0
CoRe-WM old,jamesbond,0,60121,50.0
CoRe-WM old,jamesbond,0,61068,300.0
CoRe-WM old,jamesbond,0,61762,100.0
CoRe-WM old,jamesbond,0,62482,200.0
CoRe-WM old,jamesbond,0,63232,250.0
CoRe-WM old,jamesbond,0,64278,300.0
CoRe-WM old,jamesbond,0,65361,200.0
CoRe-WM old,jamesbond,0,66084,200.0
CoRe-WM old,jamesbond,0,67249,300.0
CoRe-WM old,jamesbond,0,67974,150.0
CoRe-WM old,jamesbond,0,69246,250.0
CoRe-WM old,jamesbond,0,70552,400.0
CoRe-WM old,jamesbond,0,71151,100.0
CoRe-WM old,jamesbond,0,72174,300.0
CoRe-WM old,jamesbond,0,72833,150.0
CoRe-WM old,jamesbond,0,74295,400.0
CoRe-WM old,jamesbond,0,75030,200.0
CoRe-WM old,jamesbond,0,76608,400.0
CoRe-WM old,jamesbond,0,77739,200.0
CoRe-WM old,jamesbond,0,78801,200.0
CoRe-WM old,jamesbond,0,80003,450.0
CoRe-WM old,jamesbond,0,81617,600.0
CoRe-WM old,jamesbond,0,83316,450.0
CoRe-WM old,jamesbond,0,84865,600.0
CoRe-WM old,jamesbond,0,85826,300.0
CoRe-WM old,jamesbond,0,87529,550.0
CoRe-WM old,jamesbond,0,88688,150.0
CoRe-WM old,jamesbond,0,89946,250.0
CoRe-WM old,jamesbond,0,91868,750.0
CoRe-WM old,jamesbond,0,93948,950.0
CoRe-WM old,jamesbond,0,95689,850.0
CoRe-WM old,jamesbond,0,97290,350.0
CoRe-WM old,jamesbond,0,98805,600.0
CoRe-WM old,jamesbond,1,647,100.0
CoRe-WM old,jamesbond,1,1157,50.0
CoRe-WM old,jamesbond,1,1625,0.0
CoRe-WM old,jamesbond,1,2097,0.0
CoRe-WM old,jamesbond,1,2568,0.0
CoRe-WM old,jamesbond,1,3071,50.0
CoRe-WM old,jamesbond,1,3592,0.0
CoRe-WM old,jamesbond,1,4100,0.0
CoRe-WM old,jamesbond,1,4572,0.0
CoRe-WM old,jamesbond,1,5103,50.0
CoRe-WM old,jamesbond,1,5588,0.0
CoRe-WM old,jamesbond,1,6141,50.0
CoRe-WM old,jamesbond,1,6671,100.0
CoRe-WM old,jamesbond,1,7186,150.0
CoRe-WM old,jamesbond,1,7653,0.0
CoRe-WM old,jamesbond,1,8126,0.0
CoRe-WM old,jamesbond,1,8597,0.0
CoRe-WM old,jamesbond,1,9089,0.0
CoRe-WM old,jamesbond,1,9567,0.0
CoRe-WM old,jamesbond,1,10063,50.0
CoRe-WM old,jamesbond,1,10536,0.0
CoRe-WM old,jamesbond,1,11037,50.0
CoRe-WM old,jamesbond,1,11648,100.0
CoRe-WM old,jamesbond,1,12227,50.0
CoRe-WM old,jamesbond,1,12768,0.0
CoRe-WM old,jamesbond,1,13375,50.0
CoRe-WM old,jamesbond,1,14328,150.0
CoRe-WM old,jamesbond,1,15554,400.0
CoRe-WM old,jamesbond,1,16375,50.0
CoRe-WM old,jamesbond,1,17368,250.0
CoRe-WM old,jamesbond,1,18228,100.0
CoRe-WM old,jamesbond,1,18854,50.0
CoRe-WM old,jamesbond,1,19568,50.0
CoRe-WM old,jamesbond,1,20425,150.0
CoRe-WM old,jamesbond,1,21334,100.0
CoRe-WM old,jamesbond,1,22321,250.0
CoRe-WM old,jamesbond,1,22912,100.0
CoRe-WM old,jamesbond,1,23626,100.0
CoRe-WM old,jamesbond,1,24041,50.0
CoRe-WM old,jamesbond,1,24633,50.0
CoRe-WM old,jamesbond,1,25182,0.0
CoRe-WM old,jamesbond,1,25816,50.0
CoRe-WM old,jamesbond,1,26257,50.0
CoRe-WM old,jamesbond,1,27127,0.0
CoRe-WM old,jamesbond,1,28076,100.0
CoRe-WM old,jamesbond,1,29055,250.0
CoRe-WM old,jamesbond,1,29867,100.0
CoRe-WM old,jamesbond,1,30809,150.0
CoRe-WM old,jamesbond,1,31435,50.0
CoRe-WM old,jamesbond,1,32394,150.0
CoRe-WM old,jamesbond,1,33191,50.0
CoRe-WM old,jamesbond,1,33952,100.0
CoRe-WM old,jamesbond,1,35247,100.0
CoRe-WM old,jamesbond,1,35970,0.0
CoRe-WM old,jamesbond,1,37268,350.0
CoRe-WM old,jamesbond,1,38311,200.0
CoRe-WM old,jamesbond,1,38851,50.0
CoRe-WM old,jamesbond,1,40229,150.0
CoRe-WM old,jamesbond,1,41874,250.0
CoRe-WM old,jamesbond,1,43036,150.0
CoRe-WM old,jamesbond,1,44261,200.0
CoRe-WM old,jamesbond,1,45204,150.0
CoRe-WM old,jamesbond,1,46405,300.0
CoRe-WM old,jamesbond,1,47579,350.0
CoRe-WM old,jamesbond,1,48506,150.0
CoRe-WM old,jamesbond,1,49686,300.0
CoRe-WM old,jamesbond,1,50958,150.0
CoRe-WM old,jamesbond,1,52131,250.0
CoRe-WM old,jamesbond,1,53894,250.0
CoRe-WM old,jamesbond,1,54824,150.0
CoRe-WM old,jamesbond,1,55594,100.0
CoRe-WM old,jamesbond,1,56507,150.0
CoRe-WM old,jamesbond,1,58061,200.0
CoRe-WM old,jamesbond,1,58791,200.0
CoRe-WM old,jamesbond,1,60222,250.0
CoRe-WM old,jamesbond,1,61782,250.0
CoRe-WM old,jamesbond,1,62703,100.0
CoRe-WM old,jamesbond,1,63874,150.0
CoRe-WM old,jamesbond,1,64795,100.0
CoRe-WM old,jamesbond,1,65703,200.0
CoRe-WM old,jamesbond,1,67329,350.0
CoRe-WM old,jamesbond,1,68051,100.0
CoRe-WM old,jamesbond,1,69195,300.0
CoRe-WM old,jamesbond,1,70777,350.0
CoRe-WM old,jamesbond,1,71535,150.0
CoRe-WM old,jamesbond,1,72381,200.0
CoRe-WM old,jamesbond,1,73865,400.0
CoRe-WM old,jamesbond,1,75884,400.0
CoRe-WM old,jamesbond,1,76928,150.0
CoRe-WM old,jamesbond,1,78514,150.0
CoRe-WM old,jamesbond,1,80001,350.0
CoRe-WM old,jamesbond,1,81527,300.0
CoRe-WM old,jamesbond,1,82887,350.0
CoRe-WM old,jamesbond,1,83645,150.0
CoRe-WM old,jamesbond,1,84310,150.0
CoRe-WM old,jamesbond,1,85091,150.0
CoRe-WM old,jamesbond,1,86210,350.0
CoRe-WM old,jamesbond,1,87060,200.0
CoRe-WM old,jamesbond,1,87771,200.0
CoRe-WM old,jamesbond,1,88506,100.0
CoRe-WM old,jamesbond,1,89310,200.0
CoRe-WM old,jamesbond,1,90210,150.0
CoRe-WM old,jamesbond,1,90813,100.0
CoRe-WM old,jamesbond,1,91735,150.0
CoRe-WM old,jamesbond,1,92511,100.0
CoRe-WM old,jamesbond,1,93376,200.0
CoRe-WM old,jamesbond,1,94494,250.0
CoRe-WM old,jamesbond,1,95286,250.0
CoRe-WM old,jamesbond,1,96069,200.0
CoRe-WM old,jamesbond,1,96696,150.0
CoRe-WM old,jamesbond,1,97694,250.0
CoRe-WM old,jamesbond,1,98402,200.0
CoRe-WM old,jamesbond,1,99929,400.0
CoRe-WM old,jamesbond,2,461,0.0
CoRe-WM old,jamesbond,2,927,0.0
CoRe-WM old,jamesbond,2,1429,150.0
CoRe-WM old,jamesbond,2,1899,0.0
CoRe-WM old,jamesbond,2,2411,0.0
CoRe-WM old,jamesbond,2,2888,0.0
CoRe-WM old,jamesbond,2,3382,50.0
CoRe-WM old,jamesbond,2,3878,0.0
CoRe-WM old,jamesbond,2,4344,100.0
CoRe-WM old,jamesbond,2,4860,150.0
CoRe-WM old,jamesbond,2,5333,50.0
CoRe-WM old,jamesbond,2,5792,50.0
CoRe-WM old,jamesbond,2,6402,0.0
CoRe-WM old,jamesbond,2,6890,0.0
CoRe-WM old,jamesbond,2,7367,0.0
CoRe-WM old,jamesbond,2,7839,0.0
CoRe-WM old,jamesbond,2,8375,0.0
CoRe-WM old,jamesbond,2,8835,0.0
CoRe-WM old,jamesbond,2,9319,0.0
CoRe-WM old,jamesbond,2,9815,0.0
CoRe-WM old,jamesbond,2,10283,0.0
CoRe-WM old,jamesbond,2,10818,0.0
CoRe-WM old,jamesbond,2,11301,0.0
CoRe-WM old,jamesbond,2,11773,50.0
CoRe-WM old,jamesbond,2,12235,0.0
CoRe-WM old,jamesbond,2,12834,100.0
CoRe-WM old,jamesbond,2,13469,0.0
CoRe-WM old,jamesbond,2,13933,50.0
CoRe-WM old,jamesbond,2,14397,50.0
CoRe-WM old,jamesbond,2,14906,50.0
CoRe-WM old,jamesbond,2,15599,50.0
CoRe-WM old,jamesbond,2,16407,200.0
CoRe-WM old,jamesbond,2,17304,50.0
CoRe-WM old,jamesbond,2,18100,50.0
CoRe-WM old,jamesbond,2,18699,0.0
CoRe-WM old,jamesbond,2,19603,50.0
CoRe-WM old,jamesbond,2,20328,0.0
CoRe-WM old,jamesbond,2,21188,0.0
CoRe-WM old,jamesbond,2,21942,0.0
CoRe-WM old,jamesbond,2,22691,0.0
CoRe-WM old,jamesbond,2,23384,0.0
CoRe-WM old,jamesbond,2,24094,0.0
CoRe-WM old,jamesbond,2,24685,150.0
CoRe-WM old,jamesbond,2,25440,100.0
CoRe-WM old,jamesbond,2,26164,100.0
CoRe-WM old,jamesbond,2,26862,50.0
CoRe-WM old,jamesbond,2,27596,150.0
CoRe-WM old,jamesbond,2,28229,0.0
CoRe-WM old,jamesbond,2,28970,50.0
CoRe-WM old,jamesbond,2,29718,0.0
CoRe-WM old,jamesbond,2,30462,50.0
CoRe-WM old,jamesbond,2,30944,0.0
CoRe-WM old,jamesbond,2,31392,50.0
CoRe-WM old,jamesbond,2,31828,0.0
CoRe-WM old,jamesbond,2,32203,50.0
CoRe-WM old,jamesbond,2,32591,100.0
CoRe-WM old,jamesbond,2,33019,50.0
CoRe-WM old,jamesbond,2,33436,150.0
CoRe-WM old,jamesbond,2,34111,50.0
CoRe-WM old,jamesbond,2,34621,50.0
CoRe-WM old,jamesbond,2,35075,0.0
CoRe-WM old,jamesbond,2,35570,100.0
CoRe-WM old,jamesbond,2,35958,50.0
CoRe-WM old,jamesbond,2,36336,0.0
CoRe-WM old,jamesbond,2,37126,100.0
CoRe-WM old,jamesbond,2,37845,50.0
CoRe-WM old,jamesbond,2,38561,150.0
CoRe-WM old,jamesbond,2,39211,150.0
CoRe-WM old,jamesbond,2,39841,100.0
CoRe-WM old,jamesbond,2,40462,50.0
CoRe-WM old,jamesbond,2,41302,50.0
CoRe-WM old,jamesbond,2,41963,100.0
CoRe-WM old,jamesbond,2,43584,350.0
CoRe-WM old,jamesbond,2,44619,200.0
CoRe-WM old,jamesbond,2,46013,200.0
CoRe-WM old,jamesbond,2,46731,50.0
CoRe-WM old,jamesbond,2,47354,150.0
CoRe-WM old,jamesbond,2,48043,150.0
CoRe-WM old,jamesbond,2,48668,50.0
CoRe-WM old,jamesbond,2,49709,100.0
CoRe-WM old,jamesbond,2,50545,150.0
CoRe-WM old,jamesbond,2,51052,50.0
CoRe-WM old,jamesbond,2,51680,100.0
CoRe-WM old,jamesbond,2,52149,150.0
CoRe-WM old,jamesbond,2,53177,200.0
CoRe-WM old,jamesbond,2,53887,150.0
CoRe-WM old,jamesbond,2,54451,100.0
CoRe-WM old,jamesbond,2,55072,250.0
CoRe-WM old,jamesbond,2,55851,250.0
CoRe-WM old,jamesbond,2,56707,100.0
CoRe-WM old,jamesbond,2,57496,150.0
CoRe-WM old,jamesbond,2,58293,100.0
CoRe-WM old,jamesbond,2,58762,200.0
CoRe-WM old,jamesbond,2,59263,200.0
CoRe-WM old,jamesbond,2,59760,50.0
CoRe-WM old,jamesbond,2,60250,150.0
CoRe-WM old,jamesbond,2,60788,50.0
CoRe-WM old,jamesbond,2,61370,150.0
CoRe-WM old,jamesbond,2,62110,150.0
CoRe-WM old,jamesbond,2,62567,100.0
CoRe-WM old,jamesbond,2,63318,200.0
CoRe-WM old,jamesbond,2,63810,150.0
CoRe-WM old,jamesbond,2,64498,200.0
CoRe-WM old,jamesbond,2,65076,150.0
CoRe-WM old,jamesbond,2,65753,150.0
CoRe-WM old,jamesbond,2,66349,150.0
CoRe-WM old,jamesbond,2,67109,100.0
CoRe-WM old,jamesbond,2,68090,350.0
CoRe-WM old,jamesbond,2,68641,250.0
CoRe-WM old,jamesbond,2,69166,150.0
CoRe-WM old,jamesbond,2,69673,200.0
CoRe-WM old,jamesbond,2,70585,350.0
CoRe-WM old,jamesbond,2,71447,200.0
CoRe-WM old,jamesbond,2,72215,200.0
CoRe-WM old,jamesbond,2,72723,250.0
CoRe-WM old,jamesbond,2,73376,250.0
CoRe-WM old,jamesbond,2,73850,250.0
CoRe-WM old,jamesbond,2,74356,250.0
CoRe-WM old,jamesbond,2,74827,250.0
CoRe-WM old,jamesbond,2,75863,350.0
CoRe-WM old,jamesbond,2,76774,350.0
CoRe-WM old,jamesbond,2,77278,200.0
CoRe-WM old,jamesbond,2,77911,250.0
CoRe-WM old,jamesbond,2,78635,150.0
CoRe-WM old,jamesbond,2,79570,250.0
CoRe-WM old,jamesbond,2,80204,250.0
CoRe-WM old,jamesbond,2,80836,250.0
CoRe-WM old,jamesbond,2,81495,150.0
CoRe-WM old,jamesbond,2,82013,200.0
CoRe-WM old,jamesbond,2,82606,150.0
CoRe-WM old,jamesbond,2,83224,200.0
CoRe-WM old,jamesbond,2,84228,300.0
CoRe-WM old,jamesbond,2,84866,200.0
CoRe-WM old,jamesbond,2,85614,300.0
CoRe-WM old,jamesbond,2,86554,300.0
CoRe-WM old,jamesbond,2,87198,250.0
CoRe-WM old,jamesbond,2,87851,200.0
CoRe-WM old,jamesbond,2,88332,100.0
CoRe-WM old,jamesbond,2,89384,300.0
CoRe-WM old,jamesbond,2,89847,150.0
CoRe-WM old,jamesbond,2,90857,350.0
CoRe-WM old,jamesbond,2,91730,200.0
CoRe-WM old,jamesbond,2,92326,200.0
CoRe-WM old,jamesbond,2,92795,200.0
CoRe-WM old,jamesbond,2,93620,300.0
CoRe-WM old,jamesbond,2,94129,250.0
CoRe-WM old,jamesbond,2,94649,250.0
CoRe-WM old,jamesbond,2,95220,200.0
CoRe-WM old,jamesbond,2,95760,250.0
CoRe-WM old,jamesbond,2,96859,450.0
CoRe-WM old,jamesbond,2,97404,250.0
CoRe-WM old,jamesbond,2,97993,150.0
CoRe-WM old,jamesbond,2,98487,250.0
CoRe-WM old,jamesbond,2,99723,450.0
CoRe-WM old,jamesbond,3,480,0.0
CoRe-WM old,jamesbond,3,952,0.0
CoRe-WM old,jamesbond,3,1426,0.0
CoRe-WM old,jamesbond,3,1962,50.0
CoRe-WM old,jamesbond,3,2480,50.0
CoRe-WM old,jamesbond,3,2956,0.0
CoRe-WM old,jamesbond,3,3429,0.0
CoRe-WM old,jamesbond,3,3899,50.0
CoRe-WM old,jamesbond,3,4368,50.0
CoRe-WM old,jamesbond,3,4851,0.0
CoRe-WM old,jamesbond,3,5449,50.0
CoRe-WM old,jamesbond,3,5919,50.0
CoRe-WM old,jamesbond,3,6535,100.0
CoRe-WM old,jamesbond,3,7019,0.0
CoRe-WM old,jamesbond,3,7539,150.0
CoRe-WM old,jamesbond,3,8011,0.0
CoRe-WM old,jamesbond,3,8477,0.0
CoRe-WM old,jamesbond,3,8962,0.0
CoRe-WM old,jamesbond,3,9436,0.0
CoRe-WM old,jamesbond,3,10071,150.0
CoRe-WM old,jamesbond,3,10546,0.0
CoRe-WM old,jamesbond,3,11024,100.0
CoRe-WM old,jamesbond,3,11528,0.0
CoRe-WM old,jamesbond,3,11994,0.0
CoRe-WM old,jamesbond,3,12561,50.0
CoRe-WM old,jamesbond,3,13099,0.0
CoRe-WM old,jamesbond,3,13762,50.0
CoRe-WM old,jamesbond,3,14454,50.0
CoRe-WM old,jamesbond,3,15105,50.0
CoRe-WM old,jamesbond,3,15834,0.0
CoRe-WM old,jamesbond,3,16581,50.0
CoRe-WM old,jamesbond,3,17214,50.0
CoRe-WM old,jamesbond,3,17838,100.0
CoRe-WM old,jamesbond,3,18458,0.0
CoRe-WM old,jamesbond,3,19064,50.0
CoRe-WM old,jamesbond,3,19711,100.0
CoRe-WM old,jamesbond,3,20382,50.0
CoRe-WM old,jamesbond,3,21080,0.0
CoRe-WM old,jamesbond,3,21805,100.0
CoRe-WM old,jamesbond,3,22530,50.0
CoRe-WM old,jamesbond,3,23164,50.0
CoRe-WM old,jamesbond,3,23881,50.0
CoRe-WM old,jamesbond,3,24558,50.0
CoRe-WM old,jamesbond,3,25250,50.0
CoRe-WM old,jamesbond,3,26076,50.0
CoRe-WM old,jamesbond,3,26967,0.0
CoRe-WM old,jamesbond,3,27711,0.0
CoRe-WM old,jamesbond,3,28299,50.0
CoRe-WM old,jamesbond,3,28959,150.0
CoRe-WM old,jamesbond,3,29552,100.0
CoRe-WM old,jamesbond,3,30519,250.0
CoRe-WM old,jamesbond,3,31117,100.0
CoRe-WM old,jamesbond,3,31691,0.0
CoRe-WM old,jamesbond,3,32259,0.0
CoRe-WM old,jamesbond,3,32732,100.0
CoRe-WM old,jamesbond,3,33262,100.0
CoRe-WM old,jamesbond,3,34138,200.0
CoRe-WM old,jamesbond,3,34900,100.0
CoRe-WM old,jamesbond,3,35425,50.0
CoRe-WM old,jamesbond,3,35982,50.0
CoRe-WM old,jamesbond,3,36457,100.0
CoRe-WM old,jamesbond,3,37189,100.0
CoRe-WM old,jamesbond,3,37888,0.0
CoRe-WM old,jamesbond,3,38355,0.0
CoRe-WM old,jamesbond,3,39427,150.0
CoRe-WM old,jamesbond,3,39916,50.0
CoRe-WM old,jamesbond,3,40744,0.0
CoRe-WM old,jamesbond,3,41638,150.0
CoRe-WM old,jamesbond,3,42650,0.0
CoRe-WM old,jamesbond,3,43348,100.0
CoRe-WM old,jamesbond,3,44104,100.0
CoRe-WM old,jamesbond,3,45005,50.0
CoRe-WM old,jamesbond,3,45979,150.0
CoRe-WM old,jamesbond,3,46827,200.0
CoRe-WM old,jamesbond,3,47738,50.0
CoRe-WM old,jamesbond,3,48302,100.0
CoRe-WM old,jamesbond,3,49274,100.0
CoRe-WM old,jamesbond,3,49866,50.0
CoRe-WM old,jamesbond,3,50365,150.0
CoRe-WM old,jamesbond,3,51110,200.0
CoRe-WM old,jamesbond,3,51606,100.0
CoRe-WM old,jamesbond,3,52214,50.0
CoRe-WM old,jamesbond,3,52838,50.0
CoRe-WM old,jamesbond,3,53477,100.0
CoRe-WM old,jamesbond,3,54112,100.0
CoRe-WM old,jamesbond,3,54798,100.0
CoRe-WM old,jamesbond,3,55281,100.0
CoRe-WM old,jamesbond,3,56140,200.0
CoRe-WM old,jamesbond,3,56665,50.0
CoRe-WM old,jamesbond,3,57161,0.0
CoRe-WM old,jamesbond,3,57665,100.0
CoRe-WM old,jamesbond,3,58424,100.0
CoRe-WM old,jamesbond,3,59096,100.0
CoRe-WM old,jamesbond,3,59994,150.0
CoRe-WM old,jamesbond,3,60935,100.0
CoRe-WM old,jamesbond,3,61797,100.0
CoRe-WM old,jamesbond,3,62515,50.0
CoRe-WM old,jamesbond,3,63309,100.0
CoRe-WM old,jamesbond,3,63788,0.0
CoRe-WM old,jamesbond,3,64805,50.0
CoRe-WM old,jamesbond,3,65617,100.0
CoRe-WM old,jamesbond,3,66155,50.0
CoRe-WM old,jamesbond,3,67211,150.0
CoRe-WM old,jamesbond,3,67759,100.0
CoRe-WM old,jamesbond,3,68386,100.0
CoRe-WM old,jamesbond,3,69008,200.0
CoRe-WM old,jamesbond,3,70311,100.0
CoRe-WM old,jamesbond,3,71567,250.0
CoRe-WM old,jamesbond,3,72474,50.0
CoRe-WM old,jamesbond,3,73383,150.0
CoRe-WM old,jamesbond,3,73888,150.0
CoRe-WM old,jamesbond,3,74571,0.0
CoRe-WM old,jamesbond,3,75064,150.0
CoRe-WM old,jamesbond,3,75668,150.0
CoRe-WM old,jamesbond,3,76268,0.0
CoRe-WM old,jamesbond,3,77134,200.0
CoRe-WM old,jamesbond,3,78110,100.0
CoRe-WM old,jamesbond,3,78741,100.0
CoRe-WM old,jamesbond,3,79518,150.0
CoRe-WM old,jamesbond,3,80910,250.0
CoRe-WM old,jamesbond,3,81570,100.0
CoRe-WM old,jamesbond,3,82278,150.0
CoRe-WM old,jamesbond,3,83072,200.0
CoRe-WM old,jamesbond,3,83583,250.0
CoRe-WM old,jamesbond,3,84309,100.0
CoRe-WM old,jamesbond,3,85216,50.0
CoRe-WM old,jamesbond,3,85710,200.0
CoRe-WM old,jamesbond,3,86186,50.0
CoRe-WM old,jamesbond,3,86655,100.0
CoRe-WM old,jamesbond,3,87389,100.0
CoRe-WM old,jamesbond,3,87942,50.0
CoRe-WM old,jamesbond,3,88479,250.0
CoRe-WM old,jamesbond,3,89124,200.0
CoRe-WM old,jamesbond,3,89681,100.0
CoRe-WM old,jamesbond,3,90179,200.0
CoRe-WM old,jamesbond,3,90674,150.0
CoRe-WM old,jamesbond,3,91556,200.0
CoRe-WM old,jamesbond,3,92018,50.0
CoRe-WM old,jamesbond,3,92479,200.0
CoRe-WM old,jamesbond,3,93346,200.0
CoRe-WM old,jamesbond,3,94482,400.0
CoRe-WM old,jamesbond,3,95167,100.0
CoRe-WM old,jamesbond,3,95834,250.0
CoRe-WM old,jamesbond,3,96286,0.0
CoRe-WM old,jamesbond,3,96760,150.0
CoRe-WM old,jamesbond,3,97421,250.0
CoRe-WM old,jamesbond,3,97934,150.0
CoRe-WM old,jamesbond,3,98435,100.0
CoRe-WM old,jamesbond,3,98970,50.0
CoRe-WM old,jamesbond,3,99655,150.0
CoRe-WM old,jamesbond,4,486,0.0
CoRe-WM old,jamesbond,4,1141,50.0
CoRe-WM old,jamesbond,4,1607,50.0
CoRe-WM old,jamesbond,4,2077,0.0
CoRe-WM old,jamesbond,4,2545,100.0
CoRe-WM old,jamesbond,4,3035,0.0
CoRe-WM old,jamesbond,4,3656,50.0
CoRe-WM old,jamesbond,4,4130,0.0
CoRe-WM old,jamesbond,4,4587,0.0
CoRe-WM old,jamesbond,4,5067,0.0
CoRe-WM old,jamesbond,4,5695,100.0
CoRe-WM old,jamesbond,4,6242,150.0
CoRe-WM old,jamesbond,4,6722,0.0
CoRe-WM old,jamesbond,4,7207,0.0
CoRe-WM old,jamesbond,4,7667,0.0
CoRe-WM old,jamesbond,4,8126,0.0
CoRe-WM old,jamesbond,4,8589,0.0
CoRe-WM old,jamesbond,4,9066,0.0
CoRe-WM old,jamesbond,4,9531,50.0
CoRe-WM old,jamesbond,4,10001,0.0
CoRe-WM old,jamesbond,4,10495,0.0
CoRe-WM old,jamesbond,4,10967,0.0
CoRe-WM old,jamesbond,4,11428,0.0
CoRe-WM old,jamesbond,4,11889,0.0
CoRe-WM old,jamesbond,4,12445,100.0
CoRe-WM old,jamesbond,4,12827,0.0
CoRe-WM old,jamesbond,4,13234,50.0
CoRe-WM old,jamesbond,4,13641,100.0
CoRe-WM old,jamesbond,4,14052,100.0
CoRe-WM old,jamesbond,4,14645,50.0
CoRe-WM old,jamesbond,4,15102,0.0
CoRe-WM old,jamesbond,4,15594,50.0
CoRe-WM old,jamesbond,4,16050,50.0
CoRe-WM old,jamesbond,4,16515,50.0
CoRe-WM old,jamesbond,4,17042,0.0
CoRe-WM old,jamesbond,4,17580,50.0
CoRe-WM old,jamesbond,4,18115,100.0
CoRe-WM old,jamesbond,4,18734,50.0
CoRe-WM old,jamesbond,4,19424,150.0
CoRe-WM old,jamesbond,4,20527,200.0
CoRe-WM old,jamesbond,4,21238,0.0
CoRe-WM old,jamesbond,4,21934,0.0
CoRe-WM old,jamesbond,4,22828,50.0
CoRe-WM old,jamesbond,4,23366,0.0
CoRe-WM old,jamesbond,4,23950,50.0
CoRe-WM old,jamesbond,4,24849,0.0
CoRe-WM old,jamesbond,4,26067,50.0
CoRe-WM old,jamesbond,4,26936,0.0
CoRe-WM old,jamesbond,4,27750,50.0
CoRe-WM old,jamesbond,4,29053,150.0
CoRe-WM old,jamesbond,4,29884,50.0
CoRe-WM old,jamesbond,4,30847,150.0
CoRe-WM old,jamesbond,4,31559,150.0
CoRe-WM old,jamesbond,4,32965,300.0
CoRe-WM old,jamesbond,4,34288,200.0
CoRe-WM old,jamesbond,4,34838,50.0
CoRe-WM old,jamesbond,4,35641,150.0
CoRe-WM old,jamesbond,4,37276,200.0
CoRe-WM old,jamesbond,4,38061,100.0
CoRe-WM old,jamesbond,4,39381,250.0
CoRe-WM old,jamesbond,4,40321,200.0
CoRe-WM old,jamesbond,4,41313,250.0
CoRe-WM old,jamesbond,4,42429,250.0
CoRe-WM old,jamesbond,4,43617,100.0
CoRe-WM old,jamesbond,4,44159,100.0
CoRe-WM old,jamesbond,4,44744,100.0
CoRe-WM old,jamesbond,4,45482,250.0
CoRe-WM old,jamesbond,4,46043,50.0
CoRe-WM old,jamesbond,4,46862,200.0
CoRe-WM old,jamesbond,4,47322,50.0
CoRe-WM old,jamesbond,4,48254,200.0
CoRe-WM old,jamesbond,4,48876,50.0
CoRe-WM old,jamesbond,4,49572,150.0
CoRe-WM old,jamesbond,4,50188,50.0
CoRe-WM old,jamesbond,4,50986,50.0
CoRe-WM old,jamesbond,4,51528,100.0
CoRe-WM old,jamesbond,4,53014,200.0
CoRe-WM old,jamesbond,4,53851,150.0
CoRe-WM old,jamesbond,4,55308,250.0
CoRe-WM old,jamesbond,4,56255,250.0
CoRe-WM old,jamesbond,4,57387,350.0
CoRe-WM old,jamesbond,4,58143,200.0
CoRe-WM old,jamesbond,4,59152,100.0
CoRe-WM old,jamesbond,4,59897,150.0
CoRe-WM old,jamesbond,4,60917,0.0
CoRe-WM old,jamesbond,4,61525,50.0
CoRe-WM old,jamesbond,4,62892,250.0
CoRe-WM old,jamesbond,4,63879,250.0
CoRe-WM old,jamesbond,4,64829,100.0
CoRe-WM old,jamesbond,4,65620,200.0
CoRe-WM old,jamesbond,4,66507,150.0
CoRe-WM old,jamesbond,4,67090,200.0
CoRe-WM old,jamesbond,4,67966,200.0
CoRe-WM old,jamesbond,4,68658,50.0
CoRe-WM old,jamesbond,4,69391,50.0
CoRe-WM old,jamesbond,4,70312,100.0
CoRe-WM old,jamesbond,4,71295,250.0
CoRe-WM old,jamesbond,4,72301,250.0
CoRe-WM old,jamesbond,4,73324,200.0
CoRe-WM old,jamesbond,4,74177,200.0
CoRe-WM old,jamesbond,4,75414,150.0
CoRe-WM old,jamesbond,4,76324,250.0
CoRe-WM old,jamesbond,4,76911,0.0
CoRe-WM old,jamesbond,4,77769,100.0
CoRe-WM old,jamesbond,4,78368,100.0
CoRe-WM old,jamesbond,4,79183,50.0
CoRe-WM old,jamesbond,4,79980,250.0
CoRe-WM old,jamesbond,4,80638,0.0
CoRe-WM old,jamesbond,4,81404,100.0
CoRe-WM old,jamesbond,4,81902,0.0
CoRe-WM old,jamesbond,4,82551,50.0
CoRe-WM old,jamesbond,4,83085,150.0
CoRe-WM old,jamesbond,4,83579,100.0
CoRe-WM old,jamesbond,4,85102,150.0
CoRe-WM old,jamesbond,4,85832,50.0
CoRe-WM old,jamesbond,4,86363,100.0
CoRe-WM old,jamesbond,4,87111,250.0
CoRe-WM old,jamesbond,4,87671,0.0
CoRe-WM old,jamesbond,4,88579,200.0
CoRe-WM old,jamesbond,4,89792,250.0
CoRe-WM old,jamesbond,4,90958,300.0
CoRe-WM old,jamesbond,4,91623,50.0
CoRe-WM old,jamesbond,4,92654,200.0
CoRe-WM old,jamesbond,4,93320,200.0
CoRe-WM old,jamesbond,4,94765,400.0
CoRe-WM old,jamesbond,4,96447,350.0
CoRe-WM old,jamesbond,4,97384,150.0
CoRe-WM old,jamesbond,4,98901,350.0
CoRe-WM old,kangaroo,0,478,0.0
CoRe-WM old,kangaroo,0,1150,0.0
CoRe-WM old,kangaroo,0,1634,0.0
CoRe-WM old,kangaroo,0,2115,0.0
CoRe-WM old,kangaroo,0,2585,0.0
CoRe-WM old,kangaroo,0,3174,200.0
CoRe-WM old,kangaroo,0,3580,0.0
CoRe-WM old,kangaroo,0,3999,200.0
CoRe-WM old,kangaroo,0,4418,0.0
CoRe-WM old,kangaroo,0,5047,0.0
CoRe-WM old,kangaroo,0,5411,0.0
CoRe-WM old,kangaroo,0,5917,200.0
CoRe-WM old,kangaroo,0,6326,0.0
CoRe-WM old,kangaroo,0,6870,0.0
CoRe-WM old,kangaroo,0,7424,0.0
CoRe-WM old,kangaroo,0,7957,0.0
CoRe-WM old,kangaroo,0,8451,0.0
CoRe-WM old,kangaroo,0,9020,0.0
CoRe-WM old,kangaroo,0,9558,0.0
CoRe-WM old,kangaroo,0,9840,0.0
CoRe-WM old,kangaroo,0,10457,0.0
CoRe-WM old,kangaroo,0,11007,0.0
CoRe-WM old,kangaroo,0,11448,0.0
CoRe-WM old,kangaroo,0,12061,400.0
CoRe-WM old,kangaroo,0,12353,0.0
CoRe-WM old,kangaroo,0,12779,0.0
CoRe-WM old,kangaroo,0,13080,0.0
CoRe-WM old,kangaroo,0,13363,0.0
CoRe-WM old,kangaroo,0,13894,0.0
CoRe-WM old,kangaroo,0,14525,0.0
CoRe-WM old,kangaroo,0,15138,0.0
CoRe-WM old,kangaroo,0,15652,0.0
CoRe-WM old,kangaroo,0,16279,0.0
CoRe-WM old,kangaroo,0,16844,0.0
CoRe-WM old,kangaroo,0,17458,200.0
CoRe-WM old,kangaroo,0,17877,200.0
CoRe-WM old,kangaroo,0,18237,200.0
CoRe-WM old,kangaroo,0,18589,200.0
CoRe-WM old,kangaroo,0,18929,0.0
CoRe-WM old,kangaroo,0,19196,0.0
CoRe-WM old,kangaroo,0,19526,0.0
CoRe-WM old,kangaroo,0,19794,0.0
CoRe-WM old,kangaroo,0,20127,0.0
CoRe-WM old,kangaroo,0,20399,0.0
CoRe-WM old,kangaroo,0,20796,0.0
CoRe-WM old,kangaroo,0,21068,0.0
CoRe-WM old,kangaroo,0,21402,0.0
CoRe-WM old,kangaroo,0,21672,0.0
CoRe-WM old,kangaroo,0,22006,0.0
CoRe-WM old,kangaroo,0,22278,0.0
CoRe-WM old,kangaroo,0,22614,0.0
CoRe-WM old,kangaroo,0,22956,0.0
CoRe-WM old,kangaroo,0,23299,200.0
CoRe-WM old,kangaroo,0,23757,0.0
CoRe-WM old,kangaroo,0,24031,0.0
CoRe-WM old,kangaroo,0,24430,200.0
CoRe-WM old,kangaroo,0,24700,0.0
CoRe-WM old,kangaroo,0,24976,0.0
CoRe-WM old,kangaroo,0,25254,0.0
CoRe-WM old,kangaroo,0,25529,0.0
CoRe-WM old,kangaroo,0,25816,0.0
CoRe-WM old,kangaroo,0,26093,0.0
CoRe-WM old,kangaroo,0,26367,0.0
CoRe-WM old,kangaroo,0,26703,0.0
CoRe-WM old,kangaroo,0,27123,400.0
CoRe-WM old,kangaroo,0,27400,0.0
CoRe-WM old,kangaroo,0,27740,200.0
CoRe-WM old,kangaroo,0,28018,0.0
CoRe-WM old,kangaroo,0,28409,200.0
CoRe-WM old,kangaroo,0,28864,0.0
CoRe-WM old,kangaroo,0,29202,0.0
CoRe-WM old,kangaroo,0,29481,0.0
CoRe-WM old,kangaroo,0,29819,0.0
CoRe-WM old,kangaroo,0,30162,200.0
CoRe-WM old,kangaroo,0,30563,0.0
CoRe-WM old,kangaroo,0,31000,200.0
CoRe-WM old,kangaroo,0,31341,0.0
CoRe-WM old,kangaroo,0,31616,0.0
CoRe-WM old,kangaroo,0,31895,0.0
CoRe-WM old,kangaroo,0,32170,0.0
CoRe-WM old,kangaroo,0,32450,0.0
CoRe-WM old,kangaroo,0,33005,800.0
CoRe-WM old,kangaroo,0,33455,0.0
CoRe-WM old,kangaroo,0,34006,200.0
CoRe-WM old,kangaroo,0,34544,0.0
CoRe-WM old,kangaroo,0,34947,400.0
CoRe-WM old,kangaroo,0,35358,200.0
CoRe-WM old,kangaroo,0,35824,600.0
CoRe-WM old,kangaroo,0,36109,0.0
CoRe-WM old,kangaroo,0,36456,200.0
CoRe-WM old,kangaroo,0,37005,200.0
CoRe-WM old,kangaroo,0,37354,200.0
CoRe-WM old,kangaroo,0,37694,200.0
CoRe-WM old,kangaroo,0,38227,400.0
CoRe-WM old,kangaroo,0,38676,400.0
CoRe-WM old,kangaroo,0,39007,200.0
CoRe-WM old,kangaroo,0,39450,400.0
CoRe-WM old,kangaroo,0,39967,400.0
CoRe-WM old,kangaroo,0,40377,200.0
CoRe-WM old,kangaroo,0,40722,200.0
CoRe-WM old,kangaroo,0,41396,800.0
CoRe-WM old,kangaroo,0,41920,400.0
CoRe-WM old,kangaroo,0,42301,200.0
CoRe-WM old,kangaroo,0,42653,200.0
CoRe-WM old,kangaroo,0,43112,400.0
CoRe-WM old,kangaroo,0,43552,600.0
CoRe-WM old,kangaroo,0,43980,600.0
CoRe-WM old,kangaroo,0,44400,600.0
CoRe-WM old,kangaroo,0,45056,600.0
CoRe-WM old,kangaroo,0,45499,600.0
CoRe-WM old,kangaroo,0,46015,1000.0
CoRe-WM old,kangaroo,0,46363,200.0
CoRe-WM old,kangaroo,0,46989,400.0
CoRe-WM old,kangaroo,0,47424,600.0
CoRe-WM old,kangaroo,0,47837,400.0
CoRe-WM old,kangaroo,0,48260,400.0
CoRe-WM old,kangaroo,0,48606,200.0
CoRe-WM old,kangaroo,0,49081,200.0
CoRe-WM old,kangaroo,0,49601,800.0
CoRe-WM old,kangaroo,0,50012,200.0
CoRe-WM old,kangaroo,0,50611,600.0
CoRe-WM old,kangaroo,0,51147,400.0
CoRe-WM old,kangaroo,0,51579,400.0
CoRe-WM old,kangaroo,0,52056,400.0
CoRe-WM old,kangaroo,0,52669,600.0
CoRe-WM old,kangaroo,0,53169,600.0
CoRe-WM old,kangaroo,0,53458,0.0
CoRe-WM old,kangaroo,0,53990,400.0
CoRe-WM old,kangaroo,0,54534,800.0
CoRe-WM old,kangaroo,0,55052,800.0
CoRe-WM old,kangaroo,0,55640,1200.0
CoRe-WM old,kangaroo,0,55936,0.0
CoRe-WM old,kangaroo,0,56358,400.0
CoRe-WM old,kangaroo,0,56813,600.0
CoRe-WM old,kangaroo,0,57248,200.0
CoRe-WM old,kangaroo,0,57639,200.0
CoRe-WM old,kangaroo,0,58194,800.0
CoRe-WM old,kangaroo,0,58632,600.0
CoRe-WM old,kangaroo,0,59183,800.0
CoRe-WM old,kangaroo,0,59600,400.0
CoRe-WM old,kangaroo,0,59964,200.0
CoRe-WM old,kangaroo,0,60531,600.0
CoRe-WM old,kangaroo,0,60903,200.0
CoRe-WM old,kangaroo,0,61413,1000.0
CoRe-WM old,kangaroo,0,61848,200.0
CoRe-WM old,kangaroo,0,62364,600.0
CoRe-WM old,kangaroo,0,62861,600.0
CoRe-WM old,kangaroo,0,63424,1000.0
CoRe-WM old,kangaroo,0,63905,800.0
CoRe-WM old,kangaroo,0,64290,200.0
CoRe-WM old,kangaroo,0,65020,700.0
CoRe-WM old,kangaroo,0,65578,600.0
CoRe-WM old,kangaroo,0,66040,800.0
CoRe-WM old,kangaroo,0,66571,800.0
CoRe-WM old,kangaroo,0,66856,0.0
CoRe-WM old,kangaroo,0,67292,200.0
CoRe-WM old,kangaroo,0,67788,800.0
CoRe-WM old,kangaroo,0,68348,600.0
CoRe-WM old,kangaroo,0,68728,400.0
CoRe-WM old,kangaroo,0,69198,600.0
CoRe-WM old,kangaroo,0,69575,200.0
CoRe-WM old,kangaroo,0,70033,400.0
CoRe-WM old,kangaroo,0,70640,1400.0
CoRe-WM old,kangaroo,0,71028,400.0
CoRe-WM old,kangaroo,0,71413,200.0
CoRe-WM old,kangaroo,0,71940,1000.0
CoRe-WM old,kangaroo,0,72388,600.0
CoRe-WM old,kangaroo,0,72968,800.0
CoRe-WM old,kangaroo,0,73385,400.0
CoRe-WM old,kangaroo,0,73834,800.0
CoRe-WM old,kangaroo,0,74432,1000.0
CoRe-WM old,kangaroo,0,74974,600.0
CoRe-WM old,kangaroo,0,75514,1200.0
CoRe-WM old,kangaroo,0,76041,800.0
CoRe-WM old,kangaroo,0,76536,400.0
CoRe-WM old,kangaroo,0,77088,200.0
CoRe-WM old,kangaroo,0,77686,1000.0
CoRe-WM old,kangaroo,0,78126,600.0
CoRe-WM old,kangaroo,0,78690,1000.0
CoRe-WM old,kangaroo,0,79248,1200.0
CoRe-WM old,kangaroo,0,79804,800.0
CoRe-WM old,kangaroo,0,80240,600.0
CoRe-WM old,kangaroo,0,80767,800.0
CoRe-WM old,kangaroo,0,81248,800.0
CoRe-WM old,kangaroo,0,81840,1000.0
CoRe-WM old,kangaroo,0,82378,1200.0
CoRe-WM old,kangaroo,0,82894,400.0
CoRe-WM old,kangaroo,0,83492,1400.0
CoRe-WM old,kangaroo,0,84081,1200.0
CoRe-WM old,kangaroo,0,84671,1400.0
CoRe-WM old,kangaroo,0,85114,800.0
CoRe-WM old,kangaroo,0,85711,1200.0
CoRe-WM old,kangaroo,0,86228,600.0
CoRe-WM old,kangaroo,0,86720,600.0
CoRe-WM old,kangaroo,0,87174,800.0
CoRe-WM old,kangaroo,0,87626,600.0
CoRe-WM old,kangaroo,0,88068,600.0
CoRe-WM old,kangaroo,0,88596,1200.0
CoRe-WM old,kangaroo,0,89181,1000.0
CoRe-WM old,kangaroo,0,89751,1000.0
CoRe-WM old,kangaroo,0,90306,1200.0
CoRe-WM old,kangaroo,0,90924,1200.0
CoRe-WM old,kangaroo,0,91369,800.0
CoRe-WM old,kangaroo,0,91811,800.0
CoRe-WM old,kangaroo,0,92324,800.0
CoRe-WM old,kangaroo,0,92895,1000.0
CoRe-WM old,kangaroo,0,93495,800.0
CoRe-WM old,kangaroo,0,93988,600.0
CoRe-WM old,kangaroo,0,94555,1200.0
CoRe-WM old,kangaroo,0,95004,800.0
CoRe-WM old,kangaroo,0,95400,200.0
CoRe-WM old,kangaroo,0,95831,200.0
CoRe-WM old,kangaroo,0,96318,800.0
CoRe-WM old,kangaroo,0,96841,1200.0
CoRe-WM old,kangaroo,0,97352,600.0
CoRe-WM old,kangaroo,0,97958,1200.0
CoRe-WM old,kangaroo,0,98414,800.0
CoRe-WM old,kangaroo,0,98923,1000.0
CoRe-WM old,kangaroo,0,99487,800.0
CoRe-WM old,kangaroo,1,598,0.0
CoRe-WM old,kangaroo,1,966,0.0
CoRe-WM old,kangaroo,1,1385,200.0
CoRe-WM old,kangaroo,1,1753,0.0
CoRe-WM old,kangaroo,1,2039,0.0
CoRe-WM old,kangaroo,1,2449,0.0
CoRe-WM old,kangaroo,1,2868,0.0
CoRe-WM old,kangaroo,1,3363,0.0
CoRe-WM old,kangaroo,1,3971,200.0
CoRe-WM old,kangaroo,1,4455,0.0
CoRe-WM old,kangaroo,1,4986,0.0
CoRe-WM old,kangaroo,1,5465,0.0
CoRe-WM old,kangaroo,1,5871,0.0
CoRe-WM old,kangaroo,1,6251,0.0
CoRe-WM old,kangaroo,1,6593,0.0
CoRe-WM old,kangaroo,1,7014,0.0
CoRe-WM old,kangaroo,1,7526,0.0
CoRe-WM old,kangaroo,1,7940,0.0
CoRe-WM old,kangaroo,1,8222,0.0
CoRe-WM old,kangaroo,1,8918,0.0
CoRe-WM old,kangaroo,1,9415,0.0
CoRe-WM old,kangaroo,1,9929,0.0
CoRe-WM old,kangaroo,1,10295,0.0
CoRe-WM old,kangaroo,1,10790,0.0
CoRe-WM old,kangaroo,1,11394,200.0
CoRe-WM old,kangaroo,1,11700,0.0
CoRe-WM old,kangaroo,1,12057,0.0
CoRe-WM old,kangaroo,1,12707,0.0
CoRe-WM old,kangaroo,1,13068,0.0
CoRe-WM old,kangaroo,1,13535,0.0
CoRe-WM old,kangaroo,1,13997,0.0
CoRe-WM old,kangaroo,1,14352,0.0
CoRe-WM old,kangaroo,1,14822,0.0
CoRe-WM old,kangaroo,1,15223,0.0
CoRe-WM old,kangaroo,1,15754,200.0
CoRe-WM old,kangaroo,1,16029,0.0
CoRe-WM old,kangaroo,1,16303,0.0
CoRe-WM old,kangaroo,1,16634,0.0
CoRe-WM old,kangaroo,1,16970,0.0
CoRe-WM old,kangaroo,1,17370,0.0
CoRe-WM old,kangaroo,1,17705,0.0
CoRe-WM old,kangaroo,1,17976,0.0
CoRe-WM old,kangaroo,1,18269,0.0
CoRe-WM old,kangaroo,1,18605,200.0
CoRe-WM old,kangaroo,1,19001,0.0
CoRe-WM old,kangaroo,1,19412,0.0
CoRe-WM old,kangaroo,1,19702,0.0
CoRe-WM old,kangaroo,1,20064,0.0
CoRe-WM old,kangaroo,1,20774,0.0
CoRe-WM old,kangaroo,1,21391,0.0
CoRe-WM old,kangaroo,1,22070,200.0
CoRe-WM old,kangaroo,1,22833,600.0
CoRe-WM old,kangaroo,1,23309,0.0
CoRe-WM old,kangaroo,1,23682,0.0
CoRe-WM old,kangaroo,1,24343,200.0
CoRe-WM old,kangaroo,1,24712,0.0
CoRe-WM old,kangaroo,1,25363,0.0
CoRe-WM old,kangaroo,1,26088,600.0
CoRe-WM old,kangaroo,1,26722,0.0
CoRe-WM old,kangaroo,1,27428,400.0
CoRe-WM old,kangaroo,1,28050,200.0
CoRe-WM old,kangaroo,1,28691,0.0
CoRe-WM old,kangaroo,1,29479,600.0
CoRe-WM old,kangaroo,1,30079,400.0
CoRe-WM old,kangaroo,1,30760,0.0
CoRe-WM old,kangaroo,1,31334,0.0
CoRe-WM old,kangaroo,1,31786,0.0
CoRe-WM old,kangaroo,1,32394,0.0
CoRe-WM old,kangaroo,1,32983,200.0
CoRe-WM old,kangaroo,1,33557,400.0
CoRe-WM old,kangaroo,1,34070,200.0
CoRe-WM old,kangaroo,1,34580,200.0
CoRe-WM old,kangaroo,1,35029,200.0
CoRe-WM old,kangaroo,1,35475,200.0
CoRe-WM old,kangaroo,1,35923,0.0
CoRe-WM old,kangaroo,1,36371,200.0
CoRe-WM old,kangaroo,1,36813,0.0
CoRe-WM old,kangaroo,1,37258,0.0
CoRe-WM old,kangaroo,1,37703,0.0
CoRe-WM old,kangaroo,1,38161,200.0
CoRe-WM old,kangaroo,1,38667,200.0
CoRe-WM old,kangaroo,1,39112,0.0
CoRe-WM old,kangaroo,1,39750,0.0
CoRe-WM old,kangaroo,1,40290,200.0
CoRe-WM old,kangaroo,1,40847,0.0
CoRe-WM old,kangaroo,1,41269,200.0
CoRe-WM old,kangaroo,1,41833,400.0
CoRe-WM old,kangaroo,1,42392,0.0
CoRe-WM old,kangaroo,1,43026,400.0
CoRe-WM old,kangaroo,1,43713,1000.0
CoRe-WM old,kangaroo,1,44294,1000.0
CoRe-WM old,kangaroo,1,44761,400.0
CoRe-WM old,kangaroo,1,45351,800.0
CoRe-WM old,kangaroo,1,45951,1000.0
CoRe-WM old,kangaroo,1,46436,600.0
CoRe-WM old,kangaroo,1,46915,600.0
CoRe-WM old,kangaroo,1,47607,600.0
CoRe-WM old,kangaroo,1,48121,600.0
CoRe-WM old,kangaroo,1,48695,600.0
CoRe-WM old,kangaroo,1,49285,600.0
CoRe-WM old,kangaroo,1,49747,400.0
CoRe-WM old,kangaroo,1,50374,600.0
CoRe-WM old,kangaroo,1,50890,400.0
CoRe-WM old,kangaroo,1,51360,600.0
CoRe-WM old,kangaroo,1,51951,600.0
CoRe-WM old,kangaroo,1,52637,800.0
CoRe-WM old,kangaroo,1,53257,600.0
CoRe-WM old,kangaroo,1,53779,400.0
CoRe-WM old,kangaroo,1,54367,800.0
CoRe-WM old,kangaroo,1,55152,600.0
CoRe-WM old,kangaroo,1,55723,600.0
CoRe-WM old,kangaroo,1,56261,600.0
CoRe-WM old,kangaroo,1,56823,600.0
CoRe-WM old,kangaroo,1,57443,600.0
CoRe-WM old,kangaroo,1,57963,600.0
CoRe-WM old,kangaroo,1,58640,600.0
CoRe-WM old,kangaroo,1,59217,600.0
CoRe-WM old,kangaroo,1,59715,600.0
CoRe-WM old,kangaroo,1,60296,400.0
CoRe-WM old,kangaroo,1,60910,400.0
CoRe-WM old,kangaroo,1,61522,800.0
CoRe-WM old,kangaroo,1,62354,1600.0
CoRe-WM old,kangaroo,1,62996,800.0
CoRe-WM old,kangaroo,1,63558,600.0
CoRe-WM old,kangaroo,1,64057,600.0
CoRe-WM old,kangaroo,1,64640,600.0
CoRe-WM old,kangaroo,1,65274,1000.0
CoRe-WM old,kangaroo,1,65830,800.0
CoRe-WM old,kangaroo,1,66376,800.0
CoRe-WM old,kangaroo,1,66984,1000.0
CoRe-WM old,kangaroo,1,67526,800.0
CoRe-WM old,kangaroo,1,68037,600.0
CoRe-WM old,kangaroo,1,68592,400.0
CoRe-WM old,kangaroo,1,69133,800.0
CoRe-WM old,kangaroo,1,69788,800.0
CoRe-WM old,kangaroo,1,70293,600.0
CoRe-WM old,kangaroo,1,70780,600.0
CoRe-WM old,kangaroo,1,71329,600.0
CoRe-WM old,kangaroo,1,72205,1400.0
CoRe-WM old,kangaroo,1,72894,800.0
CoRe-WM old,kangaroo,1,73622,1000.0
CoRe-WM old,kangaroo,1,74327,1200.0
CoRe-WM old,kangaroo,1,74835,600.0
CoRe-WM old,kangaroo,1,75359,200.0
CoRe-WM old,kangaroo,1,76074,1000.0
CoRe-WM old,kangaroo,1,76846,1200.0
CoRe-WM old,kangaroo,1,77627,1200.0
CoRe-WM old,kangaroo,1,78215,800.0
CoRe-WM old,kangaroo,1,78916,800.0
CoRe-WM old,kangaroo,1,79987,2200.0
CoRe-WM old,kangaroo,1,80555,400.0
CoRe-WM old,kangaroo,1,81580,2000.0
CoRe-WM old,kangaroo,1,82264,1000.0
CoRe-WM old,kangaroo,1,83109,1200.0
CoRe-WM old,kangaroo,1,84026,1400.0
CoRe-WM old,kangaroo,1,84604,800.0
CoRe-WM old,kangaroo,1,85463,1600.0
CoRe-WM old,kangaroo,1,86096,600.0
CoRe-WM old,kangaroo,1,86945,1200.0
CoRe-WM old,kangaroo,1,87509,400.0
CoRe-WM old,kangaroo,1,88332,1400.0
CoRe-WM old,kangaroo,1,89373,2000.0
CoRe-WM old,kangaroo,1,89905,600.0
CoRe-WM old,kangaroo,1,91092,2800.0
CoRe-WM old,kangaroo,1,91709,800.0
CoRe-WM old,kangaroo,1,92871,2400.0
CoRe-WM old,kangaroo,1,94450,3800.0
CoRe-WM old,kangaroo,1,95716,3000.0
CoRe-WM old,kangaroo,1,97070,3200.0
CoRe-WM old,kangaroo,1,98393,3400.0
CoRe-WM old,kangaroo,1,99543,2400.0
CoRe-WM old,kangaroo,2,409,0.0
CoRe-WM old,kangaroo,2,935,200.0
CoRe-WM old,kangaroo,2,1435,200.0
CoRe-WM old,kangaroo,2,1859,0.0
CoRe-WM old,kangaroo,2,2391,0.0
CoRe-WM old,kangaroo,2,2893,0.0
CoRe-WM old,kangaroo,2,3525,0.0
CoRe-WM old,kangaroo,2,4065,0.0
CoRe-WM old,kangaroo,2,4855,0.0
CoRe-WM old,kangaroo,2,5136,0.0
CoRe-WM old,kangaroo,2,5634,200.0
CoRe-WM old,kangaroo,2,6260,200.0
CoRe-WM old,kangaroo,2,6805,0.0
CoRe-WM old,kangaroo,2,7194,0.0
CoRe-WM old,kangaroo,2,7669,0.0
CoRe-WM old,kangaroo,2,8161,0.0
CoRe-WM old,kangaroo,2,8631,200.0
CoRe-WM old,kangaroo,2,9289,200.0
CoRe-WM old,kangaroo,2,9577,0.0
CoRe-WM old,kangaroo,2,9925,0.0
CoRe-WM old,kangaroo,2,10344,0.0
CoRe-WM old,kangaroo,2,10685,0.0
CoRe-WM old,kangaroo,2,11097,200.0
CoRe-WM old,kangaroo,2,11444,0.0
CoRe-WM old,kangaroo,2,12050,200.0
CoRe-WM old,kangaroo,2,12547,200.0
CoRe-WM old,kangaroo,2,12919,0.0
CoRe-WM old,kangaroo,2,13334,0.0
CoRe-WM old,kangaroo,2,13820,0.0
CoRe-WM old,kangaroo,2,14479,0.0
CoRe-WM old,kangaroo,2,14906,0.0
CoRe-WM old,kangaroo,2,15378,0.0
CoRe-WM old,kangaroo,2,15862,0.0
CoRe-WM old,kangaroo,2,16145,0.0
CoRe-WM old,kangaroo,2,16683,0.0
CoRe-WM old,kangaroo,2,17019,0.0
CoRe-WM old,kangaroo,2,17422,0.0
CoRe-WM old,kangaroo,2,17759,0.0
CoRe-WM old,kangaroo,2,18090,200.0
CoRe-WM old,kangaroo,2,18424,0.0
CoRe-WM old,kangaroo,2,18757,0.0
CoRe-WM old,kangaroo,2,19034,0.0
CoRe-WM old,kangaroo,2,19373,0.0
CoRe-WM old,kangaroo,2,19773,0.0
CoRe-WM old,kangaroo,2,20209,0.0
CoRe-WM old,kangaroo,2,20641,0.0
CoRe-WM old,kangaroo,2,20918,0.0
CoRe-WM old,kangaroo,2,21329,0.0
CoRe-WM old,kangaroo,2,21602,0.0
CoRe-WM old,kangaroo,2,22260,0.0
CoRe-WM old,kangaroo,2,22785,0.0
CoRe-WM old,kangaroo,2,23064,0.0
CoRe-WM old,kangaroo,2,23533,0.0
CoRe-WM old,kangaroo,2,23873,0.0
CoRe-WM old,kangaroo,2,24207,0.0
CoRe-WM old,kangaroo,2,24671,0.0
CoRe-WM old,kangaroo,2,25081,0.0
CoRe-WM old,kangaroo,2,25491,0.0
CoRe-WM old,kangaroo,2,25841,0.0
CoRe-WM old,kangaroo,2,26131,0.0
CoRe-WM old,kangaroo,2,26544,0.0
CoRe-WM old,kangaroo,2,27090,200.0
CoRe-WM old,kangaroo,2,27450,0.0
CoRe-WM old,kangaroo,2,27803,0.0
CoRe-WM old,kangaroo,2,28159,0.0
CoRe-WM old,kangaroo,2,28446,0.0
CoRe-WM old,kangaroo,2,28802,0.0
CoRe-WM old,kangaroo,2,29089,0.0
CoRe-WM old,kangaroo,2,29515,0.0
CoRe-WM old,kangaroo,2,29807,0.0
CoRe-WM old,kangaroo,2,30092,0.0
CoRe-WM old,kangaroo,2,30453,0.0
CoRe-WM old,kangaroo,2,30747,0.0
CoRe-WM old,kangaroo,2,31031,0.0
CoRe-WM old,kangaroo,2,31323,0.0
CoRe-WM old,kangaroo,2,31665,0.0
CoRe-WM old,kangaroo,2,31944,0.0
CoRe-WM old,kangaroo,2,32217,0.0
CoRe-WM old,kangaroo,2,32616,0.0
CoRe-WM old,kangaroo,2,32892,0.0
CoRe-WM old,kangaroo,2,33164,0.0
CoRe-WM old,kangaroo,2,33568,200.0
CoRe-WM old,kangaroo,2,33968,0.0
CoRe-WM old,kangaroo,2,34305,0.0
CoRe-WM old,kangaroo,2,34578,0.0
CoRe-WM old,kangaroo,2,34979,0.0
CoRe-WM old,kangaroo,2,35379,0.0
CoRe-WM old,kangaroo,2,35715,0.0
CoRe-WM old,kangaroo,2,35991,0.0
CoRe-WM old,kangaroo,2,36271,0.0
CoRe-WM old,kangaroo,2,36539,0.0
CoRe-WM old,kangaroo,2,36937,0.0
CoRe-WM old,kangaroo,2,37220,0.0
CoRe-WM old,kangaroo,2,37498,0.0
CoRe-WM old,kangaroo,2,37771,0.0
CoRe-WM old,kangaroo,2,38050,0.0
CoRe-WM old,kangaroo,2,38323,0.0
CoRe-WM old,kangaroo,2,38602,0.0
CoRe-WM old,kangaroo,2,38941,0.0
CoRe-WM old,kangaroo,2,39281,0.0
CoRe-WM old,kangaroo,2,39614,0.0
CoRe-WM old,kangaroo,2,39895,0.0
CoRe-WM old,kangaroo,2,40178,0.0
CoRe-WM old,kangaroo,2,40520,0.0
CoRe-WM old,kangaroo,2,40873,0.0
CoRe-WM old,kangaroo,2,41279,0.0
CoRe-WM old,kangaroo,2,41553,0.0
CoRe-WM old,kangaroo,2,41958,0.0
CoRe-WM old,kangaroo,2,42570,200.0
CoRe-WM old,kangaroo,2,43209,0.0
CoRe-WM old,kangaroo,2,43771,200.0
CoRe-WM old,kangaroo,2,44067,0.0
CoRe-WM old,kangaroo,2,44357,0.0
CoRe-WM old,kangaroo,2,44649,0.0
CoRe-WM old,kangaroo,2,45067,0.0
CoRe-WM old,kangaroo,2,45486,200.0
CoRe-WM old,kangaroo,2,45986,200.0
CoRe-WM old,kangaroo,2,46514,200.0
CoRe-WM old,kangaroo,2,46784,0.0
CoRe-WM old,kangaroo,2,47134,200.0
CoRe-WM old,kangaroo,2,47436,0.0
CoRe-WM old,kangaroo,2,47800,0.0
CoRe-WM old,kangaroo,2,48212,0.0
CoRe-WM old,kangaroo,2,48632,200.0
CoRe-WM old,kangaroo,2,48978,0.0
CoRe-WM old,kangaroo,2,49252,0.0
CoRe-WM old,kangaroo,2,49749,0.0
CoRe-WM old,kangaroo,2,50155,0.0
CoRe-WM old,kangaroo,2,50433,0.0
CoRe-WM old,kangaroo,2,50918,200.0
CoRe-WM old,kangaroo,2,51407,400.0
CoRe-WM old,kangaroo,2,51691,0.0
CoRe-WM old,kangaroo,2,52171,400.0
CoRe-WM old,kangaroo,2,52452,0.0
CoRe-WM old,kangaroo,2,52734,0.0
CoRe-WM old,kangaroo,2,53071,200.0
CoRe-WM old,kangaroo,2,53409,200.0
CoRe-WM old,kangaroo,2,53824,0.0
CoRe-WM old,kangaroo,2,54100,0.0
CoRe-WM old,kangaroo,2,54373,0.0
CoRe-WM old,kangaroo,2,54784,400.0
CoRe-WM old,kangaroo,2,55182,200.0
CoRe-WM old,kangaroo,2,55533,0.0
CoRe-WM old,kangaroo,2,55878,0.0
CoRe-WM old,kangaroo,2,56284,200.0
CoRe-WM old,kangaroo,2,56581,0.0
CoRe-WM old,kangaroo,2,56989,200.0
CoRe-WM old,kangaroo,2,57273,0.0
CoRe-WM old,kangaroo,2,57617,200.0
CoRe-WM old,kangaroo,2,57898,0.0
CoRe-WM old,kangaroo,2,58251,0.0
CoRe-WM old,kangaroo,2,58727,400.0
CoRe-WM old,kangaroo,2,59007,0.0
CoRe-WM old,kangaroo,2,59437,200.0
CoRe-WM old,kangaroo,2,59981,200.0
CoRe-WM old,kangaroo,2,60521,200.0
CoRe-WM old,kangaroo,2,60990,400.0
CoRe-WM old,kangaroo,2,61536,200.0
CoRe-WM old,kangaroo,2,62152,200.0
CoRe-WM old,kangaroo,2,62699,200.0
CoRe-WM old,kangaroo,2,63119,400.0
CoRe-WM old,kangaroo,2,63488,0.0
CoRe-WM old,kangaroo,2,63961,600.0
CoRe-WM old,kangaroo,2,64565,600.0
CoRe-WM old,kangaroo,2,65042,400.0
CoRe-WM old,kangaroo,2,65542,600.0
CoRe-WM old,kangaroo,2,65950,200.0
CoRe-WM old,kangaroo,2,66508,400.0
CoRe-WM old,kangaroo,2,66984,400.0
CoRe-WM old,kangaroo,2,67390,400.0
CoRe-WM old,kangaroo,2,67998,600.0
CoRe-WM old,kangaroo,2,68674,600.0
CoRe-WM old,kangaroo,2,68947,0.0
CoRe-WM old,kangaroo,2,69543,600.0
CoRe-WM old,kangaroo,2,70089,400.0
CoRe-WM old,kangaroo,2,70496,200.0
CoRe-WM old,kangaroo,2,71040,600.0
CoRe-WM old,kangaroo,2,71568,400.0
CoRe-WM old,kangaroo,2,71967,400.0
CoRe-WM old,kangaroo,2,72502,400.0
CoRe-WM old,kangaroo,2,72912,400.0
CoRe-WM old,kangaroo,2,73316,400.0
CoRe-WM old,kangaroo,2,73860,800.0
CoRe-WM old,kangaroo,2,74541,1000.0
CoRe-WM old,kangaroo,2,75147,400.0
CoRe-WM old,kangaroo,2,75763,400.0
CoRe-WM old,kangaroo,2,76373,400.0
CoRe-WM old,kangaroo,2,76975,1000.0
CoRe-WM old,kangaroo,2,77586,600.0
CoRe-WM old,kangaroo,2,78267,600.0
CoRe-WM old,kangaroo,2,78804,600.0
CoRe-WM old,kangaroo,2,79481,600.0
CoRe-WM old,kangaroo,2,80024,400.0
CoRe-WM old,kangaroo,2,80422,400.0
CoRe-WM old,kangaroo,2,80892,400.0
CoRe-WM old,kangaroo,2,81435,600.0
CoRe-WM old,kangaroo,2,81959,400.0
CoRe-WM old,kangaroo,2,82424,600.0
CoRe-WM old,kangaroo,2,83028,1000.0
CoRe-WM old,kangaroo,2,83565,800.0
CoRe-WM old,kangaroo,2,84039,400.0
CoRe-WM old,kangaroo,2,84768,800.0
CoRe-WM old,kangaroo,2,85111,200.0
CoRe-WM old,kangaroo,2,85575,200.0
CoRe-WM old,kangaroo,2,86147,600.0
CoRe-WM old,kangaroo,2,86623,600.0
CoRe-WM old,kangaroo,2,87178,600.0
CoRe-WM old,kangaroo,2,87715,800.0
CoRe-WM old,kangaroo,2,88393,1000.0
CoRe-WM old,kangaroo,2,88928,800.0
CoRe-WM old,kangaroo,2,89325,400.0
CoRe-WM old,kangaroo,2,89927,600.0
CoRe-WM old,kangaroo,2,90586,1000.0
CoRe-WM old,kangaroo,2,91184,1200.0
CoRe-WM old,kangaroo,2,91587,400.0
CoRe-WM old,kangaroo,2,92184,600.0
CoRe-WM old,kangaroo,2,92785,800.0
CoRe-WM old,kangaroo,2,93456,1200.0
CoRe-WM old,kangaroo,2,94129,1200.0
CoRe-WM old,kangaroo,2,94710,1000.0
CoRe-WM old,kangaroo,2,95289,600.0
CoRe-WM old,kangaroo,2,95921,600.0
CoRe-WM old,kangaroo,2,96592,1000.0
CoRe-WM old,kangaroo,2,97185,1000.0
CoRe-WM old,kangaroo,2,97723,800.0
CoRe-WM old,kangaroo,2,98335,800.0
CoRe-WM old,kangaroo,2,98817,600.0
CoRe-WM old,kangaroo,2,99364,1000.0
CoRe-WM old,kangaroo,2,99974,800.0
CoRe-WM old,kangaroo,3,544,200.0
CoRe-WM old,kangaroo,3,886,0.0
CoRe-WM old,kangaroo,3,1224,0.0
CoRe-WM old,kangaroo,3,1631,0.0
CoRe-WM old,kangaroo,3,2042,0.0
CoRe-WM old,kangaroo,3,2733,200.0
CoRe-WM old,kangaroo,3,3277,0.0
CoRe-WM old,kangaroo,3,3758,0.0
CoRe-WM old,kangaroo,3,4308,400.0
CoRe-WM old,kangaroo,3,4681,0.0
CoRe-WM old,kangaroo,3,5346,200.0
CoRe-WM old,kangaroo,3,5708,0.0
CoRe-WM old,kangaroo,3,6307,200.0
CoRe-WM old,kangaroo,3,6847,0.0
CoRe-WM old,kangaroo,3,7269,0.0
CoRe-WM old,kangaroo,3,7698,0.0
CoRe-WM old,kangaroo,3,7975,0.0
CoRe-WM old,kangaroo,3,8270,0.0
CoRe-WM old,kangaroo,3,8929,0.0
CoRe-WM old,kangaroo,3,9491,0.0
CoRe-WM old,kangaroo,3,9970,0.0
CoRe-WM old,kangaroo,3,10384,0.0
CoRe-WM old,kangaroo,3,10856,0.0
CoRe-WM old,kangaroo,3,11137,0.0
CoRe-WM old,kangaroo,3,11480,0.0
CoRe-WM old,kangaroo,3,11782,0.0
CoRe-WM old,kangaroo,3,12243,200.0
CoRe-WM old,kangaroo,3,12648,200.0
CoRe-WM old,kangaroo,3,13113,0.0
CoRe-WM old,kangaroo,3,13393,0.0
CoRe-WM old,kangaroo,3,13731,0.0
CoRe-WM old,kangaroo,3,14188,0.0
CoRe-WM old,kangaroo,3,14524,0.0
CoRe-WM old,kangaroo,3,14861,0.0
CoRe-WM old,kangaroo,3,15193,0.0
CoRe-WM old,kangaroo,3,15467,0.0
CoRe-WM old,kangaroo,3,15810,0.0
CoRe-WM old,kangaroo,3,16153,0.0
CoRe-WM old,kangaroo,3,16634,200.0
CoRe-WM old,kangaroo,3,17048,0.0
CoRe-WM old,kangaroo,3,17394,200.0
CoRe-WM old,kangaroo,3,17740,0.0
CoRe-WM old,kangaroo,3,18142,0.0
CoRe-WM old,kangaroo,3,18424,0.0
CoRe-WM old,kangaroo,3,18698,0.0
CoRe-WM old,kangaroo,3,19039,0.0
CoRe-WM old,kangaroo,3,19444,0.0
CoRe-WM old,kangaroo,3,19842,0.0
CoRe-WM old,kangaroo,3,20174,200.0
CoRe-WM old,kangaroo,3,20513,0.0
CoRe-WM old,kangaroo,3,20784,0.0
CoRe-WM old,kangaroo,3,21057,0.0
CoRe-WM old,kangaroo,3,21458,200.0
CoRe-WM old,kangaroo,3,21789,0.0
CoRe-WM old,kangaroo,3,22128,200.0
CoRe-WM old,kangaroo,3,22465,0.0
CoRe-WM old,kangaroo,3,22807,0.0
CoRe-WM old,kangaroo,3,23083,0.0
CoRe-WM old,kangaroo,3,23493,0.0
CoRe-WM old,kangaroo,3,23830,0.0
CoRe-WM old,kangaroo,3,24173,0.0
CoRe-WM old,kangaroo,3,24448,0.0
CoRe-WM old,kangaroo,3,24720,0.0
CoRe-WM old,kangaroo,3,25060,0.0
CoRe-WM old,kangaroo,3,25420,0.0
CoRe-WM old,kangaroo,3,25702,0.0
CoRe-WM old,kangaroo,3,25982,0.0
CoRe-WM old,kangaroo,3,26319,0.0
CoRe-WM old,kangaroo,3,26922,200.0
CoRe-WM old,kangaroo,3,27400,0.0
CoRe-WM old,kangaroo,3,27751,0.0
CoRe-WM old,kangaroo,3,28035,0.0
CoRe-WM old,kangaroo,3,28315,0.0
CoRe-WM old,kangaroo,3,28738,200.0
CoRe-WM old,kangaroo,3,29015,0.0
CoRe-WM old,kangaroo,3,29288,0.0
CoRe-WM old,kangaroo,3,29559,0.0
CoRe-WM old,kangaroo,3,29828,0.0
CoRe-WM old,kangaroo,3,30164,200.0
CoRe-WM old,kangaroo,3,30435,0.0
CoRe-WM old,kangaroo,3,30834,0.0
CoRe-WM old,kangaroo,3,31179,0.0
CoRe-WM old,kangaroo,3,31456,0.0
CoRe-WM old,kangaroo,3,31733,0.0
CoRe-WM old,kangaroo,3,32013,0.0
CoRe-WM old,kangaroo,3,32296,0.0
CoRe-WM old,kangaroo,3,32577,0.0
CoRe-WM old,kangaroo,3,32851,0.0
CoRe-WM old,kangaroo,3,33124,0.0
CoRe-WM old,kangaroo,3,33404,0.0
CoRe-WM old,kangaroo,3,33748,0.0
CoRe-WM old,kangaroo,3,34089,0.0
CoRe-WM old,kangaroo,3,34364,0.0
CoRe-WM old,kangaroo,3,34643,0.0
CoRe-WM old,kangaroo,3,34925,0.0
CoRe-WM old,kangaroo,3,35262,200.0
CoRe-WM old,kangaroo,3,35600,0.0
CoRe-WM old,kangaroo,3,35884,0.0
CoRe-WM old,kangaroo,3,36170,0.0
CoRe-WM old,kangaroo,3,36451,0.0
CoRe-WM old,kangaroo,3,36802,0.0
CoRe-WM old,kangaroo,3,37157,0.0
CoRe-WM old,kangaroo,3,37642,0.0
CoRe-WM old,kangaroo,3,37931,0.0
CoRe-WM old,kangaroo,3,38285,0.0
CoRe-WM old,kangaroo,3,38560,0.0
CoRe-WM old,kangaroo,3,39087,200.0
CoRe-WM old,kangaroo,3,39601,0.0
CoRe-WM old,kangaroo,3,40061,200.0
CoRe-WM old,kangaroo,3,40471,0.0
CoRe-WM old,kangaroo,3,40872,0.0
CoRe-WM old,kangaroo,3,41296,200.0
CoRe-WM old,kangaroo,3,41732,200.0
CoRe-WM old,kangaroo,3,42146,200.0
CoRe-WM old,kangaroo,3,42514,0.0
CoRe-WM old,kangaroo,3,42813,0.0
CoRe-WM old,kangaroo,3,43360,200.0
CoRe-WM old,kangaroo,3,43773,200.0
CoRe-WM old,kangaroo,3,44237,200.0
CoRe-WM old,kangaroo,3,44776,200.0
CoRe-WM old,kangaroo,3,45061,0.0
CoRe-WM old,kangaroo,3,45430,0.0
CoRe-WM old,kangaroo,3,45727,0.0
CoRe-WM old,kangaroo,3,46078,200.0
CoRe-WM old,kangaroo,3,46489,0.0
CoRe-WM old,kangaroo,3,46789,0.0
CoRe-WM old,kangaroo,3,47239,200.0
CoRe-WM old,kangaroo,3,47516,0.0
CoRe-WM old,kangaroo,3,47986,200.0
CoRe-WM old,kangaroo,3,48476,0.0
CoRe-WM old,kangaroo,3,48826,0.0
CoRe-WM old,kangaroo,3,49184,200.0
CoRe-WM old,kangaroo,3,49533,200.0
CoRe-WM old,kangaroo,3,49941,0.0
CoRe-WM old,kangaroo,3,50429,0.0
CoRe-WM old,kangaroo,3,50917,400.0
CoRe-WM old,kangaroo,3,51334,200.0
CoRe-WM old,kangaroo,3,51684,0.0
CoRe-WM old,kangaroo,3,52156,0.0
CoRe-WM old,kangaroo,3,52585,0.0
CoRe-WM old,kangaroo,3,53012,0.0
CoRe-WM old,kangaroo,3,53440,0.0
CoRe-WM old,kangaroo,3,53819,0.0
CoRe-WM old,kangaroo,3,54117,0.0
CoRe-WM old,kangaroo,3,54605,0.0
CoRe-WM old,kangaroo,3,55113,200.0
CoRe-WM old,kangaroo,3,55438,0.0
CoRe-WM old,kangaroo,3,56001,600.0
CoRe-WM old,kangaroo,3,56531,200.0
CoRe-WM old,kangaroo,3,56824,0.0
CoRe-WM old,kangaroo,3,57231,200.0
CoRe-WM old,kangaroo,3,57523,0.0
CoRe-WM old,kangaroo,3,57914,200.0
CoRe-WM old,kangaroo,3,58266,200.0
CoRe-WM old,kangaroo,3,58755,200.0
CoRe-WM old,kangaroo,3,59111,0.0
CoRe-WM old,kangaroo,3,59579,400.0
CoRe-WM old,kangaroo,3,60101,400.0
CoRe-WM old,kangaroo,3,60609,400.0
CoRe-WM old,kangaroo,3,61068,200.0
CoRe-WM old,kangaroo,3,61685,400.0
CoRe-WM old,kangaroo,3,62136,200.0
CoRe-WM old,kangaroo,3,62730,400.0
CoRe-WM old,kangaroo,3,63200,200.0
CoRe-WM old,kangaroo,3,63552,200.0
CoRe-WM old,kangaroo,3,64094,600.0
CoRe-WM old,kangaroo,3,64513,400.0
CoRe-WM old,kangaroo,3,64965,400.0
CoRe-WM old,kangaroo,3,65322,200.0
CoRe-WM old,kangaroo,3,65685,200.0
CoRe-WM old,kangaroo,3,66129,200.0
CoRe-WM old,kangaroo,3,66676,200.0
CoRe-WM old,kangaroo,3,67077,0.0
CoRe-WM old,kangaroo,3,67637,600.0
CoRe-WM old,kangaroo,3,68186,600.0
CoRe-WM old,kangaroo,3,68751,200.0
CoRe-WM old,kangaroo,3,69339,200.0
CoRe-WM old,kangaroo,3,70022,400.0
CoRe-WM old,kangaroo,3,70658,600.0
CoRe-WM old,kangaroo,3,71268,0.0
CoRe-WM old,kangaroo,3,71842,200.0
CoRe-WM old,kangaroo,3,72445,0.0
CoRe-WM old,kangaroo,3,73037,200.0
CoRe-WM old,kangaroo,3,73621,0.0
CoRe-WM old,kangaroo,3,74149,400.0
CoRe-WM old,kangaroo,3,74691,400.0
CoRe-WM old,kangaroo,3,75164,600.0
CoRe-WM old,kangaroo,3,75728,200.0
CoRe-WM old,kangaroo,3,76191,200.0
CoRe-WM old,kangaroo,3,76677,600.0
CoRe-WM old,kangaroo,3,77161,800.0
CoRe-WM old,kangaroo,3,77789,0.0
CoRe-WM old,kangaroo,3,78391,400.0
CoRe-WM old,kangaroo,3,78989,400.0
CoRe-WM old,kangaroo,3,79505,200.0
CoRe-WM old,kangaroo,3,80039,800.0
CoRe-WM old,kangaroo,3,80451,400.0
CoRe-WM old,kangaroo,3,80959,200.0
CoRe-WM old,kangaroo,3,81471,1000.0
CoRe-WM old,kangaroo,3,81972,0.0
CoRe-WM old,kangaroo,3,82425,400.0
CoRe-WM old,kangaroo,3,82770,200.0
CoRe-WM old,kangaroo,3,83386,800.0
CoRe-WM old,kangaroo,3,83740,200.0
CoRe-WM old,kangaroo,3,84073,200.0
CoRe-WM old,kangaroo,3,84557,600.0
CoRe-WM old,kangaroo,3,84899,200.0
CoRe-WM old,kangaroo,3,85240,200.0
CoRe-WM old,kangaroo,3,85586,200.0
CoRe-WM old,kangaroo,3,85983,400.0
CoRe-WM old,kangaroo,3,86328,200.0
CoRe-WM old,kangaroo,3,86675,200.0
CoRe-WM old,kangaroo,3,87088,400.0
CoRe-WM old,kangaroo,3,87427,200.0
CoRe-WM old,kangaroo,3,87826,200.0
CoRe-WM old,kangaroo,3,88294,200.0
CoRe-WM old,kangaroo,3,88661,200.0
CoRe-WM old,kangaroo,3,89071,200.0
CoRe-WM old,kangaroo,3,89624,600.0
CoRe-WM old,kangaroo,3,89969,200.0
CoRe-WM old,kangaroo,3,90389,400.0
CoRe-WM old,kangaroo,3,90917,800.0
CoRe-WM old,kangaroo,3,91286,200.0
CoRe-WM old,kangaroo,3,91868,800.0
CoRe-WM old,kangaroo,3,92285,400.0
CoRe-WM old,kangaroo,3,92752,600.0
CoRe-WM old,kangaroo,3,93349,1000.0
CoRe-WM old,kangaroo,3,93895,400.0
CoRe-WM old,kangaroo,3,94597,1400.0
CoRe-WM old,kangaroo,3,95067,600.0
CoRe-WM old,kangaroo,3,95484,400.0
CoRe-WM old,kangaroo,3,95959,600.0
CoRe-WM old,kangaroo,3,96453,400.0
CoRe-WM old,kangaroo,3,96980,800.0
CoRe-WM old,kangaroo,3,97522,800.0
CoRe-WM old,kangaroo,3,98122,800.0
CoRe-WM old,kangaroo,3,98559,400.0
CoRe-WM old,kangaroo,3,99109,600.0
CoRe-WM old,kangaroo,3,99587,400.0
CoRe-WM old,kangaroo,4,603,0.0
CoRe-WM old,kangaroo,4,1274,0.0
CoRe-WM old,kangaroo,4,1806,200.0
CoRe-WM old,kangaroo,4,2351,0.0
CoRe-WM old,kangaroo,4,2767,0.0
CoRe-WM old,kangaroo,4,3364,0.0
CoRe-WM old,kangaroo,4,3904,0.0
CoRe-WM old,kangaroo,4,4312,200.0
CoRe-WM old,kangaroo,4,4790,0.0
CoRe-WM old,kangaroo,4,5272,0.0
CoRe-WM old,kangaroo,4,5684,200.0
CoRe-WM old,kangaroo,4,6031,0.0
CoRe-WM old,kangaroo,4,6633,200.0
CoRe-WM old,kangaroo,4,6932,0.0
CoRe-WM old,kangaroo,4,7399,0.0
CoRe-WM old,kangaroo,4,7867,200.0
CoRe-WM old,kangaroo,4,8280,0.0
CoRe-WM old,kangaroo,4,8697,0.0
CoRe-WM old,kangaroo,4,9228,0.0
CoRe-WM old,kangaroo,4,9768,0.0
CoRe-WM old,kangaroo,4,10416,200.0
CoRe-WM old,kangaroo,4,10839,0.0
CoRe-WM old,kangaroo,4,11482,200.0
CoRe-WM old,kangaroo,4,12165,0.0
CoRe-WM old,kangaroo,4,12712,0.0
CoRe-WM old,kangaroo,4,13480,0.0
CoRe-WM old,kangaroo,4,13894,0.0
CoRe-WM old,kangaroo,4,14422,0.0
CoRe-WM old,kangaroo,4,15016,0.0
CoRe-WM old,kangaroo,4,15597,200.0
CoRe-WM old,kangaroo,4,16294,0.0
CoRe-WM old,kangaroo,4,16875,0.0
CoRe-WM old,kangaroo,4,17481,0.0
CoRe-WM old,kangaroo,4,18154,0.0
CoRe-WM old,kangaroo,4,18742,200.0
CoRe-WM old,kangaroo,4,19307,0.0
CoRe-WM old,kangaroo,4,19837,0.0
CoRe-WM old,kangaroo,4,20293,200.0
CoRe-WM old,kangaroo,4,20924,400.0
CoRe-WM old,kangaroo,4,21488,200.0
CoRe-WM old,kangaroo,4,21916,0.0
CoRe-WM old,kangaroo,4,22288,0.0
CoRe-WM old,kangaroo,4,22916,200.0
CoRe-WM old,kangaroo,4,23333,200.0
CoRe-WM old,kangaroo,4,23730,200.0
CoRe-WM old,kangaroo,4,24124,400.0
CoRe-WM old,kangaroo,4,24659,400.0
CoRe-WM old,kangaroo,4,25129,0.0
CoRe-WM old,kangaroo,4,25465,0.0
CoRe-WM old,kangaroo,4,25804,0.0
CoRe-WM old,kangaroo,4,26260,400.0
CoRe-WM old,kangaroo,4,26721,200.0
CoRe-WM old,kangaroo,4,27191,0.0
CoRe-WM old,kangaroo,4,27532,0.0
CoRe-WM old,kangaroo,4,27879,200.0
CoRe-WM old,kangaroo,4,28279,0.0
CoRe-WM old,kangaroo,4,28610,0.0
CoRe-WM old,kangaroo,4,28953,0.0
CoRe-WM old,kangaroo,4,29241,0.0
CoRe-WM old,kangaroo,4,29646,200.0
CoRe-WM old,kangaroo,4,30042,200.0
CoRe-WM old,kangaroo,4,30317,0.0
CoRe-WM old,kangaroo,4,30653,200.0
CoRe-WM old,kangaroo,4,31161,400.0
CoRe-WM old,kangaroo,4,31566,200.0
CoRe-WM old,kangaroo,4,31902,200.0
CoRe-WM old,kangaroo,4,32242,0.0
CoRe-WM old,kangaroo,4,32519,0.0
CoRe-WM old,kangaroo,4,32802,0.0
CoRe-WM old,kangaroo,4,33161,200.0
CoRe-WM old,kangaroo,4,33503,200.0
CoRe-WM old,kangaroo,4,34011,200.0
CoRe-WM old,kangaroo,4,34457,200.0
CoRe-WM old,kangaroo,4,34810,0.0
CoRe-WM old,kangaroo,4,35091,0.0
CoRe-WM old,kangaroo,4,35602,0.0
CoRe-WM old,kangaroo,4,35953,200.0
CoRe-WM old,kangaroo,4,36454,200.0
CoRe-WM old,kangaroo,4,37020,200.0
CoRe-WM old,kangaroo,4,37463,200.0
CoRe-WM old,kangaroo,4,37920,200.0
CoRe-WM old,kangaroo,4,38536,200.0
CoRe-WM old,kangaroo,4,39041,400.0
CoRe-WM old,kangaroo,4,39587,400.0
CoRe-WM old,kangaroo,4,40088,0.0
CoRe-WM old,kangaroo,4,40694,200.0
CoRe-WM old,kangaroo,4,41260,0.0
CoRe-WM old,kangaroo,4,41804,200.0
CoRe-WM old,kangaroo,4,42248,200.0
CoRe-WM old,kangaroo,4,42821,400.0
CoRe-WM old,kangaroo,4,43202,0.0
CoRe-WM old,kangaroo,4,43644,0.0
CoRe-WM old,kangaroo,4,44109,400.0
CoRe-WM old,kangaroo,4,44487,0.0
CoRe-WM old,kangaroo,4,45000,400.0
CoRe-WM old,kangaroo,4,45380,0.0
CoRe-WM old,kangaroo,4,45954,0.0
CoRe-WM old,kangaroo,4,46418,0.0
CoRe-WM old,kangaroo,4,46938,400.0
CoRe-WM old,kangaroo,4,47416,400.0
CoRe-WM old,kangaroo,4,47834,0.0
CoRe-WM old,kangaroo,4,48628,800.0
CoRe-WM old,kangaroo,4,49094,0.0
CoRe-WM old,kangaroo,4,49618,200.0
CoRe-WM old,kangaroo,4,50091,0.0
CoRe-WM old,kangaroo,4,50496,200.0
CoRe-WM old,kangaroo,4,51128,400.0
CoRe-WM old,kangaroo,4,51551,600.0
CoRe-WM old,kangaroo,4,52015,400.0
CoRe-WM old,kangaroo,4,52488,600.0
CoRe-WM old,kangaroo,4,52902,200.0
CoRe-WM old,kangaroo,4,53315,0.0
CoRe-WM old,kangaroo,4,53816,0.0
CoRe-WM old,kangaroo,4,54266,800.0
CoRe-WM old,kangaroo,4,54770,600.0
CoRe-WM old,kangaroo,4,55133,400.0
CoRe-WM old,kangaroo,4,55484,200.0
CoRe-WM old,kangaroo,4,55882,400.0
CoRe-WM old,kangaroo,4,56386,600.0
CoRe-WM old,kangaroo,4,56861,600.0
CoRe-WM old,kangaroo,4,57377,1000.0
CoRe-WM old,kangaroo,4,57970,800.0
CoRe-WM old,kangaroo,4,58406,600.0
CoRe-WM old,kangaroo,4,58956,800.0
CoRe-WM old,kangaroo,4,59368,400.0
CoRe-WM old,kangaroo,4,59960,600.0
CoRe-WM old,kangaroo,4,60558,800.0
CoRe-WM old,kangaroo,4,61167,1200.0
CoRe-WM old,kangaroo,4,61770,1000.0
CoRe-WM old,kangaroo,4,62368,400.0
CoRe-WM old,kangaroo,4,62855,200.0
CoRe-WM old,kangaroo,4,63251,400.0
CoRe-WM old,kangaroo,4,63870,800.0
CoRe-WM old,kangaroo,4,64426,800.0
CoRe-WM old,kangaroo,4,65087,800.0
CoRe-WM old,kangaroo,4,65685,1000.0
CoRe-WM old,kangaroo,4,66256,800.0
CoRe-WM old,kangaroo,4,66732,600.0
CoRe-WM old,kangaroo,4,67369,1200.0
CoRe-WM old,kangaroo,4,67869,800.0
CoRe-WM old,kangaroo,4,68362,800.0
CoRe-WM old,kangaroo,4,68948,800.0
CoRe-WM old,kangaroo,4,69473,1000.0
CoRe-WM old,kangaroo,4,70108,1200.0
CoRe-WM old,kangaroo,4,70752,1200.0
CoRe-WM old,kangaroo,4,71240,800.0
CoRe-WM old,kangaroo,4,71773,800.0
CoRe-WM old,kangaroo,4,72271,800.0
CoRe-WM old,kangaroo,4,72798,600.0
CoRe-WM old,kangaroo,4,73370,800.0
CoRe-WM old,kangaroo,4,73869,800.0
CoRe-WM old,kangaroo,4,74601,1000.0
CoRe-WM old,kangaroo,4,75263,1200.0
CoRe-WM old,kangaroo,4,75860,1000.0
CoRe-WM old,kangaroo,4,76502,1400.0
CoRe-WM old,kangaroo,4,77131,1400.0
CoRe-WM old,kangaroo,4,77767,1200.0
CoRe-WM old,kangaroo,4,78406,1400.0
CoRe-WM old,kangaroo,4,79008,1000.0
CoRe-WM old,kangaroo,4,79523,1000.0
CoRe-WM old,kangaroo,4,80022,800.0
CoRe-WM old,kangaroo,4,80696,1400.0
CoRe-WM old,kangaroo,4,81320,1400.0
CoRe-WM old,kangaroo,4,81832,800.0
CoRe-WM old,kangaroo,4,82230,400.0
CoRe-WM old,kangaroo,4,82852,1000.0
CoRe-WM old,kangaroo,4,83548,1600.0
CoRe-WM old,kangaroo,4,84024,600.0
CoRe-WM old,kangaroo,4,84562,1000.0
CoRe-WM old,kangaroo,4,85019,400.0
CoRe-WM old,kangaroo,4,85671,1400.0
CoRe-WM old,kangaroo,4,86315,1200.0
CoRe-WM old,kangaroo,4,86988,1400.0
CoRe-WM old,kangaroo,4,87701,1200.0
CoRe-WM old,kangaroo,4,88299,800.0
CoRe-WM old,kangaroo,4,88926,1200.0
CoRe-WM old,kangaroo,4,89526,1200.0
CoRe-WM old,kangaroo,4,90125,800.0
CoRe-WM old,kangaroo,4,90750,1200.0
CoRe-WM old,kangaroo,4,91290,800.0
CoRe-WM old,kangaroo,4,91967,1400.0
CoRe-WM old,kangaroo,4,92507,1000.0
CoRe-WM old,kangaroo,4,92995,800.0
CoRe-WM old,kangaroo,4,93599,1000.0
CoRe-WM old,kangaroo,4,94201,1200.0
CoRe-WM old,kangaroo,4,94793,1000.0
CoRe-WM old,kangaroo,4,95352,1000.0
CoRe-WM old,kangaroo,4,95890,800.0
CoRe-WM old,kangaroo,4,96500,800.0
CoRe-WM old,kangaroo,4,97030,800.0
CoRe-WM old,kangaroo,4,97688,1200.0
CoRe-WM old,kangaroo,4,98363,1600.0
CoRe-WM old,kangaroo,4,99042,1200.0
CoRe-WM old,kangaroo,4,99723,1000.0
CoRe-WM old,krull,0,1371,1680.0
CoRe-WM old,krull,0,2752,850.0
CoRe-WM old,krull,0,4192,1690.0
CoRe-WM old,krull,0,5398,1610.0
CoRe-WM old,krull,0,7737,3570.0
CoRe-WM old,krull,0,8787,2180.0
CoRe-WM old,krull,0,10565,1920.0
CoRe-WM old,krull,0,11784,2220.0
CoRe-WM old,krull,0,12984,1730.0
CoRe-WM old,krull,0,14940,3080.0
CoRe-WM old,krull,0,16211,2130.0
CoRe-WM old,krull,0,17690,2710.0
CoRe-WM old,krull,0,18878,1930.0
CoRe-WM old,krull,0,20283,3600.0
CoRe-WM old,krull,0,21697,3450.0
CoRe-WM old,krull,0,23152,2920.0
CoRe-WM old,krull,0,24568,3870.0
CoRe-WM old,krull,0,26037,4600.0
CoRe-WM old,krull,0,27389,4700.0
CoRe-WM old,krull,0,28860,6100.0
CoRe-WM old,krull,0,30277,6300.0
CoRe-WM old,krull,0,31504,4120.0
CoRe-WM old,krull,0,32613,4440.0
CoRe-WM old,krull,0,34063,6800.0
CoRe-WM old,krull,0,35503,6850.0
CoRe-WM old,krull,0,36611,4780.0
CoRe-WM old,krull,0,37818,5420.0
CoRe-WM old,krull,0,39188,6710.0
CoRe-WM old,krull,0,40665,7900.0
CoRe-WM old,krull,0,41724,4630.0
CoRe-WM old,krull,0,43170,7330.0
CoRe-WM old,krull,0,44613,7240.0
CoRe-WM old,krull,0,45486,3630.0
CoRe-WM old,krull,0,46926,7750.0
CoRe-WM old,krull,0,48319,6870.0
CoRe-WM old,krull,0,49411,5450.0
CoRe-WM old,krull,0,50542,5730.0
CoRe-WM old,krull,0,51987,6460.0
CoRe-WM old,krull,0,53474,8350.0
CoRe-WM old,krull,0,54893,8110.0
CoRe-WM old,krull,0,56367,8550.0
CoRe-WM old,krull,0,57815,7920.0
CoRe-WM old,krull,0,59288,8350.0
CoRe-WM old,krull,0,60518,6940.0
CoRe-WM old,krull,0,61819,6900.0
CoRe-WM old,krull,0,63296,7920.0
CoRe-WM old,krull,0,64471,6190.0
CoRe-WM old,krull,0,66278,8900.0
CoRe-WM old,krull,0,67738,8040.0
CoRe-WM old,krull,0,69641,9740.0
CoRe-WM old,krull,0,71146,7690.0
CoRe-WM old,krull,0,72227,5000.0
CoRe-WM old,krull,0,73377,6160.0
CoRe-WM old,krull,0,74767,7710.0
CoRe-WM old,krull,0,76240,8640.0
CoRe-WM old,krull,0,77735,8040.0
CoRe-WM old,krull,0,78958,6900.0
CoRe-WM old,krull,0,80438,8270.0
CoRe-WM old,krull,0,81877,8510.0
CoRe-WM old,krull,0,83350,7820.0
CoRe-WM old,krull,0,84811,8620.0
CoRe-WM old,krull,0,85946,6390.0
CoRe-WM old,krull,0,87202,7260.0
CoRe-WM old,krull,0,88289,6210.0
CoRe-WM old,krull,0,89726,8380.0
CoRe-WM old,krull,0,91191,8500.0
CoRe-WM old,krull,0,92645,8440.0
CoRe-WM old,krull,0,94142,8660.0
CoRe-WM old,krull,0,95578,8500.0
CoRe-WM old,krull,0,96327,3130.0
CoRe-WM old,krull,0,97605,6650.0
CoRe-WM old,krull,0,99055,8540.0
CoRe-WM old,krull,1,1324,840.0
CoRe-WM old,krull,1,2465,1420.0
CoRe-WM old,krull,1,3301,1050.0
CoRe-WM old,krull,1,4400,850.0
CoRe-WM old,krull,1,5873,1710.0
CoRe-WM old,krull,1,6738,220.0
CoRe-WM old,krull,1,8046,2380.0
CoRe-WM old,krull,1,9058,1140.0
CoRe-WM old,krull,1,10357,3190.0
CoRe-WM old,krull,1,11705,2290.0
CoRe-WM old,krull,1,13353,2040.0
CoRe-WM old,krull,1,14809,1960.0
CoRe-WM old,krull,1,16262,2000.0
CoRe-WM old,krull,1,17695,2850.0
CoRe-WM old,krull,1,18771,2100.0
CoRe-WM old,krull,1,19918,2860.0
CoRe-WM old,krull,1,21865,3850.0
CoRe-WM old,krull,1,23277,3540.0
CoRe-WM old,krull,1,24771,1790.0
CoRe-WM old,krull,1,26502,3760.0
CoRe-WM old,krull,1,27722,2970.0
CoRe-WM old,krull,1,29151,4430.0
CoRe-WM old,krull,1,30612,5910.0
CoRe-WM old,krull,1,31672,3640.0
CoRe-WM old,krull,1,33108,6540.0
CoRe-WM old,krull,1,34499,5760.0
CoRe-WM old,krull,1,35937,6350.0
CoRe-WM old,krull,1,37403,7130.0
CoRe-WM old,krull,1,39464,8140.0
CoRe-WM old,krull,1,40926,7070.0
CoRe-WM old,krull,1,42095,5560.0
CoRe-WM old,krull,1,43536,7600.0
CoRe-WM old,krull,1,44952,7500.0
CoRe-WM old,krull,1,46405,7410.0
CoRe-WM old,krull,1,47874,7630.0
CoRe-WM old,krull,1,48965,5250.0
CoRe-WM old,krull,1,50449,7830.0
CoRe-WM old,krull,1,51776,6530.0
CoRe-WM old,krull,1,52874,5630.0
CoRe-WM old,krull,1,54345,7600.0
CoRe-WM old,krull,1,55821,8060.0
CoRe-WM old,krull,1,56615,3610.0
CoRe-WM old,krull,1,58292,7310.0
CoRe-WM old,krull,1,59735,7870.0
CoRe-WM old,krull,1,61173,7960.0
CoRe-WM old,krull,1,62674,8070.0
CoRe-WM old,krull,1,64157,8380.0
CoRe-WM old,krull,1,65650,8240.0
CoRe-WM old,krull,1,67124,7770.0
CoRe-WM old,krull,1,68621,8500.0
CoRe-WM old,krull,1,70113,8420.0
CoRe-WM old,krull,1,71619,8540.0
CoRe-WM old,krull,1,73099,8340.0
CoRe-WM old,krull,1,74575,8610.0
CoRe-WM old,krull,1,76064,8620.0
CoRe-WM old,krull,1,77159,5190.0
CoRe-WM old,krull,1,78658,6790.0
CoRe-WM old,krull,1,80082,8350.0
CoRe-WM old,krull,1,81169,5520.0
CoRe-WM old,krull,1,82626,8460.0
CoRe-WM old,krull,1,83741,5870.0
CoRe-WM old,krull,1,85209,7690.0
CoRe-WM old,krull,1,86680,8150.0
CoRe-WM old,krull,1,87655,4980.0
CoRe-WM old,krull,1,88775,5680.0
CoRe-WM old,krull,1,89971,5940.0
CoRe-WM old,krull,1,91648,8720.0
CoRe-WM old,krull,1,93006,6870.0
CoRe-WM old,krull,1,94492,7920.0
CoRe-WM old,krull,1,95580,5640.0
CoRe-WM old,krull,1,96914,7120.0
CoRe-WM old,krull,1,98393,7570.0
CoRe-WM old,krull,1,99851,8010.0
CoRe-WM old,krull,2,1300,2620.0
CoRe-WM old,krull,2,2751,2460.0
CoRe-WM old,krull,2,4193,2810.0
CoRe-WM old,krull,2,5562,1390.0
CoRe-WM old,krull,2,7014,3480.0
CoRe-WM old,krull,2,8498,2730.0
CoRe-WM old,krull,2,9607,1370.0
CoRe-WM old,krull,2,11129,2540.0
CoRe-WM old,krull,2,12565,2130.0
CoRe-WM old,krull,2,13834,2440.0
CoRe-WM old,krull,2,15296,3460.0
CoRe-WM old,krull,2,16764,3320.0
CoRe-WM old,krull,2,18261,2800.0
CoRe-WM old,krull,2,19720,2690.0
CoRe-WM old,krull,2,21044,2430.0
CoRe-WM old,krull,2,22488,3440.0
CoRe-WM old,krull,2,23943,3990.0
CoRe-WM old,krull,2,25414,4720.0
CoRe-WM old,krull,2,26793,4230.0
CoRe-WM old,krull,2,27950,3340.0
CoRe-WM old,krull,2,29403,4580.0
CoRe-WM old,krull,2,30183,1630.0
CoRe-WM old,krull,2,31249,3410.0
CoRe-WM old,krull,2,32615,4340.0
CoRe-WM old,krull,2,33416,2530.0
CoRe-WM old,krull,2,34876,6660.0
CoRe-WM old,krull,2,36318,6580.0
CoRe-WM old,krull,2,37677,6810.0
CoRe-WM old,krull,2,39122,7430.0
CoRe-WM old,krull,2,40430,6450.0
CoRe-WM old,krull,2,41882,7510.0
CoRe-WM old,krull,2,43009,5340.0
CoRe-WM old,krull,2,44772,8210.0
CoRe-WM old,krull,2,46148,7020.0
CoRe-WM old,krull,2,47210,5120.0
CoRe-WM old,krull,2,48690,7570.0
CoRe-WM old,krull,2,50125,7820.0
CoRe-WM old,krull,2,51595,8740.0
CoRe-WM old,krull,2,53078,8000.0
CoRe-WM old,krull,2,54572,8130.0
CoRe-WM old,krull,2,56046,8060.0
CoRe-WM old,krull,2,57505,8680.0
CoRe-WM old,krull,2,58890,6680.0
CoRe-WM old,krull,2,60355,7700.0
CoRe-WM old,krull,2,61868,8320.0
CoRe-WM old,krull,2,63304,8300.0
CoRe-WM old,krull,2,64367,5270.0
CoRe-WM old,krull,2,65223,3590.0
CoRe-WM old,krull,2,66290,5500.0
CoRe-WM old,krull,2,67736,8280.0
CoRe-WM old,krull,2,68824,6140.0
CoRe-WM old,krull,2,70286,8900.0
CoRe-WM old,krull,2,71489,7090.0
CoRe-WM old,krull,2,73513,10420.0
CoRe-WM old,krull,2,74785,6450.0
CoRe-WM old,krull,2,75867,5770.0
CoRe-WM old,krull,2,77335,8630.0
CoRe-WM old,krull,2,78443,5960.0
CoRe-WM old,krull,2,79908,8650.0
CoRe-WM old,krull,2,81336,8030.0
CoRe-WM old,krull,2,82600,7190.0
CoRe-WM old,krull,2,84054,8560.0
CoRe-WM old,krull,2,85518,8810.0
CoRe-WM old,krull,2,86541,5200.0
CoRe-WM old,krull,2,87788,7050.0
CoRe-WM old,krull,2,88962,6690.0
CoRe-WM old,krull,2,90444,9040.0
CoRe-WM old,krull,2,91793,8170.0
CoRe-WM old,krull,2,92907,6390.0
CoRe-WM old,krull,2,94356,8580.0
CoRe-WM old,krull,2,95834,8800.0
CoRe-WM old,krull,2,97319,9340.0
CoRe-WM old,krull,2,98750,8380.0
CoRe-WM old,krull,3,1229,1400.0
CoRe-WM old,krull,3,2714,2400.0
CoRe-WM old,krull,3,3797,1430.0
CoRe-WM old,krull,3,5150,1410.0
CoRe-WM old,krull,3,6647,2240.0
CoRe-WM old,krull,3,7739,2230.0
CoRe-WM old,krull,3,9185,2570.0
CoRe-WM old,krull,3,10019,930.0
CoRe-WM old,krull,3,11110,1030.0
CoRe-WM old,krull,3,13114,2380.0
CoRe-WM old,krull,3,14551,2240.0
CoRe-WM old,krull,3,15634,2290.0
CoRe-WM old,krull,3,16717,1510.0
CoRe-WM old,krull,3,18171,2890.0
CoRe-WM old,krull,3,19559,1760.0
CoRe-WM old,krull,3,21500,4230.0
CoRe-WM old,krull,3,22837,2880.0
CoRe-WM old,krull,3,23551,1620.0
CoRe-WM old,krull,3,25044,4670.0
CoRe-WM old,krull,3,30893,14140.0
CoRe-WM old,krull,3,32351,7090.0
CoRe-WM old,krull,3,33084,2320.0
CoRe-WM old,krull,3,34221,5100.0
CoRe-WM old,krull,3,35715,8370.0
CoRe-WM old,krull,3,36777,5400.0
CoRe-WM old,krull,3,37877,5460.0
CoRe-WM old,krull,3,39338,8100.0
CoRe-WM old,krull,3,40400,5570.0
CoRe-WM old,krull,3,41820,7920.0
CoRe-WM old,krull,3,43299,8890.0
CoRe-WM old,krull,3,44682,8110.0
CoRe-WM old,krull,3,46025,7670.0
CoRe-WM old,krull,3,47423,8310.0
CoRe-WM old,krull,3,48892,8560.0
CoRe-WM old,krull,3,50341,8650.0
CoRe-WM old,krull,3,51555,6640.0
CoRe-WM old,krull,3,52543,5080.0
CoRe-WM old,krull,3,53644,5680.0
CoRe-WM old,krull,3,55187,8760.0
CoRe-WM old,krull,3,56626,8770.0
CoRe-WM old,krull,3,57919,7460.0
CoRe-WM old,krull,3,59382,8350.0
CoRe-WM old,krull,3,60717,7850.0
CoRe-WM old,krull,3,61440,2860.0
CoRe-WM old,krull,3,62900,8460.0
CoRe-WM old,krull,3,64355,8440.0
CoRe-WM old,krull,3,65853,9170.0
CoRe-WM old,krull,3,67082,5920.0
CoRe-WM old,krull,3,68544,8370.0
CoRe-WM old,krull,3,69868,7630.0
CoRe-WM old,krull,3,71201,7180.0
CoRe-WM old,krull,3,72657,8740.0
CoRe-WM old,krull,3,74099,8360.0
CoRe-WM old,krull,3,75201,5960.0
CoRe-WM old,krull,3,75937,3100.0
CoRe-WM old,krull,3,77066,6480.0
CoRe-WM old,krull,3,78326,7200.0
CoRe-WM old,krull,3,79652,7440.0
CoRe-WM old,krull,3,81093,8460.0
CoRe-WM old,krull,3,82337,7110.0
CoRe-WM old,krull,3,83839,7640.0
CoRe-WM old,krull,3,85038,6110.0
CoRe-WM old,krull,3,86427,8320.0
CoRe-WM old,krull,3,87862,8090.0
CoRe-WM old,krull,3,88595,3020.0
CoRe-WM old,krull,3,90047,9300.0
CoRe-WM old,krull,3,91158,5840.0
CoRe-WM old,krull,3,92573,8040.0
CoRe-WM old,krull,3,94039,9270.0
CoRe-WM old,krull,3,95258,6850.0
CoRe-WM old,krull,3,96751,8890.0
CoRe-WM old,krull,3,98152,8330.0
CoRe-WM old,krull,3,99433,7060.0
CoRe-WM old,krull,4,1500,1890.0
CoRe-WM old,krull,4,2590,1840.0
CoRe-WM old,krull,4,4044,2180.0
CoRe-WM old,krull,4,5198,1560.0
CoRe-WM old,krull,4,7005,1620.0
CoRe-WM old,krull,4,7790,750.0
CoRe-WM old,krull,4,9252,2680.0
CoRe-WM old,krull,4,10526,1610.0
CoRe-WM old,krull,4,11991,1490.0
CoRe-WM old,krull,4,13984,3580.0
CoRe-WM old,krull,4,15202,2720.0
CoRe-WM old,krull,4,16473,2890.0
CoRe-WM old,krull,4,17491,2190.0
CoRe-WM old,krull,4,18761,2270.0
CoRe-WM old,krull,4,20192,2380.0
CoRe-WM old,krull,4,21137,1930.0
CoRe-WM old,krull,4,22598,1960.0
CoRe-WM old,krull,4,24932,6870.0
CoRe-WM old,krull,4,26354,4390.0
CoRe-WM old,krull,4,27622,3660.0
CoRe-WM old,krull,4,28529,2790.0
CoRe-WM old,krull,4,30074,4200.0
CoRe-WM old,krull,4,32070,5400.0
CoRe-WM old,krull,4,33539,5140.0
CoRe-WM old,krull,4,34990,6460.0
CoRe-WM old,krull,4,36427,4230.0
CoRe-WM old,krull,4,37749,4120.0
CoRe-WM old,krull,4,38941,4960.0
CoRe-WM old,krull,4,40532,6380.0
CoRe-WM old,krull,4,42209,6800.0
CoRe-WM old,krull,4,43402,3630.0
CoRe-WM old,krull,4,45033,6800.0
CoRe-WM old,krull,4,46377,4710.0
CoRe-WM old,krull,4,47466,5110.0
CoRe-WM old,krull,4,48632,5680.0
CoRe-WM old,krull,4,49997,7030.0
CoRe-WM old,krull,4,51467,9070.0
CoRe-WM old,krull,4,52759,7100.0
CoRe-WM old,krull,4,53768,5000.0
CoRe-WM old,krull,4,55187,8000.0
CoRe-WM old,krull,4,56483,7320.0
CoRe-WM old,krull,4,57952,8630.0
CoRe-WM old,krull,4,59020,5610.0
CoRe-WM old,krull,4,60087,5350.0
CoRe-WM old,krull,4,61764,8560.0
CoRe-WM old,krull,4,63257,8960.0
CoRe-WM old,krull,4,64362,5910.0
CoRe-WM old,krull,4,65764,7950.0
CoRe-WM old,krull,4,67218,8180.0
CoRe-WM old,krull,4,68684,8750.0
CoRe-WM old,krull,4,70680,11200.0
CoRe-WM old,krull,4,71845,6310.0
CoRe-WM old,krull,4,73288,8970.0
CoRe-WM old,krull,4,74957,8450.0
CoRe-WM old,krull,4,76096,5890.0
CoRe-WM old,krull,4,77794,8490.0
CoRe-WM old,krull,4,79241,8260.0
CoRe-WM old,krull,4,80729,8560.0
CoRe-WM old,krull,4,82069,7570.0
CoRe-WM old,krull,4,83510,8720.0
CoRe-WM old,krull,4,84951,9340.0
CoRe-WM old,krull,4,86366,8990.0
CoRe-WM old,krull,4,87843,8730.0
CoRe-WM old,krull,4,88811,4580.0
CoRe-WM old,krull,4,89916,4360.0
CoRe-WM old,krull,4,91396,8640.0
CoRe-WM old,krull,4,92620,6440.0
CoRe-WM old,krull,4,94082,9010.0
CoRe-WM old,krull,4,95031,4380.0
CoRe-WM old,krull,4,96507,8820.0
CoRe-WM old,krull,4,97895,8260.0
CoRe-WM old,krull,4,99389,9060.0
CoRe-WM old,kung_fu_master,0,1051,0.0
CoRe-WM old,kung_fu_master,0,2089,200.0
CoRe-WM old,kung_fu_master,0,3058,400.0
CoRe-WM old,kung_fu_master,0,3898,400.0
CoRe-WM old,kung_fu_master,0,5119,500.0
CoRe-WM old,kung_fu_master,0,5877,300.0
CoRe-WM old,kung_fu_master,0,7032,400.0
CoRe-WM old,kung_fu_master,0,7963,800.0
CoRe-WM old,kung_fu_master,0,8875,500.0
CoRe-WM old,kung_fu_master,0,9756,800.0
CoRe-WM old,kung_fu_master,0,10801,500.0
CoRe-WM old,kung_fu_master,0,11632,300.0
CoRe-WM old,kung_fu_master,0,12618,0.0
CoRe-WM old,kung_fu_master,0,13603,700.0
CoRe-WM old,kung_fu_master,0,14831,1200.0
CoRe-WM old,kung_fu_master,0,15946,1000.0
CoRe-WM old,kung_fu_master,0,16797,200.0
CoRe-WM old,kung_fu_master,0,18179,2100.0
CoRe-WM old,kung_fu_master,0,19431,3000.0
CoRe-WM old,kung_fu_master,0,20806,2400.0
CoRe-WM old,kung_fu_master,0,22074,2900.0
CoRe-WM old,kung_fu_master,0,23241,3000.0
CoRe-WM old,kung_fu_master,0,24645,3900.0
CoRe-WM old,kung_fu_master,0,25942,4600.0
CoRe-WM old,kung_fu_master,0,27449,4900.0
CoRe-WM old,kung_fu_master,0,29978,8600.0
CoRe-WM old,kung_fu_master,0,31800,6800.0
CoRe-WM old,kung_fu_master,0,33440,7100.0
CoRe-WM old,kung_fu_master,0,34757,3600.0
CoRe-WM old,kung_fu_master,0,36884,11100.0
CoRe-WM old,kung_fu_master,0,38450,9100.0
CoRe-WM old,kung_fu_master,0,39784,6100.0
CoRe-WM old,kung_fu_master,0,41491,8700.0
CoRe-WM old,kung_fu_master,0,43062,5600.0
CoRe-WM old,kung_fu_master,0,45314,12400.0
CoRe-WM old,kung_fu_master,0,46998,7000.0
CoRe-WM old,kung_fu_master,0,48948,10000.0
CoRe-WM old,kung_fu_master,0,50445,7800.0
CoRe-WM old,kung_fu_master,0,51967,6300.0
CoRe-WM old,kung_fu_master,0,53447,7600.0
CoRe-WM old,kung_fu_master,0,55158,7800.0
CoRe-WM old,kung_fu_master,0,57298,7300.0
CoRe-WM old,kung_fu_master,0,59675,11600.0
CoRe-WM old,kung_fu_master,0,60965,5400.0
CoRe-WM old,kung_fu_master,0,63020,8800.0
CoRe-WM old,kung_fu_master,0,65206,10400.0
CoRe-WM old,kung_fu_master,0,66571,6700.0
CoRe-WM old,kung_fu_master,0,68429,10900.0
CoRe-WM old,kung_fu_master,0,70189,8800.0
CoRe-WM old,kung_fu_master,0,71721,9100.0
CoRe-WM old,kung_fu_master,0,73575,11000.0
CoRe-WM old,kung_fu_master,0,75686,12400.0
CoRe-WM old,kung_fu_master,0,77956,11500.0
CoRe-WM old,kung_fu_master,0,79591,7800.0
CoRe-WM old,kung_fu_master,0,81206,9000.0
CoRe-WM old,kung_fu_master,0,83051,6800.0
CoRe-WM old,kung_fu_master,0,84920,8300.0
CoRe-WM old,kung_fu_master,0,86392,7000.0
CoRe-WM old,kung_fu_master,0,87828,7200.0
CoRe-WM old,kung_fu_master,0,89070,6200.0
CoRe-WM old,kung_fu_master,0,91136,11300.0
CoRe-WM old,kung_fu_master,0,93376,11300.0
CoRe-WM old,kung_fu_master,0,94366,3000.0
CoRe-WM old,kung_fu_master,0,95357,3800.0
CoRe-WM old,kung_fu_master,0,96727,7100.0
CoRe-WM old,kung_fu_master,0,98485,6300.0
CoRe-WM old,kung_fu_master,0,99747,5200.0
CoRe-WM old,kung_fu_master,1,813,200.0
CoRe-WM old,kung_fu_master,1,1702,200.0
CoRe-WM old,kung_fu_master,1,2693,400.0
CoRe-WM old,kung_fu_master,1,3648,700.0
CoRe-WM old,kung_fu_master,1,4527,0.0
CoRe-WM old,kung_fu_master,1,5316,300.0
CoRe-WM old,kung_fu_master,1,6451,600.0
CoRe-WM old,kung_fu_master,1,7117,0.0
CoRe-WM old,kung_fu_master,1,8124,500.0
CoRe-WM old,kung_fu_master,1,9341,200.0
CoRe-WM old,kung_fu_master,1,9969,100.0
CoRe-WM old,kung_fu_master,1,10864,400.0
CoRe-WM old,kung_fu_master,1,11487,100.0
CoRe-WM old,kung_fu_master,1,12555,800.0
CoRe-WM old,kung_fu_master,1,13507,200.0
CoRe-WM old,kung_fu_master,1,14668,2400.0
CoRe-WM old,kung_fu_master,1,15909,1200.0
CoRe-WM old,kung_fu_master,1,17274,2200.0
CoRe-WM old,kung_fu_master,1,19017,4800.0
CoRe-WM old,kung_fu_master,1,21651,10600.0
CoRe-WM old,kung_fu_master,1,23763,8500.0
CoRe-WM old,kung_fu_master,1,26315,10900.0
CoRe-WM old,kung_fu_master,1,28377,7700.0
CoRe-WM old,kung_fu_master,1,29895,6000.0
CoRe-WM old,kung_fu_master,1,31673,6100.0
CoRe-WM old,kung_fu_master,1,33218,4700.0
CoRe-WM old,kung_fu_master,1,35247,7900.0
CoRe-WM old,kung_fu_master,1,37624,11600.0
CoRe-WM old,kung_fu_master,1,40021,10600.0
CoRe-WM old,kung_fu_master,1,42363,10000.0
CoRe-WM old,kung_fu_master,1,44169,6600.0
CoRe-WM old,kung_fu_master,1,46513,9900.0
CoRe-WM old,kung_fu_master,1,48359,7200.0
CoRe-WM old,kung_fu_master,1,49803,5900.0
CoRe-WM old,kung_fu_master,1,51826,12400.0
CoRe-WM old,kung_fu_master,1,53484,13200.0
CoRe-WM old,kung_fu_master,1,55773,18300.0
CoRe-WM old,kung_fu_master,1,58188,18600.0
CoRe-WM old,kung_fu_master,1,60335,16200.0
CoRe-WM old,kung_fu_master,1,62171,13400.0
CoRe-WM old,kung_fu_master,1,63848,9800.0
CoRe-WM old,kung_fu_master,1,65915,15400.0
CoRe-WM old,kung_fu_master,1,67846,13600.0
CoRe-WM old,kung_fu_master,1,70550,19100.0
CoRe-WM old,kung_fu_master,1,72296,10500.0
CoRe-WM old,kung_fu_master,1,74846,18400.0
CoRe-WM old,kung_fu_master,1,77353,19400.0
CoRe-WM old,kung_fu_master,1,78849,8300.0
CoRe-WM old,kung_fu_master,1,81570,22900.0
CoRe-WM old,kung_fu_master,1,84465,20800.0
CoRe-WM old,kung_fu_master,1,86892,19200.0
CoRe-WM old,kung_fu_master,1,89128,18100.0
CoRe-WM old,kung_fu_master,1,90810,12400.0
CoRe-WM old,kung_fu_master,1,92742,14500.0
CoRe-WM old,kung_fu_master,1,95243,21900.0
CoRe-WM old,kung_fu_master,1,97391,13400.0
CoRe-WM old,kung_fu_master,2,811,100.0
CoRe-WM old,kung_fu_master,2,1460,200.0
CoRe-WM old,kung_fu_master,2,2352,700.0
CoRe-WM old,kung_fu_master,2,3245,500.0
CoRe-WM old,kung_fu_master,2,4206,400.0
CoRe-WM old,kung_fu_master,2,5107,500.0
CoRe-WM old,kung_fu_master,2,5877,300.0
CoRe-WM old,kung_fu_master,2,6790,200.0
CoRe-WM old,kung_fu_master,2,7542,100.0
CoRe-WM old,kung_fu_master,2,8589,600.0
CoRe-WM old,kung_fu_master,2,9400,300.0
CoRe-WM old,kung_fu_master,2,10271,0.0
CoRe-WM old,kung_fu_master,2,11524,200.0
CoRe-WM old,kung_fu_master,2,12399,100.0
CoRe-WM old,kung_fu_master,2,13320,100.0
CoRe-WM old,kung_fu_master,2,14285,500.0
CoRe-WM old,kung_fu_master,2,15144,900.0
CoRe-WM old,kung_fu_master,2,16477,1700.0
CoRe-WM old,kung_fu_master,2,17897,2000.0
CoRe-WM old,kung_fu_master,2,19020,2200.0
CoRe-WM old,kung_fu_master,2,20667,5700.0
CoRe-WM old,kung_fu_master,2,22952,13800.0
CoRe-WM old,kung_fu_master,2,25168,15800.0
CoRe-WM old,kung_fu_master,2,27185,13600.0
CoRe-WM old,kung_fu_master,2,28938,10000.0
CoRe-WM old,kung_fu_master,2,31220,16200.0
CoRe-WM old,kung_fu_master,2,33135,9800.0
CoRe-WM old,kung_fu_master,2,37615,33000.0
CoRe-WM old,kung_fu_master,2,40522,23400.0
CoRe-WM old,kung_fu_master,2,43723,24200.0
CoRe-WM old,kung_fu_master,2,48034,36200.0
CoRe-WM old,kung_fu_master,2,50995,25000.0
CoRe-WM old,kung_fu_master,2,54031,21800.0
CoRe-WM old,kung_fu_master,2,57144,24600.0
CoRe-WM old,kung_fu_master,2,60141,23800.0
CoRe-WM old,kung_fu_master,2,63553,30600.0
CoRe-WM old,kung_fu_master,2,67162,31000.0
CoRe-WM old,kung_fu_master,2,71278,32800.0
CoRe-WM old,kung_fu_master,2,74987,32600.0
CoRe-WM old,kung_fu_master,2,78918,30800.0
CoRe-WM old,kung_fu_master,2,84643,55200.0
CoRe-WM old,kung_fu_master,2,87878,30100.0
CoRe-WM old,kung_fu_master,2,91163,29200.0
CoRe-WM old,kung_fu_master,2,94900,30400.0
CoRe-WM old,kung_fu_master,2,98004,23600.0
CoRe-WM old,kung_fu_master,2,99609,9000.0
CoRe-WM old,kung_fu_master,3,723,200.0
CoRe-WM old,kung_fu_master,3,1742,100.0
CoRe-WM old,kung_fu_master,3,2574,700.0
CoRe-WM old,kung_fu_master,3,3741,800.0
CoRe-WM old,kung_fu_master,3,4801,300.0
CoRe-WM old,kung_fu_master,3,5868,300.0
CoRe-WM old,kung_fu_master,3,6735,300.0
CoRe-WM old,kung_fu_master,3,7530,700.0
CoRe-WM old,kung_fu_master,3,8532,500.0
CoRe-WM old,kung_fu_master,3,9399,200.0
CoRe-WM old,kung_fu_master,3,10161,300.0
CoRe-WM old,kung_fu_master,3,11003,400.0
CoRe-WM old,kung_fu_master,3,12042,600.0
CoRe-WM old,kung_fu_master,3,13125,1300.0
CoRe-WM old,kung_fu_master,3,14162,1000.0
CoRe-WM old,kung_fu_master,3,15188,500.0
CoRe-WM old,kung_fu_master,3,16460,2100.0
CoRe-WM old,kung_fu_master,3,17780,1300.0
CoRe-WM old,kung_fu_master,3,19032,2700.0
CoRe-WM old,kung_fu_master,3,20240,3000.0
CoRe-WM old,kung_fu_master,3,21549,2900.0
CoRe-WM old,kung_fu_master,3,22962,2900.0
CoRe-WM old,kung_fu_master,3,24659,4000.0
CoRe-WM old,kung_fu_master,3,26211,3400.0
CoRe-WM old,kung_fu_master,3,28770,7300.0
CoRe-WM old,kung_fu_master,3,31698,11100.0
CoRe-WM old,kung_fu_master,3,33136,3400.0
CoRe-WM old,kung_fu_master,3,35680,10600.0
CoRe-WM old,kung_fu_master,3,38550,10600.0
CoRe-WM old,kung_fu_master,3,40629,9100.0
CoRe-WM old,kung_fu_master,3,43231,8400.0
CoRe-WM old,kung_fu_master,3,45289,7400.0
CoRe-WM old,kung_fu_master,3,48065,12300.0
CoRe-WM old,kung_fu_master,3,49758,5700.0
CoRe-WM old,kung_fu_master,3,52783,14600.0
CoRe-WM old,kung_fu_master,3,55166,8200.0
CoRe-WM old,kung_fu_master,3,57754,9700.0
CoRe-WM old,kung_fu_master,3,59441,5300.0
CoRe-WM old,kung_fu_master,3,62795,12100.0
CoRe-WM old,kung_fu_master,3,65149,9300.0
CoRe-WM old,kung_fu_master,3,69354,21200.0
CoRe-WM old,kung_fu_master,3,71803,8200.0
CoRe-WM old,kung_fu_master,3,76312,15800.0
CoRe-WM old,kung_fu_master,3,78385,7100.0
CoRe-WM old,kung_fu_master,3,80906,10600.0
CoRe-WM old,kung_fu_master,3,83594,10600.0
CoRe-WM old,kung_fu_master,3,87269,14900.0
CoRe-WM old,kung_fu_master,3,89980,11600.0
CoRe-WM old,kung_fu_master,3,93132,11400.0
CoRe-WM old,kung_fu_master,3,97450,22500.0
CoRe-WM old,kung_fu_master,4,758,400.0
CoRe-WM old,kung_fu_master,4,1952,800.0
CoRe-WM old,kung_fu_master,4,2720,600.0
CoRe-WM old,kung_fu_master,4,3708,400.0
CoRe-WM old,kung_fu_master,4,4620,500.0
CoRe-WM old,kung_fu_master,4,5670,700.0
CoRe-WM old,kung_fu_master,4,6652,500.0
CoRe-WM old,kung_fu_master,4,7507,200.0
CoRe-WM old,kung_fu_master,4,8549,400.0
CoRe-WM old,kung_fu_master,4,9361,600.0
CoRe-WM old,kung_fu_master,4,9835,0.0
CoRe-WM old,kung_fu_master,4,10674,200.0
CoRe-WM old,kung_fu_master,4,11676,400.0
CoRe-WM old,kung_fu_master,4,12882,1300.0
CoRe-WM old,kung_fu_master,4,13739,200.0
CoRe-WM old,kung_fu_master,4,15305,1700.0
CoRe-WM old,kung_fu_master,4,16267,400.0
CoRe-WM old,kung_fu_master,4,17128,200.0
CoRe-WM old,kung_fu_master,4,18263,1200.0
CoRe-WM old,kung_fu_master,4,19194,0.0
CoRe-WM old,kung_fu_master,4,20468,800.0
CoRe-WM old,kung_fu_master,4,21688,1300.0
CoRe-WM old,kung_fu_master,4,22740,1500.0
CoRe-WM old,kung_fu_master,4,23721,1200.0
CoRe-WM old,kung_fu_master,4,24592,1400.0
CoRe-WM old,kung_fu_master,4,26078,3200.0
CoRe-WM old,kung_fu_master,4,29227,13600.0
CoRe-WM old,kung_fu_master,4,30960,6000.0
CoRe-WM old,kung_fu_master,4,34566,21000.0
CoRe-WM old,kung_fu_master,4,36918,10200.0
CoRe-WM old,kung_fu_master,4,39376,11900.0
CoRe-WM old,kung_fu_master,4,41395,15700.0
CoRe-WM old,kung_fu_master,4,43301,11200.0
CoRe-WM old,kung_fu_master,4,46234,18000.0
CoRe-WM old,kung_fu_master,4,48096,11000.0
CoRe-WM old,kung_fu_master,4,49903,11400.0
CoRe-WM old,kung_fu_master,4,51924,12800.0
CoRe-WM old,kung_fu_master,4,53777,12200.0
CoRe-WM old,kung_fu_master,4,55207,7800.0
CoRe-WM old,kung_fu_master,4,57716,15600.0
CoRe-WM old,kung_fu_master,4,60834,26000.0
CoRe-WM old,kung_fu_master,4,63283,19200.0
CoRe-WM old,kung_fu_master,4,66074,18800.0
CoRe-WM old,kung_fu_master,4,68523,17400.0
CoRe-WM old,kung_fu_master,4,70603,12400.0
CoRe-WM old,kung_fu_master,4,73448,22600.0
CoRe-WM old,kung_fu_master,4,75792,17400.0
CoRe-WM old,kung_fu_master,4,78123,17600.0
CoRe-WM old,kung_fu_master,4,82053,36600.0
CoRe-WM old,kung_fu_master,4,83733,10200.0
CoRe-WM old,kung_fu_master,4,86307,18200.0
CoRe-WM old,kung_fu_master,4,88493,18600.0
CoRe-WM old,kung_fu_master,4,90689,15600.0
CoRe-WM old,kung_fu_master,4,93417,21500.0
CoRe-WM old,kung_fu_master,4,95141,9200.0
CoRe-WM old,kung_fu_master,4,97244,14000.0
CoRe-WM old,kung_fu_master,4,99802,19400.0
CoRe-WM old,ms_pacman,0,485,220.0
CoRe-WM old,ms_pacman,0,995,210.0
CoRe-WM old,ms_pacman,0,1600,310.0
CoRe-WM old,ms_pacman,0,2071,190.0
CoRe-WM old,ms_pacman,0,2493,130.0
CoRe-WM old,ms_pacman,0,2999,290.0
CoRe-WM old,ms_pacman,0,3421,220.0
CoRe-WM old,ms_pacman,0,4161,440.0
CoRe-WM old,ms_pacman,0,4831,460.0
CoRe-WM old,ms_pacman,0,5225,210.0
CoRe-WM old,ms_pacman,0,5714,130.0
CoRe-WM old,ms_pacman,0,6384,350.0
CoRe-WM old,ms_pacman,0,6870,210.0
CoRe-WM old,ms_pacman,0,7301,230.0
CoRe-WM old,ms_pacman,0,7734,190.0
CoRe-WM old,ms_pacman,0,8199,280.0
CoRe-WM old,ms_pacman,0,8697,280.0
CoRe-WM old,ms_pacman,0,9281,950.0
CoRe-WM old,ms_pacman,0,10114,700.0
CoRe-WM old,ms_pacman,0,10790,330.0
CoRe-WM old,ms_pacman,0,11472,520.0
CoRe-WM old,ms_pacman,0,12323,840.0
CoRe-WM old,ms_pacman,0,13039,720.0
CoRe-WM old,ms_pacman,0,13695,810.0
CoRe-WM old,ms_pacman,0,14209,620.0
CoRe-WM old,ms_pacman,0,14973,650.0
CoRe-WM old,ms_pacman,0,15586,320.0
CoRe-WM old,ms_pacman,0,16130,560.0
CoRe-WM old,ms_pacman,0,16481,330.0
CoRe-WM old,ms_pacman,0,17252,660.0
CoRe-WM old,ms_pacman,0,18036,790.0
CoRe-WM old,ms_pacman,0,18364,200.0
CoRe-WM old,ms_pacman,0,19041,240.0
CoRe-WM old,ms_pacman,0,19450,330.0
CoRe-WM old,ms_pacman,0,20163,680.0
CoRe-WM old,ms_pacman,0,20698,490.0
CoRe-WM old,ms_pacman,0,21451,800.0
CoRe-WM old,ms_pacman,0,21993,540.0
CoRe-WM old,ms_pacman,0,22405,500.0
CoRe-WM old,ms_pacman,0,23190,600.0
CoRe-WM old,ms_pacman,0,23731,470.0
CoRe-WM old,ms_pacman,0,24189,460.0
CoRe-WM old,ms_pacman,0,24631,290.0
CoRe-WM old,ms_pacman,0,25359,610.0
CoRe-WM old,ms_pacman,0,25851,470.0
CoRe-WM old,ms_pacman,0,26481,480.0
CoRe-WM old,ms_pacman,0,26983,290.0
CoRe-WM old,ms_pacman,0,27607,600.0
CoRe-WM old,ms_pacman,0,28066,370.0
CoRe-WM old,ms_pacman,0,28553,590.0
CoRe-WM old,ms_pacman,0,29438,910.0
CoRe-WM old,ms_pacman,0,30303,800.0
CoRe-WM old,ms_pacman,0,31002,670.0
CoRe-WM old,ms_pacman,0,31533,510.0
CoRe-WM old,ms_pacman,0,31905,310.0
CoRe-WM old,ms_pacman,0,32520,880.0
CoRe-WM old,ms_pacman,0,33223,1300.0
CoRe-WM old,ms_pacman,0,33976,250.0
CoRe-WM old,ms_pacman,0,34584,540.0
CoRe-WM old,ms_pacman,0,35049,510.0
CoRe-WM old,ms_pacman,0,35470,320.0
CoRe-WM old,ms_pacman,0,36020,550.0
CoRe-WM old,ms_pacman,0,36820,640.0
CoRe-WM old,ms_pacman,0,37558,1070.0
CoRe-WM old,ms_pacman,0,38337,1230.0
CoRe-WM old,ms_pacman,0,39241,1510.0
CoRe-WM old,ms_pacman,0,39994,1820.0
CoRe-WM old,ms_pacman,0,40575,770.0
CoRe-WM old,ms_pacman,0,41210,560.0
CoRe-WM old,ms_pacman,0,42042,800.0
CoRe-WM old,ms_pacman,0,42440,260.0
CoRe-WM old,ms_pacman,0,43234,1040.0
CoRe-WM old,ms_pacman,0,43694,560.0
CoRe-WM old,ms_pacman,0,44317,700.0
CoRe-WM old,ms_pacman,0,45000,590.0
CoRe-WM old,ms_pacman,0,45812,1100.0
CoRe-WM old,ms_pacman,0,46466,1220.0
CoRe-WM old,ms_pacman,0,47128,890.0
CoRe-WM old,ms_pacman,0,47621,500.0
CoRe-WM old,ms_pacman,0,48207,430.0
CoRe-WM old,ms_pacman,0,48622,450.0
CoRe-WM old,ms_pacman,0,49143,400.0
CoRe-WM old,ms_pacman,0,49662,400.0
CoRe-WM old,ms_pacman,0,50616,1090.0
CoRe-WM old,ms_pacman,0,51067,300.0
CoRe-WM old,ms_pacman,0,51593,680.0
CoRe-WM old,ms_pacman,0,52081,540.0
CoRe-WM old,ms_pacman,0,52586,700.0
CoRe-WM old,ms_pacman,0,53217,580.0
CoRe-WM old,ms_pacman,0,53679,470.0
CoRe-WM old,ms_pacman,0,54300,610.0
CoRe-WM old,ms_pacman,0,54903,840.0
CoRe-WM old,ms_pacman,0,55348,480.0
CoRe-WM old,ms_pacman,0,56104,680.0
CoRe-WM old,ms_pacman,0,56648,510.0
CoRe-WM old,ms_pacman,0,57150,560.0
CoRe-WM old,ms_pacman,0,57839,960.0
CoRe-WM old,ms_pacman,0,58377,650.0
CoRe-WM old,ms_pacman,0,58923,510.0
CoRe-WM old,ms_pacman,0,59609,860.0
CoRe-WM old,ms_pacman,0,60447,1020.0
CoRe-WM old,ms_pacman,0,61175,620.0
CoRe-WM old,ms_pacman,0,61927,1140.0
CoRe-WM old,ms_pacman,0,62420,470.0
CoRe-WM old,ms_pacman,0,63298,1480.0
CoRe-WM old,ms_pacman,0,63977,910.0
CoRe-WM old,ms_pacman,0,64772,830.0
CoRe-WM old,ms_pacman,0,65494,450.0
CoRe-WM old,ms_pacman,0,66174,930.0
CoRe-WM old,ms_pacman,0,66826,640.0
CoRe-WM old,ms_pacman,0,67528,970.0
CoRe-WM old,ms_pacman,0,68091,490.0
CoRe-WM old,ms_pacman,0,69075,970.0
CoRe-WM old,ms_pacman,0,69870,1270.0
CoRe-WM old,ms_pacman,0,70310,540.0
CoRe-WM old,ms_pacman,0,70816,630.0
CoRe-WM old,ms_pacman,0,71944,1470.0
CoRe-WM old,ms_pacman,0,72952,1520.0
CoRe-WM old,ms_pacman,0,73445,690.0
CoRe-WM old,ms_pacman,0,74459,980.0
CoRe-WM old,ms_pacman,0,75173,1070.0
CoRe-WM old,ms_pacman,0,76196,1230.0
CoRe-WM old,ms_pacman,0,76862,710.0
CoRe-WM old,ms_pacman,0,77541,1070.0
CoRe-WM old,ms_pacman,0,78123,890.0
CoRe-WM old,ms_pacman,0,79052,1450.0
CoRe-WM old,ms_pacman,0,79919,1110.0
CoRe-WM old,ms_pacman,0,80868,1460.0
CoRe-WM old,ms_pacman,0,81870,1130.0
CoRe-WM old,ms_pacman,0,82722,1070.0
CoRe-WM old,ms_pacman,0,83701,1670.0
CoRe-WM old,ms_pacman,0,84295,600.0
CoRe-WM old,ms_pacman,0,85084,1200.0
CoRe-WM old,ms_pacman,0,85732,810.0
CoRe-WM old,ms_pacman,0,86536,1360.0
CoRe-WM old,ms_pacman,0,87521,1890.0
CoRe-WM old,ms_pacman,0,87893,350.0
CoRe-WM old,ms_pacman,0,88555,1010.0
CoRe-WM old,ms_pacman,0,89491,1190.0
CoRe-WM old,ms_pacman,0,90573,1130.0
CoRe-WM old,ms_pacman,0,91317,1320.0
CoRe-WM old,ms_pacman,0,92132,1020.0
CoRe-WM old,ms_pacman,0,92838,1160.0
CoRe-WM old,ms_pacman,0,93471,480.0
CoRe-WM old,ms_pacman,0,94487,2670.0
CoRe-WM old,ms_pacman,0,95212,1070.0
CoRe-WM old,ms_pacman,0,96383,2170.0
CoRe-WM old,ms_pacman,0,97133,1440.0
CoRe-WM old,ms_pacman,0,97991,1720.0
CoRe-WM old,ms_pacman,0,98782,1360.0
CoRe-WM old,ms_pacman,0,99571,770.0
CoRe-WM old,ms_pacman,1,438,170.0
CoRe-WM old,ms_pacman,1,914,230.0
CoRe-WM old,ms_pacman,1,1488,310.0
CoRe-WM old,ms_pacman,1,2023,320.0
CoRe-WM old,ms_pacman,1,2572,210.0
CoRe-WM old,ms_pacman,1,3048,290.0
CoRe-WM old,ms_pacman,1,3601,270.0
CoRe-WM old,ms_pacman,1,4018,200.0
CoRe-WM old,ms_pacman,1,4529,320.0
CoRe-WM old,ms_pacman,1,4982,220.0
CoRe-WM old,ms_pacman,1,5465,210.0
CoRe-WM old,ms_pacman,1,5880,190.0
CoRe-WM old,ms_pacman,1,6251,150.0
CoRe-WM old,ms_pacman,1,6823,290.0
CoRe-WM old,ms_pacman,1,7373,210.0
CoRe-WM old,ms_pacman,1,7894,140.0
CoRe-WM old,ms_pacman,1,9048,330.0
CoRe-WM old,ms_pacman,1,9807,410.0
CoRe-WM old,ms_pacman,1,10539,270.0
CoRe-WM old,ms_pacman,1,11123,250.0
CoRe-WM old,ms_pacman,1,11677,270.0
CoRe-WM old,ms_pacman,1,12199,190.0
CoRe-WM old,ms_pacman,1,12910,230.0
CoRe-WM old,ms_pacman,1,13570,240.0
CoRe-WM old,ms_pacman,1,14281,1740.0
CoRe-WM old,ms_pacman,1,14907,360.0
CoRe-WM old,ms_pacman,1,15332,230.0
CoRe-WM old,ms_pacman,1,15829,410.0
CoRe-WM old,ms_pacman,1,16238,190.0
CoRe-WM old,ms_pacman,1,16716,220.0
CoRe-WM old,ms_pacman,1,17243,340.0
CoRe-WM old,ms_pacman,1,17744,400.0
CoRe-WM old,ms_pacman,1,18513,870.0
CoRe-WM old,ms_pacman,1,18855,180.0
CoRe-WM old,ms_pacman,1,19400,280.0
CoRe-WM old,ms_pacman,1,20011,940.0
CoRe-WM old,ms_pacman,1,20484,260.0
CoRe-WM old,ms_pacman,1,20892,290.0
CoRe-WM old,ms_pacman,1,21426,250.0
CoRe-WM old,ms_pacman,1,21860,160.0
CoRe-WM old,ms_pacman,1,22560,620.0
CoRe-WM old,ms_pacman,1,23095,440.0
CoRe-WM old,ms_pacman,1,23622,340.0
CoRe-WM old,ms_pacman,1,24376,790.0
CoRe-WM old,ms_pacman,1,24994,380.0
CoRe-WM old,ms_pacman,1,25787,680.0
CoRe-WM old,ms_pacman,1,26235,380.0
CoRe-WM old,ms_pacman,1,26706,380.0
CoRe-WM old,ms_pacman,1,27235,250.0
CoRe-WM old,ms_pacman,1,27664,310.0
CoRe-WM old,ms_pacman,1,28336,710.0
CoRe-WM old,ms_pacman,1,29046,660.0
CoRe-WM old,ms_pacman,1,29708,590.0
CoRe-WM old,ms_pacman,1,30448,710.0
CoRe-WM old,ms_pacman,1,31121,680.0
CoRe-WM old,ms_pacman,1,31740,380.0
CoRe-WM old,ms_pacman,1,32499,550.0
CoRe-WM old,ms_pacman,1,32913,190.0
CoRe-WM old,ms_pacman,1,33375,290.0
CoRe-WM old,ms_pacman,1,33735,320.0
CoRe-WM old,ms_pacman,1,34243,260.0
CoRe-WM old,ms_pacman,1,34888,830.0
CoRe-WM old,ms_pacman,1,35521,1090.0
CoRe-WM old,ms_pacman,1,36015,360.0
CoRe-WM old,ms_pacman,1,36638,570.0
CoRe-WM old,ms_pacman,1,37242,300.0
CoRe-WM old,ms_pacman,1,37836,660.0
CoRe-WM old,ms_pacman,1,38285,250.0
CoRe-WM old,ms_pacman,1,38692,380.0
CoRe-WM old,ms_pacman,1,39338,340.0
CoRe-WM old,ms_pacman,1,39892,400.0
CoRe-WM old,ms_pacman,1,40509,500.0
CoRe-WM old,ms_pacman,1,41118,280.0
CoRe-WM old,ms_pacman,1,41753,380.0
CoRe-WM old,ms_pacman,1,42579,720.0
CoRe-WM old,ms_pacman,1,43310,660.0
CoRe-WM old,ms_pacman,1,44194,660.0
CoRe-WM old,ms_pacman,1,44704,350.0
CoRe-WM old,ms_pacman,1,45421,730.0
CoRe-WM old,ms_pacman,1,45904,350.0
CoRe-WM old,ms_pacman,1,46563,1370.0
CoRe-WM old,ms_pacman,1,47024,270.0
CoRe-WM old,ms_pacman,1,47590,390.0
CoRe-WM old,ms_pacman,1,48266,320.0
CoRe-WM old,ms_pacman,1,48937,520.0
CoRe-WM old,ms_pacman,1,49691,780.0
CoRe-WM old,ms_pacman,1,50222,490.0
CoRe-WM old,ms_pacman,1,50609,250.0
CoRe-WM old,ms_pacman,1,51331,600.0
CoRe-WM old,ms_pacman,1,51951,480.0
CoRe-WM old,ms_pacman,1,52739,720.0
CoRe-WM old,ms_pacman,1,53344,940.0
CoRe-WM old,ms_pacman,1,53877,350.0
CoRe-WM old,ms_pacman,1,54585,690.0
CoRe-WM old,ms_pacman,1,55357,850.0
CoRe-WM old,ms_pacman,1,56105,690.0
CoRe-WM old,ms_pacman,1,56672,1090.0
CoRe-WM old,ms_pacman,1,57164,550.0
CoRe-WM old,ms_pacman,1,57561,370.0
CoRe-WM old,ms_pacman,1,58294,1540.0
CoRe-WM old,ms_pacman,1,59011,1490.0
CoRe-WM old,ms_pacman,1,59659,490.0
CoRe-WM old,ms_pacman,1,60357,1230.0
CoRe-WM old,ms_pacman,1,61035,1140.0
CoRe-WM old,ms_pacman,1,61723,710.0
CoRe-WM old,ms_pacman,1,62582,860.0
CoRe-WM old,ms_pacman,1,63174,1050.0
CoRe-WM old,ms_pacman,1,64009,620.0
CoRe-WM old,ms_pacman,1,64632,560.0
CoRe-WM old,ms_pacman,1,65275,880.0
CoRe-WM old,ms_pacman,1,65936,2020.0
CoRe-WM old,ms_pacman,1,66484,450.0
CoRe-WM old,ms_pacman,1,67065,820.0
CoRe-WM old,ms_pacman,1,67565,300.0
CoRe-WM old,ms_pacman,1,68153,1030.0
CoRe-WM old,ms_pacman,1,68909,1390.0
CoRe-WM old,ms_pacman,1,69234,270.0
CoRe-WM old,ms_pacman,1,69817,1260.0
CoRe-WM old,ms_pacman,1,70284,550.0
CoRe-WM old,ms_pacman,1,71173,590.0
CoRe-WM old,ms_pacman,1,71779,650.0
CoRe-WM old,ms_pacman,1,72528,1340.0
CoRe-WM old,ms_pacman,1,73099,790.0
CoRe-WM old,ms_pacman,1,73874,720.0
CoRe-WM old,ms_pacman,1,74993,1020.0
CoRe-WM old,ms_pacman,1,75576,560.0
CoRe-WM old,ms_pacman,1,76284,870.0
CoRe-WM old,ms_pacman,1,77303,990.0
CoRe-WM old,ms_pacman,1,78352,1600.0
CoRe-WM old,ms_pacman,1,78819,750.0
CoRe-WM old,ms_pacman,1,79533,950.0
CoRe-WM old,ms_pacman,1,79987,330.0
CoRe-WM old,ms_pacman,1,80525,380.0
CoRe-WM old,ms_pacman,1,81372,1190.0
CoRe-WM old,ms_pacman,1,82222,860.0
CoRe-WM old,ms_pacman,1,83118,1710.0
CoRe-WM old,ms_pacman,1,83672,2080.0
CoRe-WM old,ms_pacman,1,84081,280.0
CoRe-WM old,ms_pacman,1,85158,1020.0
CoRe-WM old,ms_pacman,1,85923,620.0
CoRe-WM old,ms_pacman,1,86699,1500.0
CoRe-WM old,ms_pacman,1,87714,1020.0
CoRe-WM old,ms_pacman,1,88405,720.0
CoRe-WM old,ms_pacman,1,88934,610.0
CoRe-WM old,ms_pacman,1,89621,670.0
CoRe-WM old,ms_pacman,1,90639,1280.0
CoRe-WM old,ms_pacman,1,91188,740.0
CoRe-WM old,ms_pacman,1,91809,690.0
CoRe-WM old,ms_pacman,1,92452,1050.0
CoRe-WM old,ms_pacman,1,93401,1650.0
CoRe-WM old,ms_pacman,1,94231,2460.0
CoRe-WM old,ms_pacman,1,94962,790.0
CoRe-WM old,ms_pacman,1,95739,880.0
CoRe-WM old,ms_pacman,1,96562,1890.0
CoRe-WM old,ms_pacman,1,97600,1280.0
CoRe-WM old,ms_pacman,1,98233,940.0
CoRe-WM old,ms_pacman,1,99232,2990.0
CoRe-WM old,ms_pacman,1,99867,1340.0
CoRe-WM old,ms_pacman,2,589,460.0
CoRe-WM old,ms_pacman,2,1137,200.0
CoRe-WM old,ms_pacman,2,1571,200.0
CoRe-WM old,ms_pacman,2,2057,230.0
CoRe-WM old,ms_pacman,2,2510,150.0
CoRe-WM old,ms_pacman,2,2994,260.0
CoRe-WM old,ms_pacman,2,3399,220.0
CoRe-WM old,ms_pacman,2,4013,380.0
CoRe-WM old,ms_pacman,2,4395,160.0
CoRe-WM old,ms_pacman,2,4941,190.0
CoRe-WM old,ms_pacman,2,5442,250.0
CoRe-WM old,ms_pacman,2,5825,140.0
CoRe-WM old,ms_pacman,2,6313,260.0
CoRe-WM old,ms_pacman,2,7079,1750.0
CoRe-WM old,ms_pacman,2,7512,180.0
CoRe-WM old,ms_pacman,2,8130,610.0
CoRe-WM old,ms_pacman,2,8804,380.0
CoRe-WM old,ms_pacman,2,9433,250.0
CoRe-WM old,ms_pacman,2,10012,1060.0
CoRe-WM old,ms_pacman,2,10616,450.0
CoRe-WM old,ms_pacman,2,11310,1170.0
CoRe-WM old,ms_pacman,2,12038,450.0
CoRe-WM old,ms_pacman,2,12890,900.0
CoRe-WM old,ms_pacman,2,13394,500.0
CoRe-WM old,ms_pacman,2,14011,1210.0
CoRe-WM old,ms_pacman,2,14755,640.0
CoRe-WM old,ms_pacman,2,15247,220.0
CoRe-WM old,ms_pacman,2,15838,450.0
CoRe-WM old,ms_pacman,2,16548,510.0
CoRe-WM old,ms_pacman,2,17245,580.0
CoRe-WM old,ms_pacman,2,18285,710.0
CoRe-WM old,ms_pacman,2,19055,1210.0
CoRe-WM old,ms_pacman,2,19477,130.0
CoRe-WM old,ms_pacman,2,20222,630.0
CoRe-WM old,ms_pacman,2,20885,640.0
CoRe-WM old,ms_pacman,2,21506,540.0
CoRe-WM old,ms_pacman,2,22159,400.0
CoRe-WM old,ms_pacman,2,22808,630.0
CoRe-WM old,ms_pacman,2,23398,1140.0
CoRe-WM old,ms_pacman,2,23979,450.0
CoRe-WM old,ms_pacman,2,24597,660.0
CoRe-WM old,ms_pacman,2,25540,1590.0
CoRe-WM old,ms_pacman,2,26307,1310.0
CoRe-WM old,ms_pacman,2,26922,650.0
CoRe-WM old,ms_pacman,2,27633,1300.0
CoRe-WM old,ms_pacman,2,28186,560.0
CoRe-WM old,ms_pacman,2,28636,310.0
CoRe-WM old,ms_pacman,2,29242,710.0
CoRe-WM old,ms_pacman,2,29886,670.0
CoRe-WM old,ms_pacman,2,30414,250.0
CoRe-WM old,ms_pacman,2,30892,510.0
CoRe-WM old,ms_pacman,2,31411,590.0
CoRe-WM old,ms_pacman,2,32039,470.0
CoRe-WM old,ms_pacman,2,32632,430.0
CoRe-WM old,ms_pacman,2,33037,400.0
CoRe-WM old,ms_pacman,2,33470,310.0
CoRe-WM old,ms_pacman,2,33888,490.0
CoRe-WM old,ms_pacman,2,34552,540.0
CoRe-WM old,ms_pacman,2,35172,590.0
CoRe-WM old,ms_pacman,2,36094,900.0
CoRe-WM old,ms_pacman,2,36809,420.0
CoRe-WM old,ms_pacman,2,37519,940.0
CoRe-WM old,ms_pacman,2,38128,710.0
CoRe-WM old,ms_pacman,2,38719,560.0
CoRe-WM old,ms_pacman,2,39345,640.0
CoRe-WM old,ms_pacman,2,39838,450.0
CoRe-WM old,ms_pacman,2,40414,480.0
CoRe-WM old,ms_pacman,2,40941,710.0
CoRe-WM old,ms_pacman,2,41461,340.0
CoRe-WM old,ms_pacman,2,42021,450.0
CoRe-WM old,ms_pacman,2,42564,420.0
CoRe-WM old,ms_pacman,2,43226,1000.0
CoRe-WM old,ms_pacman,2,43932,510.0
CoRe-WM old,ms_pacman,2,44595,570.0
CoRe-WM old,ms_pacman,2,45401,310.0
CoRe-WM old,ms_pacman,2,45937,440.0
CoRe-WM old,ms_pacman,2,46825,930.0
CoRe-WM old,ms_pacman,2,47464,750.0
CoRe-WM old,ms_pacman,2,48173,1060.0
CoRe-WM old,ms_pacman,2,48759,690.0
CoRe-WM old,ms_pacman,2,49496,1520.0
CoRe-WM old,ms_pacman,2,49983,460.0
CoRe-WM old,ms_pacman,2,50570,490.0
CoRe-WM old,ms_pacman,2,51094,600.0
CoRe-WM old,ms_pacman,2,51652,410.0
CoRe-WM old,ms_pacman,2,52154,410.0
CoRe-WM old,ms_pacman,2,52582,440.0
CoRe-WM old,ms_pacman,2,53060,520.0
CoRe-WM old,ms_pacman,2,54015,1120.0
CoRe-WM old,ms_pacman,2,54448,480.0
CoRe-WM old,ms_pacman,2,54961,560.0
CoRe-WM old,ms_pacman,2,55548,790.0
CoRe-WM old,ms_pacman,2,56109,800.0
CoRe-WM old,ms_pacman,2,56726,540.0
CoRe-WM old,ms_pacman,2,57205,560.0
CoRe-WM old,ms_pacman,2,57695,590.0
CoRe-WM old,ms_pacman,2,58187,490.0
CoRe-WM old,ms_pacman,2,58909,910.0
CoRe-WM old,ms_pacman,2,59578,750.0
CoRe-WM old,ms_pacman,2,60161,660.0
CoRe-WM old,ms_pacman,2,60652,690.0
CoRe-WM old,ms_pacman,2,61319,1930.0
CoRe-WM old,ms_pacman,2,61941,580.0
CoRe-WM old,ms_pacman,2,62517,500.0
CoRe-WM old,ms_pacman,2,63107,610.0
CoRe-WM old,ms_pacman,2,63718,860.0
CoRe-WM old,ms_pacman,2,64450,1290.0
CoRe-WM old,ms_pacman,2,65289,1040.0
CoRe-WM old,ms_pacman,2,65614,160.0
CoRe-WM old,ms_pacman,2,66170,520.0
CoRe-WM old,ms_pacman,2,66748,650.0
CoRe-WM old,ms_pacman,2,67336,770.0
CoRe-WM old,ms_pacman,2,68147,2010.0
CoRe-WM old,ms_pacman,2,68810,870.0
CoRe-WM old,ms_pacman,2,69313,700.0
CoRe-WM old,ms_pacman,2,69757,580.0
CoRe-WM old,ms_pacman,2,70204,650.0
CoRe-WM old,ms_pacman,2,70849,790.0
CoRe-WM old,ms_pacman,2,71550,750.0
CoRe-WM old,ms_pacman,2,72292,1190.0
CoRe-WM old,ms_pacman,2,72993,1040.0
CoRe-WM old,ms_pacman,2,73640,820.0
CoRe-WM old,ms_pacman,2,74244,1080.0
CoRe-WM old,ms_pacman,2,75067,1480.0
CoRe-WM old,ms_pacman,2,75799,920.0
CoRe-WM old,ms_pacman,2,76566,800.0
CoRe-WM old,ms_pacman,2,77107,650.0
CoRe-WM old,ms_pacman,2,77633,610.0
CoRe-WM old,ms_pacman,2,78115,450.0
CoRe-WM old,ms_pacman,2,78579,730.0
CoRe-WM old,ms_pacman,2,79085,950.0
CoRe-WM old,ms_pacman,2,79639,640.0
CoRe-WM old,ms_pacman,2,80414,780.0
CoRe-WM old,ms_pacman,2,81008,850.0
CoRe-WM old,ms_pacman,2,81651,740.0
CoRe-WM old,ms_pacman,2,82416,840.0
CoRe-WM old,ms_pacman,2,82996,640.0
CoRe-WM old,ms_pacman,2,83474,460.0
CoRe-WM old,ms_pacman,2,84071,450.0
CoRe-WM old,ms_pacman,2,84657,810.0
CoRe-WM old,ms_pacman,2,85329,950.0
CoRe-WM old,ms_pacman,2,85965,1250.0
CoRe-WM old,ms_pacman,2,86784,750.0
CoRe-WM old,ms_pacman,2,87604,1140.0
CoRe-WM old,ms_pacman,2,88233,680.0
CoRe-WM old,ms_pacman,2,88926,890.0
CoRe-WM old,ms_pacman,2,89592,620.0
CoRe-WM old,ms_pacman,2,90495,1110.0
CoRe-WM old,ms_pacman,2,91293,610.0
CoRe-WM old,ms_pacman,2,91786,810.0
CoRe-WM old,ms_pacman,2,92334,670.0
CoRe-WM old,ms_pacman,2,92838,700.0
CoRe-WM old,ms_pacman,2,93276,500.0
CoRe-WM old,ms_pacman,2,93866,800.0
CoRe-WM old,ms_pacman,2,94515,1370.0
CoRe-WM old,ms_pacman,2,95488,1230.0
CoRe-WM old,ms_pacman,2,96326,1450.0
CoRe-WM old,ms_pacman,2,96965,960.0
CoRe-WM old,ms_pacman,2,97616,630.0
CoRe-WM old,ms_pacman,2,98158,830.0
CoRe-WM old,ms_pacman,2,98822,680.0
CoRe-WM old,ms_pacman,2,99483,1060.0
CoRe-WM old,ms_pacman,3,506,210.0
CoRe-WM old,ms_pacman,3,1019,240.0
CoRe-WM old,ms_pacman,3,1523,290.0
CoRe-WM old,ms_pacman,3,1915,250.0
CoRe-WM old,ms_pacman,3,2359,260.0
CoRe-WM old,ms_pacman,3,2884,320.0
CoRe-WM old,ms_pacman,3,3416,220.0
CoRe-WM old,ms_pacman,3,3696,70.0
CoRe-WM old,ms_pacman,3,4157,230.0
CoRe-WM old,ms_pacman,3,4671,250.0
CoRe-WM old,ms_pacman,3,5200,220.0
CoRe-WM old,ms_pacman,3,5645,240.0
CoRe-WM old,ms_pacman,3,6170,270.0
CoRe-WM old,ms_pacman,3,6668,250.0
CoRe-WM old,ms_pacman,3,7109,230.0
CoRe-WM old,ms_pacman,3,7571,210.0
CoRe-WM old,ms_pacman,3,8056,200.0
CoRe-WM old,ms_pacman,3,8576,280.0
CoRe-WM old,ms_pacman,3,9161,310.0
CoRe-WM old,ms_pacman,3,9925,410.0
CoRe-WM old,ms_pacman,3,10510,300.0
CoRe-WM old,ms_pacman,3,10934,230.0
CoRe-WM old,ms_pacman,3,11775,1190.0
CoRe-WM old,ms_pacman,3,12439,680.0
CoRe-WM old,ms_pacman,3,13111,360.0
CoRe-WM old,ms_pacman,3,13749,900.0
CoRe-WM old,ms_pacman,3,14205,240.0
CoRe-WM old,ms_pacman,3,14840,790.0
CoRe-WM old,ms_pacman,3,15573,500.0
CoRe-WM old,ms_pacman,3,16183,720.0
CoRe-WM old,ms_pacman,3,17121,430.0
CoRe-WM old,ms_pacman,3,17917,540.0
CoRe-WM old,ms_pacman,3,18223,250.0
CoRe-WM old,ms_pacman,3,19021,530.0
CoRe-WM old,ms_pacman,3,19717,620.0
CoRe-WM old,ms_pacman,3,20223,640.0
CoRe-WM old,ms_pacman,3,20679,520.0
CoRe-WM old,ms_pacman,3,21162,230.0
CoRe-WM old,ms_pacman,3,22152,1000.0
CoRe-WM old,ms_pacman,3,22671,290.0
CoRe-WM old,ms_pacman,3,23666,620.0
CoRe-WM old,ms_pacman,3,24224,220.0
CoRe-WM old,ms_pacman,3,24647,340.0
CoRe-WM old,ms_pacman,3,25149,330.0
CoRe-WM old,ms_pacman,3,25664,390.0
CoRe-WM old,ms_pacman,3,26090,240.0
CoRe-WM old,ms_pacman,3,26632,770.0
CoRe-WM old,ms_pacman,3,27183,350.0
CoRe-WM old,ms_pacman,3,27710,450.0
CoRe-WM old,ms_pacman,3,28379,390.0
CoRe-WM old,ms_pacman,3,28820,310.0
CoRe-WM old,ms_pacman,3,29683,910.0
CoRe-WM old,ms_pacman,3,30178,330.0
CoRe-WM old,ms_pacman,3,30643,410.0
CoRe-WM old,ms_pacman,3,31096,470.0
CoRe-WM old,ms_pacman,3,31534,310.0
CoRe-WM old,ms_pacman,3,31911,290.0
CoRe-WM old,ms_pacman,3,32439,450.0
CoRe-WM old,ms_pacman,3,33016,760.0
CoRe-WM old,ms_pacman,3,33542,390.0
CoRe-WM old,ms_pacman,3,34160,560.0
CoRe-WM old,ms_pacman,3,34789,580.0
CoRe-WM old,ms_pacman,3,35283,490.0
CoRe-WM old,ms_pacman,3,35895,770.0
CoRe-WM old,ms_pacman,3,36281,370.0
CoRe-WM old,ms_pacman,3,36922,580.0
CoRe-WM old,ms_pacman,3,37557,730.0
CoRe-WM old,ms_pacman,3,37880,120.0
CoRe-WM old,ms_pacman,3,38472,510.0
CoRe-WM old,ms_pacman,3,39183,540.0
CoRe-WM old,ms_pacman,3,39791,500.0
CoRe-WM old,ms_pacman,3,40324,550.0
CoRe-WM old,ms_pacman,3,41076,450.0
CoRe-WM old,ms_pacman,3,41874,750.0
CoRe-WM old,ms_pacman,3,42388,580.0
CoRe-WM old,ms_pacman,3,43017,760.0
CoRe-WM old,ms_pacman,3,43430,340.0
CoRe-WM old,ms_pacman,3,44045,790.0
CoRe-WM old,ms_pacman,3,44571,470.0
CoRe-WM old,ms_pacman,3,45052,390.0
CoRe-WM old,ms_pacman,3,45857,2000.0
CoRe-WM old,ms_pacman,3,46439,620.0
CoRe-WM old,ms_pacman,3,47035,480.0
CoRe-WM old,ms_pacman,3,47750,850.0
CoRe-WM old,ms_pacman,3,48729,1460.0
CoRe-WM old,ms_pacman,3,49547,1330.0
CoRe-WM old,ms_pacman,3,50029,500.0
CoRe-WM old,ms_pacman,3,50709,690.0
CoRe-WM old,ms_pacman,3,51326,560.0
CoRe-WM old,ms_pacman,3,51704,390.0
CoRe-WM old,ms_pacman,3,52262,720.0
CoRe-WM old,ms_pacman,3,53126,1220.0
CoRe-WM old,ms_pacman,3,53663,470.0
CoRe-WM old,ms_pacman,3,54229,540.0
CoRe-WM old,ms_pacman,3,54722,510.0
CoRe-WM old,ms_pacman,3,55654,1240.0
CoRe-WM old,ms_pacman,3,56290,690.0
CoRe-WM old,ms_pacman,3,56631,330.0
CoRe-WM old,ms_pacman,3,57119,550.0
CoRe-WM old,ms_pacman,3,57577,450.0
CoRe-WM old,ms_pacman,3,58212,1950.0
CoRe-WM old,ms_pacman,3,59130,650.0
CoRe-WM old,ms_pacman,3,59626,420.0
CoRe-WM old,ms_pacman,3,60293,700.0
CoRe-WM old,ms_pacman,3,61550,1510.0
CoRe-WM old,ms_pacman,3,62287,1010.0
CoRe-WM old,ms_pacman,3,62915,450.0
CoRe-WM old,ms_pacman,3,63447,500.0
CoRe-WM old,ms_pacman,3,64247,830.0
CoRe-WM old,ms_pacman,3,64651,310.0
CoRe-WM old,ms_pacman,3,65270,730.0
CoRe-WM old,ms_pacman,3,65825,720.0
CoRe-WM old,ms_pacman,3,66335,690.0
CoRe-WM old,ms_pacman,3,66891,680.0
CoRe-WM old,ms_pacman,3,67417,620.0
CoRe-WM old,ms_pacman,3,68375,1600.0
CoRe-WM old,ms_pacman,3,68953,530.0
CoRe-WM old,ms_pacman,3,69436,470.0
CoRe-WM old,ms_pacman,3,69922,470.0
CoRe-WM old,ms_pacman,3,70698,890.0
CoRe-WM old,ms_pacman,3,71385,1250.0
CoRe-WM old,ms_pacman,3,72023,790.0
CoRe-WM old,ms_pacman,3,72786,2350.0
CoRe-WM old,ms_pacman,3,73495,800.0
CoRe-WM old,ms_pacman,3,74200,530.0
CoRe-WM old,ms_pacman,3,74810,870.0
CoRe-WM old,ms_pacman,3,75271,560.0
CoRe-WM old,ms_pacman,3,76021,860.0
CoRe-WM old,ms_pacman,3,76427,490.0
CoRe-WM old,ms_pacman,3,77187,610.0
CoRe-WM old,ms_pacman,3,77716,420.0
CoRe-WM old,ms_pacman,3,78421,780.0
CoRe-WM old,ms_pacman,3,78961,470.0
CoRe-WM old,ms_pacman,3,79446,530.0
CoRe-WM old,ms_pacman,3,80075,1020.0
CoRe-WM old,ms_pacman,3,80735,510.0
CoRe-WM old,ms_pacman,3,81570,1510.0
CoRe-WM old,ms_pacman,3,82431,910.0
CoRe-WM old,ms_pacman,3,83129,860.0
CoRe-WM old,ms_pacman,3,83737,810.0
CoRe-WM old,ms_pacman,3,84192,570.0
CoRe-WM old,ms_pacman,3,84926,1540.0
CoRe-WM old,ms_pacman,3,85485,610.0
CoRe-WM old,ms_pacman,3,86214,980.0
CoRe-WM old,ms_pacman,3,86749,540.0
CoRe-WM old,ms_pacman,3,87150,400.0
CoRe-WM old,ms_pacman,3,87571,530.0
CoRe-WM old,ms_pacman,3,88122,1320.0
CoRe-WM old,ms_pacman,3,88678,540.0
CoRe-WM old,ms_pacman,3,89385,820.0
CoRe-WM old,ms_pacman,3,90031,870.0
CoRe-WM old,ms_pacman,3,90848,1050.0
CoRe-WM old,ms_pacman,3,91395,480.0
CoRe-WM old,ms_pacman,3,91901,580.0
CoRe-WM old,ms_pacman,3,92563,760.0
CoRe-WM old,ms_pacman,3,93444,1620.0
CoRe-WM old,ms_pacman,3,93966,550.0
CoRe-WM old,ms_pacman,3,94517,520.0
CoRe-WM old,ms_pacman,3,95128,700.0
CoRe-WM old,ms_pacman,3,95914,700.0
CoRe-WM old,ms_pacman,3,96591,840.0
CoRe-WM old,ms_pacman,3,97203,1170.0
CoRe-WM old,ms_pacman,3,97835,940.0
CoRe-WM old,ms_pacman,3,98532,1240.0
CoRe-WM old,ms_pacman,3,99365,890.0
CoRe-WM old,ms_pacman,4,445,180.0
CoRe-WM old,ms_pacman,4,875,230.0
CoRe-WM old,ms_pacman,4,1365,250.0
CoRe-WM old,ms_pacman,4,1814,180.0
CoRe-WM old,ms_pacman,4,2310,260.0
CoRe-WM old,ms_pacman,4,2644,130.0
CoRe-WM old,ms_pacman,4,3034,140.0
CoRe-WM old,ms_pacman,4,3483,330.0
CoRe-WM old,ms_pacman,4,3963,280.0
CoRe-WM old,ms_pacman,4,4451,210.0
CoRe-WM old,ms_pacman,4,4862,190.0
CoRe-WM old,ms_pacman,4,5281,210.0
CoRe-WM old,ms_pacman,4,5804,260.0
CoRe-WM old,ms_pacman,4,6197,260.0
CoRe-WM old,ms_pacman,4,7018,500.0
CoRe-WM old,ms_pacman,4,7522,200.0
CoRe-WM old,ms_pacman,4,8036,320.0
CoRe-WM old,ms_pacman,4,8561,310.0
CoRe-WM old,ms_pacman,4,8932,110.0
CoRe-WM old,ms_pacman,4,9364,220.0
CoRe-WM old,ms_pacman,4,9770,200.0
CoRe-WM old,ms_pacman,4,10101,190.0
CoRe-WM old,ms_pacman,4,10523,290.0
CoRe-WM old,ms_pacman,4,11182,670.0
CoRe-WM old,ms_pacman,4,11756,480.0
CoRe-WM old,ms_pacman,4,12375,340.0
CoRe-WM old,ms_pacman,4,13109,560.0
CoRe-WM old,ms_pacman,4,13636,190.0
CoRe-WM old,ms_pacman,4,14163,260.0
CoRe-WM old,ms_pacman,4,14675,180.0
CoRe-WM old,ms_pacman,4,15198,520.0
CoRe-WM old,ms_pacman,4,15936,780.0
CoRe-WM old,ms_pacman,4,16494,320.0
CoRe-WM old,ms_pacman,4,17236,430.0
CoRe-WM old,ms_pacman,4,17881,680.0
CoRe-WM old,ms_pacman,4,18554,520.0
CoRe-WM old,ms_pacman,4,19505,1250.0
CoRe-WM old,ms_pacman,4,19942,390.0
CoRe-WM old,ms_pacman,4,20447,390.0
CoRe-WM old,ms_pacman,4,20974,640.0
CoRe-WM old,ms_pacman,4,21469,200.0
CoRe-WM old,ms_pacman,4,22428,650.0
CoRe-WM old,ms_pacman,4,23008,650.0
CoRe-WM old,ms_pacman,4,23840,470.0
CoRe-WM old,ms_pacman,4,24239,250.0
CoRe-WM old,ms_pacman,4,25372,1190.0
CoRe-WM old,ms_pacman,4,26000,1170.0
CoRe-WM old,ms_pacman,4,26447,270.0
CoRe-WM old,ms_pacman,4,26945,280.0
CoRe-WM old,ms_pacman,4,27433,400.0
CoRe-WM old,ms_pacman,4,28066,800.0
CoRe-WM old,ms_pacman,4,28632,1010.0
CoRe-WM old,ms_pacman,4,29050,330.0
CoRe-WM old,ms_pacman,4,29622,610.0
CoRe-WM old,ms_pacman,4,29934,70.0
CoRe-WM old,ms_pacman,4,30316,320.0
CoRe-WM old,ms_pacman,4,30699,400.0
CoRe-WM old,ms_pacman,4,31025,290.0
CoRe-WM old,ms_pacman,4,31432,200.0
CoRe-WM old,ms_pacman,4,32090,530.0
CoRe-WM old,ms_pacman,4,32526,190.0
CoRe-WM old,ms_pacman,4,33124,1160.0
CoRe-WM old,ms_pacman,4,33617,370.0
CoRe-WM old,ms_pacman,4,34314,680.0
CoRe-WM old,ms_pacman,4,34730,400.0
CoRe-WM old,ms_pacman,4,35141,400.0
CoRe-WM old,ms_pacman,4,35595,410.0
CoRe-WM old,ms_pacman,4,35991,380.0
CoRe-WM old,ms_pacman,4,36635,460.0
CoRe-WM old,ms_pacman,4,37096,250.0
CoRe-WM old,ms_pacman,4,37651,380.0
CoRe-WM old,ms_pacman,4,38036,110.0
CoRe-WM old,ms_pacman,4,38571,310.0
CoRe-WM old,ms_pacman,4,39046,360.0
CoRe-WM old,ms_pacman,4,39818,1300.0
CoRe-WM old,ms_pacman,4,40411,420.0
CoRe-WM old,ms_pacman,4,40877,910.0
CoRe-WM old,ms_pacman,4,41446,690.0
CoRe-WM old,ms_pacman,4,42189,1210.0
CoRe-WM old,ms_pacman,4,42656,470.0
CoRe-WM old,ms_pacman,4,43845,610.0
CoRe-WM old,ms_pacman,4,44417,460.0
CoRe-WM old,ms_pacman,4,45066,370.0
CoRe-WM old,ms_pacman,4,45944,1630.0
CoRe-WM old,ms_pacman,4,46388,390.0
CoRe-WM old,ms_pacman,4,47007,700.0
CoRe-WM old,ms_pacman,4,47956,1520.0
CoRe-WM old,ms_pacman,4,48679,610.0
CoRe-WM old,ms_pacman,4,49227,510.0
CoRe-WM old,ms_pacman,4,49619,290.0
CoRe-WM old,ms_pacman,4,50436,910.0
CoRe-WM old,ms_pacman,4,51251,740.0
CoRe-WM old,ms_pacman,4,51865,710.0
CoRe-WM old,ms_pacman,4,52593,730.0
CoRe-WM old,ms_pacman,4,53250,720.0
CoRe-WM old,ms_pacman,4,54129,2390.0
CoRe-WM old,ms_pacman,4,54917,1130.0
CoRe-WM old,ms_pacman,4,55455,480.0
CoRe-WM old,ms_pacman,4,55803,420.0
CoRe-WM old,ms_pacman,4,56122,300.0
CoRe-WM old,ms_pacman,4,56932,1170.0
CoRe-WM old,ms_pacman,4,57543,860.0
CoRe-WM old,ms_pacman,4,58413,740.0
CoRe-WM old,ms_pacman,4,58900,490.0
CoRe-WM old,ms_pacman,4,59504,610.0
CoRe-WM old,ms_pacman,4,60292,920.0
CoRe-WM old,ms_pacman,4,60806,970.0
CoRe-WM old,ms_pacman,4,61273,480.0
CoRe-WM old,ms_pacman,4,61725,570.0
CoRe-WM old,ms_pacman,4,62201,590.0
CoRe-WM old,ms_pacman,4,62948,1720.0
CoRe-WM old,ms_pacman,4,63351,470.0
CoRe-WM old,ms_pacman,4,63846,530.0
CoRe-WM old,ms_pacman,4,64411,1920.0
CoRe-WM old,ms_pacman,4,65201,860.0
CoRe-WM old,ms_pacman,4,66213,1430.0
CoRe-WM old,ms_pacman,4,66959,1220.0
CoRe-WM old,ms_pacman,4,67529,620.0
CoRe-WM old,ms_pacman,4,68009,380.0
CoRe-WM old,ms_pacman,4,68537,600.0
CoRe-WM old,ms_pacman,4,69085,770.0
CoRe-WM old,ms_pacman,4,69897,1110.0
CoRe-WM old,ms_pacman,4,70470,960.0
CoRe-WM old,ms_pacman,4,71503,1310.0
CoRe-WM old,ms_pacman,4,72122,2190.0
CoRe-WM old,ms_pacman,4,72725,500.0
CoRe-WM old,ms_pacman,4,73137,460.0
CoRe-WM old,ms_pacman,4,73785,660.0
CoRe-WM old,ms_pacman,4,74703,1710.0
CoRe-WM old,ms_pacman,4,75187,510.0
CoRe-WM old,ms_pacman,4,75971,870.0
CoRe-WM old,ms_pacman,4,76699,1280.0
CoRe-WM old,ms_pacman,4,77244,580.0
CoRe-WM old,ms_pacman,4,77925,1310.0
CoRe-WM old,ms_pacman,4,78869,1140.0
CoRe-WM old,ms_pacman,4,79529,1120.0
CoRe-WM old,ms_pacman,4,80105,1400.0
CoRe-WM old,ms_pacman,4,80840,1600.0
CoRe-WM old,ms_pacman,4,81344,830.0
CoRe-WM old,ms_pacman,4,81916,1350.0
CoRe-WM old,ms_pacman,4,82650,1190.0
CoRe-WM old,ms_pacman,4,83131,530.0
CoRe-WM old,ms_pacman,4,83672,710.0
CoRe-WM old,ms_pacman,4,84290,1070.0
CoRe-WM old,ms_pacman,4,84910,2250.0
CoRe-WM old,ms_pacman,4,85939,1450.0
CoRe-WM old,ms_pacman,4,86773,1220.0
CoRe-WM old,ms_pacman,4,87579,830.0
CoRe-WM old,ms_pacman,4,88440,2220.0
CoRe-WM old,ms_pacman,4,89002,1260.0
CoRe-WM old,ms_pacman,4,89833,1070.0
CoRe-WM old,ms_pacman,4,90353,840.0
CoRe-WM old,ms_pacman,4,91434,1220.0
CoRe-WM old,ms_pacman,4,92249,680.0
CoRe-WM old,ms_pacman,4,92868,970.0
CoRe-WM old,ms_pacman,4,93427,710.0
CoRe-WM old,ms_pacman,4,94150,750.0
CoRe-WM old,ms_pacman,4,94804,1320.0
CoRe-WM old,ms_pacman,4,95544,680.0
CoRe-WM old,ms_pacman,4,96100,920.0
CoRe-WM old,ms_pacman,4,96669,490.0
CoRe-WM old,ms_pacman,4,97289,1520.0
CoRe-WM old,ms_pacman,4,97815,600.0
CoRe-WM old,ms_pacman,4,98251,360.0
CoRe-WM old,ms_pacman,4,98840,1180.0
CoRe-WM old,ms_pacman,4,99405,860.0
CoRe-WM old,pong,0,870,-20.0
CoRe-WM old,pong,0,1912,-20.0
CoRe-WM old,pong,0,2783,-20.0
CoRe-WM old,pong,0,3542,-21.0
CoRe-WM old,pong,0,4452,-21.0
CoRe-WM old,pong,0,5301,-21.0
CoRe-WM old,pong,0,6201,-21.0
CoRe-WM old,pong,0,7111,-21.0
CoRe-WM old,pong,0,8095,-20.0
CoRe-WM old,pong,0,8976,-21.0
CoRe-WM old,pong,0,9796,-21.0
CoRe-WM old,pong,0,11069,-16.0
CoRe-WM old,pong,0,11937,-20.0
CoRe-WM old,pong,0,12946,-20.0
CoRe-WM old,pong,0,13795,-20.0
CoRe-WM old,pong,0,14728,-21.0
CoRe-WM old,pong,0,15743,-21.0
CoRe-WM old,pong,0,16565,-21.0
CoRe-WM old,pong,0,17383,-21.0
CoRe-WM old,pong,0,18143,-21.0
CoRe-WM old,pong,0,18919,-21.0
CoRe-WM old,pong,0,19754,-20.0
CoRe-WM old,pong,0,20539,-21.0
CoRe-WM old,pong,0,21316,-21.0
CoRe-WM old,pong,0,22073,-21.0
CoRe-WM old,pong,0,22851,-21.0
CoRe-WM old,pong,0,23713,-20.0
CoRe-WM old,pong,0,24538,-21.0
CoRe-WM old,pong,0,25384,-21.0
CoRe-WM old,pong,0,26144,-21.0
CoRe-WM old,pong,0,27031,-21.0
CoRe-WM old,pong,0,27848,-21.0
CoRe-WM old,pong,0,28640,-21.0
CoRe-WM old,pong,0,29626,-20.0
CoRe-WM old,pong,0,30416,-21.0
CoRe-WM old,pong,0,31195,-21.0
CoRe-WM old,pong,0,32068,-21.0
CoRe-WM old,pong,0,32900,-20.0
CoRe-WM old,pong,0,33769,-20.0
CoRe-WM old,pong,0,34551,-21.0
CoRe-WM old,pong,0,35392,-21.0
CoRe-WM old,pong,0,36241,-21.0
CoRe-WM old,pong,0,37287,-19.0
CoRe-WM old,pong,0,38237,-20.0
CoRe-WM old,pong,0,39505,-21.0
CoRe-WM old,pong,0,40544,-20.0
CoRe-WM old,pong,0,41421,-21.0
CoRe-WM old,pong,0,42938,-18.0
CoRe-WM old,pong,0,44625,-17.0
CoRe-WM old,pong,0,46615,-19.0
CoRe-WM old,pong,0,48213,-21.0
CoRe-WM old,pong,0,49936,-18.0
CoRe-WM old,pong,0,51498,-20.0
CoRe-WM old,pong,0,53178,-20.0
CoRe-WM old,pong,0,55276,-18.0
CoRe-WM old,pong,0,57189,-19.0
CoRe-WM old,pong,0,59285,-16.0
CoRe-WM old,pong,0,61327,-15.0
CoRe-WM old,pong,0,63495,-18.0
CoRe-WM old,pong,0,66429,-16.0
CoRe-WM old,pong,0,68650,-18.0
CoRe-WM old,pong,0,71223,-15.0
CoRe-WM old,pong,0,73177,-19.0
CoRe-WM old,pong,0,75529,-15.0
CoRe-WM old,pong,0,78080,-12.0
CoRe-WM old,pong,0,80711,-10.0
CoRe-WM old,pong,0,82720,-18.0
CoRe-WM old,pong,0,84479,-21.0
CoRe-WM old,pong,0,87127,-9.0
CoRe-WM old,pong,0,89507,-14.0
CoRe-WM old,pong,0,92145,-10.0
CoRe-WM old,pong,0,94582,-13.0
CoRe-WM old,pong,0,97363,-12.0
CoRe-WM old,pong,0,99840,-10.0
CoRe-WM old,pong,1,990,-20.0
CoRe-WM old,pong,1,1796,-21.0
CoRe-WM old,pong,1,2638,-21.0
CoRe-WM old,pong,1,3536,-21.0
CoRe-WM old,pong,1,4537,-21.0
CoRe-WM old,pong,1,5829,-17.0
CoRe-WM old,pong,1,6688,-20.0
CoRe-WM old,pong,1,7662,-19.0
CoRe-WM old,pong,1,8911,-16.0
CoRe-WM old,pong,1,9824,-21.0
CoRe-WM old,pong,1,10928,-18.0
CoRe-WM old,pong,1,11811,-21.0
CoRe-WM old,pong,1,12571,-21.0
CoRe-WM old,pong,1,13331,-21.0
CoRe-WM old,pong,1,14173,-20.0
CoRe-WM old,pong,1,15083,-21.0
CoRe-WM old,pong,1,15904,-21.0
CoRe-WM old,pong,1,16690,-21.0
CoRe-WM old,pong,1,17481,-21.0
CoRe-WM old,pong,1,18302,-21.0
CoRe-WM old,pong,1,19183,-21.0
CoRe-WM old,pong,1,20001,-21.0
CoRe-WM old,pong,1,20819,-21.0
CoRe-WM old,pong,1,21703,-21.0
CoRe-WM old,pong,1,22461,-21.0
CoRe-WM old,pong,1,23280,-21.0
CoRe-WM old,pong,1,24101,-21.0
CoRe-WM old,pong,1,24987,-21.0
CoRe-WM old,pong,1,25868,-21.0
CoRe-WM old,pong,1,26689,-21.0
CoRe-WM old,pong,1,27511,-21.0
CoRe-WM old,pong,1,28363,-21.0
CoRe-WM old,pong,1,29182,-21.0
CoRe-WM old,pong,1,30122,-21.0
CoRe-WM old,pong,1,30960,-21.0
CoRe-WM old,pong,1,31845,-21.0
CoRe-WM old,pong,1,32859,-20.0
CoRe-WM old,pong,1,33742,-21.0
CoRe-WM old,pong,1,34936,-19.0
CoRe-WM old,pong,1,35917,-20.0
CoRe-WM old,pong,1,37007,-20.0
CoRe-WM old,pong,1,38043,-21.0
CoRe-WM old,pong,1,39304,-18.0
CoRe-WM old,pong,1,40500,-19.0
CoRe-WM old,pong,1,41569,-19.0
CoRe-WM old,pong,1,42932,-18.0
CoRe-WM old,pong,1,44468,-15.0
CoRe-WM old,pong,1,45965,-17.0
CoRe-WM old,pong,1,47718,-17.0
CoRe-WM old,pong,1,49079,-18.0
CoRe-WM old,pong,1,50537,-20.0
CoRe-WM old,pong,1,52591,-20.0
CoRe-WM old,pong,1,54502,-17.0
CoRe-WM old,pong,1,56287,-20.0
CoRe-WM old,pong,1,58293,-18.0
CoRe-WM old,pong,1,59896,-19.0
CoRe-WM old,pong,1,62216,-15.0
CoRe-WM old,pong,1,64225,-18.0
CoRe-WM old,pong,1,66614,-17.0
CoRe-WM old,pong,1,68952,-14.0
CoRe-WM old,pong,1,71622,-13.0
CoRe-WM old,pong,1,73667,-17.0
CoRe-WM old,pong,1,76335,-15.0
CoRe-WM old,pong,1,78986,-18.0
CoRe-WM old,pong,1,82100,-13.0
CoRe-WM old,pong,1,84673,-12.0
CoRe-WM old,pong,1,87571,-10.0
CoRe-WM old,pong,1,90460,-12.0
CoRe-WM old,pong,1,93713,-10.0
CoRe-WM old,pong,1,96535,-10.0
CoRe-WM old,pong,2,913,-20.0
CoRe-WM old,pong,2,1981,-20.0
CoRe-WM old,pong,2,2877,-21.0
CoRe-WM old,pong,2,3815,-21.0
CoRe-WM old,pong,2,4791,-20.0
CoRe-WM old,pong,2,5924,-18.0
CoRe-WM old,pong,2,6745,-21.0
CoRe-WM old,pong,2,7637,-21.0
CoRe-WM old,pong,2,8642,-20.0
CoRe-WM old,pong,2,9483,-21.0
CoRe-WM old,pong,2,10303,-21.0
CoRe-WM old,pong,2,11215,-21.0
CoRe-WM old,pong,2,12213,-20.0
CoRe-WM old,pong,2,13052,-20.0
CoRe-WM old,pong,2,13885,-20.0
CoRe-WM old,pong,2,14755,-20.0
CoRe-WM old,pong,2,15728,-20.0
CoRe-WM old,pong,2,16593,-20.0
CoRe-WM old,pong,2,17582,-20.0
CoRe-WM old,pong,2,18346,-21.0
CoRe-WM old,pong,2,19108,-21.0
CoRe-WM old,pong,2,19869,-21.0
CoRe-WM old,pong,2,20632,-21.0
CoRe-WM old,pong,2,21392,-21.0
CoRe-WM old,pong,2,22150,-21.0
CoRe-WM old,pong,2,23048,-20.0
CoRe-WM old,pong,2,23825,-21.0
CoRe-WM old,pong,2,24675,-21.0
CoRe-WM old,pong,2,25434,-21.0
CoRe-WM old,pong,2,26195,-21.0
CoRe-WM old,pong,2,26953,-21.0
CoRe-WM old,pong,2,27716,-21.0
CoRe-WM old,pong,2,28535,-21.0
CoRe-WM old,pong,2,29436,-20.0
CoRe-WM old,pong,2,30276,-20.0
CoRe-WM old,pong,2,31172,-20.0
CoRe-WM old,pong,2,31953,-21.0
CoRe-WM old,pong,2,33118,-19.0
CoRe-WM old,pong,2,34407,-18.0
CoRe-WM old,pong,2,35624,-19.0
CoRe-WM old,pong,2,36901,-19.0
CoRe-WM old,pong,2,37932,-18.0
CoRe-WM old,pong,2,39588,-16.0
CoRe-WM old,pong,2,40906,-17.0
CoRe-WM old,pong,2,42527,-16.0
CoRe-WM old,pong,2,44042,-19.0
CoRe-WM old,pong,2,45620,-17.0
CoRe-WM old,pong,2,47266,-19.0
CoRe-WM old,pong,2,49051,-13.0
CoRe-WM old,pong,2,50540,-15.0
CoRe-WM old,pong,2,52675,-13.0
CoRe-WM old,pong,2,54302,-15.0
CoRe-WM old,pong,2,56362,-12.0
CoRe-WM old,pong,2,58211,-14.0
CoRe-WM old,pong,2,59684,-15.0
CoRe-WM old,pong,2,61375,-15.0
CoRe-WM old,pong,2,63315,-12.0
CoRe-WM old,pong,2,65244,-14.0
CoRe-WM old,pong,2,67217,-14.0
CoRe-WM old,pong,2,69263,-12.0
CoRe-WM old,pong,2,70669,-18.0
CoRe-WM old,pong,2,72637,-13.0
CoRe-WM old,pong,2,74448,-14.0
CoRe-WM old,pong,2,75989,-15.0
CoRe-WM old,pong,2,78382,-6.0
CoRe-WM old,pong,2,80212,-14.0
CoRe-WM old,pong,2,83006,-3.0
CoRe-WM old,pong,2,84749,-17.0
CoRe-WM old,pong,2,87585,-8.0
CoRe-WM old,pong,2,90440,-10.0
CoRe-WM old,pong,2,92763,-11.0
CoRe-WM old,pong,2,96148,-6.0
CoRe-WM old,pong,2,99143,-9.0
CoRe-WM old,pong,3,950,-21.0
CoRe-WM old,pong,3,1786,-21.0
CoRe-WM old,pong,3,2868,-20.0
CoRe-WM old,pong,3,3748,-21.0
CoRe-WM old,pong,3,4691,-21.0
CoRe-WM old,pong,3,5532,-21.0
CoRe-WM old,pong,3,6508,-21.0
CoRe-WM old,pong,3,7372,-20.0
CoRe-WM old,pong,3,8329,-20.0
CoRe-WM old,pong,3,9349,-19.0
CoRe-WM old,pong,3,10174,-21.0
CoRe-WM old,pong,3,11089,-21.0
CoRe-WM old,pong,3,11975,-21.0
CoRe-WM old,pong,3,12739,-21.0
CoRe-WM old,pong,3,13501,-21.0
CoRe-WM old,pong,3,14260,-21.0
CoRe-WM old,pong,3,15021,-21.0
CoRe-WM old,pong,3,15839,-21.0
CoRe-WM old,pong,3,16867,-20.0
CoRe-WM old,pong,3,17631,-21.0
CoRe-WM old,pong,3,18389,-21.0
CoRe-WM old,pong,3,19210,-21.0
CoRe-WM old,pong,3,20034,-21.0
CoRe-WM old,pong,3,20858,-21.0
CoRe-WM old,pong,3,21681,-21.0
CoRe-WM old,pong,3,22562,-21.0
CoRe-WM old,pong,3,23321,-21.0
CoRe-WM old,pong,3,24139,-21.0
CoRe-WM old,pong,3,24903,-21.0
CoRe-WM old,pong,3,25778,-21.0
CoRe-WM old,pong,3,26757,-19.0
CoRe-WM old,pong,3,27576,-21.0
CoRe-WM old,pong,3,28382,-21.0
CoRe-WM old,pong,3,29223,-20.0
CoRe-WM old,pong,3,30010,-21.0
CoRe-WM old,pong,3,30798,-21.0
CoRe-WM old,pong,3,31635,-20.0
CoRe-WM old,pong,3,32473,-20.0
CoRe-WM old,pong,3,33236,-21.0
CoRe-WM old,pong,3,34024,-21.0
CoRe-WM old,pong,3,34846,-21.0
CoRe-WM old,pong,3,35748,-20.0
CoRe-WM old,pong,3,36711,-20.0
CoRe-WM old,pong,3,37629,-20.0
CoRe-WM old,pong,3,38914,-17.0
CoRe-WM old,pong,3,39908,-21.0
CoRe-WM old,pong,3,41547,-19.0
CoRe-WM old,pong,3,43133,-18.0
CoRe-WM old,pong,3,44898,-18.0
CoRe-WM old,pong,3,46451,-21.0
CoRe-WM old,pong,3,48285,-21.0
CoRe-WM old,pong,3,50120,-19.0
CoRe-WM old,pong,3,52352,-19.0
CoRe-WM old,pong,3,53958,-20.0
CoRe-WM old,pong,3,55663,-20.0
CoRe-WM old,pong,3,57042,-20.0
CoRe-WM old,pong,3,58775,-20.0
CoRe-WM old,pong,3,60814,-19.0
CoRe-WM old,pong,3,63618,-14.0
CoRe-WM old,pong,3,65975,-17.0
CoRe-WM old,pong,3,68385,-14.0
CoRe-WM old,pong,3,70293,-18.0
CoRe-WM old,pong,3,72468,-14.0
CoRe-WM old,pong,3,74966,-13.0
CoRe-WM old,pong,3,76985,-15.0
CoRe-WM old,pong,3,79055,-17.0
CoRe-WM old,pong,3,82051,-10.0
CoRe-WM old,pong,3,84320,-13.0
CoRe-WM old,pong,3,86123,-15.0
CoRe-WM old,pong,3,88632,-12.0
CoRe-WM old,pong,3,90956,-11.0
CoRe-WM old,pong,3,93724,-4.0
CoRe-WM old,pong,3,97298,-10.0
CoRe-WM old,pong,4,852,-21.0
CoRe-WM old,pong,4,1783,-20.0
CoRe-WM old,pong,4,2855,-21.0
CoRe-WM old,pong,4,3841,-21.0
CoRe-WM old,pong,4,4620,-21.0
CoRe-WM old,pong,4,5865,-18.0
CoRe-WM old,pong,4,6927,-19.0
CoRe-WM old,pong,4,8081,-20.0
CoRe-WM old,pong,4,8956,-21.0
CoRe-WM old,pong,4,9969,-18.0
CoRe-WM old,pong,4,10865,-20.0
CoRe-WM old,pong,4,11628,-21.0
CoRe-WM old,pong,4,12385,-21.0
CoRe-WM old,pong,4,13145,-21.0
CoRe-WM old,pong,4,13902,-21.0
CoRe-WM old,pong,4,14725,-21.0
CoRe-WM old,pong,4,15483,-21.0
CoRe-WM old,pong,4,16247,-21.0
CoRe-WM old,pong,4,17210,-20.0
CoRe-WM old,pong,4,18042,-20.0
CoRe-WM old,pong,4,18878,-20.0
CoRe-WM old,pong,4,19772,-20.0
CoRe-WM old,pong,4,20561,-21.0
CoRe-WM old,pong,4,21322,-21.0
CoRe-WM old,pong,4,22080,-21.0
CoRe-WM old,pong,4,22838,-21.0
CoRe-WM old,pong,4,23597,-21.0
CoRe-WM old,pong,4,24358,-21.0
CoRe-WM old,pong,4,25209,-21.0
CoRe-WM old,pong,4,26031,-21.0
CoRe-WM old,pong,4,26820,-21.0
CoRe-WM old,pong,4,27642,-21.0
CoRe-WM old,pong,4,28465,-21.0
CoRe-WM old,pong,4,29451,-20.0
CoRe-WM old,pong,4,30274,-21.0
CoRe-WM old,pong,4,31159,-21.0
CoRe-WM old,pong,4,31950,-21.0
CoRe-WM old,pong,4,32815,-20.0
CoRe-WM old,pong,4,33680,-20.0
CoRe-WM old,pong,4,34530,-21.0
CoRe-WM old,pong,4,35395,-20.0
CoRe-WM old,pong,4,36332,-20.0
CoRe-WM old,pong,4,37167,-21.0
CoRe-WM old,pong,4,38032,-21.0
CoRe-WM old,pong,4,38992,-21.0
CoRe-WM old,pong,4,40410,-18.0
CoRe-WM old,pong,4,41903,-18.0
CoRe-WM old,pong,4,43500,-19.0
CoRe-WM old,pong,4,45477,-14.0
CoRe-WM old,pong,4,47035,-16.0
CoRe-WM old,pong,4,49021,-16.0
CoRe-WM old,pong,4,51146,-14.0
CoRe-WM old,pong,4,52958,-16.0
CoRe-WM old,pong,4,55492,-11.0
CoRe-WM old,pong,4,57611,-16.0
CoRe-WM old,pong,4,59888,-13.0
CoRe-WM old,pong,4,62147,-14.0
CoRe-WM old,pong,4,64736,-8.0
CoRe-WM old,pong,4,67004,-15.0
CoRe-WM old,pong,4,69260,-11.0
CoRe-WM old,pong,4,71991,-7.0
CoRe-WM old,pong,4,74272,-12.0
CoRe-WM old,pong,4,77174,-5.0
CoRe-WM old,pong,4,79309,-11.0
CoRe-WM old,pong,4,81336,-16.0
CoRe-WM old,pong,4,83875,-9.0
CoRe-WM old,pong,4,86519,-7.0
CoRe-WM old,pong,4,88574,-13.0
CoRe-WM old,pong,4,91429,-7.0
CoRe-WM old,pong,4,94124,-8.0
CoRe-WM old,pong,4,96307,-11.0
CoRe-WM old,pong,4,99033,-8.0
CoRe-WM old,private_eye,0,2697,100.0
CoRe-WM old,private_eye,0,5388,100.0
CoRe-WM old,private_eye,0,8081,-1000.0
CoRe-WM old,private_eye,0,10777,-900.0
CoRe-WM old,private_eye,0,13473,0.0
CoRe-WM old,private_eye,0,16165,0.0
CoRe-WM old,private_eye,0,18860,100.0
CoRe-WM old,private_eye,0,21557,0.0
CoRe-WM old,private_eye,0,24250,100.0
CoRe-WM old,private_eye,0,26940,4047.0
CoRe-WM old,private_eye,0,29638,100.0
CoRe-WM old,private_eye,0,32330,100.0
CoRe-WM old,private_eye,0,35026,100.0
CoRe-WM old,private_eye,0,37719,100.0
CoRe-WM old,private_eye,0,40415,0.0
CoRe-WM old,private_eye,0,43108,100.0
CoRe-WM old,private_eye,0,45806,-338.0
CoRe-WM old,private_eye,0,48500,-1000.0
CoRe-WM old,private_eye,0,51191,29.0
CoRe-WM old,private_eye,0,53883,-373.0
CoRe-WM old,private_eye,0,56578,-868.0
CoRe-WM old,private_eye,0,59272,-1000.0
CoRe-WM old,private_eye,0,61969,100.0
CoRe-WM old,private_eye,0,64664,100.0
CoRe-WM old,private_eye,0,67356,100.0
CoRe-WM old,private_eye,0,70048,0.0
CoRe-WM old,private_eye,0,72740,100.0
CoRe-WM old,private_eye,0,75434,0.0
CoRe-WM old,private_eye,0,78129,100.0
CoRe-WM old,private_eye,0,80822,100.0
CoRe-WM old,private_eye,0,83520,-366.0
CoRe-WM old,private_eye,0,86212,-912.0
CoRe-WM old,private_eye,0,88904,-1000.0
CoRe-WM old,private_eye,0,91597,-837.0
CoRe-WM old,private_eye,0,94292,100.0
CoRe-WM old,private_eye,0,96986,100.0
CoRe-WM old,private_eye,0,99681,100.0
CoRe-WM old,private_eye,1,2691,100.0
CoRe-WM old,private_eye,1,5384,100.0
CoRe-WM old,private_eye,1,8075,100.0
CoRe-WM old,private_eye,1,10770,-1000.0
CoRe-WM old,private_eye,1,13461,2031.0
CoRe-WM old,private_eye,1,16155,-345.0
CoRe-WM old,private_eye,1,18848,100.0
CoRe-WM old,private_eye,1,21546,4053.0
CoRe-WM old,private_eye,1,24237,100.0
CoRe-WM old,private_eye,1,26929,100.0
CoRe-WM old,private_eye,1,29620,100.0
CoRe-WM old,private_eye,1,32314,100.0
CoRe-WM old,private_eye,1,35007,100.0
CoRe-WM old,private_eye,1,37705,100.0
CoRe-WM old,private_eye,1,40402,-1000.0
CoRe-WM old,private_eye,1,43097,200.0
CoRe-WM old,private_eye,1,45793,-127.0
CoRe-WM old,private_eye,1,48484,-100.0
CoRe-WM old,private_eye,1,51180,100.0
CoRe-WM old,private_eye,1,53873,-440.0
CoRe-WM old,private_eye,1,56566,65.0
CoRe-WM old,private_eye,1,59264,-425.0
CoRe-WM old,private_eye,1,61959,-4.0
CoRe-WM old,private_eye,1,64652,-1000.0
CoRe-WM old,private_eye,1,67348,0.0
CoRe-WM old,private_eye,1,70041,100.0
CoRe-WM old,private_eye,1,72734,-700.0
CoRe-WM old,private_eye,1,75425,-190.0
CoRe-WM old,private_eye,1,78122,4450.0
CoRe-WM old,private_eye,1,80814,-1000.0
CoRe-WM old,private_eye,1,83512,14163.0
CoRe-WM old,private_eye,1,86203,100.0
CoRe-WM old,private_eye,1,88895,0.0
CoRe-WM old,private_eye,1,91592,0.0
CoRe-WM old,private_eye,1,94288,0.0
CoRe-WM old,private_eye,1,96982,85.0
CoRe-WM old,private_eye,1,99677,-464.0
CoRe-WM old,private_eye,2,2690,100.0
CoRe-WM old,private_eye,2,5388,-151.0
CoRe-WM old,private_eye,2,8081,100.0
CoRe-WM old,private_eye,2,10773,100.0
CoRe-WM old,private_eye,2,13464,100.0
CoRe-WM old,private_eye,2,16161,0.0
CoRe-WM old,private_eye,2,18857,100.0
CoRe-WM old,private_eye,2,21551,100.0
CoRe-WM old,private_eye,2,24244,100.0
CoRe-WM old,private_eye,2,26938,100.0
CoRe-WM old,private_eye,2,29631,100.0
CoRe-WM old,private_eye,2,32321,100.0
CoRe-WM old,private_eye,2,35014,100.0
CoRe-WM old,private_eye,2,37709,100.0
CoRe-WM old,private_eye,2,40404,100.0
CoRe-WM old,private_eye,2,43101,100.0
CoRe-WM old,private_eye,2,45794,100.0
CoRe-WM old,private_eye,2,48488,100.0
CoRe-WM old,private_eye,2,51182,100.0
CoRe-WM old,private_eye,2,53875,100.0
CoRe-WM old,private_eye,2,56572,-1000.0
CoRe-WM old,private_eye,2,59264,100.0
CoRe-WM old,private_eye,2,61960,0.0
CoRe-WM old,private_eye,2,64652,100.0
CoRe-WM old,private_eye,2,67348,100.0
CoRe-WM old,private_eye,2,70045,100.0
CoRe-WM old,private_eye,2,72740,100.0
CoRe-WM old,private_eye,2,75436,100.0
CoRe-WM old,private_eye,2,78128,100.0
CoRe-WM old,private_eye,2,80820,100.0
CoRe-WM old,private_eye,2,83514,100.0
CoRe-WM old,private_eye,2,86207,100.0
CoRe-WM old,private_eye,2,88902,100.0
CoRe-WM old,private_eye,2,91594,100.0
CoRe-WM old,private_eye,2,94284,100.0
CoRe-WM old,private_eye,2,96977,100.0
CoRe-WM old,private_eye,2,99668,100.0
CoRe-WM old,private_eye,3,2695,100.0
CoRe-WM old,private_eye,3,5391,0.0
CoRe-WM old,private_eye,3,8085,100.0
CoRe-WM old,private_eye,3,10777,-1000.0
CoRe-WM old,private_eye,3,13474,100.0
CoRe-WM old,private_eye,3,16166,0.0
CoRe-WM old,private_eye,3,18857,100.0
CoRe-WM old,private_eye,3,21554,0.0
CoRe-WM old,private_eye,3,24248,100.0
CoRe-WM old,private_eye,3,26942,100.0
CoRe-WM old,private_eye,3,29636,-1000.0
CoRe-WM old,private_eye,3,32329,0.0
CoRe-WM old,private_eye,3,35025,0.0
CoRe-WM old,private_eye,3,37719,100.0
CoRe-WM old,private_eye,3,40412,100.0
CoRe-WM old,private_eye,3,43103,100.0
CoRe-WM old,private_eye,3,45797,0.0
CoRe-WM old,private_eye,3,48495,100.0
CoRe-WM old,private_eye,3,51190,100.0
CoRe-WM old,private_eye,3,53884,100.0
CoRe-WM old,private_eye,3,56576,100.0
CoRe-WM old,private_eye,3,59273,100.0
CoRe-WM old,private_eye,3,61965,100.0
CoRe-WM old,private_eye,3,64660,100.0
CoRe-WM old,private_eye,3,67357,100.0
CoRe-WM old,private_eye,3,70051,0.0
CoRe-WM old,private_eye,3,72741,0.0
CoRe-WM old,private_eye,3,75436,100.0
CoRe-WM old,private_eye,3,78126,100.0
CoRe-WM old,private_eye,3,80822,100.0
CoRe-WM old,private_eye,3,83517,-600.0
CoRe-WM old,private_eye,3,86210,100.0
CoRe-WM old,private_eye,3,88908,-900.0
CoRe-WM old,private_eye,3,91604,100.0
CoRe-WM old,private_eye,3,94301,100.0
CoRe-WM old,private_eye,3,96998,100.0
CoRe-WM old,private_eye,3,99692,100.0
CoRe-WM old,private_eye,4,2695,0.0
CoRe-WM old,private_eye,4,5386,14000.0
CoRe-WM old,private_eye,4,8083,44.0
CoRe-WM old,private_eye,4,10774,4100.0
CoRe-WM old,private_eye,4,13469,4000.0
CoRe-WM old,private_eye,4,16167,4030.0
CoRe-WM old,private_eye,4,18859,4000.0
CoRe-WM old,private_eye,4,21550,-360.0
CoRe-WM old,private_eye,4,24246,61.0
CoRe-WM old,private_eye,4,26940,-112.0
CoRe-WM old,private_eye,4,29633,-900.0
CoRe-WM old,private_eye,4,32324,-339.0
CoRe-WM old,private_eye,4,35016,-236.0
CoRe-WM old,private_eye,4,37713,4557.0
CoRe-WM old,private_eye,4,40403,4204.0
CoRe-WM old,private_eye,4,43099,4092.0
CoRe-WM old,private_eye,4,45792,4240.0
CoRe-WM old,private_eye,4,48487,3849.0
CoRe-WM old,private_eye,4,51181,3937.0
CoRe-WM old,private_eye,4,53873,3649.0
CoRe-WM old,private_eye,4,56571,1857.0
CoRe-WM old,private_eye,4,59264,4000.0
CoRe-WM old,private_eye,4,61960,3188.0
CoRe-WM old,private_eye,4,64653,3613.0
CoRe-WM old,private_eye,4,67343,1711.0
CoRe-WM old,private_eye,4,70038,-785.0
CoRe-WM old,private_eye,4,72734,100.0
CoRe-WM old,private_eye,4,75429,742.0
CoRe-WM old,private_eye,4,78120,3281.0
CoRe-WM old,private_eye,4,80818,3868.0
CoRe-WM old,private_eye,4,83513,100.0
CoRe-WM old,private_eye,4,86205,-1000.0
CoRe-WM old,private_eye,4,88903,100.0
CoRe-WM old,private_eye,4,91598,863.0
CoRe-WM old,private_eye,4,94289,3659.0
CoRe-WM old,private_eye,4,96980,4582.0
CoRe-WM old,private_eye,4,99676,2122.0
CoRe-WM old,qbert,0,316,425.0
CoRe-WM old,qbert,0,603,0.0
CoRe-WM old,qbert,0,939,175.0
CoRe-WM old,qbert,0,1261,150.0
CoRe-WM old,qbert,0,1584,75.0
CoRe-WM old,qbert,0,1896,75.0
CoRe-WM old,qbert,0,2198,50.0
CoRe-WM old,qbert,0,2485,0.0
CoRe-WM old,qbert,0,2880,275.0
CoRe-WM old,qbert,0,3253,200.0
CoRe-WM old,qbert,0,3544,25.0
CoRe-WM old,qbert,0,3877,125.0
CoRe-WM old,qbert,0,4198,150.0
CoRe-WM old,qbert,0,4496,25.0
CoRe-WM old,qbert,0,4831,150.0
CoRe-WM old,qbert,0,5180,225.0
CoRe-WM old,qbert,0,5482,200.0
CoRe-WM old,qbert,0,5856,225.0
CoRe-WM old,qbert,0,6095,25.0
CoRe-WM old,qbert,0,6386,150.0
CoRe-WM old,qbert,0,6766,150.0
CoRe-WM old,qbert,0,7071,50.0
CoRe-WM old,qbert,0,7357,25.0
CoRe-WM old,qbert,0,7804,650.0
CoRe-WM old,qbert,0,8321,350.0
CoRe-WM old,qbert,0,8637,75.0
CoRe-WM old,qbert,0,9166,325.0
CoRe-WM old,qbert,0,9477,200.0
CoRe-WM old,qbert,0,9870,675.0
CoRe-WM old,qbert,0,10232,300.0
CoRe-WM old,qbert,0,10499,150.0
CoRe-WM old,qbert,0,10831,225.0
CoRe-WM old,qbert,0,11163,150.0
CoRe-WM old,qbert,0,11499,250.0
CoRe-WM old,qbert,0,11877,150.0
CoRe-WM old,qbert,0,12176,250.0
CoRe-WM old,qbert,0,12500,200.0
CoRe-WM old,qbert,0,12824,150.0
CoRe-WM old,qbert,0,13144,150.0
CoRe-WM old,qbert,0,13467,200.0
CoRe-WM old,qbert,0,13788,150.0
CoRe-WM old,qbert,0,14111,150.0
CoRe-WM old,qbert,0,14465,150.0
CoRe-WM old,qbert,0,14794,150.0
CoRe-WM old,qbert,0,15262,350.0
CoRe-WM old,qbert,0,15629,250.0
CoRe-WM old,qbert,0,15971,275.0
CoRe-WM old,qbert,0,16335,275.0
CoRe-WM old,qbert,0,16699,225.0
CoRe-WM old,qbert,0,17157,275.0
CoRe-WM old,qbert,0,17531,225.0
CoRe-WM old,qbert,0,17973,325.0
CoRe-WM old,qbert,0,18418,350.0
CoRe-WM old,qbert,0,18898,675.0
CoRe-WM old,qbert,0,19272,275.0
CoRe-WM old,qbert,0,19596,225.0
CoRe-WM old,qbert,0,19930,275.0
CoRe-WM old,qbert,0,20262,175.0
CoRe-WM old,qbert,0,20583,275.0
CoRe-WM old,qbert,0,20863,175.0
CoRe-WM old,qbert,0,21165,300.0
CoRe-WM old,qbert,0,21462,250.0
CoRe-WM old,qbert,0,21758,300.0
CoRe-WM old,qbert,0,22171,375.0
CoRe-WM old,qbert,0,22504,275.0
CoRe-WM old,qbert,0,22817,275.0
CoRe-WM old,qbert,0,23148,275.0
CoRe-WM old,qbert,0,23448,325.0
CoRe-WM old,qbert,0,23745,225.0
CoRe-WM old,qbert,0,24041,250.0
CoRe-WM old,qbert,0,24347,225.0
CoRe-WM old,qbert,0,24648,300.0
CoRe-WM old,qbert,0,25021,425.0
CoRe-WM old,qbert,0,25317,325.0
CoRe-WM old,qbert,0,25801,425.0
CoRe-WM old,qbert,0,26319,400.0
CoRe-WM old,qbert,0,26604,250.0
CoRe-WM old,qbert,0,26967,325.0
CoRe-WM old,qbert,0,27262,350.0
CoRe-WM old,qbert,0,27620,250.0
CoRe-WM old,qbert,0,27980,250.0
CoRe-WM old,qbert,0,28278,250.0
CoRe-WM old,qbert,0,28642,250.0
CoRe-WM old,qbert,0,28944,350.0
CoRe-WM old,qbert,0,29422,325.0
CoRe-WM old,qbert,0,29724,300.0
CoRe-WM old,qbert,0,30022,350.0
CoRe-WM old,qbert,0,30428,325.0
CoRe-WM old,qbert,0,30804,400.0
CoRe-WM old,qbert,0,31205,425.0
CoRe-WM old,qbert,0,31505,275.0
CoRe-WM old,qbert,0,31894,350.0
CoRe-WM old,qbert,0,32358,675.0
CoRe-WM old,qbert,0,32756,375.0
CoRe-WM old,qbert,0,33176,425.0
CoRe-WM old,qbert,0,33544,700.0
CoRe-WM old,qbert,0,33965,650.0
CoRe-WM old,qbert,0,34404,350.0
CoRe-WM old,qbert,0,34822,350.0
CoRe-WM old,qbert,0,35176,300.0
CoRe-WM old,qbert,0,35572,375.0
CoRe-WM old,qbert,0,36063,600.0
CoRe-WM old,qbert,0,36606,275.0
CoRe-WM old,qbert,0,36965,275.0
CoRe-WM old,qbert,0,37366,400.0
CoRe-WM old,qbert,0,37694,300.0
CoRe-WM old,qbert,0,38117,275.0
CoRe-WM old,qbert,0,38486,375.0
CoRe-WM old,qbert,0,38863,375.0
CoRe-WM old,qbert,0,39282,700.0
CoRe-WM old,qbert,0,39579,350.0
CoRe-WM old,qbert,0,39986,575.0
CoRe-WM old,qbert,0,40403,650.0
CoRe-WM old,qbert,0,40762,350.0
CoRe-WM old,qbert,0,41278,425.0
CoRe-WM old,qbert,0,41701,650.0
CoRe-WM old,qbert,0,42106,750.0
CoRe-WM old,qbert,0,42497,300.0
CoRe-WM old,qbert,0,42924,675.0
CoRe-WM old,qbert,0,43339,650.0
CoRe-WM old,qbert,0,43990,500.0
CoRe-WM old,qbert,0,44421,675.0
CoRe-WM old,qbert,0,44856,350.0
CoRe-WM old,qbert,0,45291,375.0
CoRe-WM old,qbert,0,45667,675.0
CoRe-WM old,qbert,0,46156,700.0
CoRe-WM old,qbert,0,46611,700.0
CoRe-WM old,qbert,0,47259,725.0
CoRe-WM old,qbert,0,47685,600.0
CoRe-WM old,qbert,0,48110,700.0
CoRe-WM old,qbert,0,48472,650.0
CoRe-WM old,qbert,0,48896,650.0
CoRe-WM old,qbert,0,49333,425.0
CoRe-WM old,qbert,0,49762,750.0
CoRe-WM old,qbert,0,50249,575.0
CoRe-WM old,qbert,0,50682,675.0
CoRe-WM old,qbert,0,51046,575.0
CoRe-WM old,qbert,0,51444,675.0
CoRe-WM old,qbert,0,51886,725.0
CoRe-WM old,qbert,0,52319,725.0
CoRe-WM old,qbert,0,52768,725.0
CoRe-WM old,qbert,0,53199,675.0
CoRe-WM old,qbert,0,53692,675.0
CoRe-WM old,qbert,0,54225,700.0
CoRe-WM old,qbert,0,54687,700.0
CoRe-WM old,qbert,0,55157,675.0
CoRe-WM old,qbert,0,55524,600.0
CoRe-WM old,qbert,0,55946,675.0
CoRe-WM old,qbert,0,56366,650.0
CoRe-WM old,qbert,0,56777,600.0
CoRe-WM old,qbert,0,57379,700.0
CoRe-WM old,qbert,0,57741,600.0
CoRe-WM old,qbert,0,58245,700.0
CoRe-WM old,qbert,0,58653,625.0
CoRe-WM old,qbert,0,59067,350.0
CoRe-WM old,qbert,0,59549,750.0
CoRe-WM old,qbert,0,59984,725.0
CoRe-WM old,qbert,0,60330,600.0
CoRe-WM old,qbert,0,60725,600.0
CoRe-WM old,qbert,0,61223,725.0
CoRe-WM old,qbert,0,61656,700.0
CoRe-WM old,qbert,0,62215,725.0
CoRe-WM old,qbert,0,62577,650.0
CoRe-WM old,qbert,0,63148,775.0
CoRe-WM old,qbert,0,63547,725.0
CoRe-WM old,qbert,0,63975,675.0
CoRe-WM old,qbert,0,64521,700.0
CoRe-WM old,qbert,0,65030,725.0
CoRe-WM old,qbert,0,65499,725.0
CoRe-WM old,qbert,0,65997,725.0
CoRe-WM old,qbert,0,66580,700.0
CoRe-WM old,qbert,0,67012,700.0
CoRe-WM old,qbert,0,67558,700.0
CoRe-WM old,qbert,0,68078,725.0
CoRe-WM old,qbert,0,68491,750.0
CoRe-WM old,qbert,0,68895,725.0
CoRe-WM old,qbert,0,69373,775.0
CoRe-WM old,qbert,0,69947,775.0
CoRe-WM old,qbert,0,70644,1275.0
CoRe-WM old,qbert,0,71154,775.0
CoRe-WM old,qbert,0,71565,625.0
CoRe-WM old,qbert,0,71998,725.0
CoRe-WM old,qbert,0,72423,675.0
CoRe-WM old,qbert,0,72989,775.0
CoRe-WM old,qbert,0,73463,800.0
CoRe-WM old,qbert,0,73914,725.0
CoRe-WM old,qbert,0,74339,650.0
CoRe-WM old,qbert,0,74736,675.0
CoRe-WM old,qbert,0,75253,725.0
CoRe-WM old,qbert,0,75702,725.0
CoRe-WM old,qbert,0,76277,725.0
CoRe-WM old,qbert,0,76749,725.0
CoRe-WM old,qbert,0,77167,725.0
CoRe-WM old,qbert,0,77615,725.0
CoRe-WM old,qbert,0,78112,650.0
CoRe-WM old,qbert,0,78508,700.0
CoRe-WM old,qbert,0,78886,550.0
CoRe-WM old,qbert,0,79379,775.0
CoRe-WM old,qbert,0,79765,350.0
CoRe-WM old,qbert,0,80188,725.0
CoRe-WM old,qbert,0,80569,725.0
CoRe-WM old,qbert,0,80949,750.0
CoRe-WM old,qbert,0,81499,775.0
CoRe-WM old,qbert,0,81913,675.0
CoRe-WM old,qbert,0,82292,700.0
CoRe-WM old,qbert,0,82730,675.0
CoRe-WM old,qbert,0,83169,750.0
CoRe-WM old,qbert,0,83715,725.0
CoRe-WM old,qbert,0,84264,750.0
CoRe-WM old,qbert,0,84844,825.0
CoRe-WM old,qbert,0,85254,700.0
CoRe-WM old,qbert,0,85615,725.0
CoRe-WM old,qbert,0,86127,750.0
CoRe-WM old,qbert,0,86596,725.0
CoRe-WM old,qbert,0,87024,700.0
CoRe-WM old,qbert,0,87587,800.0
CoRe-WM old,qbert,0,88080,750.0
CoRe-WM old,qbert,0,88610,725.0
CoRe-WM old,qbert,0,88999,675.0
CoRe-WM old,qbert,0,89550,750.0
CoRe-WM old,qbert,0,90009,675.0
CoRe-WM old,qbert,0,90390,725.0
CoRe-WM old,qbert,0,90787,700.0
CoRe-WM old,qbert,0,91342,775.0
CoRe-WM old,qbert,0,91747,725.0
CoRe-WM old,qbert,0,92230,750.0
CoRe-WM old,qbert,0,92811,725.0
CoRe-WM old,qbert,0,93341,725.0
CoRe-WM old,qbert,0,93947,1250.0
CoRe-WM old,qbert,0,94383,725.0
CoRe-WM old,qbert,0,94810,725.0
CoRe-WM old,qbert,0,95254,750.0
CoRe-WM old,qbert,0,95647,675.0
CoRe-WM old,qbert,0,96203,750.0
CoRe-WM old,qbert,0,96665,675.0
CoRe-WM old,qbert,0,97215,800.0
CoRe-WM old,qbert,0,97697,725.0
CoRe-WM old,qbert,0,98114,625.0
CoRe-WM old,qbert,0,98544,750.0
CoRe-WM old,qbert,0,99035,800.0
CoRe-WM old,qbert,0,99490,700.0
CoRe-WM old,qbert,0,99982,725.0
CoRe-WM old,qbert,1,342,125.0
CoRe-WM old,qbert,1,646,100.0
CoRe-WM old,qbert,1,971,150.0
CoRe-WM old,qbert,1,1426,650.0
CoRe-WM old,qbert,1,1825,600.0
CoRe-WM old,qbert,1,2109,100.0
CoRe-WM old,qbert,1,2406,75.0
CoRe-WM old,qbert,1,2906,250.0
CoRe-WM old,qbert,1,3243,175.0
CoRe-WM old,qbert,1,3536,25.0
CoRe-WM old,qbert,1,3895,150.0
CoRe-WM old,qbert,1,4191,50.0
CoRe-WM old,qbert,1,4555,225.0
CoRe-WM old,qbert,1,4876,125.0
CoRe-WM old,qbert,1,5192,125.0
CoRe-WM old,qbert,1,5522,150.0
CoRe-WM old,qbert,1,5855,200.0
CoRe-WM old,qbert,1,6168,50.0
CoRe-WM old,qbert,1,6457,125.0
CoRe-WM old,qbert,1,6746,25.0
CoRe-WM old,qbert,1,7062,75.0
CoRe-WM old,qbert,1,7352,0.0
CoRe-WM old,qbert,1,7672,175.0
CoRe-WM old,qbert,1,8005,125.0
CoRe-WM old,qbert,1,8289,0.0
CoRe-WM old,qbert,1,8573,0.0
CoRe-WM old,qbert,1,8825,50.0
CoRe-WM old,qbert,1,9109,25.0
CoRe-WM old,qbert,1,9409,100.0
CoRe-WM old,qbert,1,9800,275.0
CoRe-WM old,qbert,1,10178,275.0
CoRe-WM old,qbert,1,10509,125.0
CoRe-WM old,qbert,1,10793,125.0
CoRe-WM old,qbert,1,11131,250.0
CoRe-WM old,qbert,1,11386,125.0
CoRe-WM old,qbert,1,11761,175.0
CoRe-WM old,qbert,1,12095,150.0
CoRe-WM old,qbert,1,12460,250.0
CoRe-WM old,qbert,1,12834,225.0
CoRe-WM old,qbert,1,13211,275.0
CoRe-WM old,qbert,1,13658,300.0
CoRe-WM old,qbert,1,14002,100.0
CoRe-WM old,qbert,1,14473,150.0
CoRe-WM old,qbert,1,15001,450.0
CoRe-WM old,qbert,1,15364,125.0
CoRe-WM old,qbert,1,15861,200.0
CoRe-WM old,qbert,1,16287,325.0
CoRe-WM old,qbert,1,16661,250.0
CoRe-WM old,qbert,1,17042,150.0
CoRe-WM old,qbert,1,17459,200.0
CoRe-WM old,qbert,1,17865,275.0
CoRe-WM old,qbert,1,18387,275.0
CoRe-WM old,qbert,1,18817,250.0
CoRe-WM old,qbert,1,19354,350.0
CoRe-WM old,qbert,1,19870,300.0
CoRe-WM old,qbert,1,20485,325.0
CoRe-WM old,qbert,1,20959,225.0
CoRe-WM old,qbert,1,21639,275.0
CoRe-WM old,qbert,1,22148,150.0
CoRe-WM old,qbert,1,22760,200.0
CoRe-WM old,qbert,1,23403,250.0
CoRe-WM old,qbert,1,23941,350.0
CoRe-WM old,qbert,1,24421,425.0
CoRe-WM old,qbert,1,24755,275.0
CoRe-WM old,qbert,1,25136,375.0
CoRe-WM old,qbert,1,25441,350.0
CoRe-WM old,qbert,1,25754,250.0
CoRe-WM old,qbert,1,26126,375.0
CoRe-WM old,qbert,1,26427,375.0
CoRe-WM old,qbert,1,26790,250.0
CoRe-WM old,qbert,1,27086,200.0
CoRe-WM old,qbert,1,27382,250.0
CoRe-WM old,qbert,1,27682,300.0
CoRe-WM old,qbert,1,27991,275.0
CoRe-WM old,qbert,1,28297,250.0
CoRe-WM old,qbert,1,28601,375.0
CoRe-WM old,qbert,1,28962,325.0
CoRe-WM old,qbert,1,29396,275.0
CoRe-WM old,qbert,1,29784,375.0
CoRe-WM old,qbert,1,30154,250.0
CoRe-WM old,qbert,1,30460,300.0
CoRe-WM old,qbert,1,30759,350.0
CoRe-WM old,qbert,1,31077,275.0
CoRe-WM old,qbert,1,31379,250.0
CoRe-WM old,qbert,1,31683,325.0
CoRe-WM old,qbert,1,31988,350.0
CoRe-WM old,qbert,1,32289,350.0
CoRe-WM old,qbert,1,32622,375.0
CoRe-WM old,qbert,1,32936,350.0
CoRe-WM old,qbert,1,33248,300.0
CoRe-WM old,qbert,1,33553,325.0
CoRe-WM old,qbert,1,33862,225.0
CoRe-WM old,qbert,1,34162,300.0
CoRe-WM old,qbert,1,34460,325.0
CoRe-WM old,qbert,1,34773,300.0
CoRe-WM old,qbert,1,35074,150.0
CoRe-WM old,qbert,1,35378,325.0
CoRe-WM old,qbert,1,35716,250.0
CoRe-WM old,qbert,1,36036,250.0
CoRe-WM old,qbert,1,36365,275.0
CoRe-WM old,qbert,1,36801,400.0
CoRe-WM old,qbert,1,37217,400.0
CoRe-WM old,qbert,1,37517,350.0
CoRe-WM old,qbert,1,37813,325.0
CoRe-WM old,qbert,1,38163,375.0
CoRe-WM old,qbert,1,38625,500.0
CoRe-WM old,qbert,1,39035,350.0
CoRe-WM old,qbert,1,39402,325.0
CoRe-WM old,qbert,1,39800,700.0
CoRe-WM old,qbert,1,40282,425.0
CoRe-WM old,qbert,1,40724,675.0
CoRe-WM old,qbert,1,41039,375.0
CoRe-WM old,qbert,1,41331,325.0
CoRe-WM old,qbert,1,41651,375.0
CoRe-WM old,qbert,1,41955,350.0
CoRe-WM old,qbert,1,42279,300.0
CoRe-WM old,qbert,1,42575,275.0
CoRe-WM old,qbert,1,42863,325.0
CoRe-WM old,qbert,1,43161,300.0
CoRe-WM old,qbert,1,43456,325.0
CoRe-WM old,qbert,1,43753,275.0
CoRe-WM old,qbert,1,44039,300.0
CoRe-WM old,qbert,1,44399,375.0
CoRe-WM old,qbert,1,44692,275.0
CoRe-WM old,qbert,1,44983,275.0
CoRe-WM old,qbert,1,45303,250.0
CoRe-WM old,qbert,1,45649,275.0
CoRe-WM old,qbert,1,45949,300.0
CoRe-WM old,qbert,1,46246,350.0
CoRe-WM old,qbert,1,46545,225.0
CoRe-WM old,qbert,1,46930,375.0
CoRe-WM old,qbert,1,47219,300.0
CoRe-WM old,qbert,1,47510,300.0
CoRe-WM old,qbert,1,47891,400.0
CoRe-WM old,qbert,1,48258,350.0
CoRe-WM old,qbert,1,48611,325.0
CoRe-WM old,qbert,1,48928,350.0
CoRe-WM old,qbert,1,49269,300.0
CoRe-WM old,qbert,1,49625,350.0
CoRe-WM old,qbert,1,50016,350.0
CoRe-WM old,qbert,1,50560,700.0
CoRe-WM old,qbert,1,50969,400.0
CoRe-WM old,qbert,1,51293,325.0
CoRe-WM old,qbert,1,51611,350.0
CoRe-WM old,qbert,1,52002,375.0
CoRe-WM old,qbert,1,52597,425.0
CoRe-WM old,qbert,1,52986,375.0
CoRe-WM old,qbert,1,53409,425.0
CoRe-WM old,qbert,1,53855,550.0
CoRe-WM old,qbert,1,54289,650.0
CoRe-WM old,qbert,1,54769,700.0
CoRe-WM old,qbert,1,55270,650.0
CoRe-WM old,qbert,1,55736,750.0
CoRe-WM old,qbert,1,56154,750.0
CoRe-WM old,qbert,1,56575,475.0
CoRe-WM old,qbert,1,57003,750.0
CoRe-WM old,qbert,1,57373,350.0
CoRe-WM old,qbert,1,57798,725.0
CoRe-WM old,qbert,1,58263,525.0
CoRe-WM old,qbert,1,58734,350.0
CoRe-WM old,qbert,1,59159,700.0
CoRe-WM old,qbert,1,59586,400.0
CoRe-WM old,qbert,1,59994,675.0
CoRe-WM old,qbert,1,60462,700.0
CoRe-WM old,qbert,1,60924,625.0
CoRe-WM old,qbert,1,61319,675.0
CoRe-WM old,qbert,1,61738,725.0
CoRe-WM old,qbert,1,62121,600.0
CoRe-WM old,qbert,1,62548,675.0
CoRe-WM old,qbert,1,63125,475.0
CoRe-WM old,qbert,1,63594,425.0
CoRe-WM old,qbert,1,63991,400.0
CoRe-WM old,qbert,1,64409,700.0
CoRe-WM old,qbert,1,65026,675.0
CoRe-WM old,qbert,1,65663,425.0
CoRe-WM old,qbert,1,66143,775.0
CoRe-WM old,qbert,1,66674,675.0
CoRe-WM old,qbert,1,67018,675.0
CoRe-WM old,qbert,1,67487,725.0
CoRe-WM old,qbert,1,67908,450.0
CoRe-WM old,qbert,1,68252,325.0
CoRe-WM old,qbert,1,68699,725.0
CoRe-WM old,qbert,1,69210,625.0
CoRe-WM old,qbert,1,69608,650.0
CoRe-WM old,qbert,1,69994,575.0
CoRe-WM old,qbert,1,70448,675.0
CoRe-WM old,qbert,1,70890,725.0
CoRe-WM old,qbert,1,71301,725.0
CoRe-WM old,qbert,1,71652,300.0
CoRe-WM old,qbert,1,72063,675.0
CoRe-WM old,qbert,1,72599,1225.0
CoRe-WM old,qbert,1,73120,375.0
CoRe-WM old,qbert,1,73519,625.0
CoRe-WM old,qbert,1,74035,750.0
CoRe-WM old,qbert,1,74680,700.0
CoRe-WM old,qbert,1,75103,375.0
CoRe-WM old,qbert,1,75563,425.0
CoRe-WM old,qbert,1,76015,750.0
CoRe-WM old,qbert,1,76553,775.0
CoRe-WM old,qbert,1,77175,750.0
CoRe-WM old,qbert,1,77646,725.0
CoRe-WM old,qbert,1,78082,750.0
CoRe-WM old,qbert,1,78604,775.0
CoRe-WM old,qbert,1,79002,675.0
CoRe-WM old,qbert,1,79489,725.0
CoRe-WM old,qbert,1,79928,775.0
CoRe-WM old,qbert,1,80370,700.0
CoRe-WM old,qbert,1,80974,500.0
CoRe-WM old,qbert,1,81454,725.0
CoRe-WM old,qbert,1,81911,750.0
CoRe-WM old,qbert,1,82430,750.0
CoRe-WM old,qbert,1,82902,750.0
CoRe-WM old,qbert,1,83375,675.0
CoRe-WM old,qbert,1,83852,700.0
CoRe-WM old,qbert,1,84518,800.0
CoRe-WM old,qbert,1,85058,1250.0
CoRe-WM old,qbert,1,85508,775.0
CoRe-WM old,qbert,1,86034,750.0
CoRe-WM old,qbert,1,86555,700.0
CoRe-WM old,qbert,1,87082,800.0
CoRe-WM old,qbert,1,87552,475.0
CoRe-WM old,qbert,1,87987,650.0
CoRe-WM old,qbert,1,88684,750.0
CoRe-WM old,qbert,1,89198,750.0
CoRe-WM old,qbert,1,89578,675.0
CoRe-WM old,qbert,1,90022,675.0
CoRe-WM old,qbert,1,90597,800.0
CoRe-WM old,qbert,1,91102,675.0
CoRe-WM old,qbert,1,91660,650.0
CoRe-WM old,qbert,1,92202,650.0
CoRe-WM old,qbert,1,92652,675.0
CoRe-WM old,qbert,1,93314,800.0
CoRe-WM old,qbert,1,93718,725.0
CoRe-WM old,qbert,1,94393,1225.0
CoRe-WM old,qbert,1,95009,775.0
CoRe-WM old,qbert,1,95583,800.0
CoRe-WM old,qbert,1,96035,700.0
CoRe-WM old,qbert,1,96796,775.0
CoRe-WM old,qbert,1,97447,1300.0
CoRe-WM old,qbert,1,97931,725.0
CoRe-WM old,qbert,1,98556,1300.0
CoRe-WM old,qbert,1,98992,775.0
CoRe-WM old,qbert,1,99341,750.0
CoRe-WM old,qbert,1,99854,775.0
CoRe-WM old,qbert,2,344,100.0
CoRe-WM old,qbert,2,711,425.0
CoRe-WM old,qbert,2,990,0.0
CoRe-WM old,qbert,2,1273,0.0
CoRe-WM old,qbert,2,1667,250.0
CoRe-WM old,qbert,2,1958,25.0
CoRe-WM old,qbert,2,2279,150.0
CoRe-WM old,qbert,2,2539,75.0
CoRe-WM old,qbert,2,2837,50.0
CoRe-WM old,qbert,2,3171,200.0
CoRe-WM old,qbert,2,3456,25.0
CoRe-WM old,qbert,2,3909,325.0
CoRe-WM old,qbert,2,4157,25.0
CoRe-WM old,qbert,2,4483,75.0
CoRe-WM old,qbert,2,4863,525.0
CoRe-WM old,qbert,2,5147,0.0
CoRe-WM old,qbert,2,5433,100.0
CoRe-WM old,qbert,2,5764,300.0
CoRe-WM old,qbert,2,6045,0.0
CoRe-WM old,qbert,2,6323,0.0
CoRe-WM old,qbert,2,6640,100.0
CoRe-WM old,qbert,2,6943,125.0
CoRe-WM old,qbert,2,7224,100.0
CoRe-WM old,qbert,2,7545,75.0
CoRe-WM old,qbert,2,7841,50.0
CoRe-WM old,qbert,2,8139,50.0
CoRe-WM old,qbert,2,8456,100.0
CoRe-WM old,qbert,2,8788,150.0
CoRe-WM old,qbert,2,9079,25.0
CoRe-WM old,qbert,2,9393,325.0
CoRe-WM old,qbert,2,9818,250.0
CoRe-WM old,qbert,2,10074,125.0
CoRe-WM old,qbert,2,10392,300.0
CoRe-WM old,qbert,2,10681,125.0
CoRe-WM old,qbert,2,11046,350.0
CoRe-WM old,qbert,2,11352,250.0
CoRe-WM old,qbert,2,11652,275.0
CoRe-WM old,qbert,2,12033,350.0
CoRe-WM old,qbert,2,12304,175.0
CoRe-WM old,qbert,2,12606,225.0
CoRe-WM old,qbert,2,12905,225.0
CoRe-WM old,qbert,2,13230,225.0
CoRe-WM old,qbert,2,13556,150.0
CoRe-WM old,qbert,2,13855,250.0
CoRe-WM old,qbert,2,14181,225.0
CoRe-WM old,qbert,2,14499,250.0
CoRe-WM old,qbert,2,14863,325.0
CoRe-WM old,qbert,2,15168,200.0
CoRe-WM old,qbert,2,15468,350.0
CoRe-WM old,qbert,2,15826,400.0
CoRe-WM old,qbert,2,16127,325.0
CoRe-WM old,qbert,2,16425,300.0
CoRe-WM old,qbert,2,16711,200.0
CoRe-WM old,qbert,2,17007,350.0
CoRe-WM old,qbert,2,17372,250.0
CoRe-WM old,qbert,2,17734,350.0
CoRe-WM old,qbert,2,18078,300.0
CoRe-WM old,qbert,2,18379,350.0
CoRe-WM old,qbert,2,18691,350.0
CoRe-WM old,qbert,2,18991,325.0
CoRe-WM old,qbert,2,19303,350.0
CoRe-WM old,qbert,2,19603,350.0
CoRe-WM old,qbert,2,19960,350.0
CoRe-WM old,qbert,2,20256,350.0
CoRe-WM old,qbert,2,20553,350.0
CoRe-WM old,qbert,2,20850,350.0
CoRe-WM old,qbert,2,21150,350.0
CoRe-WM old,qbert,2,21444,325.0
CoRe-WM old,qbert,2,21744,300.0
CoRe-WM old,qbert,2,22041,325.0
CoRe-WM old,qbert,2,22403,425.0
CoRe-WM old,qbert,2,22705,350.0
CoRe-WM old,qbert,2,23022,300.0
CoRe-WM old,qbert,2,23319,275.0
CoRe-WM old,qbert,2,23601,300.0
CoRe-WM old,qbert,2,23886,275.0
CoRe-WM old,qbert,2,24168,300.0
CoRe-WM old,qbert,2,24470,350.0
CoRe-WM old,qbert,2,24766,300.0
CoRe-WM old,qbert,2,25069,300.0
CoRe-WM old,qbert,2,25349,300.0
CoRe-WM old,qbert,2,25647,325.0
CoRe-WM old,qbert,2,25949,325.0
CoRe-WM old,qbert,2,26269,350.0
CoRe-WM old,qbert,2,26626,400.0
CoRe-WM old,qbert,2,26923,350.0
CoRe-WM old,qbert,2,27223,325.0
CoRe-WM old,qbert,2,27521,350.0
CoRe-WM old,qbert,2,27821,325.0
CoRe-WM old,qbert,2,28200,325.0
CoRe-WM old,qbert,2,28499,350.0
CoRe-WM old,qbert,2,28862,325.0
CoRe-WM old,qbert,2,29160,275.0
CoRe-WM old,qbert,2,29517,300.0
CoRe-WM old,qbert,2,29818,325.0
CoRe-WM old,qbert,2,30182,450.0
CoRe-WM old,qbert,2,30481,350.0
CoRe-WM old,qbert,2,30793,325.0
CoRe-WM old,qbert,2,31093,350.0
CoRe-WM old,qbert,2,31452,400.0
CoRe-WM old,qbert,2,31814,375.0
CoRe-WM old,qbert,2,32137,275.0
CoRe-WM old,qbert,2,32439,325.0
CoRe-WM old,qbert,2,32800,350.0
CoRe-WM old,qbert,2,33101,375.0
CoRe-WM old,qbert,2,33383,275.0
CoRe-WM old,qbert,2,33678,350.0
CoRe-WM old,qbert,2,33979,350.0
CoRe-WM old,qbert,2,34337,375.0
CoRe-WM old,qbert,2,34698,375.0
CoRe-WM old,qbert,2,34998,275.0
CoRe-WM old,qbert,2,35295,350.0
CoRe-WM old,qbert,2,35592,250.0
CoRe-WM old,qbert,2,35894,375.0
CoRe-WM old,qbert,2,36251,275.0
CoRe-WM old,qbert,2,36615,350.0
CoRe-WM old,qbert,2,37000,425.0
CoRe-WM old,qbert,2,37297,250.0
CoRe-WM old,qbert,2,37658,425.0
CoRe-WM old,qbert,2,37960,300.0
CoRe-WM old,qbert,2,38261,300.0
CoRe-WM old,qbert,2,38565,350.0
CoRe-WM old,qbert,2,38855,325.0
CoRe-WM old,qbert,2,39215,350.0
CoRe-WM old,qbert,2,39510,300.0
CoRe-WM old,qbert,2,39808,325.0
CoRe-WM old,qbert,2,40195,350.0
CoRe-WM old,qbert,2,40493,250.0
CoRe-WM old,qbert,2,40796,325.0
CoRe-WM old,qbert,2,41097,350.0
CoRe-WM old,qbert,2,41417,300.0
CoRe-WM old,qbert,2,41726,275.0
CoRe-WM old,qbert,2,42090,325.0
CoRe-WM old,qbert,2,42480,350.0
CoRe-WM old,qbert,2,42826,350.0
CoRe-WM old,qbert,2,43235,300.0
CoRe-WM old,qbert,2,43646,350.0
CoRe-WM old,qbert,2,44004,375.0
CoRe-WM old,qbert,2,44324,350.0
CoRe-WM old,qbert,2,44642,325.0
CoRe-WM old,qbert,2,45005,350.0
CoRe-WM old,qbert,2,45369,375.0
CoRe-WM old,qbert,2,45664,350.0
CoRe-WM old,qbert,2,46097,375.0
CoRe-WM old,qbert,2,46456,450.0
CoRe-WM old,qbert,2,46800,375.0
CoRe-WM old,qbert,2,47139,325.0
CoRe-WM old,qbert,2,47477,325.0
CoRe-WM old,qbert,2,47861,400.0
CoRe-WM old,qbert,2,48225,400.0
CoRe-WM old,qbert,2,48596,425.0
CoRe-WM old,qbert,2,48972,425.0
CoRe-WM old,qbert,2,49346,375.0
CoRe-WM old,qbert,2,49663,375.0
CoRe-WM old,qbert,2,50001,350.0
CoRe-WM old,qbert,2,50302,325.0
CoRe-WM old,qbert,2,50606,350.0
CoRe-WM old,qbert,2,50983,450.0
CoRe-WM old,qbert,2,51294,375.0
CoRe-WM old,qbert,2,51630,350.0
CoRe-WM old,qbert,2,52014,400.0
CoRe-WM old,qbert,2,52349,350.0
CoRe-WM old,qbert,2,52685,350.0
CoRe-WM old,qbert,2,53063,425.0
CoRe-WM old,qbert,2,53417,350.0
CoRe-WM old,qbert,2,53785,425.0
CoRe-WM old,qbert,2,54157,350.0
CoRe-WM old,qbert,2,54565,450.0
CoRe-WM old,qbert,2,55003,450.0
CoRe-WM old,qbert,2,55305,325.0
CoRe-WM old,qbert,2,55702,425.0
CoRe-WM old,qbert,2,56134,425.0
CoRe-WM old,qbert,2,56535,400.0
CoRe-WM old,qbert,2,56966,400.0
CoRe-WM old,qbert,2,57356,425.0
CoRe-WM old,qbert,2,57778,425.0
CoRe-WM old,qbert,2,58108,350.0
CoRe-WM old,qbert,2,58498,425.0
CoRe-WM old,qbert,2,58920,425.0
CoRe-WM old,qbert,2,59326,450.0
CoRe-WM old,qbert,2,59636,350.0
CoRe-WM old,qbert,2,60039,450.0
CoRe-WM old,qbert,2,60375,350.0
CoRe-WM old,qbert,2,60701,275.0
CoRe-WM old,qbert,2,61091,375.0
CoRe-WM old,qbert,2,61467,375.0
CoRe-WM old,qbert,2,61829,400.0
CoRe-WM old,qbert,2,62249,450.0
CoRe-WM old,qbert,2,62612,450.0
CoRe-WM old,qbert,2,63004,450.0
CoRe-WM old,qbert,2,63368,425.0
CoRe-WM old,qbert,2,63732,400.0
CoRe-WM old,qbert,2,64191,450.0
CoRe-WM old,qbert,2,64571,450.0
CoRe-WM old,qbert,2,64957,450.0
CoRe-WM old,qbert,2,65363,450.0
CoRe-WM old,qbert,2,65787,425.0
CoRe-WM old,qbert,2,66180,450.0
CoRe-WM old,qbert,2,66549,425.0
CoRe-WM old,qbert,2,66890,375.0
CoRe-WM old,qbert,2,67330,425.0
CoRe-WM old,qbert,2,67670,350.0
CoRe-WM old,qbert,2,68104,475.0
CoRe-WM old,qbert,2,68495,425.0
CoRe-WM old,qbert,2,68884,425.0
CoRe-WM old,qbert,2,69292,450.0
CoRe-WM old,qbert,2,69744,425.0
CoRe-WM old,qbert,2,70165,425.0
CoRe-WM old,qbert,2,70593,450.0
CoRe-WM old,qbert,2,70967,425.0
CoRe-WM old,qbert,2,71338,450.0
CoRe-WM old,qbert,2,71675,400.0
CoRe-WM old,qbert,2,72050,450.0
CoRe-WM old,qbert,2,72522,500.0
CoRe-WM old,qbert,2,72942,425.0
CoRe-WM old,qbert,2,73349,450.0
CoRe-WM old,qbert,2,73826,425.0
CoRe-WM old,qbert,2,74205,325.0
CoRe-WM old,qbert,2,74565,450.0
CoRe-WM old,qbert,2,74976,375.0
CoRe-WM old,qbert,2,75321,350.0
CoRe-WM old,qbert,2,75635,375.0
CoRe-WM old,qbert,2,76011,425.0
CoRe-WM old,qbert,2,76434,725.0
CoRe-WM old,qbert,2,76799,650.0
CoRe-WM old,qbert,2,77179,750.0
CoRe-WM old,qbert,2,77643,775.0
CoRe-WM old,qbert,2,78074,725.0
CoRe-WM old,qbert,2,78524,500.0
CoRe-WM old,qbert,2,78920,700.0
CoRe-WM old,qbert,2,79344,675.0
CoRe-WM old,qbert,2,79714,375.0
CoRe-WM old,qbert,2,80166,525.0
CoRe-WM old,qbert,2,80676,675.0
CoRe-WM old,qbert,2,81088,650.0
CoRe-WM old,qbert,2,81581,500.0
CoRe-WM old,qbert,2,82085,700.0
CoRe-WM old,qbert,2,82485,475.0
CoRe-WM old,qbert,2,82930,725.0
CoRe-WM old,qbert,2,83347,700.0
CoRe-WM old,qbert,2,83752,650.0
CoRe-WM old,qbert,2,84203,700.0
CoRe-WM old,qbert,2,84613,725.0
CoRe-WM old,qbert,2,85048,750.0
CoRe-WM old,qbert,2,85477,675.0
CoRe-WM old,qbert,2,85923,425.0
CoRe-WM old,qbert,2,86330,750.0
CoRe-WM old,qbert,2,86787,700.0
CoRe-WM old,qbert,2,87183,425.0
CoRe-WM old,qbert,2,87669,700.0
CoRe-WM old,qbert,2,87999,325.0
CoRe-WM old,qbert,2,88489,750.0
CoRe-WM old,qbert,2,88879,650.0
CoRe-WM old,qbert,2,89286,650.0
CoRe-WM old,qbert,2,89754,675.0
CoRe-WM old,qbert,2,90156,700.0
CoRe-WM old,qbert,2,90551,750.0
CoRe-WM old,qbert,2,90956,750.0
CoRe-WM old,qbert,2,91285,675.0
CoRe-WM old,qbert,2,91647,575.0
CoRe-WM old,qbert,2,92175,800.0
CoRe-WM old,qbert,2,92504,300.0
CoRe-WM old,qbert,2,92914,650.0
CoRe-WM old,qbert,2,93242,700.0
CoRe-WM old,qbert,2,93671,675.0
CoRe-WM old,qbert,2,94094,775.0
CoRe-WM old,qbert,2,94521,725.0
CoRe-WM old,qbert,2,95010,800.0
CoRe-WM old,qbert,2,95445,725.0
CoRe-WM old,qbert,2,95867,700.0
CoRe-WM old,qbert,2,96277,650.0
CoRe-WM old,qbert,2,96707,700.0
CoRe-WM old,qbert,2,97126,750.0
CoRe-WM old,qbert,2,97678,800.0
CoRe-WM old,qbert,2,98097,700.0
CoRe-WM old,qbert,2,98508,700.0
CoRe-WM old,qbert,2,98960,725.0
CoRe-WM old,qbert,2,99286,700.0
CoRe-WM old,qbert,2,99691,750.0
CoRe-WM old,qbert,3,312,75.0
CoRe-WM old,qbert,3,618,125.0
CoRe-WM old,qbert,3,980,175.0
CoRe-WM old,qbert,3,1378,200.0
CoRe-WM old,qbert,3,1741,200.0
CoRe-WM old,qbert,3,2101,225.0
CoRe-WM old,qbert,3,2416,75.0
CoRe-WM old,qbert,3,2799,200.0
CoRe-WM old,qbert,3,3101,125.0
CoRe-WM old,qbert,3,3502,200.0
CoRe-WM old,qbert,3,3849,200.0
CoRe-WM old,qbert,3,4139,25.0
CoRe-WM old,qbert,3,4451,75.0
CoRe-WM old,qbert,3,4788,225.0
CoRe-WM old,qbert,3,5059,0.0
CoRe-WM old,qbert,3,5324,75.0
CoRe-WM old,qbert,3,5733,175.0
CoRe-WM old,qbert,3,6020,25.0
CoRe-WM old,qbert,3,6321,50.0
CoRe-WM old,qbert,3,6632,50.0
CoRe-WM old,qbert,3,6918,0.0
CoRe-WM old,qbert,3,7208,25.0
CoRe-WM old,qbert,3,7508,25.0
CoRe-WM old,qbert,3,7813,50.0
CoRe-WM old,qbert,3,8160,125.0
CoRe-WM old,qbert,3,8483,75.0
CoRe-WM old,qbert,3,8812,100.0
CoRe-WM old,qbert,3,9092,0.0
CoRe-WM old,qbert,3,9456,150.0
CoRe-WM old,qbert,3,9754,50.0
CoRe-WM old,qbert,3,10202,675.0
CoRe-WM old,qbert,3,10455,50.0
CoRe-WM old,qbert,3,10763,50.0
CoRe-WM old,qbert,3,11037,100.0
CoRe-WM old,qbert,3,11336,150.0
CoRe-WM old,qbert,3,11703,100.0
CoRe-WM old,qbert,3,12118,200.0
CoRe-WM old,qbert,3,12440,100.0
CoRe-WM old,qbert,3,12804,550.0
CoRe-WM old,qbert,3,13168,125.0
CoRe-WM old,qbert,3,13691,200.0
CoRe-WM old,qbert,3,14111,575.0
CoRe-WM old,qbert,3,14469,125.0
CoRe-WM old,qbert,3,14767,225.0
CoRe-WM old,qbert,3,15132,125.0
CoRe-WM old,qbert,3,15445,200.0
CoRe-WM old,qbert,3,15804,125.0
CoRe-WM old,qbert,3,16168,125.0
CoRe-WM old,qbert,3,16532,350.0
CoRe-WM old,qbert,3,16845,300.0
CoRe-WM old,qbert,3,17145,225.0
CoRe-WM old,qbert,3,17464,275.0
CoRe-WM old,qbert,3,17776,375.0
CoRe-WM old,qbert,3,18073,275.0
CoRe-WM old,qbert,3,18370,300.0
CoRe-WM old,qbert,3,18743,175.0
CoRe-WM old,qbert,3,19065,250.0
CoRe-WM old,qbert,3,19384,150.0
CoRe-WM old,qbert,3,19830,275.0
CoRe-WM old,qbert,3,20148,150.0
CoRe-WM old,qbert,3,20474,150.0
CoRe-WM old,qbert,3,20795,150.0
CoRe-WM old,qbert,3,21121,150.0
CoRe-WM old,qbert,3,21421,275.0
CoRe-WM old,qbert,3,21760,150.0
CoRe-WM old,qbert,3,22082,250.0
CoRe-WM old,qbert,3,22423,250.0
CoRe-WM old,qbert,3,22723,325.0
CoRe-WM old,qbert,3,23040,225.0
CoRe-WM old,qbert,3,23368,250.0
CoRe-WM old,qbert,3,23654,200.0
CoRe-WM old,qbert,3,23972,350.0
CoRe-WM old,qbert,3,24293,275.0
CoRe-WM old,qbert,3,24708,450.0
CoRe-WM old,qbert,3,25122,350.0
CoRe-WM old,qbert,3,25472,250.0
CoRe-WM old,qbert,3,25783,325.0
CoRe-WM old,qbert,3,26136,300.0
CoRe-WM old,qbert,3,26438,325.0
CoRe-WM old,qbert,3,26740,325.0
CoRe-WM old,qbert,3,27038,325.0
CoRe-WM old,qbert,3,27408,350.0
CoRe-WM old,qbert,3,27762,400.0
CoRe-WM old,qbert,3,28063,325.0
CoRe-WM old,qbert,3,28362,325.0
CoRe-WM old,qbert,3,28715,350.0
CoRe-WM old,qbert,3,28980,250.0
CoRe-WM old,qbert,3,29281,350.0
CoRe-WM old,qbert,3,29568,225.0
CoRe-WM old,qbert,3,29892,350.0
CoRe-WM old,qbert,3,30193,250.0
CoRe-WM old,qbert,3,30495,300.0
CoRe-WM old,qbert,3,30860,375.0
CoRe-WM old,qbert,3,31186,325.0
CoRe-WM old,qbert,3,31489,325.0
CoRe-WM old,qbert,3,31787,300.0
CoRe-WM old,qbert,3,32162,325.0
CoRe-WM old,qbert,3,32504,275.0
CoRe-WM old,qbert,3,32820,275.0
CoRe-WM old,qbert,3,33422,425.0
CoRe-WM old,qbert,3,33863,250.0
CoRe-WM old,qbert,3,34240,250.0
CoRe-WM old,qbert,3,34560,200.0
CoRe-WM old,qbert,3,34916,350.0
CoRe-WM old,qbert,3,35345,325.0
CoRe-WM old,qbert,3,35630,200.0
CoRe-WM old,qbert,3,36010,350.0
CoRe-WM old,qbert,3,36352,300.0
CoRe-WM old,qbert,3,36883,375.0
CoRe-WM old,qbert,3,37414,250.0
CoRe-WM old,qbert,3,37875,325.0
CoRe-WM old,qbert,3,38439,275.0
CoRe-WM old,qbert,3,38807,275.0
CoRe-WM old,qbert,3,39174,250.0
CoRe-WM old,qbert,3,39509,275.0
CoRe-WM old,qbert,3,39835,300.0
CoRe-WM old,qbert,3,40144,275.0
CoRe-WM old,qbert,3,40498,300.0
CoRe-WM old,qbert,3,40878,275.0
CoRe-WM old,qbert,3,41210,325.0
CoRe-WM old,qbert,3,41504,200.0
CoRe-WM old,qbert,3,41838,275.0
CoRe-WM old,qbert,3,42262,375.0
CoRe-WM old,qbert,3,42604,325.0
CoRe-WM old,qbert,3,42964,325.0
CoRe-WM old,qbert,3,43382,450.0
CoRe-WM old,qbert,3,43719,325.0
CoRe-WM old,qbert,3,43987,225.0
CoRe-WM old,qbert,3,44283,325.0
CoRe-WM old,qbert,3,44613,325.0
CoRe-WM old,qbert,3,44936,325.0
CoRe-WM old,qbert,3,45294,325.0
CoRe-WM old,qbert,3,45656,325.0
CoRe-WM old,qbert,3,46088,375.0
CoRe-WM old,qbert,3,46460,325.0
CoRe-WM old,qbert,3,46844,375.0
CoRe-WM old,qbert,3,47254,350.0
CoRe-WM old,qbert,3,47582,325.0
CoRe-WM old,qbert,3,47985,350.0
CoRe-WM old,qbert,3,48310,250.0
CoRe-WM old,qbert,3,48786,375.0
CoRe-WM old,qbert,3,49244,550.0
CoRe-WM old,qbert,3,49666,600.0
CoRe-WM old,qbert,3,49999,575.0
CoRe-WM old,qbert,3,50285,600.0
CoRe-WM old,qbert,3,50662,325.0
CoRe-WM old,qbert,3,51018,600.0
CoRe-WM old,qbert,3,51399,575.0
CoRe-WM old,qbert,3,51797,475.0
CoRe-WM old,qbert,3,52223,600.0
CoRe-WM old,qbert,3,52693,675.0
CoRe-WM old,qbert,3,53152,650.0
CoRe-WM old,qbert,3,53661,650.0
CoRe-WM old,qbert,3,54019,325.0
CoRe-WM old,qbert,3,54521,375.0
CoRe-WM old,qbert,3,54923,350.0
CoRe-WM old,qbert,3,55278,325.0
CoRe-WM old,qbert,3,55593,225.0
CoRe-WM old,qbert,3,56134,1150.0
CoRe-WM old,qbert,3,56536,625.0
CoRe-WM old,qbert,3,57005,375.0
CoRe-WM old,qbert,3,57430,325.0
CoRe-WM old,qbert,3,57928,350.0
CoRe-WM old,qbert,3,58415,700.0
CoRe-WM old,qbert,3,58803,325.0
CoRe-WM old,qbert,3,59175,625.0
CoRe-WM old,qbert,3,59672,650.0
CoRe-WM old,qbert,3,60040,650.0
CoRe-WM old,qbert,3,60414,675.0
CoRe-WM old,qbert,3,60809,650.0
CoRe-WM old,qbert,3,61258,700.0
CoRe-WM old,qbert,3,61671,575.0
CoRe-WM old,qbert,3,62103,650.0
CoRe-WM old,qbert,3,62585,725.0
CoRe-WM old,qbert,3,63090,600.0
CoRe-WM old,qbert,3,63548,775.0
CoRe-WM old,qbert,3,63947,575.0
CoRe-WM old,qbert,3,64305,600.0
CoRe-WM old,qbert,3,64785,425.0
CoRe-WM old,qbert,3,65162,650.0
CoRe-WM old,qbert,3,65504,700.0
CoRe-WM old,qbert,3,65829,650.0
CoRe-WM old,qbert,3,66217,650.0
CoRe-WM old,qbert,3,66792,700.0
CoRe-WM old,qbert,3,67201,600.0
CoRe-WM old,qbert,3,67495,600.0
CoRe-WM old,qbert,3,67859,675.0
CoRe-WM old,qbert,3,68290,700.0
CoRe-WM old,qbert,3,68759,675.0
CoRe-WM old,qbert,3,69177,675.0
CoRe-WM old,qbert,3,69600,675.0
CoRe-WM old,qbert,3,69997,675.0
CoRe-WM old,qbert,3,70407,600.0
CoRe-WM old,qbert,3,70786,550.0
CoRe-WM old,qbert,3,71160,750.0
CoRe-WM old,qbert,3,71584,725.0
CoRe-WM old,qbert,3,72104,700.0
CoRe-WM old,qbert,3,72391,600.0
CoRe-WM old,qbert,3,72797,675.0
CoRe-WM old,qbert,3,73124,600.0
CoRe-WM old,qbert,3,73539,675.0
CoRe-WM old,qbert,3,73951,725.0
CoRe-WM old,qbert,3,74290,700.0
CoRe-WM old,qbert,3,74669,650.0
CoRe-WM old,qbert,3,75058,650.0
CoRe-WM old,qbert,3,75463,725.0
CoRe-WM old,qbert,3,75896,675.0
CoRe-WM old,qbert,3,76348,675.0
CoRe-WM old,qbert,3,76728,675.0
CoRe-WM old,qbert,3,77101,675.0
CoRe-WM old,qbert,3,77510,675.0
CoRe-WM old,qbert,3,77899,675.0
CoRe-WM old,qbert,3,78319,700.0
CoRe-WM old,qbert,3,78702,650.0
CoRe-WM old,qbert,3,79111,650.0
CoRe-WM old,qbert,3,79502,700.0
CoRe-WM old,qbert,3,79859,650.0
CoRe-WM old,qbert,3,80217,600.0
CoRe-WM old,qbert,3,80654,725.0
CoRe-WM old,qbert,3,80992,625.0
CoRe-WM old,qbert,3,81370,650.0
CoRe-WM old,qbert,3,81762,650.0
CoRe-WM old,qbert,3,82161,725.0
CoRe-WM old,qbert,3,82532,675.0
CoRe-WM old,qbert,3,83013,650.0
CoRe-WM old,qbert,3,83425,600.0
CoRe-WM old,qbert,3,83893,625.0
CoRe-WM old,qbert,3,84305,750.0
CoRe-WM old,qbert,3,84705,725.0
CoRe-WM old,qbert,3,85134,650.0
CoRe-WM old,qbert,3,85755,1250.0
CoRe-WM old,qbert,3,86195,600.0
CoRe-WM old,qbert,3,86553,600.0
CoRe-WM old,qbert,3,86914,600.0
CoRe-WM old,qbert,3,87325,650.0
CoRe-WM old,qbert,3,87731,675.0
CoRe-WM old,qbert,3,88130,675.0
CoRe-WM old,qbert,3,88475,675.0
CoRe-WM old,qbert,3,88885,700.0
CoRe-WM old,qbert,3,89333,725.0
CoRe-WM old,qbert,3,89632,600.0
CoRe-WM old,qbert,3,90093,725.0
CoRe-WM old,qbert,3,90672,675.0
CoRe-WM old,qbert,3,90961,600.0
CoRe-WM old,qbert,3,91379,725.0
CoRe-WM old,qbert,3,91726,700.0
CoRe-WM old,qbert,3,92073,675.0
CoRe-WM old,qbert,3,92597,675.0
CoRe-WM old,qbert,3,92975,675.0
CoRe-WM old,qbert,3,93451,625.0
CoRe-WM old,qbert,3,93828,625.0
CoRe-WM old,qbert,3,94255,725.0
CoRe-WM old,qbert,3,94567,575.0
CoRe-WM old,qbert,3,95002,650.0
CoRe-WM old,qbert,3,95293,600.0
CoRe-WM old,qbert,3,95724,700.0
CoRe-WM old,qbert,3,96198,700.0
CoRe-WM old,qbert,3,96655,750.0
CoRe-WM old,qbert,3,97140,725.0
CoRe-WM old,qbert,3,97588,650.0
CoRe-WM old,qbert,3,98052,725.0
CoRe-WM old,qbert,3,98614,650.0
CoRe-WM old,qbert,3,99056,725.0
CoRe-WM old,qbert,3,99462,725.0
CoRe-WM old,qbert,3,99926,700.0
CoRe-WM old,qbert,4,396,200.0
CoRe-WM old,qbert,4,711,75.0
CoRe-WM old,qbert,4,1122,275.0
CoRe-WM old,qbert,4,1434,200.0
CoRe-WM old,qbert,4,1733,50.0
CoRe-WM old,qbert,4,2025,50.0
CoRe-WM old,qbert,4,2385,150.0
CoRe-WM old,qbert,4,2674,25.0
CoRe-WM old,qbert,4,2959,0.0
CoRe-WM old,qbert,4,3286,75.0
CoRe-WM old,qbert,4,3597,75.0
CoRe-WM old,qbert,4,3926,75.0
CoRe-WM old,qbert,4,4240,150.0
CoRe-WM old,qbert,4,4562,200.0
CoRe-WM old,qbert,4,4902,150.0
CoRe-WM old,qbert,4,5199,25.0
CoRe-WM old,qbert,4,5497,50.0
CoRe-WM old,qbert,4,5873,275.0
CoRe-WM old,qbert,4,6196,75.0
CoRe-WM old,qbert,4,6465,75.0
CoRe-WM old,qbert,4,6768,200.0
CoRe-WM old,qbert,4,7101,125.0
CoRe-WM old,qbert,4,7433,400.0
CoRe-WM old,qbert,4,7725,100.0
CoRe-WM old,qbert,4,8027,50.0
CoRe-WM old,qbert,4,8315,75.0
CoRe-WM old,qbert,4,8664,475.0
CoRe-WM old,qbert,4,8965,100.0
CoRe-WM old,qbert,4,9334,275.0
CoRe-WM old,qbert,4,9658,100.0
CoRe-WM old,qbert,4,9948,50.0
CoRe-WM old,qbert,4,10253,150.0
CoRe-WM old,qbert,4,10708,325.0
CoRe-WM old,qbert,4,11104,225.0
CoRe-WM old,qbert,4,11507,175.0
CoRe-WM old,qbert,4,11882,275.0
CoRe-WM old,qbert,4,12404,300.0
CoRe-WM old,qbert,4,12790,600.0
CoRe-WM old,qbert,4,13124,150.0
CoRe-WM old,qbert,4,13506,175.0
CoRe-WM old,qbert,4,13896,275.0
CoRe-WM old,qbert,4,14237,250.0
CoRe-WM old,qbert,4,14563,150.0
CoRe-WM old,qbert,4,14882,150.0
CoRe-WM old,qbert,4,15202,200.0
CoRe-WM old,qbert,4,15525,250.0
CoRe-WM old,qbert,4,15850,150.0
CoRe-WM old,qbert,4,16181,225.0
CoRe-WM old,qbert,4,16525,350.0
CoRe-WM old,qbert,4,16884,275.0
CoRe-WM old,qbert,4,17217,275.0
CoRe-WM old,qbert,4,17547,250.0
CoRe-WM old,qbert,4,17847,350.0
CoRe-WM old,qbert,4,18153,125.0
CoRe-WM old,qbert,4,18503,250.0
CoRe-WM old,qbert,4,18886,175.0
CoRe-WM old,qbert,4,19198,350.0
CoRe-WM old,qbert,4,19500,350.0
CoRe-WM old,qbert,4,19846,250.0
CoRe-WM old,qbert,4,20149,250.0
CoRe-WM old,qbert,4,20558,350.0
CoRe-WM old,qbert,4,20860,350.0
CoRe-WM old,qbert,4,21238,350.0
CoRe-WM old,qbert,4,21536,250.0
CoRe-WM old,qbert,4,21914,375.0
CoRe-WM old,qbert,4,22215,250.0
CoRe-WM old,qbert,4,22519,325.0
CoRe-WM old,qbert,4,22820,300.0
CoRe-WM old,qbert,4,23122,300.0
CoRe-WM old,qbert,4,23426,225.0
CoRe-WM old,qbert,4,23725,275.0
CoRe-WM old,qbert,4,24006,225.0
CoRe-WM old,qbert,4,24329,375.0
CoRe-WM old,qbert,4,24625,350.0
CoRe-WM old,qbert,4,24927,350.0
CoRe-WM old,qbert,4,25222,275.0
CoRe-WM old,qbert,4,25520,325.0
CoRe-WM old,qbert,4,25818,250.0
CoRe-WM old,qbert,4,26119,250.0
CoRe-WM old,qbert,4,26406,175.0
CoRe-WM old,qbert,4,26702,275.0
CoRe-WM old,qbert,4,27004,250.0
CoRe-WM old,qbert,4,27302,350.0
CoRe-WM old,qbert,4,27601,275.0
CoRe-WM old,qbert,4,27964,275.0
CoRe-WM old,qbert,4,28324,375.0
CoRe-WM old,qbert,4,28621,250.0
CoRe-WM old,qbert,4,28918,300.0
CoRe-WM old,qbert,4,29277,425.0
CoRe-WM old,qbert,4,29638,375.0
CoRe-WM old,qbert,4,29937,225.0
CoRe-WM old,qbert,4,30234,300.0
CoRe-WM old,qbert,4,30529,325.0
CoRe-WM old,qbert,4,30848,350.0
CoRe-WM old,qbert,4,31168,300.0
CoRe-WM old,qbert,4,31467,325.0
CoRe-WM old,qbert,4,31830,325.0
CoRe-WM old,qbert,4,32191,350.0
CoRe-WM old,qbert,4,32494,325.0
CoRe-WM old,qbert,4,32792,300.0
CoRe-WM old,qbert,4,33088,300.0
CoRe-WM old,qbert,4,33388,250.0
CoRe-WM old,qbert,4,33688,225.0
CoRe-WM old,qbert,4,33986,225.0
CoRe-WM old,qbert,4,34283,250.0
CoRe-WM old,qbert,4,34582,325.0
CoRe-WM old,qbert,4,34988,450.0
CoRe-WM old,qbert,4,35314,325.0
CoRe-WM old,qbert,4,35618,300.0
CoRe-WM old,qbert,4,35959,300.0
CoRe-WM old,qbert,4,36299,325.0
CoRe-WM old,qbert,4,36618,200.0
CoRe-WM old,qbert,4,36978,375.0
CoRe-WM old,qbert,4,37350,400.0
CoRe-WM old,qbert,4,37672,350.0
CoRe-WM old,qbert,4,38044,425.0
CoRe-WM old,qbert,4,38343,325.0
CoRe-WM old,qbert,4,38643,325.0
CoRe-WM old,qbert,4,38939,325.0
CoRe-WM old,qbert,4,39299,300.0
CoRe-WM old,qbert,4,39642,350.0
CoRe-WM old,qbert,4,40019,425.0
CoRe-WM old,qbert,4,40320,300.0
CoRe-WM old,qbert,4,40639,350.0
CoRe-WM old,qbert,4,40962,350.0
CoRe-WM old,qbert,4,41331,325.0
CoRe-WM old,qbert,4,41753,325.0
CoRe-WM old,qbert,4,42165,350.0
CoRe-WM old,qbert,4,42524,350.0
CoRe-WM old,qbert,4,42935,350.0
CoRe-WM old,qbert,4,43217,275.0
CoRe-WM old,qbert,4,43543,375.0
CoRe-WM old,qbert,4,43844,300.0
CoRe-WM old,qbert,4,44195,300.0
CoRe-WM old,qbert,4,44538,325.0
CoRe-WM old,qbert,4,44834,250.0
CoRe-WM old,qbert,4,45135,175.0
CoRe-WM old,qbert,4,45459,250.0
CoRe-WM old,qbert,4,45782,300.0
CoRe-WM old,qbert,4,46084,325.0
CoRe-WM old,qbert,4,46364,200.0
CoRe-WM old,qbert,4,46662,275.0
CoRe-WM old,qbert,4,47025,300.0
CoRe-WM old,qbert,4,47327,250.0
CoRe-WM old,qbert,4,47722,350.0
CoRe-WM old,qbert,4,48085,325.0
CoRe-WM old,qbert,4,48449,375.0
CoRe-WM old,qbert,4,48875,350.0
CoRe-WM old,qbert,4,49177,375.0
CoRe-WM old,qbert,4,49555,325.0
CoRe-WM old,qbert,4,49856,325.0
CoRe-WM old,qbert,4,50219,375.0
CoRe-WM old,qbert,4,50581,375.0
CoRe-WM old,qbert,4,50880,350.0
CoRe-WM old,qbert,4,51195,300.0
CoRe-WM old,qbert,4,51554,300.0
CoRe-WM old,qbert,4,51868,325.0
CoRe-WM old,qbert,4,52283,425.0
CoRe-WM old,qbert,4,52642,350.0
CoRe-WM old,qbert,4,52999,325.0
CoRe-WM old,qbert,4,53302,375.0
CoRe-WM old,qbert,4,53603,350.0
CoRe-WM old,qbert,4,54145,725.0
CoRe-WM old,qbert,4,54494,300.0
CoRe-WM old,qbert,4,55000,625.0
CoRe-WM old,qbert,4,55474,575.0
CoRe-WM old,qbert,4,55812,350.0
CoRe-WM old,qbert,4,56205,625.0
CoRe-WM old,qbert,4,56630,325.0
CoRe-WM old,qbert,4,57017,350.0
CoRe-WM old,qbert,4,57437,750.0
CoRe-WM old,qbert,4,57858,400.0
CoRe-WM old,qbert,4,58407,650.0
CoRe-WM old,qbert,4,58898,400.0
CoRe-WM old,qbert,4,59350,375.0
CoRe-WM old,qbert,4,59758,375.0
CoRe-WM old,qbert,4,60165,425.0
CoRe-WM old,qbert,4,60567,375.0
CoRe-WM old,qbert,4,60997,425.0
CoRe-WM old,qbert,4,61467,475.0
CoRe-WM old,qbert,4,61962,800.0
CoRe-WM old,qbert,4,62321,375.0
CoRe-WM old,qbert,4,62814,400.0
CoRe-WM old,qbert,4,63234,725.0
CoRe-WM old,qbert,4,63719,750.0
CoRe-WM old,qbert,4,64228,375.0
CoRe-WM old,qbert,4,64668,700.0
CoRe-WM old,qbert,4,65060,700.0
CoRe-WM old,qbert,4,65420,325.0
CoRe-WM old,qbert,4,65763,375.0
CoRe-WM old,qbert,4,66103,150.0
CoRe-WM old,qbert,4,66540,700.0
CoRe-WM old,qbert,4,66925,625.0
CoRe-WM old,qbert,4,67361,400.0
CoRe-WM old,qbert,4,67682,525.0
CoRe-WM old,qbert,4,68148,700.0
CoRe-WM old,qbert,4,68497,600.0
CoRe-WM old,qbert,4,68880,300.0
CoRe-WM old,qbert,4,69243,600.0
CoRe-WM old,qbert,4,69591,575.0
CoRe-WM old,qbert,4,70111,725.0
CoRe-WM old,qbert,4,70515,625.0
CoRe-WM old,qbert,4,70963,700.0
CoRe-WM old,qbert,4,71450,650.0
CoRe-WM old,qbert,4,71887,700.0
CoRe-WM old,qbert,4,72324,700.0
CoRe-WM old,qbert,4,72760,575.0
CoRe-WM old,qbert,4,73200,675.0
CoRe-WM old,qbert,4,73664,700.0
CoRe-WM old,qbert,4,74141,725.0
CoRe-WM old,qbert,4,74655,650.0
CoRe-WM old,qbert,4,75142,650.0
CoRe-WM old,qbert,4,75637,550.0
CoRe-WM old,qbert,4,76051,625.0
CoRe-WM old,qbert,4,76578,750.0
CoRe-WM old,qbert,4,77111,725.0
CoRe-WM old,qbert,4,77596,725.0
CoRe-WM old,qbert,4,78148,725.0
CoRe-WM old,qbert,4,78684,775.0
CoRe-WM old,qbert,4,79149,375.0
CoRe-WM old,qbert,4,79626,725.0
CoRe-WM old,qbert,4,80155,700.0
CoRe-WM old,qbert,4,80599,425.0
CoRe-WM old,qbert,4,80965,550.0
CoRe-WM old,qbert,4,81508,750.0
CoRe-WM old,qbert,4,81974,375.0
CoRe-WM old,qbert,4,82632,800.0
CoRe-WM old,qbert,4,83050,625.0
CoRe-WM old,qbert,4,83453,725.0
CoRe-WM old,qbert,4,83904,700.0
CoRe-WM old,qbert,4,84457,725.0
CoRe-WM old,qbert,4,84897,450.0
CoRe-WM old,qbert,4,85417,700.0
CoRe-WM old,qbert,4,85905,675.0
CoRe-WM old,qbert,4,86396,750.0
CoRe-WM old,qbert,4,86757,600.0
CoRe-WM old,qbert,4,87266,700.0
CoRe-WM old,qbert,4,87689,700.0
CoRe-WM old,qbert,4,88157,700.0
CoRe-WM old,qbert,4,88612,650.0
CoRe-WM old,qbert,4,89192,700.0
CoRe-WM old,qbert,4,89752,750.0
CoRe-WM old,qbert,4,90255,650.0
CoRe-WM old,qbert,4,90670,700.0
CoRe-WM old,qbert,4,91372,3975.0
CoRe-WM old,qbert,4,92058,1250.0
CoRe-WM old,qbert,4,92484,625.0
CoRe-WM old,qbert,4,92844,675.0
CoRe-WM old,qbert,4,93187,625.0
CoRe-WM old,qbert,4,93719,750.0
CoRe-WM old,qbert,4,94172,650.0
CoRe-WM old,qbert,4,94840,1250.0
CoRe-WM old,qbert,4,95183,600.0
CoRe-WM old,qbert,4,95702,750.0
CoRe-WM old,qbert,4,96166,750.0
CoRe-WM old,qbert,4,96829,725.0
CoRe-WM old,qbert,4,97284,700.0
CoRe-WM old,qbert,4,97880,775.0
CoRe-WM old,qbert,4,98228,625.0
CoRe-WM old,qbert,4,98684,675.0
CoRe-WM old,qbert,4,99170,750.0
CoRe-WM old,qbert,4,99614,750.0
CoRe-WM old,road_runner,0,81,0.0
CoRe-WM old,road_runner,0,216,0.0
CoRe-WM old,road_runner,0,423,0.0
CoRe-WM old,road_runner,0,612,0.0
CoRe-WM old,road_runner,0,735,0.0
CoRe-WM old,road_runner,0,1085,300.0
CoRe-WM old,road_runner,0,1242,0.0
CoRe-WM old,road_runner,0,1545,0.0
CoRe-WM old,road_runner,0,1732,0.0
CoRe-WM old,road_runner,0,1978,0.0
CoRe-WM old,road_runner,0,2154,0.0
CoRe-WM old,road_runner,0,2312,0.0
CoRe-WM old,road_runner,0,2387,0.0
CoRe-WM old,road_runner,0,2662,0.0
CoRe-WM old,road_runner,0,2945,0.0
CoRe-WM old,road_runner,0,3206,0.0
CoRe-WM old,road_runner,0,3306,0.0
CoRe-WM old,road_runner,0,3535,0.0
CoRe-WM old,road_runner,0,3889,0.0
CoRe-WM old,road_runner,0,4170,0.0
CoRe-WM old,road_runner,0,4358,0.0
CoRe-WM old,road_runner,0,4483,0.0
CoRe-WM old,road_runner,0,4732,0.0
CoRe-WM old,road_runner,0,5025,0.0
CoRe-WM old,road_runner,0,5116,0.0
CoRe-WM old,road_runner,0,5561,0.0
CoRe-WM old,road_runner,0,6188,300.0
CoRe-WM old,road_runner,0,6405,0.0
CoRe-WM old,road_runner,0,6533,0.0
CoRe-WM old,road_runner,0,6795,100.0
CoRe-WM old,road_runner,0,7118,0.0
CoRe-WM old,road_runner,0,7290,0.0
CoRe-WM old,road_runner,0,7822,200.0
CoRe-WM old,road_runner,0,9072,700.0
CoRe-WM old,road_runner,0,9999,1000.0
CoRe-WM old,road_runner,0,10934,500.0
CoRe-WM old,road_runner,0,11920,500.0
CoRe-WM old,road_runner,0,12763,900.0
CoRe-WM old,road_runner,0,13623,700.0
CoRe-WM old,road_runner,0,14492,2300.0
CoRe-WM old,road_runner,0,15243,4000.0
CoRe-WM old,road_runner,0,15864,2300.0
CoRe-WM old,road_runner,0,16610,3400.0
CoRe-WM old,road_runner,0,17324,3100.0
CoRe-WM old,road_runner,0,17783,2200.0
CoRe-WM old,road_runner,0,18502,1100.0
CoRe-WM old,road_runner,0,19249,3400.0
CoRe-WM old,road_runner,0,20087,4700.0
CoRe-WM old,road_runner,0,20913,7900.0
CoRe-WM old,road_runner,0,21740,6900.0
CoRe-WM old,road_runner,0,22568,8100.0
CoRe-WM old,road_runner,0,23395,6600.0
CoRe-WM old,road_runner,0,24224,6300.0
CoRe-WM old,road_runner,0,25100,5400.0
CoRe-WM old,road_runner,0,25923,2900.0
CoRe-WM old,road_runner,0,26793,4900.0
CoRe-WM old,road_runner,0,27681,7900.0
CoRe-WM old,road_runner,0,28508,4400.0
CoRe-WM old,road_runner,0,29390,12700.0
CoRe-WM old,road_runner,0,29772,5200.0
CoRe-WM old,road_runner,0,30078,2600.0
CoRe-WM old,road_runner,0,30456,4100.0
CoRe-WM old,road_runner,0,30993,7800.0
CoRe-WM old,road_runner,0,31470,2100.0
CoRe-WM old,road_runner,0,32082,6000.0
CoRe-WM old,road_runner,0,32824,9200.0
CoRe-WM old,road_runner,0,33651,3400.0
CoRe-WM old,road_runner,0,34522,12600.0
CoRe-WM old,road_runner,0,35350,17000.0
CoRe-WM old,road_runner,0,36189,13700.0
CoRe-WM old,road_runner,0,37015,10900.0
CoRe-WM old,road_runner,0,37841,14000.0
CoRe-WM old,road_runner,0,38692,15400.0
CoRe-WM old,road_runner,0,39524,14300.0
CoRe-WM old,road_runner,0,40316,15200.0
CoRe-WM old,road_runner,0,41185,16600.0
CoRe-WM old,road_runner,0,42094,15900.0
CoRe-WM old,road_runner,0,42938,12200.0
CoRe-WM old,road_runner,0,43793,14900.0
CoRe-WM old,road_runner,0,44643,15800.0
CoRe-WM old,road_runner,0,45578,16100.0
CoRe-WM old,road_runner,0,46523,16700.0
CoRe-WM old,road_runner,0,47364,13700.0
CoRe-WM old,road_runner,0,48277,13300.0
CoRe-WM old,road_runner,0,49109,15400.0
CoRe-WM old,road_runner,0,50062,14500.0
CoRe-WM old,road_runner,0,51050,13300.0
CoRe-WM old,road_runner,0,51916,13200.0
CoRe-WM old,road_runner,0,52988,13100.0
CoRe-WM old,road_runner,0,53854,15500.0
CoRe-WM old,road_runner,0,54718,15700.0
CoRe-WM old,road_runner,0,55593,13700.0
CoRe-WM old,road_runner,0,56562,15900.0
CoRe-WM old,road_runner,0,57516,11500.0
CoRe-WM old,road_runner,0,58371,15500.0
CoRe-WM old,road_runner,0,59244,13800.0
CoRe-WM old,road_runner,0,60163,15900.0
CoRe-WM old,road_runner,0,61059,14400.0
CoRe-WM old,road_runner,0,61955,13700.0
CoRe-WM old,road_runner,0,62821,13400.0
CoRe-WM old,road_runner,0,63654,14500.0
CoRe-WM old,road_runner,0,64507,14400.0
CoRe-WM old,road_runner,0,65359,14700.0
CoRe-WM old,road_runner,0,66220,15600.0
CoRe-WM old,road_runner,0,67085,16900.0
CoRe-WM old,road_runner,0,67972,16100.0
CoRe-WM old,road_runner,0,68893,14300.0
CoRe-WM old,road_runner,0,69754,15300.0
CoRe-WM old,road_runner,0,70612,16000.0
CoRe-WM old,road_runner,0,71517,16500.0
CoRe-WM old,road_runner,0,72410,15400.0
CoRe-WM old,road_runner,0,73544,13200.0
CoRe-WM old,road_runner,0,74497,15800.0
CoRe-WM old,road_runner,0,75628,12300.0
CoRe-WM old,road_runner,0,76557,13800.0
CoRe-WM old,road_runner,0,77550,14700.0
CoRe-WM old,road_runner,0,78475,13700.0
CoRe-WM old,road_runner,0,79404,15400.0
CoRe-WM old,road_runner,0,80340,14900.0
CoRe-WM old,road_runner,0,81279,15900.0
CoRe-WM old,road_runner,0,82196,14900.0
CoRe-WM old,road_runner,0,83181,14500.0
CoRe-WM old,road_runner,0,84243,14600.0
CoRe-WM old,road_runner,0,85180,14800.0
CoRe-WM old,road_runner,0,86157,16200.0
CoRe-WM old,road_runner,0,87077,15600.0
CoRe-WM old,road_runner,0,87979,11500.0
CoRe-WM old,road_runner,0,88942,16300.0
CoRe-WM old,road_runner,0,89851,14200.0
CoRe-WM old,road_runner,0,90754,14900.0
CoRe-WM old,road_runner,0,91649,16400.0
CoRe-WM old,road_runner,0,92543,14900.0
CoRe-WM old,road_runner,0,93443,14400.0
CoRe-WM old,road_runner,0,94314,16300.0
CoRe-WM old,road_runner,0,95186,15900.0
CoRe-WM old,road_runner,0,95938,12500.0
CoRe-WM old,road_runner,0,96841,12100.0
CoRe-WM old,road_runner,0,97682,13400.0
CoRe-WM old,road_runner,0,98638,13200.0
CoRe-WM old,road_runner,0,99468,13800.0
CoRe-WM old,road_runner,1,118,0.0
CoRe-WM old,road_runner,1,259,0.0
CoRe-WM old,road_runner,1,461,0.0
CoRe-WM old,road_runner,1,682,0.0
CoRe-WM old,road_runner,1,774,0.0
CoRe-WM old,road_runner,1,940,0.0
CoRe-WM old,road_runner,1,1057,0.0
CoRe-WM old,road_runner,1,1159,0.0
CoRe-WM old,road_runner,1,1322,0.0
CoRe-WM old,road_runner,1,1496,0.0
CoRe-WM old,road_runner,1,1800,0.0
CoRe-WM old,road_runner,1,1931,0.0
CoRe-WM old,road_runner,1,2065,0.0
CoRe-WM old,road_runner,1,2160,0.0
CoRe-WM old,road_runner,1,2263,0.0
CoRe-WM old,road_runner,1,2551,0.0
CoRe-WM old,road_runner,1,2629,0.0
CoRe-WM old,road_runner,1,2710,0.0
CoRe-WM old,road_runner,1,2858,0.0
CoRe-WM old,road_runner,1,3116,0.0
CoRe-WM old,road_runner,1,3209,0.0
CoRe-WM old,road_runner,1,3442,0.0
CoRe-WM old,road_runner,1,3677,0.0
CoRe-WM old,road_runner,1,3799,0.0
CoRe-WM old,road_runner,1,3959,0.0
CoRe-WM old,road_runner,1,4034,0.0
CoRe-WM old,road_runner,1,4346,100.0
CoRe-WM old,road_runner,1,4548,0.0
CoRe-WM old,road_runner,1,4764,0.0
CoRe-WM old,road_runner,1,4958,0.0
CoRe-WM old,road_runner,1,5347,100.0
CoRe-WM old,road_runner,1,5430,0.0
CoRe-WM old,road_runner,1,5527,0.0
CoRe-WM old,road_runner,1,5860,0.0
CoRe-WM old,road_runner,1,5998,0.0
CoRe-WM old,road_runner,1,6158,0.0
CoRe-WM old,road_runner,1,6236,0.0
CoRe-WM old,road_runner,1,6342,0.0
CoRe-WM old,road_runner,1,6646,0.0
CoRe-WM old,road_runner,1,6832,0.0
CoRe-WM old,road_runner,1,6923,0.0
CoRe-WM old,road_runner,1,7268,100.0
CoRe-WM old,road_runner,1,7399,0.0
CoRe-WM old,road_runner,1,7738,300.0
CoRe-WM old,road_runner,1,8806,300.0
CoRe-WM old,road_runner,1,9770,500.0
CoRe-WM old,road_runner,1,10924,600.0
CoRe-WM old,road_runner,1,12009,400.0
CoRe-WM old,road_runner,1,12527,400.0
CoRe-WM old,road_runner,1,13083,400.0
CoRe-WM old,road_runner,1,13290,1100.0
CoRe-WM old,road_runner,1,14133,900.0
CoRe-WM old,road_runner,1,14986,900.0
CoRe-WM old,road_runner,1,15856,1000.0
CoRe-WM old,road_runner,1,16683,1000.0
CoRe-WM old,road_runner,1,17511,1000.0
CoRe-WM old,road_runner,1,18336,1000.0
CoRe-WM old,road_runner,1,19162,900.0
CoRe-WM old,road_runner,1,19985,900.0
CoRe-WM old,road_runner,1,20805,900.0
CoRe-WM old,road_runner,1,21625,900.0
CoRe-WM old,road_runner,1,22446,900.0
CoRe-WM old,road_runner,1,23272,900.0
CoRe-WM old,road_runner,1,24111,1000.0
CoRe-WM old,road_runner,1,24946,1000.0
CoRe-WM old,road_runner,1,25786,900.0
CoRe-WM old,road_runner,1,26667,1000.0
CoRe-WM old,road_runner,1,27601,800.0
CoRe-WM old,road_runner,1,28581,900.0
CoRe-WM old,road_runner,1,29419,1000.0
CoRe-WM old,road_runner,1,30259,1000.0
CoRe-WM old,road_runner,1,31200,900.0
CoRe-WM old,road_runner,1,32175,1000.0
CoRe-WM old,road_runner,1,33086,1000.0
CoRe-WM old,road_runner,1,33967,1000.0
CoRe-WM old,road_runner,1,34892,1000.0
CoRe-WM old,road_runner,1,35925,1000.0
CoRe-WM old,road_runner,1,36836,1000.0
CoRe-WM old,road_runner,1,37730,900.0
CoRe-WM old,road_runner,1,38720,1000.0
CoRe-WM old,road_runner,1,39686,1000.0
CoRe-WM old,road_runner,1,40739,900.0
CoRe-WM old,road_runner,1,41737,900.0
CoRe-WM old,road_runner,1,42739,900.0
CoRe-WM old,road_runner,1,43680,1000.0
CoRe-WM old,road_runner,1,44613,1000.0
CoRe-WM old,road_runner,1,45613,1000.0
CoRe-WM old,road_runner,1,46511,900.0
CoRe-WM old,road_runner,1,47491,1000.0
CoRe-WM old,road_runner,1,48460,1200.0
CoRe-WM old,road_runner,1,49368,1100.0
CoRe-WM old,road_runner,1,50331,1600.0
CoRe-WM old,road_runner,1,51269,2000.0
CoRe-WM old,road_runner,1,52281,1400.0
CoRe-WM old,road_runner,1,53209,1400.0
CoRe-WM old,road_runner,1,54178,1100.0
CoRe-WM old,road_runner,1,55079,1200.0
CoRe-WM old,road_runner,1,56146,900.0
CoRe-WM old,road_runner,1,57364,1400.0
CoRe-WM old,road_runner,1,58658,2000.0
CoRe-WM old,road_runner,1,59483,1000.0
CoRe-WM old,road_runner,1,60309,1600.0
CoRe-WM old,road_runner,1,61191,1600.0
CoRe-WM old,road_runner,1,62031,1500.0
CoRe-WM old,road_runner,1,63005,1500.0
CoRe-WM old,road_runner,1,64073,1500.0
CoRe-WM old,road_runner,1,64994,1500.0
CoRe-WM old,road_runner,1,65872,1900.0
CoRe-WM old,road_runner,1,66887,1600.0
CoRe-WM old,road_runner,1,67855,1500.0
CoRe-WM old,road_runner,1,68997,1700.0
CoRe-WM old,road_runner,1,69977,1800.0
CoRe-WM old,road_runner,1,71078,1400.0
CoRe-WM old,road_runner,1,71937,2700.0
CoRe-WM old,road_runner,1,73165,1400.0
CoRe-WM old,road_runner,1,74016,2400.0
CoRe-WM old,road_runner,1,75109,1600.0
CoRe-WM old,road_runner,1,76154,1500.0
CoRe-WM old,road_runner,1,77164,2000.0
CoRe-WM old,road_runner,1,78379,1500.0
CoRe-WM old,road_runner,1,79367,1600.0
CoRe-WM old,road_runner,1,80492,1800.0
CoRe-WM old,road_runner,1,81506,1800.0
CoRe-WM old,road_runner,1,82638,3200.0
CoRe-WM old,road_runner,1,83617,2100.0
CoRe-WM old,road_runner,1,84803,1700.0
CoRe-WM old,road_runner,1,86121,1600.0
CoRe-WM old,road_runner,1,87097,3600.0
CoRe-WM old,road_runner,1,88235,3200.0
CoRe-WM old,road_runner,1,89195,3300.0
CoRe-WM old,road_runner,1,90367,3600.0
CoRe-WM old,road_runner,1,91275,5800.0
CoRe-WM old,road_runner,1,92353,7400.0
CoRe-WM old,road_runner,1,93415,6800.0
CoRe-WM old,road_runner,1,94324,4700.0
CoRe-WM old,road_runner,1,95347,4500.0
CoRe-WM old,road_runner,1,96371,3700.0
CoRe-WM old,road_runner,1,97425,5400.0
CoRe-WM old,road_runner,1,98435,7500.0
CoRe-WM old,road_runner,1,99351,5700.0
CoRe-WM old,road_runner,2,128,0.0
CoRe-WM old,road_runner,2,354,0.0
CoRe-WM old,road_runner,2,782,300.0
CoRe-WM old,road_runner,2,914,0.0
CoRe-WM old,road_runner,2,1065,0.0
CoRe-WM old,road_runner,2,1352,0.0
CoRe-WM old,road_runner,2,1615,100.0
CoRe-WM old,road_runner,2,1806,0.0
CoRe-WM old,road_runner,2,1962,0.0
CoRe-WM old,road_runner,2,2346,0.0
CoRe-WM old,road_runner,2,2439,0.0
CoRe-WM old,road_runner,2,2541,0.0
CoRe-WM old,road_runner,2,2728,0.0
CoRe-WM old,road_runner,2,2860,0.0
CoRe-WM old,road_runner,2,3052,0.0
CoRe-WM old,road_runner,2,3324,0.0
CoRe-WM old,road_runner,2,3514,0.0
CoRe-WM old,road_runner,2,3734,0.0
CoRe-WM old,road_runner,2,3892,0.0
CoRe-WM old,road_runner,2,4135,100.0
CoRe-WM old,road_runner,2,4336,0.0
CoRe-WM old,road_runner,2,4413,0.0
CoRe-WM old,road_runner,2,4762,0.0
CoRe-WM old,road_runner,2,4960,0.0
CoRe-WM old,road_runner,2,5357,0.0
CoRe-WM old,road_runner,2,5545,0.0
CoRe-WM old,road_runner,2,5653,0.0
CoRe-WM old,road_runner,2,5737,0.0
CoRe-WM old,road_runner,2,5929,0.0
CoRe-WM old,road_runner,2,6085,0.0
CoRe-WM old,road_runner,2,6207,0.0
CoRe-WM old,road_runner,2,6324,0.0
CoRe-WM old,road_runner,2,6440,0.0
CoRe-WM old,road_runner,2,6642,0.0
CoRe-WM old,road_runner,2,6716,0.0
CoRe-WM old,road_runner,2,6851,0.0
CoRe-WM old,road_runner,2,7281,200.0
CoRe-WM old,road_runner,2,7972,2300.0
CoRe-WM old,road_runner,2,8453,1100.0
CoRe-WM old,road_runner,2,8753,100.0
CoRe-WM old,road_runner,2,9208,100.0
CoRe-WM old,road_runner,2,9587,100.0
CoRe-WM old,road_runner,2,9956,100.0
CoRe-WM old,road_runner,2,10324,100.0
CoRe-WM old,road_runner,2,10863,400.0
CoRe-WM old,road_runner,2,11367,200.0
CoRe-WM old,road_runner,2,11875,0.0
CoRe-WM old,road_runner,2,12235,100.0
CoRe-WM old,road_runner,2,12330,0.0
CoRe-WM old,road_runner,2,12920,100.0
CoRe-WM old,road_runner,2,13286,100.0
CoRe-WM old,road_runner,2,13794,100.0
CoRe-WM old,road_runner,2,14109,0.0
CoRe-WM old,road_runner,2,14432,0.0
CoRe-WM old,road_runner,2,15538,400.0
CoRe-WM old,road_runner,2,16309,1600.0
CoRe-WM old,road_runner,2,16726,400.0
CoRe-WM old,road_runner,2,17072,500.0
CoRe-WM old,road_runner,2,17610,700.0
CoRe-WM old,road_runner,2,18325,1800.0
CoRe-WM old,road_runner,2,19199,4300.0
CoRe-WM old,road_runner,2,20096,3300.0
CoRe-WM old,road_runner,2,20937,3100.0
CoRe-WM old,road_runner,2,21776,4500.0
CoRe-WM old,road_runner,2,22387,1800.0
CoRe-WM old,road_runner,2,22997,2000.0
CoRe-WM old,road_runner,2,23859,3700.0
CoRe-WM old,road_runner,2,24762,2600.0
CoRe-WM old,road_runner,2,25606,6600.0
CoRe-WM old,road_runner,2,26446,4600.0
CoRe-WM old,road_runner,2,27330,5300.0
CoRe-WM old,road_runner,2,28191,4400.0
CoRe-WM old,road_runner,2,29055,4000.0
CoRe-WM old,road_runner,2,29957,5800.0
CoRe-WM old,road_runner,2,30894,7600.0
CoRe-WM old,road_runner,2,31758,2100.0
CoRe-WM old,road_runner,2,32609,1500.0
CoRe-WM old,road_runner,2,33517,1900.0
CoRe-WM old,road_runner,2,34388,7100.0
CoRe-WM old,road_runner,2,35260,13500.0
CoRe-WM old,road_runner,2,36134,6600.0
CoRe-WM old,road_runner,2,37047,5300.0
CoRe-WM old,road_runner,2,37954,7300.0
CoRe-WM old,road_runner,2,38818,2200.0
CoRe-WM old,road_runner,2,39726,9300.0
CoRe-WM old,road_runner,2,40573,5700.0
CoRe-WM old,road_runner,2,41401,10400.0
CoRe-WM old,road_runner,2,42235,11200.0
CoRe-WM old,road_runner,2,43084,16100.0
CoRe-WM old,road_runner,2,43920,11900.0
CoRe-WM old,road_runner,2,44798,13300.0
CoRe-WM old,road_runner,2,45232,3200.0
CoRe-WM old,road_runner,2,46076,10200.0
CoRe-WM old,road_runner,2,46914,11300.0
CoRe-WM old,road_runner,2,47471,7100.0
CoRe-WM old,road_runner,2,48347,13800.0
CoRe-WM old,road_runner,2,49205,14600.0
CoRe-WM old,road_runner,2,50071,11000.0
CoRe-WM old,road_runner,2,50914,12700.0
CoRe-WM old,road_runner,2,51760,15100.0
CoRe-WM old,road_runner,2,52627,14700.0
CoRe-WM old,road_runner,2,53510,14100.0
CoRe-WM old,road_runner,2,54419,11900.0
CoRe-WM old,road_runner,2,55269,12900.0
CoRe-WM old,road_runner,2,56097,12300.0
CoRe-WM old,road_runner,2,56931,14300.0
CoRe-WM old,road_runner,2,57784,15600.0
CoRe-WM old,road_runner,2,58642,15500.0
CoRe-WM old,road_runner,2,59498,16000.0
CoRe-WM old,road_runner,2,60332,10000.0
CoRe-WM old,road_runner,2,61207,14200.0
CoRe-WM old,road_runner,2,62093,14200.0
CoRe-WM old,road_runner,2,62989,13000.0
CoRe-WM old,road_runner,2,63831,13200.0
CoRe-WM old,road_runner,2,64673,13700.0
CoRe-WM old,road_runner,2,65548,15500.0
CoRe-WM old,road_runner,2,66466,12100.0
CoRe-WM old,road_runner,2,67332,15500.0
CoRe-WM old,road_runner,2,68173,13600.0
CoRe-WM old,road_runner,2,68999,15300.0
CoRe-WM old,road_runner,2,69868,11700.0
CoRe-WM old,road_runner,2,70750,15700.0
CoRe-WM old,road_runner,2,71618,12900.0
CoRe-WM old,road_runner,2,72554,13200.0
CoRe-WM old,road_runner,2,73436,13700.0
CoRe-WM old,road_runner,2,74311,12100.0
CoRe-WM old,road_runner,2,75156,15700.0
CoRe-WM old,road_runner,2,76042,15900.0
CoRe-WM old,road_runner,2,77036,11600.0
CoRe-WM old,road_runner,2,78021,13600.0
CoRe-WM old,road_runner,2,78866,12800.0
CoRe-WM old,road_runner,2,79805,11800.0
CoRe-WM old,road_runner,2,80795,12400.0
CoRe-WM old,road_runner,2,81679,12600.0
CoRe-WM old,road_runner,2,82617,14700.0
CoRe-WM old,road_runner,2,83787,14400.0
CoRe-WM old,road_runner,2,84655,16100.0
CoRe-WM old,road_runner,2,85507,14900.0
CoRe-WM old,road_runner,2,86405,16100.0
CoRe-WM old,road_runner,2,87279,10800.0
CoRe-WM old,road_runner,2,88152,13500.0
CoRe-WM old,road_runner,2,89018,14600.0
CoRe-WM old,road_runner,2,89917,10100.0
CoRe-WM old,road_runner,2,90841,13100.0
CoRe-WM old,road_runner,2,91740,15400.0
CoRe-WM old,road_runner,2,92687,14500.0
CoRe-WM old,road_runner,2,93594,16000.0
CoRe-WM old,road_runner,2,94521,13800.0
CoRe-WM old,road_runner,2,95415,15500.0
CoRe-WM old,road_runner,2,96409,13900.0
CoRe-WM old,road_runner,2,97392,12300.0
CoRe-WM old,road_runner,2,98311,14500.0
CoRe-WM old,road_runner,2,99321,16000.0
CoRe-WM old,road_runner,3,289,0.0
CoRe-WM old,road_runner,3,393,0.0
CoRe-WM old,road_runner,3,511,0.0
CoRe-WM old,road_runner,3,586,0.0
CoRe-WM old,road_runner,3,716,0.0
CoRe-WM old,road_runner,3,794,0.0
CoRe-WM old,road_runner,3,947,0.0
CoRe-WM old,road_runner,3,1054,0.0
CoRe-WM old,road_runner,3,1229,0.0
CoRe-WM old,road_runner,3,1424,0.0
CoRe-WM old,road_runner,3,1589,0.0
CoRe-WM old,road_runner,3,1792,0.0
CoRe-WM old,road_runner,3,1942,0.0
CoRe-WM old,road_runner,3,2066,0.0
CoRe-WM old,road_runner,3,2190,0.0
CoRe-WM old,road_runner,3,2390,0.0
CoRe-WM old,road_runner,3,2466,0.0
CoRe-WM old,road_runner,3,2593,0.0
CoRe-WM old,road_runner,3,2916,0.0
CoRe-WM old,road_runner,3,3039,0.0
CoRe-WM old,road_runner,3,3125,0.0
CoRe-WM old,road_runner,3,3199,0.0
CoRe-WM old,road_runner,3,3404,0.0
CoRe-WM old,road_runner,3,3555,0.0
CoRe-WM old,road_runner,3,3637,0.0
CoRe-WM old,road_runner,3,3757,0.0
CoRe-WM old,road_runner,3,3858,0.0
CoRe-WM old,road_runner,3,4083,0.0
CoRe-WM old,road_runner,3,4320,0.0
CoRe-WM old,road_runner,3,4455,0.0
CoRe-WM old,road_runner,3,4570,0.0
CoRe-WM old,road_runner,3,4741,0.0
CoRe-WM old,road_runner,3,4876,0.0
CoRe-WM old,road_runner,3,5035,0.0
CoRe-WM old,road_runner,3,5131,0.0
CoRe-WM old,road_runner,3,5346,0.0
CoRe-WM old,road_runner,3,5458,0.0
CoRe-WM old,road_runner,3,5597,0.0
CoRe-WM old,road_runner,3,5675,0.0
CoRe-WM old,road_runner,3,5882,0.0
CoRe-WM old,road_runner,3,6029,0.0
CoRe-WM old,road_runner,3,6162,0.0
CoRe-WM old,road_runner,3,6405,0.0
CoRe-WM old,road_runner,3,6553,0.0
CoRe-WM old,road_runner,3,6652,0.0
CoRe-WM old,road_runner,3,6850,0.0
CoRe-WM old,road_runner,3,7197,0.0
CoRe-WM old,road_runner,3,7288,0.0
CoRe-WM old,road_runner,3,7528,0.0
CoRe-WM old,road_runner,3,7656,0.0
CoRe-WM old,road_runner,3,7886,0.0
CoRe-WM old,road_runner,3,8131,100.0
CoRe-WM old,road_runner,3,8222,0.0
CoRe-WM old,road_runner,3,8830,100.0
CoRe-WM old,road_runner,3,9521,400.0
CoRe-WM old,road_runner,3,10067,400.0
CoRe-WM old,road_runner,3,10375,1100.0
CoRe-WM old,road_runner,3,10808,2400.0
CoRe-WM old,road_runner,3,11246,1100.0
CoRe-WM old,road_runner,3,12101,200.0
CoRe-WM old,road_runner,3,12403,0.0
CoRe-WM old,road_runner,3,12703,0.0
CoRe-WM old,road_runner,3,13006,1000.0
CoRe-WM old,road_runner,3,13476,100.0
CoRe-WM old,road_runner,3,13953,0.0
CoRe-WM old,road_runner,3,14256,0.0
CoRe-WM old,road_runner,3,14690,200.0
CoRe-WM old,road_runner,3,14992,0.0
CoRe-WM old,road_runner,3,15903,500.0
CoRe-WM old,road_runner,3,16780,1800.0
CoRe-WM old,road_runner,3,17233,1100.0
CoRe-WM old,road_runner,3,17844,2300.0
CoRe-WM old,road_runner,3,18383,100.0
CoRe-WM old,road_runner,3,18817,3600.0
CoRe-WM old,road_runner,3,19610,5600.0
CoRe-WM old,road_runner,3,20087,4300.0
CoRe-WM old,road_runner,3,20941,8600.0
CoRe-WM old,road_runner,3,21423,2900.0
CoRe-WM old,road_runner,3,22276,5300.0
CoRe-WM old,road_runner,3,22706,4500.0
CoRe-WM old,road_runner,3,23075,4300.0
CoRe-WM old,road_runner,3,23549,5200.0
CoRe-WM old,road_runner,3,24105,2800.0
CoRe-WM old,road_runner,3,24488,2400.0
CoRe-WM old,road_runner,3,24875,1300.0
CoRe-WM old,road_runner,3,25243,3500.0
CoRe-WM old,road_runner,3,25450,700.0
CoRe-WM old,road_runner,3,26152,7400.0
CoRe-WM old,road_runner,3,26454,1700.0
CoRe-WM old,road_runner,3,27226,6700.0
CoRe-WM old,road_runner,3,27645,6200.0
CoRe-WM old,road_runner,3,28094,4400.0
CoRe-WM old,road_runner,3,29006,7100.0
CoRe-WM old,road_runner,3,29859,5900.0
CoRe-WM old,road_runner,3,30720,9400.0
CoRe-WM old,road_runner,3,31586,13600.0
CoRe-WM old,road_runner,3,32515,12800.0
CoRe-WM old,road_runner,3,33476,12100.0
CoRe-WM old,road_runner,3,34315,12300.0
CoRe-WM old,road_runner,3,35154,9100.0
CoRe-WM old,road_runner,3,36006,9300.0
CoRe-WM old,road_runner,3,36695,9100.0
CoRe-WM old,road_runner,3,37555,9100.0
CoRe-WM old,road_runner,3,38401,7400.0
CoRe-WM old,road_runner,3,39264,10200.0
CoRe-WM old,road_runner,3,40225,12000.0
CoRe-WM old,road_runner,3,41148,12300.0
CoRe-WM old,road_runner,3,42020,14000.0
CoRe-WM old,road_runner,3,42930,11000.0
CoRe-WM old,road_runner,3,43810,12300.0
CoRe-WM old,road_runner,3,44641,13100.0
CoRe-WM old,road_runner,3,45467,13800.0
CoRe-WM old,road_runner,3,46337,11100.0
CoRe-WM old,road_runner,3,47173,12900.0
CoRe-WM old,road_runner,3,48023,13500.0
CoRe-WM old,road_runner,3,48633,10900.0
CoRe-WM old,road_runner,3,49527,12400.0
CoRe-WM old,road_runner,3,50378,13500.0
CoRe-WM old,road_runner,3,51349,14700.0
CoRe-WM old,road_runner,3,52290,13000.0
CoRe-WM old,road_runner,3,53235,16100.0
CoRe-WM old,road_runner,3,54376,15800.0
CoRe-WM old,road_runner,3,55410,14800.0
CoRe-WM old,road_runner,3,56340,15700.0
CoRe-WM old,road_runner,3,57280,12500.0
CoRe-WM old,road_runner,3,58150,13000.0
CoRe-WM old,road_runner,3,59056,12800.0
CoRe-WM old,road_runner,3,59914,12400.0
CoRe-WM old,road_runner,3,60758,13000.0
CoRe-WM old,road_runner,3,61605,12300.0
CoRe-WM old,road_runner,3,62491,15200.0
CoRe-WM old,road_runner,3,63359,14200.0
CoRe-WM old,road_runner,3,64234,15900.0
CoRe-WM old,road_runner,3,65123,14500.0
CoRe-WM old,road_runner,3,66017,13800.0
CoRe-WM old,road_runner,3,66919,12900.0
CoRe-WM old,road_runner,3,68049,12700.0
CoRe-WM old,road_runner,3,69066,13400.0
CoRe-WM old,road_runner,3,69950,7700.0
CoRe-WM old,road_runner,3,70918,11400.0
CoRe-WM old,road_runner,3,71897,10300.0
CoRe-WM old,road_runner,3,72841,13000.0
CoRe-WM old,road_runner,3,73811,15700.0
CoRe-WM old,road_runner,3,74925,12000.0
CoRe-WM old,road_runner,3,75858,13100.0
CoRe-WM old,road_runner,3,76768,14200.0
CoRe-WM old,road_runner,3,77616,11600.0
CoRe-WM old,road_runner,3,78502,12200.0
CoRe-WM old,road_runner,3,79611,13700.0
CoRe-WM old,road_runner,3,80514,14100.0
CoRe-WM old,road_runner,3,81459,13900.0
CoRe-WM old,road_runner,3,82336,12600.0
CoRe-WM old,road_runner,3,83250,13600.0
CoRe-WM old,road_runner,3,84226,10600.0
CoRe-WM old,road_runner,3,85197,14000.0
CoRe-WM old,road_runner,3,86073,11700.0
CoRe-WM old,road_runner,3,87046,13200.0
CoRe-WM old,road_runner,3,87922,14700.0
CoRe-WM old,road_runner,3,88936,14400.0
CoRe-WM old,road_runner,3,89943,15700.0
CoRe-WM old,road_runner,3,90907,12200.0
CoRe-WM old,road_runner,3,91878,14600.0
CoRe-WM old,road_runner,3,92802,15800.0
CoRe-WM old,road_runner,3,93725,14000.0
CoRe-WM old,road_runner,3,94866,16000.0
CoRe-WM old,road_runner,3,95922,13800.0
CoRe-WM old,road_runner,3,96902,13400.0
CoRe-WM old,road_runner,3,97858,16100.0
CoRe-WM old,road_runner,3,98882,12500.0
CoRe-WM old,road_runner,3,99871,12700.0
CoRe-WM old,road_runner,4,122,0.0
CoRe-WM old,road_runner,4,255,0.0
CoRe-WM old,road_runner,4,479,0.0
CoRe-WM old,road_runner,4,614,0.0
CoRe-WM old,road_runner,4,707,0.0
CoRe-WM old,road_runner,4,953,0.0
CoRe-WM old,road_runner,4,1039,0.0
CoRe-WM old,road_runner,4,1169,0.0
CoRe-WM old,road_runner,4,1484,100.0
CoRe-WM old,road_runner,4,1677,0.0
CoRe-WM old,road_runner,4,1775,0.0
CoRe-WM old,road_runner,4,1930,0.0
CoRe-WM old,road_runner,4,2097,0.0
CoRe-WM old,road_runner,4,2205,0.0
CoRe-WM old,road_runner,4,2375,0.0
CoRe-WM old,road_runner,4,2483,0.0
CoRe-WM old,road_runner,4,2583,0.0
CoRe-WM old,road_runner,4,2802,0.0
CoRe-WM old,road_runner,4,3343,100.0
CoRe-WM old,road_runner,4,3436,0.0
CoRe-WM old,road_runner,4,3592,0.0
CoRe-WM old,road_runner,4,3763,0.0
CoRe-WM old,road_runner,4,4076,200.0
CoRe-WM old,road_runner,4,4223,0.0
CoRe-WM old,road_runner,4,4347,0.0
CoRe-WM old,road_runner,4,4529,0.0
CoRe-WM old,road_runner,4,4647,0.0
CoRe-WM old,road_runner,4,4807,0.0
CoRe-WM old,road_runner,4,5224,200.0
CoRe-WM old,road_runner,4,5350,0.0
CoRe-WM old,road_runner,4,5547,0.0
CoRe-WM old,road_runner,4,5648,0.0
CoRe-WM old,road_runner,4,5754,0.0
CoRe-WM old,road_runner,4,5892,0.0
CoRe-WM old,road_runner,4,5973,0.0
CoRe-WM old,road_runner,4,6159,0.0
CoRe-WM old,road_runner,4,6234,0.0
CoRe-WM old,road_runner,4,6423,0.0
CoRe-WM old,road_runner,4,7122,1100.0
CoRe-WM old,road_runner,4,7586,0.0
CoRe-WM old,road_runner,4,7662,0.0
CoRe-WM old,road_runner,4,9071,1800.0
CoRe-WM old,road_runner,4,10054,400.0
CoRe-WM old,road_runner,4,11062,600.0
CoRe-WM old,road_runner,4,11806,700.0
CoRe-WM old,road_runner,4,12255,100.0
CoRe-WM old,road_runner,4,12985,1300.0
CoRe-WM old,road_runner,4,13294,1100.0
CoRe-WM old,road_runner,4,13706,1000.0
CoRe-WM old,road_runner,4,14069,2100.0
CoRe-WM old,road_runner,4,14369,1000.0
CoRe-WM old,road_runner,4,14704,0.0
CoRe-WM old,road_runner,4,15104,1100.0
CoRe-WM old,road_runner,4,15322,0.0
CoRe-WM old,road_runner,4,15660,1000.0
CoRe-WM old,road_runner,4,16025,1100.0
CoRe-WM old,road_runner,4,16419,0.0
CoRe-WM old,road_runner,4,16732,100.0
CoRe-WM old,road_runner,4,17008,1000.0
CoRe-WM old,road_runner,4,17488,2100.0
CoRe-WM old,road_runner,4,17902,1100.0
CoRe-WM old,road_runner,4,18220,1200.0
CoRe-WM old,road_runner,4,19358,4900.0
CoRe-WM old,road_runner,4,20005,3600.0
CoRe-WM old,road_runner,4,21075,8800.0
CoRe-WM old,road_runner,4,21821,6900.0
CoRe-WM old,road_runner,4,22208,1500.0
CoRe-WM old,road_runner,4,22815,4800.0
CoRe-WM old,road_runner,4,23221,600.0
CoRe-WM old,road_runner,4,24145,8700.0
CoRe-WM old,road_runner,4,24533,1500.0
CoRe-WM old,road_runner,4,24837,300.0
CoRe-WM old,road_runner,4,25340,4900.0
CoRe-WM old,road_runner,4,25988,2300.0
CoRe-WM old,road_runner,4,26963,9700.0
CoRe-WM old,road_runner,4,28032,14000.0
CoRe-WM old,road_runner,4,29093,12100.0
CoRe-WM old,road_runner,4,30109,9200.0
CoRe-WM old,road_runner,4,30684,2900.0
CoRe-WM old,road_runner,4,31624,15000.0
CoRe-WM old,road_runner,4,32679,13100.0
CoRe-WM old,road_runner,4,33676,9500.0
CoRe-WM old,road_runner,4,34659,12300.0
CoRe-WM old,road_runner,4,35589,14200.0
CoRe-WM old,road_runner,4,36236,7100.0
CoRe-WM old,road_runner,4,37164,10700.0
CoRe-WM old,road_runner,4,38200,12300.0
CoRe-WM old,road_runner,4,39178,13800.0
CoRe-WM old,road_runner,4,40100,13200.0
CoRe-WM old,road_runner,4,41024,13600.0
CoRe-WM old,road_runner,4,41923,11300.0
CoRe-WM old,road_runner,4,42918,14100.0
CoRe-WM old,road_runner,4,43684,11700.0
CoRe-WM old,road_runner,4,44660,16800.0
CoRe-WM old,road_runner,4,45600,14400.0
CoRe-WM old,road_runner,4,46557,12400.0
CoRe-WM old,road_runner,4,47478,12800.0
CoRe-WM old,road_runner,4,48432,14300.0
CoRe-WM old,road_runner,4,49410,16400.0
CoRe-WM old,road_runner,4,50332,16200.0
CoRe-WM old,road_runner,4,51273,13700.0
CoRe-WM old,road_runner,4,52212,12500.0
CoRe-WM old,road_runner,4,53109,14400.0
CoRe-WM old,road_runner,4,54010,14400.0
CoRe-WM old,road_runner,4,54944,14700.0
CoRe-WM old,road_runner,4,55876,14700.0
CoRe-WM old,road_runner,4,56876,13400.0
CoRe-WM old,road_runner,4,57864,14000.0
CoRe-WM old,road_runner,4,58868,17200.0
CoRe-WM old,road_runner,4,59833,15100.0
CoRe-WM old,road_runner,4,60792,14500.0
CoRe-WM old,road_runner,4,61968,15200.0
CoRe-WM old,road_runner,4,63091,17300.0
CoRe-WM old,road_runner,4,64134,15700.0
CoRe-WM old,road_runner,4,65216,14300.0
CoRe-WM old,road_runner,4,66171,17600.0
CoRe-WM old,road_runner,4,67176,14700.0
CoRe-WM old,road_runner,4,68239,13700.0
CoRe-WM old,road_runner,4,69301,16300.0
CoRe-WM old,road_runner,4,70437,15700.0
CoRe-WM old,road_runner,4,71440,14100.0
CoRe-WM old,road_runner,4,72379,14300.0
CoRe-WM old,road_runner,4,73448,13600.0
CoRe-WM old,road_runner,4,74696,17500.0
CoRe-WM old,road_runner,4,75716,14700.0
CoRe-WM old,road_runner,4,76790,12900.0
CoRe-WM old,road_runner,4,77928,16500.0
CoRe-WM old,road_runner,4,79012,14700.0
CoRe-WM old,road_runner,4,80026,13200.0
CoRe-WM old,road_runner,4,80988,16400.0
CoRe-WM old,road_runner,4,82170,15500.0
CoRe-WM old,road_runner,4,83201,16300.0
CoRe-WM old,road_runner,4,84299,14500.0
CoRe-WM old,road_runner,4,85444,13400.0
CoRe-WM old,road_runner,4,86475,14400.0
CoRe-WM old,road_runner,4,87637,16800.0
CoRe-WM old,road_runner,4,88656,15300.0
CoRe-WM old,road_runner,4,89672,15400.0
CoRe-WM old,road_runner,4,90764,14000.0
CoRe-WM old,road_runner,4,91721,15100.0
CoRe-WM old,road_runner,4,92687,12800.0
CoRe-WM old,road_runner,4,93685,13000.0
CoRe-WM old,road_runner,4,94670,13800.0
CoRe-WM old,road_runner,4,95654,14100.0
CoRe-WM old,road_runner,4,96636,14500.0
CoRe-WM old,road_runner,4,97579,17100.0
CoRe-WM old,road_runner,4,98597,14000.0
CoRe-WM old,road_runner,4,99587,14600.0
CoRe-WM old,seaquest,0,513,120.0
CoRe-WM old,seaquest,0,840,0.0
CoRe-WM old,seaquest,0,1297,40.0
CoRe-WM old,seaquest,0,1856,40.0
CoRe-WM old,seaquest,0,2531,120.0
CoRe-WM old,seaquest,0,2963,40.0
CoRe-WM old,seaquest,0,3281,0.0
CoRe-WM old,seaquest,0,3674,40.0
CoRe-WM old,seaquest,0,4441,200.0
CoRe-WM old,seaquest,0,4959,40.0
CoRe-WM old,seaquest,0,5552,120.0
CoRe-WM old,seaquest,0,5929,20.0
CoRe-WM old,seaquest,0,6407,60.0
CoRe-WM old,seaquest,0,6766,0.0
CoRe-WM old,seaquest,0,7420,120.0
CoRe-WM old,seaquest,0,7961,80.0
CoRe-WM old,seaquest,0,8442,20.0
CoRe-WM old,seaquest,0,8894,40.0
CoRe-WM old,seaquest,0,9559,120.0
CoRe-WM old,seaquest,0,9995,100.0
CoRe-WM old,seaquest,0,10740,180.0
CoRe-WM old,seaquest,0,11897,260.0
CoRe-WM old,seaquest,0,12939,240.0
CoRe-WM old,seaquest,0,13663,160.0
CoRe-WM old,seaquest,0,14484,220.0
CoRe-WM old,seaquest,0,15316,220.0
CoRe-WM old,seaquest,0,16138,220.0
CoRe-WM old,seaquest,0,16964,240.0
CoRe-WM old,seaquest,0,18294,380.0
CoRe-WM old,seaquest,0,19434,380.0
CoRe-WM old,seaquest,0,20691,360.0
CoRe-WM old,seaquest,0,21544,260.0
CoRe-WM old,seaquest,0,22970,400.0
CoRe-WM old,seaquest,0,24204,380.0
CoRe-WM old,seaquest,0,26143,620.0
CoRe-WM old,seaquest,0,28267,780.0
CoRe-WM old,seaquest,0,30586,780.0
CoRe-WM old,seaquest,0,32783,880.0
CoRe-WM old,seaquest,0,35046,880.0
CoRe-WM old,seaquest,0,36727,540.0
CoRe-WM old,seaquest,0,38986,820.0
CoRe-WM old,seaquest,0,40780,600.0
CoRe-WM old,seaquest,0,42998,820.0
CoRe-WM old,seaquest,0,45063,720.0
CoRe-WM old,seaquest,0,46910,640.0
CoRe-WM old,seaquest,0,48438,340.0
CoRe-WM old,seaquest,0,49145,100.0
CoRe-WM old,seaquest,0,50124,220.0
CoRe-WM old,seaquest,0,51186,280.0
CoRe-WM old,seaquest,0,52791,500.0
CoRe-WM old,seaquest,0,54546,620.0
CoRe-WM old,seaquest,0,55995,500.0
CoRe-WM old,seaquest,0,57107,340.0
CoRe-WM old,seaquest,0,58973,620.0
CoRe-WM old,seaquest,0,60812,680.0
CoRe-WM old,seaquest,0,62413,520.0
CoRe-WM old,seaquest,0,64136,560.0
CoRe-WM old,seaquest,0,65535,480.0
CoRe-WM old,seaquest,0,66803,420.0
CoRe-WM old,seaquest,0,68140,440.0
CoRe-WM old,seaquest,0,69852,580.0
CoRe-WM old,seaquest,0,71248,460.0
CoRe-WM old,seaquest,0,73144,620.0
CoRe-WM old,seaquest,0,75301,700.0
CoRe-WM old,seaquest,0,77204,660.0
CoRe-WM old,seaquest,0,79272,700.0
CoRe-WM old,seaquest,0,80377,320.0
CoRe-WM old,seaquest,0,81945,440.0
CoRe-WM old,seaquest,0,83835,480.0
CoRe-WM old,seaquest,0,85106,360.0
CoRe-WM old,seaquest,0,86966,660.0
CoRe-WM old,seaquest,0,88205,440.0
CoRe-WM old,seaquest,0,89760,460.0
CoRe-WM old,seaquest,0,91175,400.0
CoRe-WM old,seaquest,0,92506,380.0
CoRe-WM old,seaquest,0,94760,740.0
CoRe-WM old,seaquest,0,96445,540.0
CoRe-WM old,seaquest,0,97884,440.0
CoRe-WM old,seaquest,0,99218,480.0
CoRe-WM old,seaquest,1,528,120.0
CoRe-WM old,seaquest,1,888,20.0
CoRe-WM old,seaquest,1,1930,240.0
CoRe-WM old,seaquest,1,2753,200.0
CoRe-WM old,seaquest,1,3149,20.0
CoRe-WM old,seaquest,1,3760,160.0
CoRe-WM old,seaquest,1,4126,20.0
CoRe-WM old,seaquest,1,4498,20.0
CoRe-WM old,seaquest,1,5171,140.0
CoRe-WM old,seaquest,1,5635,80.0
CoRe-WM old,seaquest,1,6089,60.0
CoRe-WM old,seaquest,1,6538,80.0
CoRe-WM old,seaquest,1,6969,40.0
CoRe-WM old,seaquest,1,7487,60.0
CoRe-WM old,seaquest,1,7913,20.0
CoRe-WM old,seaquest,1,8361,60.0
CoRe-WM old,seaquest,1,8732,20.0
CoRe-WM old,seaquest,1,9229,60.0
CoRe-WM old,seaquest,1,9689,100.0
CoRe-WM old,seaquest,1,10035,40.0
CoRe-WM old,seaquest,1,11311,360.0
CoRe-WM old,seaquest,1,11890,140.0
CoRe-WM old,seaquest,1,12658,140.0
CoRe-WM old,seaquest,1,13436,180.0
CoRe-WM old,seaquest,1,14114,200.0
CoRe-WM old,seaquest,1,15016,220.0
CoRe-WM old,seaquest,1,16138,260.0
CoRe-WM old,seaquest,1,17463,400.0
CoRe-WM old,seaquest,1,18091,160.0
CoRe-WM old,seaquest,1,18796,220.0
CoRe-WM old,seaquest,1,19546,200.0
CoRe-WM old,seaquest,1,20319,180.0
CoRe-WM old,seaquest,1,21188,220.0
CoRe-WM old,seaquest,1,21864,180.0
CoRe-WM old,seaquest,1,22767,220.0
CoRe-WM old,seaquest,1,23895,340.0
CoRe-WM old,seaquest,1,25106,360.0
CoRe-WM old,seaquest,1,26405,400.0
CoRe-WM old,seaquest,1,27938,480.0
CoRe-WM old,seaquest,1,29131,340.0
CoRe-WM old,seaquest,1,30035,280.0
CoRe-WM old,seaquest,1,30888,240.0
CoRe-WM old,seaquest,1,32190,420.0
CoRe-WM old,seaquest,1,33173,320.0
CoRe-WM old,seaquest,1,34160,280.0
CoRe-WM old,seaquest,1,36030,600.0
CoRe-WM old,seaquest,1,37215,380.0
CoRe-WM old,seaquest,1,38598,460.0
CoRe-WM old,seaquest,1,40212,560.0
CoRe-WM old,seaquest,1,41827,500.0
CoRe-WM old,seaquest,1,43191,360.0
CoRe-WM old,seaquest,1,44198,280.0
CoRe-WM old,seaquest,1,45439,380.0
CoRe-WM old,seaquest,1,46581,400.0
CoRe-WM old,seaquest,1,47971,480.0
CoRe-WM old,seaquest,1,49625,560.0
CoRe-WM old,seaquest,1,50774,380.0
CoRe-WM old,seaquest,1,51909,360.0
CoRe-WM old,seaquest,1,53357,520.0
CoRe-WM old,seaquest,1,54527,360.0
CoRe-WM old,seaquest,1,55708,420.0
CoRe-WM old,seaquest,1,56816,340.0
CoRe-WM old,seaquest,1,58469,500.0
CoRe-WM old,seaquest,1,59589,380.0
CoRe-WM old,seaquest,1,60713,360.0
CoRe-WM old,seaquest,1,61790,380.0
CoRe-WM old,seaquest,1,62935,400.0
CoRe-WM old,seaquest,1,63929,260.0
CoRe-WM old,seaquest,1,64648,220.0
CoRe-WM old,seaquest,1,65538,200.0
CoRe-WM old,seaquest,1,66480,320.0
CoRe-WM old,seaquest,1,67318,280.0
CoRe-WM old,seaquest,1,68460,360.0
CoRe-WM old,seaquest,1,70305,580.0
CoRe-WM old,seaquest,1,71826,520.0
CoRe-WM old,seaquest,1,73255,460.0
CoRe-WM old,seaquest,1,74372,260.0
CoRe-WM old,seaquest,1,75480,360.0
CoRe-WM old,seaquest,1,76897,440.0
CoRe-WM old,seaquest,1,78210,480.0
CoRe-WM old,seaquest,1,79559,440.0
CoRe-WM old,seaquest,1,80519,280.0
CoRe-WM old,seaquest,1,81738,380.0
CoRe-WM old,seaquest,1,83018,440.0
CoRe-WM old,seaquest,1,84248,420.0
CoRe-WM old,seaquest,1,85653,500.0
CoRe-WM old,seaquest,1,86638,280.0
CoRe-WM old,seaquest,1,87233,120.0
CoRe-WM old,seaquest,1,88054,260.0
CoRe-WM old,seaquest,1,89056,340.0
CoRe-WM old,seaquest,1,90585,460.0
CoRe-WM old,seaquest,1,91575,360.0
CoRe-WM old,seaquest,1,92472,260.0
CoRe-WM old,seaquest,1,93553,320.0
CoRe-WM old,seaquest,1,94541,340.0
CoRe-WM old,seaquest,1,95480,300.0
CoRe-WM old,seaquest,1,96607,360.0
CoRe-WM old,seaquest,1,97585,260.0
CoRe-WM old,seaquest,1,99462,700.0
CoRe-WM old,seaquest,2,528,80.0
CoRe-WM old,seaquest,2,955,60.0
CoRe-WM old,seaquest,2,1320,0.0
CoRe-WM old,seaquest,2,1925,80.0
CoRe-WM old,seaquest,2,2338,60.0
CoRe-WM old,seaquest,2,2937,80.0
CoRe-WM old,seaquest,2,3537,120.0
CoRe-WM old,seaquest,2,3942,0.0
CoRe-WM old,seaquest,2,4832,240.0
CoRe-WM old,seaquest,2,5291,60.0
CoRe-WM old,seaquest,2,5839,120.0
CoRe-WM old,seaquest,2,6292,60.0
CoRe-WM old,seaquest,2,6792,80.0
CoRe-WM old,seaquest,2,7227,80.0
CoRe-WM old,seaquest,2,7518,0.0
CoRe-WM old,seaquest,2,7934,60.0
CoRe-WM old,seaquest,2,8399,20.0
CoRe-WM old,seaquest,2,9088,140.0
CoRe-WM old,seaquest,2,9921,220.0
CoRe-WM old,seaquest,2,10571,160.0
CoRe-WM old,seaquest,2,12298,560.0
CoRe-WM old,seaquest,2,13120,200.0
CoRe-WM old,seaquest,2,14009,240.0
CoRe-WM old,seaquest,2,14784,160.0
CoRe-WM old,seaquest,2,15749,280.0
CoRe-WM old,seaquest,2,17192,480.0
CoRe-WM old,seaquest,2,18057,260.0
CoRe-WM old,seaquest,2,19024,320.0
CoRe-WM old,seaquest,2,20127,200.0
CoRe-WM old,seaquest,2,21223,300.0
CoRe-WM old,seaquest,2,22156,280.0
CoRe-WM old,seaquest,2,22917,180.0
CoRe-WM old,seaquest,2,24333,480.0
CoRe-WM old,seaquest,2,25502,320.0
CoRe-WM old,seaquest,2,27303,480.0
CoRe-WM old,seaquest,2,28453,320.0
CoRe-WM old,seaquest,2,30290,580.0
CoRe-WM old,seaquest,2,32150,580.0
CoRe-WM old,seaquest,2,34152,680.0
CoRe-WM old,seaquest,2,35954,580.0
CoRe-WM old,seaquest,2,37875,700.0
CoRe-WM old,seaquest,2,38890,320.0
CoRe-WM old,seaquest,2,39820,340.0
CoRe-WM old,seaquest,2,40931,360.0
CoRe-WM old,seaquest,2,42315,460.0
CoRe-WM old,seaquest,2,43187,280.0
CoRe-WM old,seaquest,2,43767,100.0
CoRe-WM old,seaquest,2,44727,320.0
CoRe-WM old,seaquest,2,45923,400.0
CoRe-WM old,seaquest,2,47188,380.0
CoRe-WM old,seaquest,2,48199,300.0
CoRe-WM old,seaquest,2,49665,460.0
CoRe-WM old,seaquest,2,50723,400.0
CoRe-WM old,seaquest,2,51977,420.0
CoRe-WM old,seaquest,2,53052,300.0
CoRe-WM old,seaquest,2,54451,480.0
CoRe-WM old,seaquest,2,55508,280.0
CoRe-WM old,seaquest,2,56348,240.0
CoRe-WM old,seaquest,2,57637,400.0
CoRe-WM old,seaquest,2,58764,340.0
CoRe-WM old,seaquest,2,59865,340.0
CoRe-WM old,seaquest,2,61145,320.0
CoRe-WM old,seaquest,2,62968,680.0
CoRe-WM old,seaquest,2,64898,660.0
CoRe-WM old,seaquest,2,65666,220.0
CoRe-WM old,seaquest,2,66871,400.0
CoRe-WM old,seaquest,2,67866,340.0
CoRe-WM old,seaquest,2,69626,580.0
CoRe-WM old,seaquest,2,71385,520.0
CoRe-WM old,seaquest,2,72788,440.0
CoRe-WM old,seaquest,2,74102,480.0
CoRe-WM old,seaquest,2,75388,340.0
CoRe-WM old,seaquest,2,76566,420.0
CoRe-WM old,seaquest,2,77636,340.0
CoRe-WM old,seaquest,2,78569,300.0
CoRe-WM old,seaquest,2,80098,560.0
CoRe-WM old,seaquest,2,81003,300.0
CoRe-WM old,seaquest,2,82810,580.0
CoRe-WM old,seaquest,2,84102,460.0
CoRe-WM old,seaquest,2,85149,320.0
CoRe-WM old,seaquest,2,86163,320.0
CoRe-WM old,seaquest,2,87380,340.0
CoRe-WM old,seaquest,2,88871,460.0
CoRe-WM old,seaquest,2,90462,620.0
CoRe-WM old,seaquest,2,91579,300.0
CoRe-WM old,seaquest,2,92903,440.0
CoRe-WM old,seaquest,2,93744,260.0
CoRe-WM old,seaquest,2,95976,820.0
CoRe-WM old,seaquest,2,97174,380.0
CoRe-WM old,seaquest,2,98527,420.0
CoRe-WM old,seaquest,2,99538,300.0
CoRe-WM old,seaquest,3,900,240.0
CoRe-WM old,seaquest,3,1476,60.0
CoRe-WM old,seaquest,3,1990,120.0
CoRe-WM old,seaquest,3,2371,20.0
CoRe-WM old,seaquest,3,2947,80.0
CoRe-WM old,seaquest,3,3361,0.0
CoRe-WM old,seaquest,3,4161,180.0
CoRe-WM old,seaquest,3,4665,60.0
CoRe-WM old,seaquest,3,5028,0.0
CoRe-WM old,seaquest,3,5679,160.0
CoRe-WM old,seaquest,3,6196,40.0
CoRe-WM old,seaquest,3,6508,0.0
CoRe-WM old,seaquest,3,7137,100.0
CoRe-WM old,seaquest,3,7516,20.0
CoRe-WM old,seaquest,3,8020,100.0
CoRe-WM old,seaquest,3,8437,80.0
CoRe-WM old,seaquest,3,8940,0.0
CoRe-WM old,seaquest,3,9304,0.0
CoRe-WM old,seaquest,3,9920,120.0
CoRe-WM old,seaquest,3,10366,140.0
CoRe-WM old,seaquest,3,11113,220.0
CoRe-WM old,seaquest,3,12019,260.0
CoRe-WM old,seaquest,3,13247,360.0
CoRe-WM old,seaquest,3,14021,180.0
CoRe-WM old,seaquest,3,14721,160.0
CoRe-WM old,seaquest,3,16062,360.0
CoRe-WM old,seaquest,3,17156,320.0
CoRe-WM old,seaquest,3,18007,220.0
CoRe-WM old,seaquest,3,18928,260.0
CoRe-WM old,seaquest,3,20754,640.0
CoRe-WM old,seaquest,3,21646,240.0
CoRe-WM old,seaquest,3,22341,200.0
CoRe-WM old,seaquest,3,22988,200.0
CoRe-WM old,seaquest,3,23751,220.0
CoRe-WM old,seaquest,3,24390,160.0
CoRe-WM old,seaquest,3,25369,320.0
CoRe-WM old,seaquest,3,26417,300.0
CoRe-WM old,seaquest,3,27696,440.0
CoRe-WM old,seaquest,3,28447,200.0
CoRe-WM old,seaquest,3,29420,320.0
CoRe-WM old,seaquest,3,30119,200.0
CoRe-WM old,seaquest,3,31190,300.0
CoRe-WM old,seaquest,3,32288,280.0
CoRe-WM old,seaquest,3,33032,200.0
CoRe-WM old,seaquest,3,33556,120.0
CoRe-WM old,seaquest,3,34513,260.0
CoRe-WM old,seaquest,3,35385,180.0
CoRe-WM old,seaquest,3,36470,320.0
CoRe-WM old,seaquest,3,37345,220.0
CoRe-WM old,seaquest,3,38307,280.0
CoRe-WM old,seaquest,3,39432,340.0
CoRe-WM old,seaquest,3,40485,280.0
CoRe-WM old,seaquest,3,41192,240.0
CoRe-WM old,seaquest,3,41849,240.0
CoRe-WM old,seaquest,3,43495,600.0
CoRe-WM old,seaquest,3,44189,240.0
CoRe-WM old,seaquest,3,44796,160.0
CoRe-WM old,seaquest,3,45728,340.0
CoRe-WM old,seaquest,3,46396,200.0
CoRe-WM old,seaquest,3,47146,240.0
CoRe-WM old,seaquest,3,48598,480.0
CoRe-WM old,seaquest,3,49231,200.0
CoRe-WM old,seaquest,3,50365,380.0
CoRe-WM old,seaquest,3,51479,380.0
CoRe-WM old,seaquest,3,53025,600.0
CoRe-WM old,seaquest,3,54457,520.0
CoRe-WM old,seaquest,3,55365,260.0
CoRe-WM old,seaquest,3,56370,300.0
CoRe-WM old,seaquest,3,57529,360.0
CoRe-WM old,seaquest,3,58502,360.0
CoRe-WM old,seaquest,3,60053,540.0
CoRe-WM old,seaquest,3,61041,320.0
CoRe-WM old,seaquest,3,62692,580.0
CoRe-WM old,seaquest,3,63984,500.0
CoRe-WM old,seaquest,3,65337,460.0
CoRe-WM old,seaquest,3,66449,360.0
CoRe-WM old,seaquest,3,67374,320.0
CoRe-WM old,seaquest,3,68542,360.0
CoRe-WM old,seaquest,3,69934,360.0
CoRe-WM old,seaquest,3,70824,300.0
CoRe-WM old,seaquest,3,71449,220.0
CoRe-WM old,seaquest,3,72568,320.0
CoRe-WM old,seaquest,3,74130,560.0
CoRe-WM old,seaquest,3,74904,260.0
CoRe-WM old,seaquest,3,75639,220.0
CoRe-WM old,seaquest,3,76623,400.0
CoRe-WM old,seaquest,3,77238,160.0
CoRe-WM old,seaquest,3,78923,500.0
CoRe-WM old,seaquest,3,80088,380.0
CoRe-WM old,seaquest,3,81621,500.0
CoRe-WM old,seaquest,3,82808,360.0
CoRe-WM old,seaquest,3,83849,280.0
CoRe-WM old,seaquest,3,85333,440.0
CoRe-WM old,seaquest,3,86560,340.0
CoRe-WM old,seaquest,3,87435,240.0
CoRe-WM old,seaquest,3,88558,380.0
CoRe-WM old,seaquest,3,89519,320.0
CoRe-WM old,seaquest,3,90673,320.0
CoRe-WM old,seaquest,3,91697,360.0
CoRe-WM old,seaquest,3,92839,360.0
CoRe-WM old,seaquest,3,93473,160.0
CoRe-WM old,seaquest,3,94228,220.0
CoRe-WM old,seaquest,3,95017,260.0
CoRe-WM old,seaquest,3,95951,260.0
CoRe-WM old,seaquest,3,97500,520.0
CoRe-WM old,seaquest,3,98461,300.0
CoRe-WM old,seaquest,3,99270,280.0
CoRe-WM old,seaquest,4,518,80.0
CoRe-WM old,seaquest,4,916,40.0
CoRe-WM old,seaquest,4,1522,120.0
CoRe-WM old,seaquest,4,2039,100.0
CoRe-WM old,seaquest,4,2709,80.0
CoRe-WM old,seaquest,4,3099,0.0
CoRe-WM old,seaquest,4,4091,280.0
CoRe-WM old,seaquest,4,5053,240.0
CoRe-WM old,seaquest,4,5842,160.0
CoRe-WM old,seaquest,4,6289,40.0
CoRe-WM old,seaquest,4,6828,60.0
CoRe-WM old,seaquest,4,7233,40.0
CoRe-WM old,seaquest,4,7774,120.0
CoRe-WM old,seaquest,4,8270,120.0
CoRe-WM old,seaquest,4,8647,40.0
CoRe-WM old,seaquest,4,9461,200.0
CoRe-WM old,seaquest,4,10398,260.0
CoRe-WM old,seaquest,4,12156,540.0
CoRe-WM old,seaquest,4,13527,400.0
CoRe-WM old,seaquest,4,14267,200.0
CoRe-WM old,seaquest,4,15201,180.0
CoRe-WM old,seaquest,4,16584,320.0
CoRe-WM old,seaquest,4,17709,300.0
CoRe-WM old,seaquest,4,18872,380.0
CoRe-WM old,seaquest,4,20384,420.0
CoRe-WM old,seaquest,4,21608,300.0
CoRe-WM old,seaquest,4,22831,340.0
CoRe-WM old,seaquest,4,23894,340.0
CoRe-WM old,seaquest,4,24785,240.0
CoRe-WM old,seaquest,4,25390,160.0
CoRe-WM old,seaquest,4,26371,280.0
CoRe-WM old,seaquest,4,27741,420.0
CoRe-WM old,seaquest,4,29111,440.0
CoRe-WM old,seaquest,4,29985,240.0
CoRe-WM old,seaquest,4,31745,580.0
CoRe-WM old,seaquest,4,32431,180.0
CoRe-WM old,seaquest,4,35008,960.0
CoRe-WM old,seaquest,4,36365,440.0
CoRe-WM old,seaquest,4,37331,280.0
CoRe-WM old,seaquest,4,38795,520.0
CoRe-WM old,seaquest,4,40476,560.0
CoRe-WM old,seaquest,4,42132,560.0
CoRe-WM old,seaquest,4,43448,400.0
CoRe-WM old,seaquest,4,44855,520.0
CoRe-WM old,seaquest,4,46062,340.0
CoRe-WM old,seaquest,4,47294,380.0
CoRe-WM old,seaquest,4,48613,460.0
CoRe-WM old,seaquest,4,49699,320.0
CoRe-WM old,seaquest,4,51104,480.0
CoRe-WM old,seaquest,4,52576,540.0
CoRe-WM old,seaquest,4,53951,440.0
CoRe-WM old,seaquest,4,55663,580.0
CoRe-WM old,seaquest,4,56639,280.0
CoRe-WM old,seaquest,4,57212,140.0
CoRe-WM old,seaquest,4,59471,740.0
CoRe-WM old,seaquest,4,60599,400.0
CoRe-WM old,seaquest,4,62498,700.0
CoRe-WM old,seaquest,4,63344,260.0
CoRe-WM old,seaquest,4,65133,620.0
CoRe-WM old,seaquest,4,65895,200.0
CoRe-WM old,seaquest,4,66785,260.0
CoRe-WM old,seaquest,4,68583,620.0
CoRe-WM old,seaquest,4,69863,440.0
CoRe-WM old,seaquest,4,71391,540.0
CoRe-WM old,seaquest,4,72683,460.0
CoRe-WM old,seaquest,4,74337,600.0
CoRe-WM old,seaquest,4,75205,260.0
CoRe-WM old,seaquest,4,75800,160.0
CoRe-WM old,seaquest,4,77282,460.0
CoRe-WM old,seaquest,4,78672,480.0
CoRe-WM old,seaquest,4,79941,440.0
CoRe-WM old,seaquest,4,81594,520.0
CoRe-WM old,seaquest,4,83328,580.0
CoRe-WM old,seaquest,4,84600,420.0
CoRe-WM old,seaquest,4,85999,460.0
CoRe-WM old,seaquest,4,86527,160.0
CoRe-WM old,seaquest,4,87890,400.0
CoRe-WM old,seaquest,4,88894,300.0
CoRe-WM old,seaquest,4,90245,440.0
CoRe-WM old,seaquest,4,90910,140.0
CoRe-WM old,seaquest,4,91843,220.0
CoRe-WM old,seaquest,4,92768,300.0
CoRe-WM old,seaquest,4,93544,200.0
CoRe-WM old,seaquest,4,95070,520.0
CoRe-WM old,seaquest,4,95958,320.0
CoRe-WM old,seaquest,4,97240,360.0
CoRe-WM old,seaquest,4,97762,120.0
CoRe-WM old,seaquest,4,99146,480.0
CoRe-WM old,up_n_down,0,520,950.0
CoRe-WM old,up_n_down,0,1142,730.0
CoRe-WM old,up_n_down,0,1570,100.0
CoRe-WM old,up_n_down,0,2083,150.0
CoRe-WM old,up_n_down,0,2471,70.0
CoRe-WM old,up_n_down,0,2846,60.0
CoRe-WM old,up_n_down,0,3322,520.0
CoRe-WM old,up_n_down,0,3750,90.0
CoRe-WM old,up_n_down,0,4148,70.0
CoRe-WM old,up_n_down,0,4559,80.0
CoRe-WM old,up_n_down,0,5011,110.0
CoRe-WM old,up_n_down,0,5427,90.0
CoRe-WM old,up_n_down,0,6134,280.0
CoRe-WM old,up_n_down,0,6637,940.0
CoRe-WM old,up_n_down,0,7023,70.0
CoRe-WM old,up_n_down,0,7553,560.0
CoRe-WM old,up_n_down,0,8581,3370.0
CoRe-WM old,up_n_down,0,9228,640.0
CoRe-WM old,up_n_down,0,10134,1200.0
CoRe-WM old,up_n_down,0,11080,1230.0
CoRe-WM old,up_n_down,0,12558,3550.0
CoRe-WM old,up_n_down,0,14210,4060.0
CoRe-WM old,up_n_down,0,15045,750.0
CoRe-WM old,up_n_down,0,16657,3640.0
CoRe-WM old,up_n_down,0,17325,1040.0
CoRe-WM old,up_n_down,0,18809,3160.0
CoRe-WM old,up_n_down,0,19808,2450.0
CoRe-WM old,up_n_down,0,20665,1570.0
CoRe-WM old,up_n_down,0,21554,2380.0
CoRe-WM old,up_n_down,0,22106,2170.0
CoRe-WM old,up_n_down,0,23272,1760.0
CoRe-WM old,up_n_down,0,23766,540.0
CoRe-WM old,up_n_down,0,24514,1410.0
CoRe-WM old,up_n_down,0,25342,740.0
CoRe-WM old,up_n_down,0,25950,2210.0
CoRe-WM old,up_n_down,0,26652,2270.0
CoRe-WM old,up_n_down,0,27239,1800.0
CoRe-WM old,up_n_down,0,28245,5660.0
CoRe-WM old,up_n_down,0,28909,2240.0
CoRe-WM old,up_n_down,0,30036,4530.0
CoRe-WM old,up_n_down,0,30474,900.0
CoRe-WM old,up_n_down,0,31127,1850.0
CoRe-WM old,up_n_down,0,31819,2660.0
CoRe-WM old,up_n_down,0,32518,3870.0
CoRe-WM old,up_n_down,0,33411,2380.0
CoRe-WM old,up_n_down,0,34177,1510.0
CoRe-WM old,up_n_down,0,34764,2190.0
CoRe-WM old,up_n_down,0,35815,4080.0
CoRe-WM old,up_n_down,0,36323,950.0
CoRe-WM old,up_n_down,0,36944,1820.0
CoRe-WM old,up_n_down,0,37893,3620.0
CoRe-WM old,up_n_down,0,38829,4010.0
CoRe-WM old,up_n_down,0,40152,7860.0
CoRe-WM old,up_n_down,0,40776,2220.0
CoRe-WM old,up_n_down,0,41729,4420.0
CoRe-WM old,up_n_down,0,42638,2790.0
CoRe-WM old,up_n_down,0,45349,16680.0
CoRe-WM old,up_n_down,0,47917,18590.0
CoRe-WM old,up_n_down,0,50939,23680.0
CoRe-WM old,up_n_down,0,69502,160170.0
CoRe-WM old,up_n_down,0,76056,56200.0
CoRe-WM old,up_n_down,0,79359,27050.0
CoRe-WM old,up_n_down,0,96898,154730.0
CoRe-WM old,up_n_down,0,99819,24810.0
CoRe-WM old,up_n_down,1,480,130.0
CoRe-WM old,up_n_down,1,866,70.0
CoRe-WM old,up_n_down,1,1387,550.0
CoRe-WM old,up_n_down,1,1749,60.0
CoRe-WM old,up_n_down,1,2158,80.0
CoRe-WM old,up_n_down,1,2612,910.0
CoRe-WM old,up_n_down,1,2982,60.0
CoRe-WM old,up_n_down,1,3541,970.0
CoRe-WM old,up_n_down,1,4149,710.0
CoRe-WM old,up_n_down,1,4624,920.0
CoRe-WM old,up_n_down,1,5062,500.0
CoRe-WM old,up_n_down,1,5615,570.0
CoRe-WM old,up_n_down,1,5993,70.0
CoRe-WM old,up_n_down,1,6537,770.0
CoRe-WM old,up_n_down,1,7003,520.0
CoRe-WM old,up_n_down,1,7414,80.0
CoRe-WM old,up_n_down,1,7832,90.0
CoRe-WM old,up_n_down,1,8566,690.0
CoRe-WM old,up_n_down,1,9015,920.0
CoRe-WM old,up_n_down,1,9976,3330.0
CoRe-WM old,up_n_down,1,10378,480.0
CoRe-WM old,up_n_down,1,10919,960.0
CoRe-WM old,up_n_down,1,11430,2650.0
CoRe-WM old,up_n_down,1,12013,2290.0
CoRe-WM old,up_n_down,1,12390,860.0
CoRe-WM old,up_n_down,1,12817,900.0
CoRe-WM old,up_n_down,1,13485,2150.0
CoRe-WM old,up_n_down,1,13926,1300.0
CoRe-WM old,up_n_down,1,14342,1690.0
CoRe-WM old,up_n_down,1,14765,1390.0
CoRe-WM old,up_n_down,1,15195,1800.0
CoRe-WM old,up_n_down,1,15672,930.0
CoRe-WM old,up_n_down,1,16067,870.0
CoRe-WM old,up_n_down,1,17992,4230.0
CoRe-WM old,up_n_down,1,18959,1240.0
CoRe-WM old,up_n_down,1,19598,630.0
CoRe-WM old,up_n_down,1,20660,1190.0
CoRe-WM old,up_n_down,1,21013,450.0
CoRe-WM old,up_n_down,1,21412,80.0
CoRe-WM old,up_n_down,1,21959,570.0
CoRe-WM old,up_n_down,1,22784,840.0
CoRe-WM old,up_n_down,1,23485,770.0
CoRe-WM old,up_n_down,1,23966,930.0
CoRe-WM old,up_n_down,1,24481,150.0
CoRe-WM old,up_n_down,1,25174,2160.0
CoRe-WM old,up_n_down,1,25675,940.0
CoRe-WM old,up_n_down,1,26420,1200.0
CoRe-WM old,up_n_down,1,26888,920.0
CoRe-WM old,up_n_down,1,27469,590.0
CoRe-WM old,up_n_down,1,28246,1810.0
CoRe-WM old,up_n_down,1,29163,2100.0
CoRe-WM old,up_n_down,1,29861,2570.0
CoRe-WM old,up_n_down,1,30437,1890.0
CoRe-WM old,up_n_down,1,31067,1820.0
CoRe-WM old,up_n_down,1,31630,980.0
CoRe-WM old,up_n_down,1,32377,2300.0
CoRe-WM old,up_n_down,1,32822,1700.0
CoRe-WM old,up_n_down,1,33607,2020.0
CoRe-WM old,up_n_down,1,34236,2120.0
CoRe-WM old,up_n_down,1,34869,3020.0
CoRe-WM old,up_n_down,1,35521,2230.0
CoRe-WM old,up_n_down,1,36283,2710.0
CoRe-WM old,up_n_down,1,37218,2010.0
CoRe-WM old,up_n_down,1,37778,980.0
CoRe-WM old,up_n_down,1,38526,1900.0
CoRe-WM old,up_n_down,1,39475,2820.0
CoRe-WM old,up_n_down,1,40169,2260.0
CoRe-WM old,up_n_down,1,40808,3040.0
CoRe-WM old,up_n_down,1,41522,3070.0
CoRe-WM old,up_n_down,1,42609,4610.0
CoRe-WM old,up_n_down,1,43188,2190.0
CoRe-WM old,up_n_down,1,43902,2380.0
CoRe-WM old,up_n_down,1,44416,1050.0
CoRe-WM old,up_n_down,1,45076,2740.0
CoRe-WM old,up_n_down,1,45668,1500.0
CoRe-WM old,up_n_down,1,46326,3540.0
CoRe-WM old,up_n_down,1,46959,1920.0
CoRe-WM old,up_n_down,1,47605,2630.0
CoRe-WM old,up_n_down,1,48208,2100.0
CoRe-WM old,up_n_down,1,48720,3050.0
CoRe-WM old,up_n_down,1,49445,2280.0
CoRe-WM old,up_n_down,1,50028,2190.0
CoRe-WM old,up_n_down,1,50699,1550.0
CoRe-WM old,up_n_down,1,51425,2280.0
CoRe-WM old,up_n_down,1,52123,660.0
CoRe-WM old,up_n_down,1,52797,2950.0
CoRe-WM old,up_n_down,1,53599,4630.0
CoRe-WM old,up_n_down,1,54298,3160.0
CoRe-WM old,up_n_down,1,55059,4600.0
CoRe-WM old,up_n_down,1,55765,1470.0
CoRe-WM old,up_n_down,1,56354,3000.0
CoRe-WM old,up_n_down,1,57169,2840.0
CoRe-WM old,up_n_down,1,57675,2350.0
CoRe-WM old,up_n_down,1,58597,2500.0
CoRe-WM old,up_n_down,1,59555,2030.0
CoRe-WM old,up_n_down,1,60144,1490.0
CoRe-WM old,up_n_down,1,60723,1490.0
CoRe-WM old,up_n_down,1,61382,2340.0
CoRe-WM old,up_n_down,1,62125,2790.0
CoRe-WM old,up_n_down,1,62634,2240.0
CoRe-WM old,up_n_down,1,63269,1820.0
CoRe-WM old,up_n_down,1,64431,2650.0
CoRe-WM old,up_n_down,1,65529,4810.0
CoRe-WM old,up_n_down,1,66214,3460.0
CoRe-WM old,up_n_down,1,67095,4680.0
CoRe-WM old,up_n_down,1,79196,76870.0
CoRe-WM old,up_n_down,1,81415,15180.0
CoRe-WM old,up_n_down,1,89745,70520.0
CoRe-WM old,up_n_down,1,95413,44890.0
CoRe-WM old,up_n_down,2,569,980.0
CoRe-WM old,up_n_down,2,979,80.0
CoRe-WM old,up_n_down,2,1375,80.0
CoRe-WM old,up_n_down,2,1777,80.0
CoRe-WM old,up_n_down,2,2561,1320.0
CoRe-WM old,up_n_down,2,3150,590.0
CoRe-WM old,up_n_down,2,3716,580.0
CoRe-WM old,up_n_down,2,4133,90.0
CoRe-WM old,up_n_down,2,4765,420.0
CoRe-WM old,up_n_down,2,5152,70.0
CoRe-WM old,up_n_down,2,5544,470.0
CoRe-WM old,up_n_down,2,6069,550.0
CoRe-WM old,up_n_down,2,6541,1020.0
CoRe-WM old,up_n_down,2,6976,1000.0
CoRe-WM old,up_n_down,2,7383,80.0
CoRe-WM old,up_n_down,2,7848,120.0
CoRe-WM old,up_n_down,2,8510,1040.0
CoRe-WM old,up_n_down,2,9147,230.0
CoRe-WM old,up_n_down,2,9688,560.0
CoRe-WM old,up_n_down,2,10208,150.0
CoRe-WM old,up_n_down,2,11903,4890.0
CoRe-WM old,up_n_down,2,13706,2950.0
CoRe-WM old,up_n_down,2,14019,20.0
CoRe-WM old,up_n_down,2,14340,30.0
CoRe-WM old,up_n_down,2,14787,110.0
CoRe-WM old,up_n_down,2,16171,1990.0
CoRe-WM old,up_n_down,2,17821,2970.0
CoRe-WM old,up_n_down,2,18536,1470.0
CoRe-WM old,up_n_down,2,19194,1440.0
CoRe-WM old,up_n_down,2,19816,1020.0
CoRe-WM old,up_n_down,2,20135,30.0
CoRe-WM old,up_n_down,2,20454,30.0
CoRe-WM old,up_n_down,2,21500,3180.0
CoRe-WM old,up_n_down,2,24072,4940.0
CoRe-WM old,up_n_down,2,25201,530.0
CoRe-WM old,up_n_down,2,26265,2990.0
CoRe-WM old,up_n_down,2,27132,3170.0
CoRe-WM old,up_n_down,2,27889,1500.0
CoRe-WM old,up_n_down,2,29424,2490.0
CoRe-WM old,up_n_down,2,30291,2370.0
CoRe-WM old,up_n_down,2,31535,3510.0
CoRe-WM old,up_n_down,2,32345,730.0
CoRe-WM old,up_n_down,2,33153,1430.0
CoRe-WM old,up_n_down,2,34104,2120.0
CoRe-WM old,up_n_down,2,34806,2170.0
CoRe-WM old,up_n_down,2,35732,2310.0
CoRe-WM old,up_n_down,2,36542,1930.0
CoRe-WM old,up_n_down,2,38004,1940.0
CoRe-WM old,up_n_down,2,38730,1580.0
CoRe-WM old,up_n_down,2,39736,2160.0
CoRe-WM old,up_n_down,2,40477,2690.0
CoRe-WM old,up_n_down,2,41833,3070.0
CoRe-WM old,up_n_down,2,42515,3060.0
CoRe-WM old,up_n_down,2,43219,1870.0
CoRe-WM old,up_n_down,2,44275,6090.0
CoRe-WM old,up_n_down,2,45194,4410.0
CoRe-WM old,up_n_down,2,52718,64410.0
CoRe-WM old,up_n_down,2,57261,33390.0
CoRe-WM old,up_n_down,2,58013,2700.0
CoRe-WM old,up_n_down,2,63728,45720.0
CoRe-WM old,up_n_down,2,90728,236940.0
CoRe-WM old,up_n_down,2,95398,33460.0
CoRe-WM old,up_n_down,3,443,100.0
CoRe-WM old,up_n_down,3,812,70.0
CoRe-WM old,up_n_down,3,1534,980.0
CoRe-WM old,up_n_down,3,1924,70.0
CoRe-WM old,up_n_down,3,2434,1340.0
CoRe-WM old,up_n_down,3,2866,900.0
CoRe-WM old,up_n_down,3,3257,70.0
CoRe-WM old,up_n_down,3,3772,550.0
CoRe-WM old,up_n_down,3,4214,520.0
CoRe-WM old,up_n_down,3,4857,230.0
CoRe-WM old,up_n_down,3,5433,190.0
CoRe-WM old,up_n_down,3,5874,510.0
CoRe-WM old,up_n_down,3,6500,1830.0
CoRe-WM old,up_n_down,3,7300,2240.0
CoRe-WM old,up_n_down,3,7800,640.0
CoRe-WM old,up_n_down,3,8341,570.0
CoRe-WM old,up_n_down,3,8852,550.0
CoRe-WM old,up_n_down,3,9443,600.0
CoRe-WM old,up_n_down,3,10675,3000.0
CoRe-WM old,up_n_down,3,12050,1890.0
CoRe-WM old,up_n_down,3,12939,780.0
CoRe-WM old,up_n_down,3,13253,30.0
CoRe-WM old,up_n_down,3,13737,930.0
CoRe-WM old,up_n_down,3,14551,1140.0
CoRe-WM old,up_n_down,3,16006,2440.0
CoRe-WM old,up_n_down,3,16513,950.0
CoRe-WM old,up_n_down,3,16969,510.0
CoRe-WM old,up_n_down,3,17990,1370.0
CoRe-WM old,up_n_down,3,18635,1430.0
CoRe-WM old,up_n_down,3,18986,50.0
CoRe-WM old,up_n_down,3,19713,3590.0
CoRe-WM old,up_n_down,3,20226,2550.0
CoRe-WM old,up_n_down,3,20687,920.0
CoRe-WM old,up_n_down,3,21050,470.0
CoRe-WM old,up_n_down,3,21498,1010.0
CoRe-WM old,up_n_down,3,22080,190.0
CoRe-WM old,up_n_down,3,22452,460.0
CoRe-WM old,up_n_down,3,23021,1780.0
CoRe-WM old,up_n_down,3,23419,1680.0
CoRe-WM old,up_n_down,3,23852,1300.0
CoRe-WM old,up_n_down,3,24344,2140.0
CoRe-WM old,up_n_down,3,24809,1320.0
CoRe-WM old,up_n_down,3,25299,1740.0
CoRe-WM old,up_n_down,3,25991,1860.0
CoRe-WM old,up_n_down,3,26503,1850.0
CoRe-WM old,up_n_down,3,27006,1740.0
CoRe-WM old,up_n_down,3,27501,1040.0
CoRe-WM old,up_n_down,3,27956,1010.0
CoRe-WM old,up_n_down,3,28463,1950.0
CoRe-WM old,up_n_down,3,28870,80.0
CoRe-WM old,up_n_down,3,29345,630.0
CoRe-WM old,up_n_down,3,29993,2430.0
CoRe-WM old,up_n_down,3,30651,1640.0
CoRe-WM old,up_n_down,3,31143,930.0
CoRe-WM old,up_n_down,3,31902,3400.0
CoRe-WM old,up_n_down,3,32561,1940.0
CoRe-WM old,up_n_down,3,33218,1640.0
CoRe-WM old,up_n_down,3,34082,4070.0
CoRe-WM old,up_n_down,3,34528,510.0
CoRe-WM old,up_n_down,3,35116,2000.0
CoRe-WM old,up_n_down,3,35896,1520.0
CoRe-WM old,up_n_down,3,37083,4470.0
CoRe-WM old,up_n_down,3,38296,2890.0
CoRe-WM old,up_n_down,3,39077,3420.0
CoRe-WM old,up_n_down,3,40284,4280.0
CoRe-WM old,up_n_down,3,41153,3270.0
CoRe-WM old,up_n_down,3,41729,1390.0
CoRe-WM old,up_n_down,3,42959,2400.0
CoRe-WM old,up_n_down,3,43596,3230.0
CoRe-WM old,up_n_down,3,44241,2430.0
CoRe-WM old,up_n_down,3,44759,2350.0
CoRe-WM old,up_n_down,3,45615,2070.0
CoRe-WM old,up_n_down,3,45996,470.0
CoRe-WM old,up_n_down,3,46972,3040.0
CoRe-WM old,up_n_down,3,47653,3660.0
CoRe-WM old,up_n_down,3,48177,1550.0
CoRe-WM old,up_n_down,3,48924,2390.0
CoRe-WM old,up_n_down,3,50002,5200.0
CoRe-WM old,up_n_down,3,50656,1940.0
CoRe-WM old,up_n_down,3,51364,2290.0
CoRe-WM old,up_n_down,3,52044,2950.0
CoRe-WM old,up_n_down,3,53056,6060.0
CoRe-WM old,up_n_down,3,53913,3260.0
CoRe-WM old,up_n_down,3,54699,3820.0
CoRe-WM old,up_n_down,3,55380,3750.0
CoRe-WM old,up_n_down,3,56271,4280.0
CoRe-WM old,up_n_down,3,57065,2230.0
CoRe-WM old,up_n_down,3,57799,2390.0
CoRe-WM old,up_n_down,3,58407,710.0
CoRe-WM old,up_n_down,3,59147,3390.0
CoRe-WM old,up_n_down,3,59896,3900.0
CoRe-WM old,up_n_down,3,60894,5550.0
CoRe-WM old,up_n_down,3,61723,3450.0
CoRe-WM old,up_n_down,3,62492,5010.0
CoRe-WM old,up_n_down,3,63510,4370.0
CoRe-WM old,up_n_down,3,64296,2720.0
CoRe-WM old,up_n_down,3,65020,2980.0
CoRe-WM old,up_n_down,3,65883,3070.0
CoRe-WM old,up_n_down,3,66414,3360.0
CoRe-WM old,up_n_down,3,67127,3070.0
CoRe-WM old,up_n_down,3,68013,4280.0
CoRe-WM old,up_n_down,3,69074,6090.0
CoRe-WM old,up_n_down,3,69875,3430.0
CoRe-WM old,up_n_down,3,70668,3430.0
CoRe-WM old,up_n_down,3,71627,5530.0
CoRe-WM old,up_n_down,3,72239,3310.0
CoRe-WM old,up_n_down,3,73066,4240.0
CoRe-WM old,up_n_down,3,73836,5810.0
CoRe-WM old,up_n_down,3,74915,5200.0
CoRe-WM old,up_n_down,3,75948,8270.0
CoRe-WM old,up_n_down,3,76906,4730.0
CoRe-WM old,up_n_down,3,77708,3030.0
CoRe-WM old,up_n_down,3,78634,5110.0
CoRe-WM old,up_n_down,3,79674,6380.0
CoRe-WM old,up_n_down,3,80402,2380.0
CoRe-WM old,up_n_down,3,81211,5830.0
CoRe-WM old,up_n_down,3,81915,3570.0
CoRe-WM old,up_n_down,3,82991,4000.0
CoRe-WM old,up_n_down,3,83846,3460.0
CoRe-WM old,up_n_down,3,84929,4010.0
CoRe-WM old,up_n_down,3,85814,4280.0
CoRe-WM old,up_n_down,3,86487,3150.0
CoRe-WM old,up_n_down,3,87102,1910.0
CoRe-WM old,up_n_down,3,88028,5520.0
CoRe-WM old,up_n_down,3,88688,3440.0
CoRe-WM old,up_n_down,3,89647,5130.0
CoRe-WM old,up_n_down,3,90485,2650.0
CoRe-WM old,up_n_down,3,91378,4780.0
CoRe-WM old,up_n_down,3,92051,2850.0
CoRe-WM old,up_n_down,3,92628,2990.0
CoRe-WM old,up_n_down,3,93298,2350.0
CoRe-WM old,up_n_down,3,93885,1390.0
CoRe-WM old,up_n_down,3,94538,2940.0
CoRe-WM old,up_n_down,3,95284,3390.0
CoRe-WM old,up_n_down,3,96352,4090.0
CoRe-WM old,up_n_down,3,96929,2590.0
CoRe-WM old,up_n_down,3,97879,5120.0
CoRe-WM old,up_n_down,3,98573,5360.0
CoRe-WM old,up_n_down,3,99532,5930.0
CoRe-WM old,up_n_down,4,430,110.0
CoRe-WM old,up_n_down,4,832,80.0
CoRe-WM old,up_n_down,4,1246,90.0
CoRe-WM old,up_n_down,4,1748,140.0
CoRe-WM old,up_n_down,4,2262,150.0
CoRe-WM old,up_n_down,4,2813,170.0
CoRe-WM old,up_n_down,4,3323,540.0
CoRe-WM old,up_n_down,4,3786,220.0
CoRe-WM old,up_n_down,4,4293,550.0
CoRe-WM old,up_n_down,4,4878,990.0
CoRe-WM old,up_n_down,4,5549,850.0
CoRe-WM old,up_n_down,4,5934,70.0
CoRe-WM old,up_n_down,4,6305,60.0
CoRe-WM old,up_n_down,4,6813,550.0
CoRe-WM old,up_n_down,4,7369,370.0
CoRe-WM old,up_n_down,4,7768,480.0
CoRe-WM old,up_n_down,4,8246,130.0
CoRe-WM old,up_n_down,4,9019,2710.0
CoRe-WM old,up_n_down,4,9942,1610.0
CoRe-WM old,up_n_down,4,11046,1320.0
CoRe-WM old,up_n_down,4,11936,1290.0
CoRe-WM old,up_n_down,4,12795,3060.0
CoRe-WM old,up_n_down,4,13159,450.0
CoRe-WM old,up_n_down,4,13482,30.0
CoRe-WM old,up_n_down,4,13880,80.0
CoRe-WM old,up_n_down,4,14546,1840.0
CoRe-WM old,up_n_down,4,15340,2630.0
CoRe-WM old,up_n_down,4,16245,2390.0
CoRe-WM old,up_n_down,4,16866,1410.0
CoRe-WM old,up_n_down,4,17504,1030.0
CoRe-WM old,up_n_down,4,18306,2330.0
CoRe-WM old,up_n_down,4,18850,1370.0
CoRe-WM old,up_n_down,4,19523,650.0
CoRe-WM old,up_n_down,4,20073,170.0
CoRe-WM old,up_n_down,4,20426,450.0
CoRe-WM old,up_n_down,4,21235,1940.0
CoRe-WM old,up_n_down,4,21706,1020.0
CoRe-WM old,up_n_down,4,22728,2080.0
CoRe-WM old,up_n_down,4,23275,970.0
CoRe-WM old,up_n_down,4,24486,2990.0
CoRe-WM old,up_n_down,4,25287,1130.0
CoRe-WM old,up_n_down,4,29907,8320.0
CoRe-WM old,up_n_down,4,30716,1430.0
CoRe-WM old,up_n_down,4,31464,2790.0
CoRe-WM old,up_n_down,4,32601,4440.0
CoRe-WM old,up_n_down,4,33053,1010.0
CoRe-WM old,up_n_down,4,34715,3970.0
CoRe-WM old,up_n_down,4,35323,1710.0
CoRe-WM old,up_n_down,4,36105,1610.0
CoRe-WM old,up_n_down,4,36709,1810.0
CoRe-WM old,up_n_down,4,37365,2740.0
CoRe-WM old,up_n_down,4,38055,1460.0
CoRe-WM old,up_n_down,4,38597,1860.0
CoRe-WM old,up_n_down,4,39057,530.0
CoRe-WM old,up_n_down,4,39587,2060.0
CoRe-WM old,up_n_down,4,40343,2300.0
CoRe-WM old,up_n_down,4,41106,1900.0
CoRe-WM old,up_n_down,4,41846,2690.0
CoRe-WM old,up_n_down,4,42616,1210.0
CoRe-WM old,up_n_down,4,43978,2390.0
CoRe-WM old,up_n_down,4,44986,2060.0
CoRe-WM old,up_n_down,4,45482,1840.0
CoRe-WM old,up_n_down,4,46490,4760.0
CoRe-WM old,up_n_down,4,47933,3930.0
CoRe-WM old,up_n_down,4,48595,2540.0
CoRe-WM old,up_n_down,4,49359,4610.0
CoRe-WM old,up_n_down,4,50033,1450.0
CoRe-WM old,up_n_down,4,50694,2240.0
CoRe-WM old,up_n_down,4,51588,5490.0
CoRe-WM old,up_n_down,4,52180,1400.0
CoRe-WM old,up_n_down,4,52803,1820.0
CoRe-WM old,up_n_down,4,53778,2040.0
CoRe-WM old,up_n_down,4,54665,1180.0
CoRe-WM old,up_n_down,4,56296,3650.0
CoRe-WM old,up_n_down,4,57695,3900.0
CoRe-WM old,up_n_down,4,60576,4830.0
CoRe-WM old,up_n_down,4,61187,2710.0
CoRe-WM old,up_n_down,4,61840,2640.0
CoRe-WM old,up_n_down,4,62458,1410.0
CoRe-WM old,up_n_down,4,63072,1810.0
CoRe-WM old,up_n_down,4,64112,3080.0
CoRe-WM old,up_n_down,4,65269,2550.0
CoRe-WM old,up_n_down,4,65871,1810.0
CoRe-WM old,up_n_down,4,66718,4260.0
CoRe-WM old,up_n_down,4,67632,2000.0
CoRe-WM old,up_n_down,4,68182,4070.0
CoRe-WM old,up_n_down,4,69112,3610.0
CoRe-WM old,up_n_down,4,69956,4360.0
CoRe-WM old,up_n_down,4,70604,4530.0
CoRe-WM old,up_n_down,4,71388,3820.0
CoRe-WM old,up_n_down,4,71959,980.0
CoRe-WM old,up_n_down,4,72748,3020.0
CoRe-WM old,up_n_down,4,73335,1800.0
CoRe-WM old,up_n_down,4,74199,2770.0
CoRe-WM old,up_n_down,4,74767,2880.0
CoRe-WM old,up_n_down,4,75914,4240.0
CoRe-WM old,up_n_down,4,77063,2260.0
CoRe-WM old,up_n_down,4,77954,1580.0
CoRe-WM old,up_n_down,4,78534,1790.0
CoRe-WM old,up_n_down,4,79411,2780.0
CoRe-WM old,up_n_down,4,80346,4810.0
CoRe-WM old,up_n_down,4,81186,3250.0
CoRe-WM old,up_n_down,4,82000,2740.0
CoRe-WM old,up_n_down,4,82704,3870.0
CoRe-WM old,up_n_down,4,83576,3480.0
CoRe-WM old,up_n_down,4,84605,3670.0
CoRe-WM old,up_n_down,4,85357,4200.0
CoRe-WM old,up_n_down,4,86078,4180.0
CoRe-WM old,up_n_down,4,86900,3840.0
CoRe-WM old,up_n_down,4,87534,4140.0
CoRe-WM old,up_n_down,4,88455,4410.0
CoRe-WM old,up_n_down,4,88975,1750.0
CoRe-WM old,up_n_down,4,89832,3860.0
CoRe-WM old,up_n_down,4,91045,4690.0
CoRe-WM old,up_n_down,4,91838,3220.0
CoRe-WM old,up_n_down,4,92529,2660.0
CoRe-WM old,up_n_down,4,93323,4220.0
CoRe-WM old,up_n_down,4,94064,2690.0
CoRe-WM old,up_n_down,4,94831,4210.0
CoRe-WM old,up_n_down,4,95493,3340.0
CoRe-WM old,up_n_down,4,96441,4530.0
CoRe-WM old,up_n_down,4,97070,3420.0
CoRe-WM old,up_n_down,4,97661,3900.0
CoRe-WM old,up_n_down,4,98670,3660.0
CoRe-WM old,up_n_down,4,99673,5150.0
CoRe-WM old,alien,0,806,230.0
CoRe-WM old,alien,0,1562,250.0
CoRe-WM old,alien,0,2265,200.0
CoRe-WM old,alien,0,2889,220.0
CoRe-WM old,alien,0,3465,110.0
CoRe-WM old,alien,0,4074,200.0
CoRe-WM old,alien,0,4651,210.0
CoRe-WM old,alien,0,5305,170.0
CoRe-WM old,alien,0,5874,170.0
CoRe-WM old,alien,0,6456,100.0
CoRe-WM old,alien,0,7048,180.0
CoRe-WM old,alien,0,7761,210.0
CoRe-WM old,alien,0,8453,210.0
CoRe-WM old,alien,0,8973,160.0
CoRe-WM old,alien,0,9583,180.0
CoRe-WM old,alien,0,10213,120.0
CoRe-WM old,alien,0,10829,140.0
CoRe-WM old,alien,0,11584,190.0
CoRe-WM old,alien,0,12195,160.0
CoRe-WM old,alien,0,12705,150.0
CoRe-WM old,alien,0,13578,310.0
CoRe-WM old,alien,0,14328,200.0
CoRe-WM old,alien,0,15209,220.0
CoRe-WM old,alien,0,15936,190.0
CoRe-WM old,alien,0,16782,240.0
CoRe-WM old,alien,0,17318,90.0
CoRe-WM old,alien,0,18032,360.0
CoRe-WM old,alien,0,18564,270.0
CoRe-WM old,alien,0,19057,220.0
CoRe-WM old,alien,0,20020,540.0
CoRe-WM old,alien,0,20559,120.0
CoRe-WM old,alien,0,20977,150.0
CoRe-WM old,alien,0,21870,280.0
CoRe-WM old,alien,0,22356,230.0
CoRe-WM old,alien,0,23096,190.0
CoRe-WM old,alien,0,23550,130.0
CoRe-WM old,alien,0,23957,120.0
CoRe-WM old,alien,0,24639,230.0
CoRe-WM old,alien,0,25080,140.0
CoRe-WM old,alien,0,25502,130.0
CoRe-WM old,alien,0,26022,50.0
CoRe-WM old,alien,0,26602,100.0
CoRe-WM old,alien,0,27282,330.0
CoRe-WM old,alien,0,27864,100.0
CoRe-WM old,alien,0,28421,220.0
CoRe-WM old,alien,0,28984,270.0
CoRe-WM old,alien,0,29514,310.0
CoRe-WM old,alien,0,30277,420.0
CoRe-WM old,alien,0,30729,270.0
CoRe-WM old,alien,0,31482,770.0
CoRe-WM old,alien,0,32223,360.0
CoRe-WM old,alien,0,32768,170.0
CoRe-WM old,alien,0,33384,280.0
CoRe-WM old,alien,0,33968,250.0
CoRe-WM old,alien,0,34457,90.0
CoRe-WM old,alien,0,35043,330.0
CoRe-WM old,alien,0,35660,350.0
CoRe-WM old,alien,0,36272,190.0
CoRe-WM old,alien,0,36694,270.0
CoRe-WM old,alien,0,37159,250.0
CoRe-WM old,alien,0,37741,270.0
CoRe-WM old,alien,0,38377,260.0
CoRe-WM old,alien,0,38820,250.0
CoRe-WM old,alien,0,39381,210.0
CoRe-WM old,alien,0,39901,230.0
CoRe-WM old,alien,0,40477,270.0
CoRe-WM old,alien,0,40881,310.0
CoRe-WM old,alien,0,41415,330.0
CoRe-WM old,alien,0,41828,250.0
CoRe-WM old,alien,0,42660,480.0
CoRe-WM old,alien,0,43443,410.0
CoRe-WM old,alien,0,43887,230.0
CoRe-WM old,alien,0,44366,240.0
CoRe-WM old,alien,0,44997,440.0
CoRe-WM old,alien,0,45822,450.0
CoRe-WM old,alien,0,46587,430.0
CoRe-WM old,alien,0,47497,370.0
CoRe-WM old,alien,0,48294,490.0
CoRe-WM old,alien,0,48963,460.0
CoRe-WM old,alien,0,49622,380.0
CoRe-WM old,alien,0,50351,550.0
CoRe-WM old,alien,0,51080,930.0
CoRe-WM old,alien,0,51709,430.0
CoRe-WM old,alien,0,52390,370.0
CoRe-WM old,alien,0,53057,460.0
CoRe-WM old,alien,0,53657,260.0
CoRe-WM old,alien,0,54449,460.0
CoRe-WM old,alien,0,54957,270.0
CoRe-WM old,alien,0,55482,260.0
CoRe-WM old,alien,0,56321,440.0
CoRe-WM old,alien,0,57113,480.0
CoRe-WM old,alien,0,57777,340.0
CoRe-WM old,alien,0,58448,360.0
CoRe-WM old,alien,0,59215,380.0
CoRe-WM old,alien,0,59951,550.0
CoRe-WM old,alien,0,60641,380.0
CoRe-WM old,alien,0,61202,400.0
CoRe-WM old,alien,0,62014,990.0
CoRe-WM old,alien,0,62658,1010.0
CoRe-WM old,alien,0,63408,1490.0
CoRe-WM old,alien,0,64133,450.0
CoRe-WM old,alien,0,64758,990.0
CoRe-WM old,alien,0,65429,500.0
CoRe-WM old,alien,0,65877,310.0
CoRe-WM old,alien,0,66589,1060.0
CoRe-WM old,alien,0,67250,590.0
CoRe-WM old,alien,0,67889,530.0
CoRe-WM old,alien,0,68697,670.0
CoRe-WM old,alien,0,69251,280.0
CoRe-WM old,alien,0,69770,270.0
CoRe-WM old,alien,0,70409,600.0
CoRe-WM old,alien,0,71165,1660.0
CoRe-WM old,alien,0,71604,370.0
CoRe-WM old,alien,0,72044,290.0
CoRe-WM old,alien,0,72705,510.0
CoRe-WM old,alien,0,73401,570.0
CoRe-WM old,alien,0,74057,1050.0
CoRe-WM old,alien,0,74866,1100.0
CoRe-WM old,alien,0,75565,520.0
CoRe-WM old,alien,0,76432,560.0
CoRe-WM old,alien,0,77250,510.0
CoRe-WM old,alien,0,77904,430.0
CoRe-WM old,alien,0,78597,470.0
CoRe-WM old,alien,0,79260,360.0
CoRe-WM old,alien,0,80127,2170.0
CoRe-WM old,alien,0,80828,980.0
CoRe-WM old,alien,0,81540,420.0
CoRe-WM old,alien,0,82191,520.0
CoRe-WM old,alien,0,82989,510.0
CoRe-WM old,alien,0,83835,420.0
CoRe-WM old,alien,0,84644,620.0
CoRe-WM old,alien,0,85096,340.0
CoRe-WM old,alien,0,85978,500.0
CoRe-WM old,alien,0,86620,470.0
CoRe-WM old,alien,0,87376,860.0
CoRe-WM old,alien,0,88082,640.0
CoRe-WM old,alien,0,88776,580.0
CoRe-WM old,alien,0,89468,610.0
CoRe-WM old,alien,0,90081,1010.0
CoRe-WM old,alien,0,90797,590.0
CoRe-WM old,alien,0,91597,880.0
CoRe-WM old,alien,0,92448,610.0
CoRe-WM old,alien,0,93145,1070.0
CoRe-WM old,alien,0,93907,610.0
CoRe-WM old,alien,0,94605,510.0
CoRe-WM old,alien,0,95348,880.0
CoRe-WM old,alien,0,96144,720.0
CoRe-WM old,alien,0,96857,440.0
CoRe-WM old,alien,0,97525,1080.0
CoRe-WM old,alien,0,98088,1060.0
CoRe-WM old,alien,0,98789,1510.0
CoRe-WM old,alien,0,99424,450.0
CoRe-WM old,alien,0,99973,490.0
