method,game,seed,agent_steps,return
Reborn + Harmony,alien,0,539,180.0
Reborn + Harmony,alien,0,1130,130.0
Reborn + Harmony,alien,0,1998,270.0
Reborn + Harmony,alien,0,2866,210.0
Reborn + Harmony,alien,0,3616,190.0
Reborn + Harmony,alien,0,4111,130.0
Reborn + Harmony,alien,0,4773,190.0
Reborn + Harmony,alien,0,5744,260.0
Reborn + Harmony,alien,0,6283,190.0
Reborn + Harmony,alien,0,6970,200.0
Reborn + Harmony,alien,0,7528,160.0
Reborn + Harmony,alien,0,8190,260.0
Reborn + Harmony,alien,0,8908,260.0
Reborn + Harmony,alien,0,9561,190.0
Reborn + Harmony,alien,0,10430,210.0
Reborn + Harmony,alien,0,11225,190.0
Reborn + Harmony,alien,0,11839,140.0
Reborn + Harmony,alien,0,12398,140.0
Reborn + Harmony,alien,0,12871,190.0
Reborn + Harmony,alien,0,13455,260.0
Reborn + Harmony,alien,0,14117,230.0
Reborn + Harmony,alien,0,14863,250.0
Reborn + Harmony,alien,0,15447,250.0
Reborn + Harmony,alien,0,16101,240.0
Reborn + Harmony,alien,0,16507,340.0
Reborn + Harmony,alien,0,17367,160.0
Reborn + Harmony,alien,0,18009,270.0
Reborn + Harmony,alien,0,18531,390.0
Reborn + Harmony,alien,0,18955,310.0
Reborn + Harmony,alien,0,19312,200.0
Reborn + Harmony,alien,0,19813,150.0
Reborn + Harmony,alien,0,20236,120.0
Reborn + Harmony,alien,0,20722,40.0
Reborn + Harmony,alien,0,21148,130.0
Reborn + Harmony,alien,0,21536,140.0
Reborn + Harmony,alien,0,21941,100.0
Reborn + Harmony,alien,0,22430,100.0
Reborn + Harmony,alien,0,23056,200.0
Reborn + Harmony,alien,0,23457,260.0
Reborn + Harmony,alien,0,24411,880.0
Reborn + Harmony,alien,0,24875,180.0
Reborn + Harmony,alien,0,25663,360.0
Reborn + Harmony,alien,0,26008,80.0
Reborn + Harmony,alien,0,26527,170.0
Reborn + Harmony,alien,0,27217,230.0
Reborn + Harmony,alien,0,27700,230.0
Reborn + Harmony,alien,0,28371,220.0
Reborn + Harmony,alien,0,28715,220.0
Reborn + Harmony,alien,0,29111,230.0
Reborn + Harmony,alien,0,29819,290.0
Reborn + Harmony,alien,0,30527,300.0
Reborn + Harmony,alien,0,31157,230.0
Reborn + Harmony,alien,0,31854,320.0
Reborn + Harmony,alien,0,32544,370.0
Reborn + Harmony,alien,0,33138,230.0
Reborn + Harmony,alien,0,33673,280.0
Reborn + Harmony,alien,0,34158,270.0
Reborn + Harmony,alien,0,34486,270.0
Reborn + Harmony,alien,0,35161,290.0
Reborn + Harmony,alien,0,35810,230.0
Reborn + Harmony,alien,0,36444,290.0
Reborn + Harmony,alien,0,37067,150.0
Reborn + Harmony,alien,0,37582,280.0
Reborn + Harmony,alien,0,38676,270.0
Reborn + Harmony,alien,0,39261,260.0
Reborn + Harmony,alien,0,39868,270.0
Reborn + Harmony,alien,0,40369,220.0
Reborn + Harmony,alien,0,40852,260.0
Reborn + Harmony,alien,0,41440,410.0
Reborn + Harmony,alien,0,41762,270.0
Reborn + Harmony,alien,0,42385,480.0
Reborn + Harmony,alien,0,42916,230.0
Reborn + Harmony,alien,0,43473,230.0
Reborn + Harmony,alien,0,44316,190.0
Reborn + Harmony,alien,0,45119,340.0
Reborn + Harmony,alien,0,45973,200.0
Reborn + Harmony,alien,0,46621,330.0
Reborn + Harmony,alien,0,47126,340.0
Reborn + Harmony,alien,0,47708,400.0
Reborn + Harmony,alien,0,48191,270.0
Reborn + Harmony,alien,0,48935,490.0
Reborn + Harmony,alien,0,49580,290.0
Reborn + Harmony,alien,0,50335,440.0
Reborn + Harmony,alien,0,50826,220.0
Reborn + Harmony,alien,0,51347,320.0
Reborn + Harmony,alien,0,51741,350.0
Reborn + Harmony,alien,0,52293,380.0
Reborn + Harmony,alien,0,53005,340.0
Reborn + Harmony,alien,0,53490,330.0
Reborn + Harmony,alien,0,54303,390.0
Reborn + Harmony,alien,0,55111,340.0
Reborn + Harmony,alien,0,55914,330.0
Reborn + Harmony,alien,0,56678,890.0
Reborn + Harmony,alien,0,57240,400.0
Reborn + Harmony,alien,0,57774,380.0
Reborn + Harmony,alien,0,58524,430.0
Reborn + Harmony,alien,0,59220,400.0
Reborn + Harmony,alien,0,59870,410.0
Reborn + Harmony,alien,0,60458,400.0
Reborn + Harmony,alien,0,60989,450.0
Reborn + Harmony,alien,0,61849,450.0
Reborn + Harmony,alien,0,62436,370.0
Reborn + Harmony,alien,0,63104,400.0
Reborn + Harmony,alien,0,63717,360.0
Reborn + Harmony,alien,0,64683,490.0
Reborn + Harmony,alien,0,65233,460.0
Reborn + Harmony,alien,0,65889,320.0
Reborn + Harmony,alien,0,66552,900.0
Reborn + Harmony,alien,0,67205,280.0
Reborn + Harmony,alien,0,67814,430.0
Reborn + Harmony,alien,0,68605,1060.0
Reborn + Harmony,alien,0,69296,300.0
Reborn + Harmony,alien,0,70085,500.0
Reborn + Harmony,alien,0,70507,320.0
Reborn + Harmony,alien,0,71321,1010.0
Reborn + Harmony,alien,0,72035,440.0
Reborn + Harmony,alien,0,72793,520.0
Reborn + Harmony,alien,0,73667,500.0
Reborn + Harmony,alien,0,74397,390.0
Reborn + Harmony,alien,0,75032,450.0
Reborn + Harmony,alien,0,75546,390.0
Reborn + Harmony,alien,0,76633,390.0
Reborn + Harmony,alien,0,77479,360.0
Reborn + Harmony,alien,0,78372,430.0
Reborn + Harmony,alien,0,79190,360.0
Reborn + Harmony,alien,0,79716,440.0
Reborn + Harmony,alien,0,80588,370.0
Reborn + Harmony,alien,0,81325,950.0
Reborn + Harmony,alien,0,82182,520.0
Reborn + Harmony,alien,0,82934,460.0
Reborn + Harmony,alien,0,83698,480.0
Reborn + Harmony,alien,0,84360,410.0
Reborn + Harmony,alien,0,84998,470.0
Reborn + Harmony,alien,0,85729,490.0
Reborn + Harmony,alien,0,86314,460.0
Reborn + Harmony,alien,0,86951,450.0
Reborn + Harmony,alien,0,87760,440.0
Reborn + Harmony,alien,0,88528,410.0
Reborn + Harmony,alien,0,89256,520.0
Reborn + Harmony,alien,0,89970,430.0
Reborn + Harmony,alien,0,90718,400.0
Reborn + Harmony,alien,0,91490,470.0
Reborn + Harmony,alien,0,92047,540.0
Reborn + Harmony,alien,0,92772,610.0
Reborn + Harmony,alien,0,93486,1080.0
Reborn + Harmony,alien,0,94216,500.0
Reborn + Harmony,alien,0,94997,480.0
Reborn + Harmony,alien,0,95658,490.0
Reborn + Harmony,alien,0,96760,1000.0
Reborn + Harmony,alien,0,97312,400.0
Reborn + Harmony,alien,0,98188,490.0
Reborn + Harmony,alien,0,98973,940.0
Reborn + Harmony,alien,0,99898,610.0
Reborn + Harmony,amidar,0,578,1.0
Reborn + Harmony,amidar,0,1108,0.0
Reborn + Harmony,amidar,0,1701,3.0
Reborn + Harmony,amidar,0,2266,6.0
Reborn + Harmony,amidar,0,2813,0.0
Reborn + Harmony,amidar,0,3428,4.0
Reborn + Harmony,amidar,0,3967,0.0
Reborn + Harmony,amidar,0,4547,1.0
Reborn + Harmony,amidar,0,5106,0.0
Reborn + Harmony,amidar,0,5656,0.0
Reborn + Harmony,amidar,0,6234,6.0
Reborn + Harmony,amidar,0,6836,6.0
Reborn + Harmony,amidar,0,7412,1.0
Reborn + Harmony,amidar,0,7960,3.0
Reborn + Harmony,amidar,0,8477,0.0
Reborn + Harmony,amidar,0,9130,9.0
Reborn + Harmony,amidar,0,9796,3.0
Reborn + Harmony,amidar,0,10399,3.0
Reborn + Harmony,amidar,0,11329,72.0
Reborn + Harmony,amidar,0,12077,33.0
Reborn + Harmony,amidar,0,12482,12.0
Reborn + Harmony,amidar,0,12883,19.0
Reborn + Harmony,amidar,0,13478,31.0
Reborn + Harmony,amidar,0,13869,12.0
Reborn + Harmony,amidar,0,14263,12.0
Reborn + Harmony,amidar,0,14659,12.0
Reborn + Harmony,amidar,0,15052,12.0
Reborn + Harmony,amidar,0,15442,12.0
Reborn + Harmony,amidar,0,15832,12.0
Reborn + Harmony,amidar,0,16226,12.0
Reborn + Harmony,amidar,0,16617,12.0
Reborn + Harmony,amidar,0,17009,12.0
Reborn + Harmony,amidar,0,17402,12.0
Reborn + Harmony,amidar,0,17793,12.0
Reborn + Harmony,amidar,0,18186,12.0
Reborn + Harmony,amidar,0,18577,23.0
Reborn + Harmony,amidar,0,18967,12.0
Reborn + Harmony,amidar,0,19362,12.0
Reborn + Harmony,amidar,0,19756,12.0
Reborn + Harmony,amidar,0,20145,12.0
Reborn + Harmony,amidar,0,20539,12.0
Reborn + Harmony,amidar,0,20941,12.0
Reborn + Harmony,amidar,0,21330,12.0
Reborn + Harmony,amidar,0,21999,33.0
Reborn + Harmony,amidar,0,22590,52.0
Reborn + Harmony,amidar,0,23205,58.0
Reborn + Harmony,amidar,0,23841,46.0
Reborn + Harmony,amidar,0,24328,33.0
Reborn + Harmony,amidar,0,25062,71.0
Reborn + Harmony,amidar,0,25816,49.0
Reborn + Harmony,amidar,0,26301,31.0
Reborn + Harmony,amidar,0,26963,42.0
Reborn + Harmony,amidar,0,27616,50.0
Reborn + Harmony,amidar,0,28042,82.0
Reborn + Harmony,amidar,0,28803,64.0
Reborn + Harmony,amidar,0,29569,63.0
Reborn + Harmony,amidar,0,30374,66.0
Reborn + Harmony,amidar,0,31373,66.0
Reborn + Harmony,amidar,0,32337,63.0
Reborn + Harmony,amidar,0,32926,35.0
Reborn + Harmony,amidar,0,33923,55.0
Reborn + Harmony,amidar,0,34628,75.0
Reborn + Harmony,amidar,0,35450,67.0
Reborn + Harmony,amidar,0,36328,44.0
Reborn + Harmony,amidar,0,37110,66.0
Reborn + Harmony,amidar,0,37728,52.0
Reborn + Harmony,amidar,0,38345,52.0
Reborn + Harmony,amidar,0,39324,93.0
Reborn + Harmony,amidar,0,40336,92.0
Reborn + Harmony,amidar,0,41343,64.0
Reborn + Harmony,amidar,0,42163,77.0
Reborn + Harmony,amidar,0,43033,115.0
Reborn + Harmony,amidar,0,43941,82.0
Reborn + Harmony,amidar,0,44548,34.0
Reborn + Harmony,amidar,0,45535,76.0
Reborn + Harmony,amidar,0,46186,55.0
Reborn + Harmony,amidar,0,46959,77.0
Reborn + Harmony,amidar,0,47499,40.0
Reborn + Harmony,amidar,0,48362,72.0
Reborn + Harmony,amidar,0,49176,72.0
Reborn + Harmony,amidar,0,50166,148.0
Reborn + Harmony,amidar,0,50838,64.0
Reborn + Harmony,amidar,0,51602,69.0
Reborn + Harmony,amidar,0,52043,51.0
Reborn + Harmony,amidar,0,52662,51.0
Reborn + Harmony,amidar,0,53357,60.0
Reborn + Harmony,amidar,0,53961,53.0
Reborn + Harmony,amidar,0,54769,75.0
Reborn + Harmony,amidar,0,55339,56.0
Reborn + Harmony,amidar,0,56105,54.0
Reborn + Harmony,amidar,0,56996,113.0
Reborn + Harmony,amidar,0,57610,97.0
Reborn + Harmony,amidar,0,58446,80.0
Reborn + Harmony,amidar,0,59399,60.0
Reborn + Harmony,amidar,0,60144,71.0
Reborn + Harmony,amidar,0,61005,118.0
Reborn + Harmony,amidar,0,61745,69.0
Reborn + Harmony,amidar,0,62607,84.0
Reborn + Harmony,amidar,0,63277,85.0
Reborn + Harmony,amidar,0,63958,68.0
Reborn + Harmony,amidar,0,64762,79.0
Reborn + Harmony,amidar,0,65948,74.0
Reborn + Harmony,amidar,0,66934,114.0
Reborn + Harmony,amidar,0,67904,117.0
Reborn + Harmony,amidar,0,68722,66.0
Reborn + Harmony,amidar,0,69207,40.0
Reborn + Harmony,amidar,0,70354,142.0
Reborn + Harmony,amidar,0,71277,83.0
Reborn + Harmony,amidar,0,71983,100.0
Reborn + Harmony,amidar,0,72830,155.0
Reborn + Harmony,amidar,0,73710,75.0
Reborn + Harmony,amidar,0,74458,83.0
Reborn + Harmony,amidar,0,75327,71.0
Reborn + Harmony,amidar,0,76307,66.0
Reborn + Harmony,amidar,0,77282,97.0
Reborn + Harmony,amidar,0,78162,72.0
Reborn + Harmony,amidar,0,78972,150.0
Reborn + Harmony,amidar,0,79765,181.0
Reborn + Harmony,amidar,0,80622,113.0
Reborn + Harmony,amidar,0,81541,85.0
Reborn + Harmony,amidar,0,82654,114.0
Reborn + Harmony,amidar,0,83490,181.0
Reborn + Harmony,amidar,0,84459,98.0
Reborn + Harmony,amidar,0,85371,103.0
Reborn + Harmony,amidar,0,86131,100.0
Reborn + Harmony,amidar,0,87152,100.0
Reborn + Harmony,amidar,0,87902,107.0
Reborn + Harmony,amidar,0,88633,88.0
Reborn + Harmony,amidar,0,89546,98.0
Reborn + Harmony,amidar,0,90265,58.0
Reborn + Harmony,amidar,0,91081,90.0
Reborn + Harmony,amidar,0,91974,90.0
Reborn + Harmony,amidar,0,92983,114.0
Reborn + Harmony,amidar,0,93825,90.0
Reborn + Harmony,amidar,0,94742,95.0
Reborn + Harmony,amidar,0,95860,83.0
Reborn + Harmony,amidar,0,96653,95.0
Reborn + Harmony,amidar,0,98101,125.0
Reborn + Harmony,amidar,0,99004,142.0
Reborn + Harmony,assault,0,495,252.0
Reborn + Harmony,assault,0,912,168.0
Reborn + Harmony,assault,0,1558,378.0
Reborn + Harmony,assault,0,2004,189.0
Reborn + Harmony,assault,0,2784,294.0
Reborn + Harmony,assault,0,3301,210.0
Reborn + Harmony,assault,0,3650,210.0
Reborn + Harmony,assault,0,4124,231.0
Reborn + Harmony,assault,0,4778,294.0
Reborn + Harmony,assault,0,5274,189.0
Reborn + Harmony,assault,0,5884,189.0
Reborn + Harmony,assault,0,6512,378.0
Reborn + Harmony,assault,0,6957,189.0
Reborn + Harmony,assault,0,8073,210.0
Reborn + Harmony,assault,0,9412,231.0
Reborn + Harmony,assault,0,9982,189.0
Reborn + Harmony,assault,0,10566,252.0
Reborn + Harmony,assault,0,12901,630.0
Reborn + Harmony,assault,0,14167,567.0
Reborn + Harmony,assault,0,14642,147.0
Reborn + Harmony,assault,0,16935,630.0
Reborn + Harmony,assault,0,17380,378.0
Reborn + Harmony,assault,0,18232,525.0
Reborn + Harmony,assault,0,18837,441.0
Reborn + Harmony,assault,0,19561,357.0
Reborn + Harmony,assault,0,20527,525.0
Reborn + Harmony,assault,0,21011,252.0
Reborn + Harmony,assault,0,21587,357.0
Reborn + Harmony,assault,0,22158,399.0
Reborn + Harmony,assault,0,22796,315.0
Reborn + Harmony,assault,0,23197,210.0
Reborn + Harmony,assault,0,23943,546.0
Reborn + Harmony,assault,0,24650,441.0
Reborn + Harmony,assault,0,25576,546.0
Reborn + Harmony,assault,0,26053,252.0
Reborn + Harmony,assault,0,26784,399.0
Reborn + Harmony,assault,0,27258,294.0
Reborn + Harmony,assault,0,28911,504.0
Reborn + Harmony,assault,0,29389,252.0
Reborn + Harmony,assault,0,29940,315.0
Reborn + Harmony,assault,0,30740,420.0
Reborn + Harmony,assault,0,31345,315.0
Reborn + Harmony,assault,0,32396,420.0
Reborn + Harmony,assault,0,33417,378.0
Reborn + Harmony,assault,0,33636,168.0
Reborn + Harmony,assault,0,34271,399.0
Reborn + Harmony,assault,0,34755,189.0
Reborn + Harmony,assault,0,35490,399.0
Reborn + Harmony,assault,0,36928,525.0
Reborn + Harmony,assault,0,38344,630.0
Reborn + Harmony,assault,0,39270,588.0
Reborn + Harmony,assault,0,39814,189.0
Reborn + Harmony,assault,0,40258,336.0
Reborn + Harmony,assault,0,41399,567.0
Reborn + Harmony,assault,0,42066,399.0
Reborn + Harmony,assault,0,43450,588.0
Reborn + Harmony,assault,0,43990,294.0
Reborn + Harmony,assault,0,45496,630.0
Reborn + Harmony,assault,0,46209,420.0
Reborn + Harmony,assault,0,48266,672.0
Reborn + Harmony,assault,0,49334,546.0
Reborn + Harmony,assault,0,50330,483.0
Reborn + Harmony,assault,0,51375,441.0
Reborn + Harmony,assault,0,52105,315.0
Reborn + Harmony,assault,0,52712,294.0
Reborn + Harmony,assault,0,53251,399.0
Reborn + Harmony,assault,0,54145,609.0
Reborn + Harmony,assault,0,55003,378.0
Reborn + Harmony,assault,0,55575,399.0
Reborn + Harmony,assault,0,56468,609.0
Reborn + Harmony,assault,0,57532,546.0
Reborn + Harmony,assault,0,57784,126.0
Reborn + Harmony,assault,0,58485,273.0
Reborn + Harmony,assault,0,58849,210.0
Reborn + Harmony,assault,0,59743,651.0
Reborn + Harmony,assault,0,60313,399.0
Reborn + Harmony,assault,0,60947,357.0
Reborn + Harmony,assault,0,61486,504.0
Reborn + Harmony,assault,0,62626,693.0
Reborn + Harmony,assault,0,63553,483.0
Reborn + Harmony,assault,0,64638,567.0
Reborn + Harmony,assault,0,65663,504.0
Reborn + Harmony,assault,0,66349,420.0
Reborn + Harmony,assault,0,67082,462.0
Reborn + Harmony,assault,0,67333,189.0
Reborn + Harmony,assault,0,68514,441.0
Reborn + Harmony,assault,0,69697,546.0
Reborn + Harmony,assault,0,70753,525.0
Reborn + Harmony,assault,0,72036,651.0
Reborn + Harmony,assault,0,73352,630.0
Reborn + Harmony,assault,0,74857,819.0
Reborn + Harmony,assault,0,76109,693.0
Reborn + Harmony,assault,0,77134,609.0
Reborn + Harmony,assault,0,78025,651.0
Reborn + Harmony,assault,0,79018,483.0
Reborn + Harmony,assault,0,80215,693.0
Reborn + Harmony,assault,0,81459,630.0
Reborn + Harmony,assault,0,82159,504.0
Reborn + Harmony,assault,0,83265,714.0
Reborn + Harmony,assault,0,84653,672.0
Reborn + Harmony,assault,0,85229,357.0
Reborn + Harmony,assault,0,86323,735.0
Reborn + Harmony,assault,0,87153,483.0
Reborn + Harmony,assault,0,88142,714.0
Reborn + Harmony,assault,0,88974,399.0
Reborn + Harmony,assault,0,89418,378.0
Reborn + Harmony,assault,0,90252,546.0
Reborn + Harmony,assault,0,90954,336.0
Reborn + Harmony,assault,0,91530,399.0
Reborn + Harmony,assault,0,92405,693.0
Reborn + Harmony,assault,0,93475,693.0
Reborn + Harmony,assault,0,94576,651.0
Reborn + Harmony,assault,0,95537,630.0
Reborn + Harmony,assault,0,96408,693.0
Reborn + Harmony,assault,0,97668,651.0
Reborn + Harmony,assault,0,99265,672.0
Reborn + Harmony,asterix,0,203,200.0
Reborn + Harmony,asterix,0,459,200.0
Reborn + Harmony,asterix,0,661,100.0
Reborn + Harmony,asterix,0,972,350.0
Reborn + Harmony,asterix,0,1181,200.0
Reborn + Harmony,asterix,0,1525,500.0
Reborn + Harmony,asterix,0,1730,100.0
Reborn + Harmony,asterix,0,1937,200.0
Reborn + Harmony,asterix,0,2163,250.0
Reborn + Harmony,asterix,0,2439,250.0
Reborn + Harmony,asterix,0,2710,300.0
Reborn + Harmony,asterix,0,3027,400.0
Reborn + Harmony,asterix,0,3204,200.0
Reborn + Harmony,asterix,0,3650,800.0
Reborn + Harmony,asterix,0,4081,550.0
Reborn + Harmony,asterix,0,4288,50.0
Reborn + Harmony,asterix,0,4559,300.0
Reborn + Harmony,asterix,0,4822,300.0
Reborn + Harmony,asterix,0,5041,150.0
Reborn + Harmony,asterix,0,5309,350.0
Reborn + Harmony,asterix,0,5586,250.0
Reborn + Harmony,asterix,0,5797,150.0
Reborn + Harmony,asterix,0,6037,250.0
Reborn + Harmony,asterix,0,6383,450.0
Reborn + Harmony,asterix,0,6623,150.0
Reborn + Harmony,asterix,0,6901,200.0
Reborn + Harmony,asterix,0,7227,300.0
Reborn + Harmony,asterix,0,7684,500.0
Reborn + Harmony,asterix,0,7975,100.0
Reborn + Harmony,asterix,0,8198,50.0
Reborn + Harmony,asterix,0,8556,100.0
Reborn + Harmony,asterix,0,9048,200.0
Reborn + Harmony,asterix,0,9247,100.0
Reborn + Harmony,asterix,0,9774,450.0
Reborn + Harmony,asterix,0,10116,250.0
Reborn + Harmony,asterix,0,10419,200.0
Reborn + Harmony,asterix,0,10713,150.0
Reborn + Harmony,asterix,0,11214,300.0
Reborn + Harmony,asterix,0,11485,50.0
Reborn + Harmony,asterix,0,11778,150.0
Reborn + Harmony,asterix,0,12165,300.0
Reborn + Harmony,asterix,0,12687,250.0
Reborn + Harmony,asterix,0,12952,150.0
Reborn + Harmony,asterix,0,13151,100.0
Reborn + Harmony,asterix,0,13417,200.0
Reborn + Harmony,asterix,0,13641,150.0
Reborn + Harmony,asterix,0,13910,150.0
Reborn + Harmony,asterix,0,14180,200.0
Reborn + Harmony,asterix,0,14396,250.0
Reborn + Harmony,asterix,0,14645,150.0
Reborn + Harmony,asterix,0,14903,150.0
Reborn + Harmony,asterix,0,15142,200.0
Reborn + Harmony,asterix,0,15442,200.0
Reborn + Harmony,asterix,0,15720,200.0
Reborn + Harmony,asterix,0,16274,400.0
Reborn + Harmony,asterix,0,16596,200.0
Reborn + Harmony,asterix,0,17326,550.0
Reborn + Harmony,asterix,0,17722,250.0
Reborn + Harmony,asterix,0,17930,100.0
Reborn + Harmony,asterix,0,18325,200.0
Reborn + Harmony,asterix,0,18951,450.0
Reborn + Harmony,asterix,0,19161,150.0
Reborn + Harmony,asterix,0,19397,100.0
Reborn + Harmony,asterix,0,19687,100.0
Reborn + Harmony,asterix,0,20013,150.0
Reborn + Harmony,asterix,0,20278,100.0
Reborn + Harmony,asterix,0,20508,50.0
Reborn + Harmony,asterix,0,20704,150.0
Reborn + Harmony,asterix,0,20986,200.0
Reborn + Harmony,asterix,0,21306,250.0
Reborn + Harmony,asterix,0,21800,550.0
Reborn + Harmony,asterix,0,22039,100.0
Reborn + Harmony,asterix,0,22350,150.0
Reborn + Harmony,asterix,0,22661,150.0
Reborn + Harmony,asterix,0,22959,150.0
Reborn + Harmony,asterix,0,23166,50.0
Reborn + Harmony,asterix,0,23524,200.0
Reborn + Harmony,asterix,0,23746,150.0
Reborn + Harmony,asterix,0,24112,250.0
Reborn + Harmony,asterix,0,24724,350.0
Reborn + Harmony,asterix,0,24991,300.0
Reborn + Harmony,asterix,0,25431,300.0
Reborn + Harmony,asterix,0,25723,200.0
Reborn + Harmony,asterix,0,26149,250.0
Reborn + Harmony,asterix,0,26353,100.0
Reborn + Harmony,asterix,0,26573,50.0
Reborn + Harmony,asterix,0,26774,150.0
Reborn + Harmony,asterix,0,27027,350.0
Reborn + Harmony,asterix,0,27446,350.0
Reborn + Harmony,asterix,0,27662,150.0
Reborn + Harmony,asterix,0,27935,300.0
Reborn + Harmony,asterix,0,28492,400.0
Reborn + Harmony,asterix,0,28803,250.0
Reborn + Harmony,asterix,0,29064,300.0
Reborn + Harmony,asterix,0,29507,250.0
Reborn + Harmony,asterix,0,29710,100.0
Reborn + Harmony,asterix,0,29915,200.0
Reborn + Harmony,asterix,0,30309,400.0
Reborn + Harmony,asterix,0,30527,200.0
Reborn + Harmony,asterix,0,30896,350.0
Reborn + Harmony,asterix,0,31098,100.0
Reborn + Harmony,asterix,0,31348,250.0
Reborn + Harmony,asterix,0,31545,200.0
Reborn + Harmony,asterix,0,31765,150.0
Reborn + Harmony,asterix,0,32003,200.0
Reborn + Harmony,asterix,0,32779,550.0
Reborn + Harmony,asterix,0,32989,150.0
Reborn + Harmony,asterix,0,33338,200.0
Reborn + Harmony,asterix,0,33535,50.0
Reborn + Harmony,asterix,0,34163,300.0
Reborn + Harmony,asterix,0,34363,100.0
Reborn + Harmony,asterix,0,34594,150.0
Reborn + Harmony,asterix,0,34960,300.0
Reborn + Harmony,asterix,0,35343,450.0
Reborn + Harmony,asterix,0,35509,100.0
Reborn + Harmony,asterix,0,35714,250.0
Reborn + Harmony,asterix,0,35967,350.0
Reborn + Harmony,asterix,0,36187,50.0
Reborn + Harmony,asterix,0,36608,400.0
Reborn + Harmony,asterix,0,36865,300.0
Reborn + Harmony,asterix,0,37129,300.0
Reborn + Harmony,asterix,0,37352,150.0
Reborn + Harmony,asterix,0,37836,350.0
Reborn + Harmony,asterix,0,38080,250.0
Reborn + Harmony,asterix,0,38506,300.0
Reborn + Harmony,asterix,0,38710,100.0
Reborn + Harmony,asterix,0,38931,150.0
Reborn + Harmony,asterix,0,39147,300.0
Reborn + Harmony,asterix,0,39545,450.0
Reborn + Harmony,asterix,0,39805,150.0
Reborn + Harmony,asterix,0,40085,250.0
Reborn + Harmony,asterix,0,40289,300.0
Reborn + Harmony,asterix,0,40667,500.0
Reborn + Harmony,asterix,0,40904,250.0
Reborn + Harmony,asterix,0,41236,450.0
Reborn + Harmony,asterix,0,41735,700.0
Reborn + Harmony,asterix,0,41927,350.0
Reborn + Harmony,asterix,0,42143,250.0
Reborn + Harmony,asterix,0,42360,150.0
Reborn + Harmony,asterix,0,42571,250.0
Reborn + Harmony,asterix,0,42959,700.0
Reborn + Harmony,asterix,0,43206,200.0
Reborn + Harmony,asterix,0,43459,250.0
Reborn + Harmony,asterix,0,43900,500.0
Reborn + Harmony,asterix,0,44241,300.0
Reborn + Harmony,asterix,0,44537,400.0
Reborn + Harmony,asterix,0,44755,200.0
Reborn + Harmony,asterix,0,45084,250.0
Reborn + Harmony,asterix,0,45449,300.0
Reborn + Harmony,asterix,0,45932,650.0
Reborn + Harmony,asterix,0,46132,150.0
Reborn + Harmony,asterix,0,46366,300.0
Reborn + Harmony,asterix,0,46594,300.0
Reborn + Harmony,asterix,0,47023,850.0
Reborn + Harmony,asterix,0,47464,400.0
Reborn + Harmony,asterix,0,47761,250.0
Reborn + Harmony,asterix,0,48099,350.0
Reborn + Harmony,asterix,0,48427,350.0
Reborn + Harmony,asterix,0,49058,700.0
Reborn + Harmony,asterix,0,49395,300.0
Reborn + Harmony,asterix,0,49771,450.0
Reborn + Harmony,asterix,0,50091,600.0
Reborn + Harmony,asterix,0,50488,350.0
Reborn + Harmony,asterix,0,50832,200.0
Reborn + Harmony,asterix,0,51225,350.0
Reborn + Harmony,asterix,0,51432,250.0
Reborn + Harmony,asterix,0,51734,400.0
Reborn + Harmony,asterix,0,52093,600.0
Reborn + Harmony,asterix,0,52430,350.0
Reborn + Harmony,asterix,0,52956,500.0
Reborn + Harmony,asterix,0,53356,450.0
Reborn + Harmony,asterix,0,53569,250.0
Reborn + Harmony,asterix,0,53870,400.0
Reborn + Harmony,asterix,0,54266,500.0
Reborn + Harmony,asterix,0,54710,300.0
Reborn + Harmony,asterix,0,55068,500.0
Reborn + Harmony,asterix,0,55446,200.0
Reborn + Harmony,asterix,0,55848,450.0
Reborn + Harmony,asterix,0,56142,450.0
Reborn + Harmony,asterix,0,56664,750.0
Reborn + Harmony,asterix,0,57023,350.0
Reborn + Harmony,asterix,0,57390,600.0
Reborn + Harmony,asterix,0,57784,400.0
Reborn + Harmony,asterix,0,58279,600.0
Reborn + Harmony,asterix,0,58675,300.0
Reborn + Harmony,asterix,0,59165,650.0
Reborn + Harmony,asterix,0,59562,600.0
Reborn + Harmony,asterix,0,59927,550.0
Reborn + Harmony,asterix,0,60133,350.0
Reborn + Harmony,asterix,0,60728,650.0
Reborn + Harmony,asterix,0,61208,600.0
Reborn + Harmony,asterix,0,61419,250.0
Reborn + Harmony,asterix,0,61664,350.0
Reborn + Harmony,asterix,0,61907,300.0
Reborn + Harmony,asterix,0,62253,600.0
Reborn + Harmony,asterix,0,62455,250.0
Reborn + Harmony,asterix,0,62757,200.0
Reborn + Harmony,asterix,0,63085,250.0
Reborn + Harmony,asterix,0,63445,250.0
Reborn + Harmony,asterix,0,63724,300.0
Reborn + Harmony,asterix,0,64037,400.0
Reborn + Harmony,asterix,0,64274,400.0
Reborn + Harmony,asterix,0,64636,450.0
Reborn + Harmony,asterix,0,65091,400.0
Reborn + Harmony,asterix,0,65432,350.0
Reborn + Harmony,asterix,0,65671,350.0
Reborn + Harmony,asterix,0,66132,500.0
Reborn + Harmony,asterix,0,66395,300.0
Reborn + Harmony,asterix,0,66704,450.0
Reborn + Harmony,asterix,0,66974,250.0
Reborn + Harmony,asterix,0,67339,350.0
Reborn + Harmony,asterix,0,67684,500.0
Reborn + Harmony,asterix,0,67902,250.0
Reborn + Harmony,asterix,0,68111,300.0
Reborn + Harmony,asterix,0,68466,350.0
Reborn + Harmony,asterix,0,68862,350.0
Reborn + Harmony,asterix,0,69131,250.0
Reborn + Harmony,asterix,0,69424,550.0
Reborn + Harmony,asterix,0,69787,400.0
Reborn + Harmony,asterix,0,70147,450.0
Reborn + Harmony,asterix,0,70499,450.0
Reborn + Harmony,asterix,0,71158,800.0
Reborn + Harmony,asterix,0,72132,1150.0
Reborn + Harmony,asterix,0,72606,650.0
Reborn + Harmony,asterix,0,73051,650.0
Reborn + Harmony,asterix,0,73322,450.0
Reborn + Harmony,asterix,0,73560,300.0
Reborn + Harmony,asterix,0,74006,700.0
Reborn + Harmony,asterix,0,74395,200.0
Reborn + Harmony,asterix,0,74750,500.0
Reborn + Harmony,asterix,0,75088,550.0
Reborn + Harmony,asterix,0,75323,250.0
Reborn + Harmony,asterix,0,75631,300.0
Reborn + Harmony,asterix,0,75936,400.0
Reborn + Harmony,asterix,0,76340,500.0
Reborn + Harmony,asterix,0,76775,350.0
Reborn + Harmony,asterix,0,77099,500.0
Reborn + Harmony,asterix,0,77949,700.0
Reborn + Harmony,asterix,0,78290,500.0
Reborn + Harmony,asterix,0,78640,600.0
Reborn + Harmony,asterix,0,79114,800.0
Reborn + Harmony,asterix,0,79451,300.0
Reborn + Harmony,asterix,0,79809,600.0
Reborn + Harmony,asterix,0,80299,650.0
Reborn + Harmony,asterix,0,80666,650.0
Reborn + Harmony,asterix,0,80995,350.0
Reborn + Harmony,asterix,0,81322,400.0
Reborn + Harmony,asterix,0,81685,650.0
Reborn + Harmony,asterix,0,82020,300.0
Reborn + Harmony,asterix,0,82254,350.0
Reborn + Harmony,asterix,0,82692,300.0
Reborn + Harmony,asterix,0,83114,550.0
Reborn + Harmony,asterix,0,83450,500.0
Reborn + Harmony,asterix,0,83876,500.0
Reborn + Harmony,asterix,0,84120,200.0
Reborn + Harmony,asterix,0,84392,350.0
Reborn + Harmony,asterix,0,85058,600.0
Reborn + Harmony,asterix,0,85365,550.0
Reborn + Harmony,asterix,0,85573,250.0
Reborn + Harmony,asterix,0,85985,600.0
Reborn + Harmony,asterix,0,86187,150.0
Reborn + Harmony,asterix,0,86468,450.0
Reborn + Harmony,asterix,0,86781,550.0
Reborn + Harmony,asterix,0,87209,550.0
Reborn + Harmony,asterix,0,87681,700.0
Reborn + Harmony,asterix,0,88362,600.0
Reborn + Harmony,asterix,0,88710,600.0
Reborn + Harmony,asterix,0,88946,250.0
Reborn + Harmony,asterix,0,89302,400.0
Reborn + Harmony,asterix,0,89629,450.0
Reborn + Harmony,asterix,0,90163,1000.0
Reborn + Harmony,asterix,0,90404,300.0
Reborn + Harmony,asterix,0,90773,550.0
Reborn + Harmony,asterix,0,91124,400.0
Reborn + Harmony,asterix,0,91540,600.0
Reborn + Harmony,asterix,0,91781,300.0
Reborn + Harmony,asterix,0,92272,700.0
Reborn + Harmony,asterix,0,92694,900.0
Reborn + Harmony,asterix,0,92895,250.0
Reborn + Harmony,asterix,0,93402,800.0
Reborn + Harmony,asterix,0,93704,450.0
Reborn + Harmony,asterix,0,94070,600.0
Reborn + Harmony,asterix,0,94370,450.0
Reborn + Harmony,asterix,0,95048,750.0
Reborn + Harmony,asterix,0,95454,500.0
Reborn + Harmony,asterix,0,95819,600.0
Reborn + Harmony,asterix,0,96095,300.0
Reborn + Harmony,asterix,0,96410,400.0
Reborn + Harmony,asterix,0,96708,400.0
Reborn + Harmony,asterix,0,97024,400.0
Reborn + Harmony,asterix,0,97395,450.0
Reborn + Harmony,asterix,0,97806,650.0
Reborn + Harmony,asterix,0,98083,350.0
Reborn + Harmony,asterix,0,98583,500.0
Reborn + Harmony,asterix,0,98821,400.0
Reborn + Harmony,asterix,0,99091,400.0
Reborn + Harmony,asterix,0,99368,550.0
Reborn + Harmony,asterix,0,99733,650.0
Reborn + Harmony,bank_heist,0,463,30.0
Reborn + Harmony,bank_heist,0,1090,20.0
Reborn + Harmony,bank_heist,0,1528,10.0
Reborn + Harmony,bank_heist,0,1935,20.0
Reborn + Harmony,bank_heist,0,2420,20.0
Reborn + Harmony,bank_heist,0,2973,20.0
Reborn + Harmony,bank_heist,0,3485,10.0
Reborn + Harmony,bank_heist,0,3997,20.0
Reborn + Harmony,bank_heist,0,4524,10.0
Reborn + Harmony,bank_heist,0,5306,10.0
Reborn + Harmony,bank_heist,0,5739,20.0
Reborn + Harmony,bank_heist,0,6354,20.0
Reborn + Harmony,bank_heist,0,6908,10.0
Reborn + Harmony,bank_heist,0,7340,10.0
Reborn + Harmony,bank_heist,0,7732,0.0
Reborn + Harmony,bank_heist,0,8060,0.0
Reborn + Harmony,bank_heist,0,8540,0.0
Reborn + Harmony,bank_heist,0,9035,10.0
Reborn + Harmony,bank_heist,0,9391,0.0
Reborn + Harmony,bank_heist,0,9843,0.0
Reborn + Harmony,bank_heist,0,10282,0.0
Reborn + Harmony,bank_heist,0,10825,0.0
Reborn + Harmony,bank_heist,0,11411,10.0
Reborn + Harmony,bank_heist,0,12809,20.0
Reborn + Harmony,bank_heist,0,13193,10.0
Reborn + Harmony,bank_heist,0,13944,0.0
Reborn + Harmony,bank_heist,0,15679,10.0
Reborn + Harmony,bank_heist,0,16309,0.0
Reborn + Harmony,bank_heist,0,17284,20.0
Reborn + Harmony,bank_heist,0,18002,20.0
Reborn + Harmony,bank_heist,0,18541,10.0
Reborn + Harmony,bank_heist,0,19358,0.0
Reborn + Harmony,bank_heist,0,20621,20.0
Reborn + Harmony,bank_heist,0,21486,0.0
Reborn + Harmony,bank_heist,0,22236,20.0
Reborn + Harmony,bank_heist,0,23437,0.0
Reborn + Harmony,bank_heist,0,24284,30.0
Reborn + Harmony,bank_heist,0,24962,0.0
Reborn + Harmony,bank_heist,0,25418,10.0
Reborn + Harmony,bank_heist,0,26007,10.0
Reborn + Harmony,bank_heist,0,26825,0.0
Reborn + Harmony,bank_heist,0,27319,20.0
Reborn + Harmony,bank_heist,0,28194,10.0
Reborn + Harmony,bank_heist,0,28670,10.0
Reborn + Harmony,bank_heist,0,29381,20.0
Reborn + Harmony,bank_heist,0,30220,10.0
Reborn + Harmony,bank_heist,0,30899,20.0
Reborn + Harmony,bank_heist,0,31675,20.0
Reborn + Harmony,bank_heist,0,32332,40.0
Reborn + Harmony,bank_heist,0,33063,10.0
Reborn + Harmony,bank_heist,0,33778,10.0
Reborn + Harmony,bank_heist,0,34497,20.0
Reborn + Harmony,bank_heist,0,34912,10.0
Reborn + Harmony,bank_heist,0,35665,0.0
Reborn + Harmony,bank_heist,0,36925,20.0
Reborn + Harmony,bank_heist,0,38223,10.0
Reborn + Harmony,bank_heist,0,39069,0.0
Reborn + Harmony,bank_heist,0,39947,10.0
Reborn + Harmony,bank_heist,0,40361,10.0
Reborn + Harmony,bank_heist,0,41041,10.0
Reborn + Harmony,bank_heist,0,41724,20.0
Reborn + Harmony,bank_heist,0,42345,30.0
Reborn + Harmony,bank_heist,0,43086,0.0
Reborn + Harmony,bank_heist,0,43596,10.0
Reborn + Harmony,bank_heist,0,44305,20.0
Reborn + Harmony,bank_heist,0,45014,30.0
Reborn + Harmony,bank_heist,0,45732,20.0
Reborn + Harmony,bank_heist,0,46389,20.0
Reborn + Harmony,bank_heist,0,47061,30.0
Reborn + Harmony,bank_heist,0,47695,10.0
Reborn + Harmony,bank_heist,0,48322,10.0
Reborn + Harmony,bank_heist,0,48778,40.0
Reborn + Harmony,bank_heist,0,49376,20.0
Reborn + Harmony,bank_heist,0,49954,20.0
Reborn + Harmony,bank_heist,0,50838,40.0
Reborn + Harmony,bank_heist,0,51660,20.0
Reborn + Harmony,bank_heist,0,52322,20.0
Reborn + Harmony,bank_heist,0,52906,40.0
Reborn + Harmony,bank_heist,0,53754,20.0
Reborn + Harmony,bank_heist,0,54204,10.0
Reborn + Harmony,bank_heist,0,54758,20.0
Reborn + Harmony,bank_heist,0,55703,30.0
Reborn + Harmony,bank_heist,0,56424,10.0
Reborn + Harmony,bank_heist,0,57327,30.0
Reborn + Harmony,bank_heist,0,57758,20.0
Reborn + Harmony,bank_heist,0,58374,30.0
Reborn + Harmony,bank_heist,0,58958,20.0
Reborn + Harmony,bank_heist,0,59737,20.0
Reborn + Harmony,bank_heist,0,60984,20.0
Reborn + Harmony,bank_heist,0,61403,10.0
Reborn + Harmony,bank_heist,0,62159,10.0
Reborn + Harmony,bank_heist,0,62804,30.0
Reborn + Harmony,bank_heist,0,63556,10.0
Reborn + Harmony,bank_heist,0,64452,20.0
Reborn + Harmony,bank_heist,0,65159,10.0
Reborn + Harmony,bank_heist,0,66005,90.0
Reborn + Harmony,bank_heist,0,66670,50.0
Reborn + Harmony,bank_heist,0,67410,20.0
Reborn + Harmony,bank_heist,0,67918,10.0
Reborn + Harmony,bank_heist,0,68789,10.0
Reborn + Harmony,bank_heist,0,69638,50.0
Reborn + Harmony,bank_heist,0,70229,20.0
Reborn + Harmony,bank_heist,0,70738,30.0
Reborn + Harmony,bank_heist,0,71302,20.0
Reborn + Harmony,bank_heist,0,72090,50.0
Reborn + Harmony,bank_heist,0,72839,20.0
Reborn + Harmony,bank_heist,0,73378,20.0
Reborn + Harmony,bank_heist,0,74099,20.0
Reborn + Harmony,bank_heist,0,74887,30.0
Reborn + Harmony,bank_heist,0,75672,30.0
Reborn + Harmony,bank_heist,0,76452,20.0
Reborn + Harmony,bank_heist,0,77780,20.0
Reborn + Harmony,bank_heist,0,78272,50.0
Reborn + Harmony,bank_heist,0,79038,20.0
Reborn + Harmony,bank_heist,0,79613,30.0
Reborn + Harmony,bank_heist,0,80541,40.0
Reborn + Harmony,bank_heist,0,81257,20.0
Reborn + Harmony,bank_heist,0,82051,30.0
Reborn + Harmony,bank_heist,0,82585,10.0
Reborn + Harmony,bank_heist,0,83333,50.0
Reborn + Harmony,bank_heist,0,84074,20.0
Reborn + Harmony,bank_heist,0,84889,20.0
Reborn + Harmony,bank_heist,0,85470,10.0
Reborn + Harmony,bank_heist,0,86306,40.0
Reborn + Harmony,bank_heist,0,86910,20.0
Reborn + Harmony,bank_heist,0,87456,20.0
Reborn + Harmony,bank_heist,0,88102,40.0
Reborn + Harmony,bank_heist,0,89103,10.0
Reborn + Harmony,bank_heist,0,89820,30.0
Reborn + Harmony,bank_heist,0,90581,30.0
Reborn + Harmony,bank_heist,0,91460,30.0
Reborn + Harmony,bank_heist,0,92208,60.0
Reborn + Harmony,bank_heist,0,93552,20.0
Reborn + Harmony,bank_heist,0,94076,40.0
Reborn + Harmony,bank_heist,0,94741,30.0
Reborn + Harmony,bank_heist,0,95671,30.0
Reborn + Harmony,bank_heist,0,96760,30.0
Reborn + Harmony,bank_heist,0,97485,30.0
Reborn + Harmony,bank_heist,0,98244,50.0
Reborn + Harmony,bank_heist,0,98909,30.0
Reborn + Harmony,bank_heist,0,99754,20.0
Reborn + Harmony,battle_zone,0,791,3000.0
Reborn + Harmony,battle_zone,0,2075,3000.0
Reborn + Harmony,battle_zone,0,2991,3000.0
Reborn + Harmony,battle_zone,0,5250,2000.0
Reborn + Harmony,battle_zone,0,6063,10000.0
Reborn + Harmony,battle_zone,0,7105,4000.0
Reborn + Harmony,battle_zone,0,8181,1000.0
Reborn + Harmony,battle_zone,0,9523,0.0
Reborn + Harmony,battle_zone,0,10827,1000.0
Reborn + Harmony,battle_zone,0,12528,2000.0
Reborn + Harmony,battle_zone,0,13748,0.0
Reborn + Harmony,battle_zone,0,15337,0.0
Reborn + Harmony,battle_zone,0,16897,2000.0
Reborn + Harmony,battle_zone,0,18637,6000.0
Reborn + Harmony,battle_zone,0,20782,4000.0
Reborn + Harmony,battle_zone,0,22391,5000.0
Reborn + Harmony,battle_zone,0,23268,1000.0
Reborn + Harmony,battle_zone,0,23984,1000.0
Reborn + Harmony,battle_zone,0,25331,5000.0
Reborn + Harmony,battle_zone,0,25930,1000.0
Reborn + Harmony,battle_zone,0,26698,3000.0
Reborn + Harmony,battle_zone,0,28187,3000.0
Reborn + Harmony,battle_zone,0,29141,1000.0
Reborn + Harmony,battle_zone,0,30096,3000.0
Reborn + Harmony,battle_zone,0,31508,5000.0
Reborn + Harmony,battle_zone,0,32836,7000.0
Reborn + Harmony,battle_zone,0,33668,1000.0
Reborn + Harmony,battle_zone,0,36102,14000.0
Reborn + Harmony,battle_zone,0,37192,3000.0
Reborn + Harmony,battle_zone,0,38809,3000.0
Reborn + Harmony,battle_zone,0,39536,1000.0
Reborn + Harmony,battle_zone,0,40198,1000.0
Reborn + Harmony,battle_zone,0,40831,1000.0
Reborn + Harmony,battle_zone,0,42271,3000.0
Reborn + Harmony,battle_zone,0,44417,10000.0
Reborn + Harmony,battle_zone,0,46012,5000.0
Reborn + Harmony,battle_zone,0,46619,1000.0
Reborn + Harmony,battle_zone,0,47657,7000.0
Reborn + Harmony,battle_zone,0,48810,3000.0
Reborn + Harmony,battle_zone,0,50158,5000.0
Reborn + Harmony,battle_zone,0,51340,10000.0
Reborn + Harmony,battle_zone,0,52838,12000.0
Reborn + Harmony,battle_zone,0,53939,13000.0
Reborn + Harmony,battle_zone,0,54830,6000.0
Reborn + Harmony,battle_zone,0,56592,16000.0
Reborn + Harmony,battle_zone,0,57938,10000.0
Reborn + Harmony,battle_zone,0,59166,17000.0
Reborn + Harmony,battle_zone,0,60157,8000.0
Reborn + Harmony,battle_zone,0,61319,6000.0
Reborn + Harmony,battle_zone,0,62377,15000.0
Reborn + Harmony,battle_zone,0,63605,10000.0
Reborn + Harmony,battle_zone,0,64906,13000.0
Reborn + Harmony,battle_zone,0,66526,18000.0
Reborn + Harmony,battle_zone,0,68086,17000.0
Reborn + Harmony,battle_zone,0,69202,8000.0
Reborn + Harmony,battle_zone,0,70363,16000.0
Reborn + Harmony,battle_zone,0,71978,23000.0
Reborn + Harmony,battle_zone,0,73406,14000.0
Reborn + Harmony,battle_zone,0,75165,17000.0
Reborn + Harmony,battle_zone,0,76779,16000.0
Reborn + Harmony,battle_zone,0,78083,11000.0
Reborn + Harmony,battle_zone,0,79182,11000.0
Reborn + Harmony,battle_zone,0,80734,17000.0
Reborn + Harmony,battle_zone,0,82155,23000.0
Reborn + Harmony,battle_zone,0,83597,14000.0
Reborn + Harmony,battle_zone,0,85192,16000.0
Reborn + Harmony,battle_zone,0,86349,13000.0
Reborn + Harmony,battle_zone,0,87708,19000.0
Reborn + Harmony,battle_zone,0,89327,20000.0
Reborn + Harmony,battle_zone,0,91079,17000.0
Reborn + Harmony,battle_zone,0,92305,17000.0
Reborn + Harmony,battle_zone,0,93084,12000.0
Reborn + Harmony,battle_zone,0,94080,11000.0
Reborn + Harmony,battle_zone,0,95492,15000.0
Reborn + Harmony,battle_zone,0,96862,18000.0
Reborn + Harmony,battle_zone,0,98151,16000.0
Reborn + Harmony,battle_zone,0,99503,14000.0
Reborn + Harmony,boxing,0,1779,0.0
Reborn + Harmony,boxing,0,3559,-12.0
Reborn + Harmony,boxing,0,5344,0.0
Reborn + Harmony,boxing,0,7127,-7.0
Reborn + Harmony,boxing,0,8910,-19.0
Reborn + Harmony,boxing,0,10694,-54.0
Reborn + Harmony,boxing,0,12478,-12.0
Reborn + Harmony,boxing,0,14256,-1.0
Reborn + Harmony,boxing,0,16041,-4.0
Reborn + Harmony,boxing,0,17820,9.0
Reborn + Harmony,boxing,0,19601,-6.0
Reborn + Harmony,boxing,0,21384,-7.0
Reborn + Harmony,boxing,0,23166,5.0
Reborn + Harmony,boxing,0,24947,3.0
Reborn + Harmony,boxing,0,26727,-9.0
Reborn + Harmony,boxing,0,28508,-3.0
Reborn + Harmony,boxing,0,30287,-44.0
Reborn + Harmony,boxing,0,32072,3.0
Reborn + Harmony,boxing,0,33853,-14.0
Reborn + Harmony,boxing,0,35632,14.0
Reborn + Harmony,boxing,0,37412,5.0
Reborn + Harmony,boxing,0,39194,0.0
Reborn + Harmony,boxing,0,40977,5.0
Reborn + Harmony,boxing,0,42757,1.0
Reborn + Harmony,boxing,0,44540,-2.0
Reborn + Harmony,boxing,0,46325,-2.0
Reborn + Harmony,boxing,0,48108,10.0
Reborn + Harmony,boxing,0,49887,8.0
Reborn + Harmony,boxing,0,51667,0.0
Reborn + Harmony,boxing,0,53450,1.0
Reborn + Harmony,boxing,0,55230,-3.0
Reborn + Harmony,boxing,0,57011,-17.0
Reborn + Harmony,boxing,0,58793,6.0
Reborn + Harmony,boxing,0,60574,-14.0
Reborn + Harmony,boxing,0,62356,-30.0
Reborn + Harmony,boxing,0,64136,8.0
Reborn + Harmony,boxing,0,65915,28.0
Reborn + Harmony,boxing,0,67699,0.0
Reborn + Harmony,boxing,0,69482,3.0
Reborn + Harmony,boxing,0,71260,4.0
Reborn + Harmony,boxing,0,73043,24.0
Reborn + Harmony,boxing,0,74825,16.0
Reborn + Harmony,boxing,0,76603,4.0
Reborn + Harmony,boxing,0,78385,11.0
Reborn + Harmony,boxing,0,80165,25.0
Reborn + Harmony,boxing,0,81947,27.0
Reborn + Harmony,boxing,0,83730,38.0
Reborn + Harmony,boxing,0,85514,24.0
Reborn + Harmony,boxing,0,87295,24.0
Reborn + Harmony,boxing,0,89018,64.0
Reborn + Harmony,boxing,0,90799,22.0
Reborn + Harmony,boxing,0,92584,40.0
Reborn + Harmony,boxing,0,94365,44.0
Reborn + Harmony,boxing,0,96149,51.0
Reborn + Harmony,boxing,0,97929,69.0
Reborn + Harmony,boxing,0,99708,38.0
Reborn + Harmony,breakout,0,129,0.0
Reborn + Harmony,breakout,0,308,1.0
Reborn + Harmony,breakout,0,486,1.0
Reborn + Harmony,breakout,0,612,0.0
Reborn + Harmony,breakout,0,771,1.0
Reborn + Harmony,breakout,0,972,2.0
Reborn + Harmony,breakout,0,1161,1.0
Reborn + Harmony,breakout,0,1436,4.0
Reborn + Harmony,breakout,0,1671,2.0
Reborn + Harmony,breakout,0,1853,1.0
Reborn + Harmony,breakout,0,1994,0.0
Reborn + Harmony,breakout,0,2205,2.0
Reborn + Harmony,breakout,0,2327,0.0
Reborn + Harmony,breakout,0,2534,1.0
Reborn + Harmony,breakout,0,2812,3.0
Reborn + Harmony,breakout,0,3104,4.0
Reborn + Harmony,breakout,0,3244,0.0
Reborn + Harmony,breakout,0,3395,0.0
Reborn + Harmony,breakout,0,3590,1.0
Reborn + Harmony,breakout,0,3720,0.0
Reborn + Harmony,breakout,0,3974,3.0
Reborn + Harmony,breakout,0,4137,1.0
Reborn + Harmony,breakout,0,4275,0.0
Reborn + Harmony,breakout,0,4418,0.0
Reborn + Harmony,breakout,0,4675,3.0
Reborn + Harmony,breakout,0,4964,3.0
Reborn + Harmony,breakout,0,5192,2.0
Reborn + Harmony,breakout,0,5383,1.0
Reborn + Harmony,breakout,0,5552,1.0
Reborn + Harmony,breakout,0,5775,2.0
Reborn + Harmony,breakout,0,6028,3.0
Reborn + Harmony,breakout,0,6270,2.0
Reborn + Harmony,breakout,0,6440,0.0
Reborn + Harmony,breakout,0,6787,4.0
Reborn + Harmony,breakout,0,7052,0.0
Reborn + Harmony,breakout,0,7351,2.0
Reborn + Harmony,breakout,0,7695,4.0
Reborn + Harmony,breakout,0,7860,0.0
Reborn + Harmony,breakout,0,8019,0.0
Reborn + Harmony,breakout,0,8154,0.0
Reborn + Harmony,breakout,0,8317,1.0
Reborn + Harmony,breakout,0,8522,2.0
Reborn + Harmony,breakout,0,8646,0.0
Reborn + Harmony,breakout,0,9002,5.0
Reborn + Harmony,breakout,0,9150,0.0
Reborn + Harmony,breakout,0,9278,0.0
Reborn + Harmony,breakout,0,9565,3.0
Reborn + Harmony,breakout,0,9709,0.0
Reborn + Harmony,breakout,0,9901,1.0
Reborn + Harmony,breakout,0,10096,1.0
Reborn + Harmony,breakout,0,10292,0.0
Reborn + Harmony,breakout,0,10508,1.0
Reborn + Harmony,breakout,0,10668,0.0
Reborn + Harmony,breakout,0,10799,0.0
Reborn + Harmony,breakout,0,11010,2.0
Reborn + Harmony,breakout,0,11146,0.0
Reborn + Harmony,breakout,0,11299,0.0
Reborn + Harmony,breakout,0,11454,0.0
Reborn + Harmony,breakout,0,11668,2.0
Reborn + Harmony,breakout,0,11957,3.0
Reborn + Harmony,breakout,0,12137,1.0
Reborn + Harmony,breakout,0,12341,2.0
Reborn + Harmony,breakout,0,12838,5.0
Reborn + Harmony,breakout,0,13057,0.0
Reborn + Harmony,breakout,0,13333,0.0
Reborn + Harmony,breakout,0,13722,1.0
Reborn + Harmony,breakout,0,14163,7.0
Reborn + Harmony,breakout,0,14403,2.0
Reborn + Harmony,breakout,0,14663,2.0
Reborn + Harmony,breakout,0,14869,1.0
Reborn + Harmony,breakout,0,15266,4.0
Reborn + Harmony,breakout,0,15477,0.0
Reborn + Harmony,breakout,0,15946,7.0
Reborn + Harmony,breakout,0,16332,5.0
Reborn + Harmony,breakout,0,16546,0.0
Reborn + Harmony,breakout,0,16841,3.0
Reborn + Harmony,breakout,0,17094,3.0
Reborn + Harmony,breakout,0,17247,1.0
Reborn + Harmony,breakout,0,17402,1.0
Reborn + Harmony,breakout,0,17571,1.0
Reborn + Harmony,breakout,0,17906,0.0
Reborn + Harmony,breakout,0,18410,7.0
Reborn + Harmony,breakout,0,18642,0.0
Reborn + Harmony,breakout,0,19017,0.0
Reborn + Harmony,breakout,0,19318,3.0
Reborn + Harmony,breakout,0,19471,0.0
Reborn + Harmony,breakout,0,19628,0.0
Reborn + Harmony,breakout,0,20088,0.0
Reborn + Harmony,breakout,0,20303,2.0
Reborn + Harmony,breakout,0,20688,6.0
Reborn + Harmony,breakout,0,21383,14.0
Reborn + Harmony,breakout,0,21858,0.0
Reborn + Harmony,breakout,0,22420,0.0
Reborn + Harmony,breakout,0,22745,2.0
Reborn + Harmony,breakout,0,22953,1.0
Reborn + Harmony,breakout,0,23217,2.0
Reborn + Harmony,breakout,0,23374,1.0
Reborn + Harmony,breakout,0,23650,4.0
Reborn + Harmony,breakout,0,23925,4.0
Reborn + Harmony,breakout,0,24048,0.0
Reborn + Harmony,breakout,0,24170,0.0
Reborn + Harmony,breakout,0,24368,2.0
Reborn + Harmony,breakout,0,24538,1.0
Reborn + Harmony,breakout,0,24660,0.0
Reborn + Harmony,breakout,0,24890,3.0
Reborn + Harmony,breakout,0,25061,1.0
Reborn + Harmony,breakout,0,25255,1.0
Reborn + Harmony,breakout,0,25652,0.0
Reborn + Harmony,breakout,0,25918,3.0
Reborn + Harmony,breakout,0,26086,1.0
Reborn + Harmony,breakout,0,26279,1.0
Reborn + Harmony,breakout,0,26481,1.0
Reborn + Harmony,breakout,0,26986,6.0
Reborn + Harmony,breakout,0,27232,1.0
Reborn + Harmony,breakout,0,27431,1.0
Reborn + Harmony,breakout,0,27770,2.0
Reborn + Harmony,breakout,0,29020,0.0
Reborn + Harmony,breakout,0,29512,4.0
Reborn + Harmony,breakout,0,30039,7.0
Reborn + Harmony,breakout,0,30576,10.0
Reborn + Harmony,breakout,0,30988,7.0
Reborn + Harmony,breakout,0,31394,8.0
Reborn + Harmony,breakout,0,31770,6.0
Reborn + Harmony,breakout,0,32165,6.0
Reborn + Harmony,breakout,0,32442,4.0
Reborn + Harmony,breakout,0,32594,1.0
Reborn + Harmony,breakout,0,32973,7.0
Reborn + Harmony,breakout,0,33153,2.0
Reborn + Harmony,breakout,0,33306,1.0
Reborn + Harmony,breakout,0,33507,2.0
Reborn + Harmony,breakout,0,33860,7.0
Reborn + Harmony,breakout,0,34110,3.0
Reborn + Harmony,breakout,0,34291,2.0
Reborn + Harmony,breakout,0,34686,7.0
Reborn + Harmony,breakout,0,34886,2.0
Reborn + Harmony,breakout,0,35236,10.0
Reborn + Harmony,breakout,0,35464,3.0
Reborn + Harmony,breakout,0,35646,2.0
Reborn + Harmony,breakout,0,35891,4.0
Reborn + Harmony,breakout,0,36071,2.0
Reborn + Harmony,breakout,0,36332,4.0
Reborn + Harmony,breakout,0,36702,5.0
Reborn + Harmony,breakout,0,37030,6.0
Reborn + Harmony,breakout,0,37292,4.0
Reborn + Harmony,breakout,0,37446,1.0
Reborn + Harmony,breakout,0,37718,4.0
Reborn + Harmony,breakout,0,37951,3.0
Reborn + Harmony,breakout,0,38393,13.0
Reborn + Harmony,breakout,0,38940,10.0
Reborn + Harmony,breakout,0,39236,4.0
Reborn + Harmony,breakout,0,39521,4.0
Reborn + Harmony,breakout,0,39998,8.0
Reborn + Harmony,breakout,0,40121,0.0
Reborn + Harmony,breakout,0,40430,9.0
Reborn + Harmony,breakout,0,40758,6.0
Reborn + Harmony,breakout,0,41139,8.0
Reborn + Harmony,breakout,0,41610,12.0
Reborn + Harmony,breakout,0,41888,4.0
Reborn + Harmony,breakout,0,42261,7.0
Reborn + Harmony,breakout,0,42460,2.0
Reborn + Harmony,breakout,0,42660,2.0
Reborn + Harmony,breakout,0,42888,3.0
Reborn + Harmony,breakout,0,43070,2.0
Reborn + Harmony,breakout,0,43331,4.0
Reborn + Harmony,breakout,0,43630,5.0
Reborn + Harmony,breakout,0,44027,7.0
Reborn + Harmony,breakout,0,44258,3.0
Reborn + Harmony,breakout,0,44555,5.0
Reborn + Harmony,breakout,0,44711,1.0
Reborn + Harmony,breakout,0,44909,2.0
Reborn + Harmony,breakout,0,45237,5.0
Reborn + Harmony,breakout,0,45450,3.0
Reborn + Harmony,breakout,0,45921,7.0
Reborn + Harmony,breakout,0,46125,2.0
Reborn + Harmony,breakout,0,46623,9.0
Reborn + Harmony,breakout,0,46920,5.0
Reborn + Harmony,breakout,0,47326,7.0
Reborn + Harmony,breakout,0,47745,8.0
Reborn + Harmony,breakout,0,47995,3.0
Reborn + Harmony,breakout,0,48242,3.0
Reborn + Harmony,breakout,0,48424,2.0
Reborn + Harmony,breakout,0,48867,8.0
Reborn + Harmony,breakout,0,49051,2.0
Reborn + Harmony,breakout,0,49270,3.0
Reborn + Harmony,breakout,0,49530,4.0
Reborn + Harmony,breakout,0,49686,1.0
Reborn + Harmony,breakout,0,49855,1.0
Reborn + Harmony,breakout,0,50010,1.0
Reborn + Harmony,breakout,0,50389,6.0
Reborn + Harmony,breakout,0,50692,9.0
Reborn + Harmony,breakout,0,51672,10.0
Reborn + Harmony,breakout,0,52093,9.0
Reborn + Harmony,breakout,0,52583,7.0
Reborn + Harmony,breakout,0,52796,3.0
Reborn + Harmony,breakout,0,53168,5.0
Reborn + Harmony,breakout,0,53469,5.0
Reborn + Harmony,breakout,0,53657,2.0
Reborn + Harmony,breakout,0,53809,1.0
Reborn + Harmony,breakout,0,54126,5.0
Reborn + Harmony,breakout,0,54748,13.0
Reborn + Harmony,breakout,0,54910,1.0
Reborn + Harmony,breakout,0,55121,2.0
Reborn + Harmony,breakout,0,55247,0.0
Reborn + Harmony,breakout,0,55546,4.0
Reborn + Harmony,breakout,0,55842,4.0
Reborn + Harmony,breakout,0,56195,6.0
Reborn + Harmony,breakout,0,56469,4.0
Reborn + Harmony,breakout,0,57152,12.0
Reborn + Harmony,breakout,0,57648,9.0
Reborn + Harmony,breakout,0,58048,11.0
Reborn + Harmony,breakout,0,58512,13.0
Reborn + Harmony,breakout,0,58902,7.0
Reborn + Harmony,breakout,0,59053,1.0
Reborn + Harmony,breakout,0,59254,2.0
Reborn + Harmony,breakout,0,59482,3.0
Reborn + Harmony,breakout,0,59709,3.0
Reborn + Harmony,breakout,0,59956,4.0
Reborn + Harmony,breakout,0,60299,5.0
Reborn + Harmony,breakout,0,60532,3.0
Reborn + Harmony,breakout,0,60860,5.0
Reborn + Harmony,breakout,0,61139,4.0
Reborn + Harmony,breakout,0,61628,8.0
Reborn + Harmony,breakout,0,61997,6.0
Reborn + Harmony,breakout,0,62275,4.0
Reborn + Harmony,breakout,0,62678,7.0
Reborn + Harmony,breakout,0,63182,11.0
Reborn + Harmony,breakout,0,63544,6.0
Reborn + Harmony,breakout,0,63761,3.0
Reborn + Harmony,breakout,0,64132,7.0
Reborn + Harmony,breakout,0,64587,12.0
Reborn + Harmony,breakout,0,64871,5.0
Reborn + Harmony,breakout,0,65170,4.0
Reborn + Harmony,breakout,0,65588,9.0
Reborn + Harmony,breakout,0,65906,6.0
Reborn + Harmony,breakout,0,66331,8.0
Reborn + Harmony,breakout,0,66636,5.0
Reborn + Harmony,breakout,0,67122,9.0
Reborn + Harmony,breakout,0,67586,7.0
Reborn + Harmony,breakout,0,67876,5.0
Reborn + Harmony,breakout,0,68438,18.0
Reborn + Harmony,breakout,0,68852,8.0
Reborn + Harmony,breakout,0,69150,4.0
Reborn + Harmony,breakout,0,69535,7.0
Reborn + Harmony,breakout,0,69862,5.0
Reborn + Harmony,breakout,0,70378,10.0
Reborn + Harmony,breakout,0,70757,6.0
Reborn + Harmony,breakout,0,71219,8.0
Reborn + Harmony,breakout,0,71521,5.0
Reborn + Harmony,breakout,0,71704,2.0
Reborn + Harmony,breakout,0,71934,3.0
Reborn + Harmony,breakout,0,72148,3.0
Reborn + Harmony,breakout,0,72443,5.0
Reborn + Harmony,breakout,0,72964,10.0
Reborn + Harmony,breakout,0,73163,2.0
Reborn + Harmony,breakout,0,73346,2.0
Reborn + Harmony,breakout,0,73563,2.0
Reborn + Harmony,breakout,0,73793,3.0
Reborn + Harmony,breakout,0,74263,10.0
Reborn + Harmony,breakout,0,74725,8.0
Reborn + Harmony,breakout,0,75192,9.0
Reborn + Harmony,breakout,0,75391,2.0
Reborn + Harmony,breakout,0,75680,5.0
Reborn + Harmony,breakout,0,76087,7.0
Reborn + Harmony,breakout,0,76321,3.0
Reborn + Harmony,breakout,0,76504,2.0
Reborn + Harmony,breakout,0,76821,5.0
Reborn + Harmony,breakout,0,77130,6.0
Reborn + Harmony,breakout,0,77433,5.0
Reborn + Harmony,breakout,0,77899,13.0
Reborn + Harmony,breakout,0,78202,5.0
Reborn + Harmony,breakout,0,78605,7.0
Reborn + Harmony,breakout,0,78933,5.0
Reborn + Harmony,breakout,0,79331,7.0
Reborn + Harmony,breakout,0,79776,7.0
Reborn + Harmony,breakout,0,80104,5.0
Reborn + Harmony,breakout,0,80379,4.0
Reborn + Harmony,breakout,0,80863,9.0
Reborn + Harmony,breakout,0,81253,7.0
Reborn + Harmony,breakout,0,81550,4.0
Reborn + Harmony,breakout,0,81889,5.0
Reborn + Harmony,breakout,0,82288,6.0
Reborn + Harmony,breakout,0,82672,7.0
Reborn + Harmony,breakout,0,83106,8.0
Reborn + Harmony,breakout,0,83449,6.0
Reborn + Harmony,breakout,0,83602,1.0
Reborn + Harmony,breakout,0,83900,5.0
Reborn + Harmony,breakout,0,84309,8.0
Reborn + Harmony,breakout,0,84558,3.0
Reborn + Harmony,breakout,0,84858,5.0
Reborn + Harmony,breakout,0,85178,5.0
Reborn + Harmony,breakout,0,85458,4.0
Reborn + Harmony,breakout,0,85968,10.0
Reborn + Harmony,breakout,0,86317,6.0
Reborn + Harmony,breakout,0,86863,12.0
Reborn + Harmony,breakout,0,87386,9.0
Reborn + Harmony,breakout,0,87792,7.0
Reborn + Harmony,breakout,0,88041,3.0
Reborn + Harmony,breakout,0,88287,3.0
Reborn + Harmony,breakout,0,88591,5.0
Reborn + Harmony,breakout,0,88945,6.0
Reborn + Harmony,breakout,0,89418,14.0
Reborn + Harmony,breakout,0,89793,6.0
Reborn + Harmony,breakout,0,90178,10.0
Reborn + Harmony,breakout,0,90558,7.0
Reborn + Harmony,breakout,0,90682,0.0
Reborn + Harmony,breakout,0,90834,1.0
Reborn + Harmony,breakout,0,91296,8.0
Reborn + Harmony,breakout,0,91895,16.0
Reborn + Harmony,breakout,0,92048,1.0
Reborn + Harmony,breakout,0,92334,5.0
Reborn + Harmony,breakout,0,92805,8.0
Reborn + Harmony,breakout,0,93201,7.0
Reborn + Harmony,breakout,0,93617,7.0
Reborn + Harmony,breakout,0,94250,13.0
Reborn + Harmony,breakout,0,94730,9.0
Reborn + Harmony,breakout,0,95078,5.0
Reborn + Harmony,breakout,0,95422,5.0
Reborn + Harmony,breakout,0,95779,7.0
Reborn + Harmony,breakout,0,96058,5.0
Reborn + Harmony,breakout,0,96464,8.0
Reborn + Harmony,breakout,0,96822,7.0
Reborn + Harmony,breakout,0,97179,8.0
Reborn + Harmony,breakout,0,97685,10.0
Reborn + Harmony,breakout,0,98069,7.0
Reborn + Harmony,breakout,0,98449,7.0
Reborn + Harmony,breakout,0,98796,7.0
Reborn + Harmony,breakout,0,99107,5.0
Reborn + Harmony,breakout,0,99457,6.0
Reborn + Harmony,chopper_command,0,1808,1100.0
Reborn + Harmony,chopper_command,0,2463,500.0
Reborn + Harmony,chopper_command,0,3125,500.0
Reborn + Harmony,chopper_command,0,3634,400.0
Reborn + Harmony,chopper_command,0,6125,800.0
Reborn + Harmony,chopper_command,0,9376,1200.0
Reborn + Harmony,chopper_command,0,10447,900.0
Reborn + Harmony,chopper_command,0,10986,600.0
Reborn + Harmony,chopper_command,0,11667,700.0
Reborn + Harmony,chopper_command,0,11945,200.0
Reborn + Harmony,chopper_command,0,12332,300.0
Reborn + Harmony,chopper_command,0,12768,500.0
Reborn + Harmony,chopper_command,0,13365,500.0
Reborn + Harmony,chopper_command,0,13832,300.0
Reborn + Harmony,chopper_command,0,14387,300.0
Reborn + Harmony,chopper_command,0,15307,1000.0
Reborn + Harmony,chopper_command,0,16884,1000.0
Reborn + Harmony,chopper_command,0,17838,700.0
Reborn + Harmony,chopper_command,0,18385,600.0
Reborn + Harmony,chopper_command,0,18791,500.0
Reborn + Harmony,chopper_command,0,19332,300.0
Reborn + Harmony,chopper_command,0,19648,600.0
Reborn + Harmony,chopper_command,0,19960,500.0
Reborn + Harmony,chopper_command,0,20231,300.0
Reborn + Harmony,chopper_command,0,21070,200.0
Reborn + Harmony,chopper_command,0,21361,500.0
Reborn + Harmony,chopper_command,0,21758,500.0
Reborn + Harmony,chopper_command,0,21992,300.0
Reborn + Harmony,chopper_command,0,22249,600.0
Reborn + Harmony,chopper_command,0,23332,600.0
Reborn + Harmony,chopper_command,0,23742,600.0
Reborn + Harmony,chopper_command,0,24111,400.0
Reborn + Harmony,chopper_command,0,24673,700.0
Reborn + Harmony,chopper_command,0,25570,900.0
Reborn + Harmony,chopper_command,0,25926,200.0
Reborn + Harmony,chopper_command,0,26389,100.0
Reborn + Harmony,chopper_command,0,26812,300.0
Reborn + Harmony,chopper_command,0,27273,600.0
Reborn + Harmony,chopper_command,0,27674,400.0
Reborn + Harmony,chopper_command,0,28369,1700.0
Reborn + Harmony,chopper_command,0,28900,1000.0
Reborn + Harmony,chopper_command,0,29241,700.0
Reborn + Harmony,chopper_command,0,29521,700.0
Reborn + Harmony,chopper_command,0,30549,1300.0
Reborn + Harmony,chopper_command,0,31361,1300.0
Reborn + Harmony,chopper_command,0,32023,1100.0
Reborn + Harmony,chopper_command,0,32291,700.0
Reborn + Harmony,chopper_command,0,32529,600.0
Reborn + Harmony,chopper_command,0,33009,1000.0
Reborn + Harmony,chopper_command,0,33836,1100.0
Reborn + Harmony,chopper_command,0,34349,1400.0
Reborn + Harmony,chopper_command,0,34728,1200.0
Reborn + Harmony,chopper_command,0,35889,1600.0
Reborn + Harmony,chopper_command,0,36261,1100.0
Reborn + Harmony,chopper_command,0,37164,1100.0
Reborn + Harmony,chopper_command,0,37429,800.0
Reborn + Harmony,chopper_command,0,38451,1100.0
Reborn + Harmony,chopper_command,0,38988,800.0
Reborn + Harmony,chopper_command,0,39436,1200.0
Reborn + Harmony,chopper_command,0,40025,800.0
Reborn + Harmony,chopper_command,0,41361,1400.0
Reborn + Harmony,chopper_command,0,41732,1100.0
Reborn + Harmony,chopper_command,0,42389,1100.0
Reborn + Harmony,chopper_command,0,42756,1100.0
Reborn + Harmony,chopper_command,0,43164,1000.0
Reborn + Harmony,chopper_command,0,43781,1100.0
Reborn + Harmony,chopper_command,0,44274,1000.0
Reborn + Harmony,chopper_command,0,44696,700.0
Reborn + Harmony,chopper_command,0,45182,900.0
Reborn + Harmony,chopper_command,0,46222,1600.0
Reborn + Harmony,chopper_command,0,46494,800.0
Reborn + Harmony,chopper_command,0,47548,1100.0
Reborn + Harmony,chopper_command,0,47842,500.0
Reborn + Harmony,chopper_command,0,48387,1000.0
Reborn + Harmony,chopper_command,0,48792,900.0
Reborn + Harmony,chopper_command,0,49070,600.0
Reborn + Harmony,chopper_command,0,49413,700.0
Reborn + Harmony,chopper_command,0,50186,1100.0
Reborn + Harmony,chopper_command,0,50610,1000.0
Reborn + Harmony,chopper_command,0,51335,1100.0
Reborn + Harmony,chopper_command,0,52742,1600.0
Reborn + Harmony,chopper_command,0,52939,400.0
Reborn + Harmony,chopper_command,0,53227,800.0
Reborn + Harmony,chopper_command,0,54064,1300.0
Reborn + Harmony,chopper_command,0,54432,1100.0
Reborn + Harmony,chopper_command,0,54808,1000.0
Reborn + Harmony,chopper_command,0,55200,1000.0
Reborn + Harmony,chopper_command,0,55802,1000.0
Reborn + Harmony,chopper_command,0,56768,1300.0
Reborn + Harmony,chopper_command,0,57140,1100.0
Reborn + Harmony,chopper_command,0,57627,1000.0
Reborn + Harmony,chopper_command,0,57992,1100.0
Reborn + Harmony,chopper_command,0,58375,1200.0
Reborn + Harmony,chopper_command,0,58757,700.0
Reborn + Harmony,chopper_command,0,58969,200.0
Reborn + Harmony,chopper_command,0,59520,1100.0
Reborn + Harmony,chopper_command,0,59850,1100.0
Reborn + Harmony,chopper_command,0,60320,1100.0
Reborn + Harmony,chopper_command,0,60691,1100.0
Reborn + Harmony,chopper_command,0,61142,900.0
Reborn + Harmony,chopper_command,0,61475,1000.0
Reborn + Harmony,chopper_command,0,61846,1100.0
Reborn + Harmony,chopper_command,0,62178,1000.0
Reborn + Harmony,chopper_command,0,62484,600.0
Reborn + Harmony,chopper_command,0,62936,900.0
Reborn + Harmony,chopper_command,0,63232,900.0
Reborn + Harmony,chopper_command,0,63614,1300.0
Reborn + Harmony,chopper_command,0,64166,1400.0
Reborn + Harmony,chopper_command,0,64496,600.0
Reborn + Harmony,chopper_command,0,64832,1000.0
Reborn + Harmony,chopper_command,0,65204,1000.0
Reborn + Harmony,chopper_command,0,65704,1000.0
Reborn + Harmony,chopper_command,0,66042,1100.0
Reborn + Harmony,chopper_command,0,66362,1000.0
Reborn + Harmony,chopper_command,0,67287,1200.0
Reborn + Harmony,chopper_command,0,67655,1000.0
Reborn + Harmony,chopper_command,0,68039,1000.0
Reborn + Harmony,chopper_command,0,68532,1100.0
Reborn + Harmony,chopper_command,0,68970,1000.0
Reborn + Harmony,chopper_command,0,69261,900.0
Reborn + Harmony,chopper_command,0,69639,1200.0
Reborn + Harmony,chopper_command,0,70153,1000.0
Reborn + Harmony,chopper_command,0,70662,1200.0
Reborn + Harmony,chopper_command,0,71172,1300.0
Reborn + Harmony,chopper_command,0,71544,1000.0
Reborn + Harmony,chopper_command,0,71810,900.0
Reborn + Harmony,chopper_command,0,72140,1000.0
Reborn + Harmony,chopper_command,0,72680,1100.0
Reborn + Harmony,chopper_command,0,73315,1100.0
Reborn + Harmony,chopper_command,0,73683,900.0
Reborn + Harmony,chopper_command,0,74017,1000.0
Reborn + Harmony,chopper_command,0,74348,1000.0
Reborn + Harmony,chopper_command,0,75002,1100.0
Reborn + Harmony,chopper_command,0,75509,1400.0
Reborn + Harmony,chopper_command,0,76122,1400.0
Reborn + Harmony,chopper_command,0,76532,1100.0
Reborn + Harmony,chopper_command,0,77149,1200.0
Reborn + Harmony,chopper_command,0,77485,1200.0
Reborn + Harmony,chopper_command,0,78138,1400.0
Reborn + Harmony,chopper_command,0,78406,1000.0
Reborn + Harmony,chopper_command,0,78918,1300.0
Reborn + Harmony,chopper_command,0,80418,1400.0
Reborn + Harmony,chopper_command,0,80927,1600.0
Reborn + Harmony,chopper_command,0,81586,1300.0
Reborn + Harmony,chopper_command,0,82206,1100.0
Reborn + Harmony,chopper_command,0,83117,1500.0
Reborn + Harmony,chopper_command,0,83458,1100.0
Reborn + Harmony,chopper_command,0,84116,1100.0
Reborn + Harmony,chopper_command,0,84450,1100.0
Reborn + Harmony,chopper_command,0,85062,1500.0
Reborn + Harmony,chopper_command,0,85519,1200.0
Reborn + Harmony,chopper_command,0,85902,1200.0
Reborn + Harmony,chopper_command,0,86242,1200.0
Reborn + Harmony,chopper_command,0,86861,1300.0
Reborn + Harmony,chopper_command,0,87192,1000.0
Reborn + Harmony,chopper_command,0,88132,1700.0
Reborn + Harmony,chopper_command,0,88396,900.0
Reborn + Harmony,chopper_command,0,88663,1000.0
Reborn + Harmony,chopper_command,0,89044,1200.0
Reborn + Harmony,chopper_command,0,90056,1600.0
Reborn + Harmony,chopper_command,0,90469,900.0
Reborn + Harmony,chopper_command,0,90848,1300.0
Reborn + Harmony,chopper_command,0,91221,900.0
Reborn + Harmony,chopper_command,0,91880,1800.0
Reborn + Harmony,chopper_command,0,92256,1500.0
Reborn + Harmony,chopper_command,0,92808,1600.0
Reborn + Harmony,chopper_command,0,93424,1300.0
Reborn + Harmony,chopper_command,0,93766,1100.0
Reborn + Harmony,chopper_command,0,94179,1100.0
Reborn + Harmony,chopper_command,0,94688,1300.0
Reborn + Harmony,chopper_command,0,95812,1600.0
Reborn + Harmony,chopper_command,0,96144,1000.0
Reborn + Harmony,chopper_command,0,96667,1500.0
Reborn + Harmony,chopper_command,0,97172,900.0
Reborn + Harmony,chopper_command,0,98072,1700.0
Reborn + Harmony,chopper_command,0,98735,1400.0
Reborn + Harmony,chopper_command,0,99589,1600.0
Reborn + Harmony,crazy_climber,0,2861,7400.0
Reborn + Harmony,crazy_climber,0,6343,8700.0
Reborn + Harmony,crazy_climber,0,9063,11000.0
Reborn + Harmony,crazy_climber,0,12666,11000.0
Reborn + Harmony,crazy_climber,0,17744,22900.0
Reborn + Harmony,crazy_climber,0,21977,18100.0
Reborn + Harmony,crazy_climber,0,25751,19900.0
Reborn + Harmony,crazy_climber,0,29008,26000.0
Reborn + Harmony,crazy_climber,0,31650,41500.0
Reborn + Harmony,crazy_climber,0,35221,53900.0
Reborn + Harmony,crazy_climber,0,37725,38900.0
Reborn + Harmony,crazy_climber,0,40538,33700.0
Reborn + Harmony,crazy_climber,0,43628,44700.0
Reborn + Harmony,crazy_climber,0,46653,39100.0
Reborn + Harmony,crazy_climber,0,50164,67000.0
Reborn + Harmony,crazy_climber,0,54849,77600.0
Reborn + Harmony,crazy_climber,0,58312,69700.0
Reborn + Harmony,crazy_climber,0,61417,57900.0
Reborn + Harmony,crazy_climber,0,63869,29500.0
Reborn + Harmony,crazy_climber,0,66111,37200.0
Reborn + Harmony,crazy_climber,0,70125,85000.0
Reborn + Harmony,crazy_climber,0,74475,78900.0
Reborn + Harmony,crazy_climber,0,76993,38200.0
Reborn + Harmony,crazy_climber,0,80099,57500.0
Reborn + Harmony,crazy_climber,0,82502,29300.0
Reborn + Harmony,crazy_climber,0,86290,85900.0
Reborn + Harmony,crazy_climber,0,88684,37200.0
Reborn + Harmony,crazy_climber,0,90854,38500.0
Reborn + Harmony,crazy_climber,0,94704,75600.0
Reborn + Harmony,crazy_climber,0,98635,95500.0
Reborn + Harmony,demon_attack,0,1384,190.0
Reborn + Harmony,demon_attack,0,1794,50.0
Reborn + Harmony,demon_attack,0,2786,205.0
Reborn + Harmony,demon_attack,0,5561,235.0
Reborn + Harmony,demon_attack,0,6337,250.0
Reborn + Harmony,demon_attack,0,10517,190.0
Reborn + Harmony,demon_attack,0,11827,190.0
Reborn + Harmony,demon_attack,0,12858,205.0
Reborn + Harmony,demon_attack,0,13408,120.0
Reborn + Harmony,demon_attack,0,15177,310.0
Reborn + Harmony,demon_attack,0,16052,190.0
Reborn + Harmony,demon_attack,0,16626,90.0
Reborn + Harmony,demon_attack,0,18154,520.0
Reborn + Harmony,demon_attack,0,18975,220.0
Reborn + Harmony,demon_attack,0,20149,190.0
Reborn + Harmony,demon_attack,0,21615,560.0
Reborn + Harmony,demon_attack,0,22461,175.0
Reborn + Harmony,demon_attack,0,23312,190.0
Reborn + Harmony,demon_attack,0,24012,175.0
Reborn + Harmony,demon_attack,0,24647,120.0
Reborn + Harmony,demon_attack,0,24972,90.0
Reborn + Harmony,demon_attack,0,25885,220.0
Reborn + Harmony,demon_attack,0,26491,100.0
Reborn + Harmony,demon_attack,0,27562,265.0
Reborn + Harmony,demon_attack,0,28629,175.0
Reborn + Harmony,demon_attack,0,29369,205.0
Reborn + Harmony,demon_attack,0,30357,205.0
Reborn + Harmony,demon_attack,0,31761,265.0
Reborn + Harmony,demon_attack,0,33091,355.0
Reborn + Harmony,demon_attack,0,34179,160.0
Reborn + Harmony,demon_attack,0,35710,310.0
Reborn + Harmony,demon_attack,0,36796,205.0
Reborn + Harmony,demon_attack,0,37453,150.0
Reborn + Harmony,demon_attack,0,38117,140.0
Reborn + Harmony,demon_attack,0,39101,175.0
Reborn + Harmony,demon_attack,0,40011,205.0
Reborn + Harmony,demon_attack,0,40305,60.0
Reborn + Harmony,demon_attack,0,40761,80.0
Reborn + Harmony,demon_attack,0,41025,50.0
Reborn + Harmony,demon_attack,0,41847,235.0
Reborn + Harmony,demon_attack,0,43035,295.0
Reborn + Harmony,demon_attack,0,43866,130.0
Reborn + Harmony,demon_attack,0,44783,235.0
Reborn + Harmony,demon_attack,0,45249,80.0
Reborn + Harmony,demon_attack,0,46547,280.0
Reborn + Harmony,demon_attack,0,47257,190.0
Reborn + Harmony,demon_attack,0,48032,130.0
Reborn + Harmony,demon_attack,0,48348,60.0
Reborn + Harmony,demon_attack,0,49211,140.0
Reborn + Harmony,demon_attack,0,49830,100.0
Reborn + Harmony,demon_attack,0,50686,190.0
Reborn + Harmony,demon_attack,0,51719,250.0
Reborn + Harmony,demon_attack,0,53454,420.0
Reborn + Harmony,demon_attack,0,54556,160.0
Reborn + Harmony,demon_attack,0,55134,130.0
Reborn + Harmony,demon_attack,0,55722,140.0
Reborn + Harmony,demon_attack,0,56718,235.0
Reborn + Harmony,demon_attack,0,57224,140.0
Reborn + Harmony,demon_attack,0,57818,90.0
Reborn + Harmony,demon_attack,0,58857,340.0
Reborn + Harmony,demon_attack,0,59339,90.0
Reborn + Harmony,demon_attack,0,59984,140.0
Reborn + Harmony,demon_attack,0,61827,310.0
Reborn + Harmony,demon_attack,0,62587,110.0
Reborn + Harmony,demon_attack,0,63327,140.0
Reborn + Harmony,demon_attack,0,63824,90.0
Reborn + Harmony,demon_attack,0,64458,150.0
Reborn + Harmony,demon_attack,0,64883,100.0
Reborn + Harmony,demon_attack,0,65662,100.0
Reborn + Harmony,demon_attack,0,66569,220.0
Reborn + Harmony,demon_attack,0,66999,110.0
Reborn + Harmony,demon_attack,0,68066,325.0
Reborn + Harmony,demon_attack,0,68810,100.0
Reborn + Harmony,demon_attack,0,69245,80.0
Reborn + Harmony,demon_attack,0,69611,70.0
Reborn + Harmony,demon_attack,0,70348,235.0
Reborn + Harmony,demon_attack,0,71087,205.0
Reborn + Harmony,demon_attack,0,72922,500.0
Reborn + Harmony,demon_attack,0,74054,340.0
Reborn + Harmony,demon_attack,0,75160,250.0
Reborn + Harmony,demon_attack,0,76058,310.0
Reborn + Harmony,demon_attack,0,76674,110.0
Reborn + Harmony,demon_attack,0,77921,355.0
Reborn + Harmony,demon_attack,0,78658,205.0
Reborn + Harmony,demon_attack,0,79729,250.0
Reborn + Harmony,demon_attack,0,80010,30.0
Reborn + Harmony,demon_attack,0,80760,150.0
Reborn + Harmony,demon_attack,0,82353,580.0
Reborn + Harmony,demon_attack,0,83415,205.0
Reborn + Harmony,demon_attack,0,84176,175.0
Reborn + Harmony,demon_attack,0,85048,220.0
Reborn + Harmony,demon_attack,0,85628,110.0
Reborn + Harmony,demon_attack,0,86116,80.0
Reborn + Harmony,demon_attack,0,87432,310.0
Reborn + Harmony,demon_attack,0,88625,340.0
Reborn + Harmony,demon_attack,0,89946,355.0
Reborn + Harmony,demon_attack,0,90289,80.0
Reborn + Harmony,demon_attack,0,91058,220.0
Reborn + Harmony,demon_attack,0,92184,340.0
Reborn + Harmony,demon_attack,0,93872,540.0
Reborn + Harmony,demon_attack,0,94276,100.0
Reborn + Harmony,demon_attack,0,95871,295.0
Reborn + Harmony,demon_attack,0,98285,480.0
Reborn + Harmony,demon_attack,0,98846,100.0
Reborn + Harmony,demon_attack,0,99441,130.0
Reborn + Harmony,demon_attack,0,99955,120.0
Reborn + Harmony,freeway,0,2041,0.0
Reborn + Harmony,freeway,0,4084,0.0
Reborn + Harmony,freeway,0,6131,0.0
Reborn + Harmony,freeway,0,8176,0.0
Reborn + Harmony,freeway,0,10221,0.0
Reborn + Harmony,freeway,0,12268,0.0
Reborn + Harmony,freeway,0,14315,0.0
Reborn + Harmony,freeway,0,16356,0.0
Reborn + Harmony,freeway,0,18404,0.0
Reborn + Harmony,freeway,0,20446,0.0
Reborn + Harmony,freeway,0,22490,0.0
Reborn + Harmony,freeway,0,24536,0.0
Reborn + Harmony,freeway,0,26580,0.0
Reborn + Harmony,freeway,0,28623,0.0
Reborn + Harmony,freeway,0,30666,0.0
Reborn + Harmony,freeway,0,32710,0.0
Reborn + Harmony,freeway,0,34752,0.0
Reborn + Harmony,freeway,0,36800,0.0
Reborn + Harmony,freeway,0,38844,0.0
Reborn + Harmony,freeway,0,40886,0.0
Reborn + Harmony,freeway,0,42929,0.0
Reborn + Harmony,freeway,0,44973,0.0
Reborn + Harmony,freeway,0,47019,0.0
Reborn + Harmony,freeway,0,49061,0.0
Reborn + Harmony,freeway,0,51107,0.0
Reborn + Harmony,freeway,0,53155,0.0
Reborn + Harmony,freeway,0,55200,0.0
Reborn + Harmony,freeway,0,57242,0.0
Reborn + Harmony,freeway,0,59284,0.0
Reborn + Harmony,freeway,0,61330,0.0
Reborn + Harmony,freeway,0,63373,0.0
Reborn + Harmony,freeway,0,65417,0.0
Reborn + Harmony,freeway,0,67462,0.0
Reborn + Harmony,freeway,0,69505,0.0
Reborn + Harmony,freeway,0,71550,0.0
Reborn + Harmony,freeway,0,73593,0.0
Reborn + Harmony,freeway,0,75635,0.0
Reborn + Harmony,freeway,0,77682,0.0
Reborn + Harmony,freeway,0,79728,0.0
Reborn + Harmony,freeway,0,81769,0.0
Reborn + Harmony,freeway,0,83815,0.0
Reborn + Harmony,freeway,0,85859,0.0
Reborn + Harmony,freeway,0,87900,0.0
Reborn + Harmony,freeway,0,89945,0.0
Reborn + Harmony,freeway,0,91988,0.0
Reborn + Harmony,freeway,0,94032,0.0
Reborn + Harmony,freeway,0,96078,0.0
Reborn + Harmony,freeway,0,98125,0.0
Reborn + Harmony,frostbite,0,377,80.0
Reborn + Harmony,frostbite,0,680,30.0
Reborn + Harmony,frostbite,0,1057,90.0
Reborn + Harmony,frostbite,0,1402,50.0
Reborn + Harmony,frostbite,0,1865,40.0
Reborn + Harmony,frostbite,0,2225,50.0
Reborn + Harmony,frostbite,0,2708,70.0
Reborn + Harmony,frostbite,0,3179,70.0
Reborn + Harmony,frostbite,0,3640,120.0
Reborn + Harmony,frostbite,0,4165,100.0
Reborn + Harmony,frostbite,0,4499,60.0
Reborn + Harmony,frostbite,0,4809,40.0
Reborn + Harmony,frostbite,0,5208,110.0
Reborn + Harmony,frostbite,0,5549,60.0
Reborn + Harmony,frostbite,0,5894,60.0
Reborn + Harmony,frostbite,0,6356,110.0
Reborn + Harmony,frostbite,0,6734,40.0
Reborn + Harmony,frostbite,0,7084,70.0
Reborn + Harmony,frostbite,0,7523,110.0
Reborn + Harmony,frostbite,0,7849,60.0
Reborn + Harmony,frostbite,0,8187,60.0
Reborn + Harmony,frostbite,0,8634,140.0
Reborn + Harmony,frostbite,0,8979,90.0
Reborn + Harmony,frostbite,0,9380,120.0
Reborn + Harmony,frostbite,0,9792,120.0
Reborn + Harmony,frostbite,0,10380,100.0
Reborn + Harmony,frostbite,0,11104,180.0
Reborn + Harmony,frostbite,0,11758,240.0
Reborn + Harmony,frostbite,0,12441,230.0
Reborn + Harmony,frostbite,0,12889,150.0
Reborn + Harmony,frostbite,0,13258,130.0
Reborn + Harmony,frostbite,0,13637,120.0
Reborn + Harmony,frostbite,0,14073,190.0
Reborn + Harmony,frostbite,0,14506,190.0
Reborn + Harmony,frostbite,0,14951,170.0
Reborn + Harmony,frostbite,0,15417,220.0
Reborn + Harmony,frostbite,0,15883,200.0
Reborn + Harmony,frostbite,0,16376,230.0
Reborn + Harmony,frostbite,0,16845,190.0
Reborn + Harmony,frostbite,0,17280,190.0
Reborn + Harmony,frostbite,0,17759,220.0
Reborn + Harmony,frostbite,0,18233,180.0
Reborn + Harmony,frostbite,0,18698,230.0
Reborn + Harmony,frostbite,0,19145,190.0
Reborn + Harmony,frostbite,0,19563,170.0
Reborn + Harmony,frostbite,0,20013,190.0
Reborn + Harmony,frostbite,0,20570,240.0
Reborn + Harmony,frostbite,0,21140,270.0
Reborn + Harmony,frostbite,0,21841,270.0
Reborn + Harmony,frostbite,0,22483,240.0
Reborn + Harmony,frostbite,0,22972,190.0
Reborn + Harmony,frostbite,0,23466,220.0
Reborn + Harmony,frostbite,0,24051,230.0
Reborn + Harmony,frostbite,0,24707,250.0
Reborn + Harmony,frostbite,0,25282,260.0
Reborn + Harmony,frostbite,0,25926,230.0
Reborn + Harmony,frostbite,0,26603,260.0
Reborn + Harmony,frostbite,0,27087,240.0
Reborn + Harmony,frostbite,0,27595,200.0
Reborn + Harmony,frostbite,0,28097,230.0
Reborn + Harmony,frostbite,0,28717,260.0
Reborn + Harmony,frostbite,0,29277,260.0
Reborn + Harmony,frostbite,0,29891,250.0
Reborn + Harmony,frostbite,0,30369,230.0
Reborn + Harmony,frostbite,0,30999,210.0
Reborn + Harmony,frostbite,0,31622,240.0
Reborn + Harmony,frostbite,0,32251,260.0
Reborn + Harmony,frostbite,0,32852,240.0
Reborn + Harmony,frostbite,0,33581,230.0
Reborn + Harmony,frostbite,0,34014,190.0
Reborn + Harmony,frostbite,0,34634,270.0
Reborn + Harmony,frostbite,0,35264,240.0
Reborn + Harmony,frostbite,0,35821,250.0
Reborn + Harmony,frostbite,0,36367,260.0
Reborn + Harmony,frostbite,0,37032,230.0
Reborn + Harmony,frostbite,0,37604,240.0
Reborn + Harmony,frostbite,0,38204,260.0
Reborn + Harmony,frostbite,0,38683,220.0
Reborn + Harmony,frostbite,0,39339,240.0
Reborn + Harmony,frostbite,0,40061,260.0
Reborn + Harmony,frostbite,0,40648,250.0
Reborn + Harmony,frostbite,0,41241,260.0
Reborn + Harmony,frostbite,0,41744,260.0
Reborn + Harmony,frostbite,0,42301,260.0
Reborn + Harmony,frostbite,0,42844,240.0
Reborn + Harmony,frostbite,0,43313,230.0
Reborn + Harmony,frostbite,0,43808,240.0
Reborn + Harmony,frostbite,0,44361,260.0
Reborn + Harmony,frostbite,0,44944,230.0
Reborn + Harmony,frostbite,0,45535,250.0
Reborn + Harmony,frostbite,0,46060,250.0
Reborn + Harmony,frostbite,0,46625,260.0
Reborn + Harmony,frostbite,0,47205,250.0
Reborn + Harmony,frostbite,0,47722,270.0
Reborn + Harmony,frostbite,0,48216,230.0
Reborn + Harmony,frostbite,0,48679,240.0
Reborn + Harmony,frostbite,0,49257,270.0
Reborn + Harmony,frostbite,0,49755,260.0
Reborn + Harmony,frostbite,0,50262,260.0
Reborn + Harmony,frostbite,0,50842,270.0
Reborn + Harmony,frostbite,0,51473,270.0
Reborn + Harmony,frostbite,0,51979,230.0
Reborn + Harmony,frostbite,0,52532,260.0
Reborn + Harmony,frostbite,0,53041,260.0
Reborn + Harmony,frostbite,0,53706,300.0
Reborn + Harmony,frostbite,0,54242,280.0
Reborn + Harmony,frostbite,0,54799,260.0
Reborn + Harmony,frostbite,0,55323,270.0
Reborn + Harmony,frostbite,0,55865,280.0
Reborn + Harmony,frostbite,0,56328,250.0
Reborn + Harmony,frostbite,0,56823,280.0
Reborn + Harmony,frostbite,0,57325,280.0
Reborn + Harmony,frostbite,0,57841,280.0
Reborn + Harmony,frostbite,0,58427,290.0
Reborn + Harmony,frostbite,0,59016,270.0
Reborn + Harmony,frostbite,0,59683,280.0
Reborn + Harmony,frostbite,0,60277,300.0
Reborn + Harmony,frostbite,0,60811,280.0
Reborn + Harmony,frostbite,0,61350,320.0
Reborn + Harmony,frostbite,0,61812,240.0
Reborn + Harmony,frostbite,0,62292,280.0
Reborn + Harmony,frostbite,0,62777,260.0
Reborn + Harmony,frostbite,0,63296,290.0
Reborn + Harmony,frostbite,0,63840,270.0
Reborn + Harmony,frostbite,0,64396,250.0
Reborn + Harmony,frostbite,0,64912,290.0
Reborn + Harmony,frostbite,0,65451,270.0
Reborn + Harmony,frostbite,0,65949,300.0
Reborn + Harmony,frostbite,0,66453,280.0
Reborn + Harmony,frostbite,0,66970,300.0
Reborn + Harmony,frostbite,0,67805,1450.0
Reborn + Harmony,frostbite,0,68335,280.0
Reborn + Harmony,frostbite,0,68846,290.0
Reborn + Harmony,frostbite,0,69373,240.0
Reborn + Harmony,frostbite,0,70148,1510.0
Reborn + Harmony,frostbite,0,70673,290.0
Reborn + Harmony,frostbite,0,71423,1220.0
Reborn + Harmony,frostbite,0,72249,1230.0
Reborn + Harmony,frostbite,0,73261,1100.0
Reborn + Harmony,frostbite,0,74097,1350.0
Reborn + Harmony,frostbite,0,75187,2600.0
Reborn + Harmony,frostbite,0,76215,2770.0
Reborn + Harmony,frostbite,0,77331,3020.0
Reborn + Harmony,frostbite,0,78934,3990.0
Reborn + Harmony,frostbite,0,79854,1330.0
Reborn + Harmony,frostbite,0,80830,2820.0
Reborn + Harmony,frostbite,0,81306,260.0
Reborn + Harmony,frostbite,0,82313,2460.0
Reborn + Harmony,frostbite,0,83361,2670.0
Reborn + Harmony,frostbite,0,84406,2700.0
Reborn + Harmony,frostbite,0,85393,3040.0
Reborn + Harmony,frostbite,0,86401,2530.0
Reborn + Harmony,frostbite,0,87087,990.0
Reborn + Harmony,frostbite,0,88096,2740.0
Reborn + Harmony,frostbite,0,89773,3130.0
Reborn + Harmony,frostbite,0,90734,2490.0
Reborn + Harmony,frostbite,0,91662,2700.0
Reborn + Harmony,frostbite,0,92702,2600.0
Reborn + Harmony,frostbite,0,93400,930.0
Reborn + Harmony,frostbite,0,94495,1420.0
Reborn + Harmony,frostbite,0,95641,3060.0
Reborn + Harmony,frostbite,0,96636,2590.0
Reborn + Harmony,frostbite,0,97630,3040.0
Reborn + Harmony,frostbite,0,98528,1500.0
Reborn + Harmony,frostbite,0,99398,2450.0
Reborn + Harmony,gopher,0,976,340.0
Reborn + Harmony,gopher,0,2127,460.0
Reborn + Harmony,gopher,0,2841,300.0
Reborn + Harmony,gopher,0,3810,160.0
Reborn + Harmony,gopher,0,5181,1160.0
Reborn + Harmony,gopher,0,6935,580.0
Reborn + Harmony,gopher,0,8151,20.0
Reborn + Harmony,gopher,0,9175,320.0
Reborn + Harmony,gopher,0,10027,340.0
Reborn + Harmony,gopher,0,10949,80.0
Reborn + Harmony,gopher,0,12047,280.0
Reborn + Harmony,gopher,0,13310,360.0
Reborn + Harmony,gopher,0,14017,60.0
Reborn + Harmony,gopher,0,14863,520.0
Reborn + Harmony,gopher,0,15627,80.0
Reborn + Harmony,gopher,0,16303,260.0
Reborn + Harmony,gopher,0,17350,220.0
Reborn + Harmony,gopher,0,19077,720.0
Reborn + Harmony,gopher,0,20434,660.0
Reborn + Harmony,gopher,0,21722,400.0
Reborn + Harmony,gopher,0,22753,80.0
Reborn + Harmony,gopher,0,23982,340.0
Reborn + Harmony,gopher,0,24767,280.0
Reborn + Harmony,gopher,0,25457,340.0
Reborn + Harmony,gopher,0,26866,740.0
Reborn + Harmony,gopher,0,27571,360.0
Reborn + Harmony,gopher,0,28324,120.0
Reborn + Harmony,gopher,0,28891,80.0
Reborn + Harmony,gopher,0,29768,240.0
Reborn + Harmony,gopher,0,30716,400.0
Reborn + Harmony,gopher,0,31501,180.0
Reborn + Harmony,gopher,0,32946,660.0
Reborn + Harmony,gopher,0,33407,100.0
Reborn + Harmony,gopher,0,34348,560.0
Reborn + Harmony,gopher,0,35612,420.0
Reborn + Harmony,gopher,0,36168,120.0
Reborn + Harmony,gopher,0,36818,80.0
Reborn + Harmony,gopher,0,38035,400.0
Reborn + Harmony,gopher,0,38925,320.0
Reborn + Harmony,gopher,0,39776,180.0
Reborn + Harmony,gopher,0,40829,280.0
Reborn + Harmony,gopher,0,42087,560.0
Reborn + Harmony,gopher,0,43777,1460.0
Reborn + Harmony,gopher,0,44355,40.0
Reborn + Harmony,gopher,0,45081,160.0
Reborn + Harmony,gopher,0,46364,640.0
Reborn + Harmony,gopher,0,46966,100.0
Reborn + Harmony,gopher,0,47880,420.0
Reborn + Harmony,gopher,0,48664,440.0
Reborn + Harmony,gopher,0,49511,320.0
Reborn + Harmony,gopher,0,50764,760.0
Reborn + Harmony,gopher,0,52031,960.0
Reborn + Harmony,gopher,0,52977,560.0
Reborn + Harmony,gopher,0,53743,120.0
Reborn + Harmony,gopher,0,54642,220.0
Reborn + Harmony,gopher,0,55971,640.0
Reborn + Harmony,gopher,0,57009,800.0
Reborn + Harmony,gopher,0,58235,620.0
Reborn + Harmony,gopher,0,59826,920.0
Reborn + Harmony,gopher,0,60829,400.0
Reborn + Harmony,gopher,0,62612,1040.0
Reborn + Harmony,gopher,0,63458,260.0
Reborn + Harmony,gopher,0,65122,960.0
Reborn + Harmony,gopher,0,66339,1260.0
Reborn + Harmony,gopher,0,66923,80.0
Reborn + Harmony,gopher,0,67920,560.0
Reborn + Harmony,gopher,0,68866,440.0
Reborn + Harmony,gopher,0,70422,1580.0
Reborn + Harmony,gopher,0,71729,1060.0
Reborn + Harmony,gopher,0,72346,180.0
Reborn + Harmony,gopher,0,73809,1180.0
Reborn + Harmony,gopher,0,74881,600.0
Reborn + Harmony,gopher,0,76051,780.0
Reborn + Harmony,gopher,0,77124,640.0
Reborn + Harmony,gopher,0,78178,1240.0
Reborn + Harmony,gopher,0,79315,600.0
Reborn + Harmony,gopher,0,80331,740.0
Reborn + Harmony,gopher,0,81638,1060.0
Reborn + Harmony,gopher,0,82888,860.0
Reborn + Harmony,gopher,0,83709,500.0
Reborn + Harmony,gopher,0,84743,520.0
Reborn + Harmony,gopher,0,86005,820.0
Reborn + Harmony,gopher,0,87540,1400.0
Reborn + Harmony,gopher,0,88396,400.0
Reborn + Harmony,gopher,0,89642,1320.0
Reborn + Harmony,gopher,0,91246,1940.0
Reborn + Harmony,gopher,0,92823,1260.0
Reborn + Harmony,gopher,0,94369,1240.0
Reborn + Harmony,gopher,0,95489,380.0
Reborn + Harmony,gopher,0,96587,1320.0
Reborn + Harmony,gopher,0,98092,1800.0
Reborn + Harmony,gopher,0,99794,1660.0
Reborn + Harmony,hero,0,646,2320.0
Reborn + Harmony,hero,0,1793,2050.0
Reborn + Harmony,hero,0,3241,125.0
Reborn + Harmony,hero,0,3622,75.0
Reborn + Harmony,hero,0,3953,75.0
Reborn + Harmony,hero,0,5472,75.0
Reborn + Harmony,hero,0,5837,0.0
Reborn + Harmony,hero,0,6148,0.0
Reborn + Harmony,hero,0,6504,0.0
Reborn + Harmony,hero,0,6871,0.0
Reborn + Harmony,hero,0,7227,0.0
Reborn + Harmony,hero,0,7730,0.0
Reborn + Harmony,hero,0,8121,0.0
Reborn + Harmony,hero,0,8575,0.0
Reborn + Harmony,hero,0,8859,0.0
Reborn + Harmony,hero,0,9147,75.0
Reborn + Harmony,hero,0,9456,75.0
Reborn + Harmony,hero,0,11081,3020.0
Reborn + Harmony,hero,0,12053,75.0
Reborn + Harmony,hero,0,13889,1560.0
Reborn + Harmony,hero,0,14568,2945.0
Reborn + Harmony,hero,0,15081,2880.0
Reborn + Harmony,hero,0,17184,2305.0
Reborn + Harmony,hero,0,17773,2750.0
Reborn + Harmony,hero,0,19508,2875.0
Reborn + Harmony,hero,0,21245,3000.0
Reborn + Harmony,hero,0,22027,2770.0
Reborn + Harmony,hero,0,22627,2590.0
Reborn + Harmony,hero,0,23202,2845.0
Reborn + Harmony,hero,0,24961,2895.0
Reborn + Harmony,hero,0,25576,2970.0
Reborn + Harmony,hero,0,27325,2920.0
Reborn + Harmony,hero,0,27836,2960.0
Reborn + Harmony,hero,0,28374,2895.0
Reborn + Harmony,hero,0,28963,2845.0
Reborn + Harmony,hero,0,29507,2845.0
Reborn + Harmony,hero,0,30114,2895.0
Reborn + Harmony,hero,0,30812,3020.0
Reborn + Harmony,hero,0,31401,2970.0
Reborn + Harmony,hero,0,31989,2970.0
Reborn + Harmony,hero,0,33074,6815.0
Reborn + Harmony,hero,0,34400,2845.0
Reborn + Harmony,hero,0,35032,2895.0
Reborn + Harmony,hero,0,36750,2895.0
Reborn + Harmony,hero,0,37351,2770.0
Reborn + Harmony,hero,0,37887,2845.0
Reborn + Harmony,hero,0,38573,2970.0
Reborn + Harmony,hero,0,39130,2950.0
Reborn + Harmony,hero,0,39746,2950.0
Reborn + Harmony,hero,0,40403,2765.0
Reborn + Harmony,hero,0,42103,2970.0
Reborn + Harmony,hero,0,42656,2825.0
Reborn + Harmony,hero,0,43328,2970.0
Reborn + Harmony,hero,0,43913,2960.0
Reborn + Harmony,hero,0,44792,3000.0
Reborn + Harmony,hero,0,45407,2825.0
Reborn + Harmony,hero,0,46391,6250.0
Reborn + Harmony,hero,0,47697,5600.0
Reborn + Harmony,hero,0,48097,3115.0
Reborn + Harmony,hero,0,48564,3040.0
Reborn + Harmony,hero,0,49609,6155.0
Reborn + Harmony,hero,0,50257,7240.0
Reborn + Harmony,hero,0,50931,6915.0
Reborn + Harmony,hero,0,51313,3135.0
Reborn + Harmony,hero,0,52223,7060.0
Reborn + Harmony,hero,0,53183,7370.0
Reborn + Harmony,hero,0,54156,7080.0
Reborn + Harmony,hero,0,54823,7440.0
Reborn + Harmony,hero,0,55463,7490.0
Reborn + Harmony,hero,0,56106,7500.0
Reborn + Harmony,hero,0,56763,7210.0
Reborn + Harmony,hero,0,57442,7310.0
Reborn + Harmony,hero,0,59008,7250.0
Reborn + Harmony,hero,0,59688,7210.0
Reborn + Harmony,hero,0,60380,7500.0
Reborn + Harmony,hero,0,61102,7595.0
Reborn + Harmony,hero,0,61691,7430.0
Reborn + Harmony,hero,0,62316,7550.0
Reborn + Harmony,hero,0,62975,7500.0
Reborn + Harmony,hero,0,63563,7355.0
Reborn + Harmony,hero,0,64386,7420.0
Reborn + Harmony,hero,0,65227,7460.0
Reborn + Harmony,hero,0,65939,7540.0
Reborn + Harmony,hero,0,66858,7510.0
Reborn + Harmony,hero,0,67567,7690.0
Reborn + Harmony,hero,0,68332,7500.0
Reborn + Harmony,hero,0,69079,7540.0
Reborn + Harmony,hero,0,69768,7510.0
Reborn + Harmony,hero,0,70390,7500.0
Reborn + Harmony,hero,0,71108,7590.0
Reborn + Harmony,hero,0,71790,7550.0
Reborn + Harmony,hero,0,72759,7570.0
Reborn + Harmony,hero,0,73571,7560.0
Reborn + Harmony,hero,0,74324,7570.0
Reborn + Harmony,hero,0,75255,7485.0
Reborn + Harmony,hero,0,76064,7610.0
Reborn + Harmony,hero,0,76801,7665.0
Reborn + Harmony,hero,0,77392,7540.0
Reborn + Harmony,hero,0,78265,7370.0
Reborn + Harmony,hero,0,79196,7500.0
Reborn + Harmony,hero,0,79830,7485.0
Reborn + Harmony,hero,0,80709,7500.0
Reborn + Harmony,hero,0,81516,7480.0
Reborn + Harmony,hero,0,83375,7460.0
Reborn + Harmony,hero,0,84023,7520.0
Reborn + Harmony,hero,0,84623,7480.0
Reborn + Harmony,hero,0,85434,7540.0
Reborn + Harmony,hero,0,86357,7570.0
Reborn + Harmony,hero,0,87291,7540.0
Reborn + Harmony,hero,0,88181,7540.0
Reborn + Harmony,hero,0,88795,7500.0
Reborn + Harmony,hero,0,90595,7690.0
Reborn + Harmony,hero,0,91442,7540.0
Reborn + Harmony,hero,0,92109,7500.0
Reborn + Harmony,hero,0,93028,7610.0
Reborn + Harmony,hero,0,93924,7500.0
Reborn + Harmony,hero,0,94720,7540.0
Reborn + Harmony,hero,0,95453,7500.0
Reborn + Harmony,hero,0,97235,7500.0
Reborn + Harmony,hero,0,98187,7570.0
Reborn + Harmony,hero,0,98878,7540.0
Reborn + Harmony,hero,0,99608,7500.0
Reborn + Harmony,jamesbond,0,514,100.0
Reborn + Harmony,jamesbond,0,1134,100.0
Reborn + Harmony,jamesbond,0,1607,0.0
Reborn + Harmony,jamesbond,0,2120,50.0
Reborn + Harmony,jamesbond,0,2649,0.0
Reborn + Harmony,jamesbond,0,3136,0.0
Reborn + Harmony,jamesbond,0,3617,0.0
Reborn + Harmony,jamesbond,0,4119,100.0
Reborn + Harmony,jamesbond,0,4591,50.0
Reborn + Harmony,jamesbond,0,5116,0.0
Reborn + Harmony,jamesbond,0,5606,0.0
Reborn + Harmony,jamesbond,0,6120,0.0
Reborn + Harmony,jamesbond,0,6622,0.0
Reborn + Harmony,jamesbond,0,7135,50.0
Reborn + Harmony,jamesbond,0,7641,0.0
Reborn + Harmony,jamesbond,0,8215,100.0
Reborn + Harmony,jamesbond,0,8768,50.0
Reborn + Harmony,jamesbond,0,9244,50.0
Reborn + Harmony,jamesbond,0,9684,0.0
Reborn + Harmony,jamesbond,0,10086,0.0
Reborn + Harmony,jamesbond,0,10482,0.0
Reborn + Harmony,jamesbond,0,10866,50.0
Reborn + Harmony,jamesbond,0,11474,0.0
Reborn + Harmony,jamesbond,0,12076,0.0
Reborn + Harmony,jamesbond,0,13156,0.0
Reborn + Harmony,jamesbond,0,13779,0.0
Reborn + Harmony,jamesbond,0,14406,0.0
Reborn + Harmony,jamesbond,0,15698,0.0
Reborn + Harmony,jamesbond,0,16427,50.0
Reborn + Harmony,jamesbond,0,16957,0.0
Reborn + Harmony,jamesbond,0,17545,50.0
Reborn + Harmony,jamesbond,0,18162,0.0
Reborn + Harmony,jamesbond,0,18747,0.0
Reborn + Harmony,jamesbond,0,19354,100.0
Reborn + Harmony,jamesbond,0,19805,150.0
Reborn + Harmony,jamesbond,0,20163,100.0
Reborn + Harmony,jamesbond,0,20521,50.0
Reborn + Harmony,jamesbond,0,20878,0.0
Reborn + Harmony,jamesbond,0,21237,0.0
Reborn + Harmony,jamesbond,0,21588,0.0
Reborn + Harmony,jamesbond,0,21941,50.0
Reborn + Harmony,jamesbond,0,22296,0.0
Reborn + Harmony,jamesbond,0,22645,0.0
Reborn + Harmony,jamesbond,0,23055,50.0
Reborn + Harmony,jamesbond,0,23495,50.0
Reborn + Harmony,jamesbond,0,23944,100.0
Reborn + Harmony,jamesbond,0,24584,50.0
Reborn + Harmony,jamesbond,0,25220,200.0
Reborn + Harmony,jamesbond,0,25699,0.0
Reborn + Harmony,jamesbond,0,26039,0.0
Reborn + Harmony,jamesbond,0,26415,50.0
Reborn + Harmony,jamesbond,0,26776,50.0
Reborn + Harmony,jamesbond,0,27251,0.0
Reborn + Harmony,jamesbond,0,27692,50.0
Reborn + Harmony,jamesbond,0,28246,0.0
Reborn + Harmony,jamesbond,0,28785,100.0
Reborn + Harmony,jamesbond,0,29206,100.0
Reborn + Harmony,jamesbond,0,29839,50.0
Reborn + Harmony,jamesbond,0,30318,50.0
Reborn + Harmony,jamesbond,0,30853,150.0
Reborn + Harmony,jamesbond,0,31418,50.0
Reborn + Harmony,jamesbond,0,31925,0.0
Reborn + Harmony,jamesbond,0,32508,50.0
Reborn + Harmony,jamesbond,0,33049,100.0
Reborn + Harmony,jamesbond,0,33525,0.0
Reborn + Harmony,jamesbond,0,34155,100.0
Reborn + Harmony,jamesbond,0,34585,50.0
Reborn + Harmony,jamesbond,0,35152,50.0
Reborn + Harmony,jamesbond,0,35728,50.0
Reborn + Harmony,jamesbond,0,36229,100.0
Reborn + Harmony,jamesbond,0,36812,50.0
Reborn + Harmony,jamesbond,0,37371,0.0
Reborn + Harmony,jamesbond,0,37906,100.0
Reborn + Harmony,jamesbond,0,38497,50.0
Reborn + Harmony,jamesbond,0,38989,0.0
Reborn + Harmony,jamesbond,0,39540,100.0
Reborn + Harmony,jamesbond,0,40041,150.0
Reborn + Harmony,jamesbond,0,40782,50.0
Reborn + Harmony,jamesbond,0,41341,50.0
Reborn + Harmony,jamesbond,0,41851,150.0
Reborn + Harmony,jamesbond,0,42400,0.0
Reborn + Harmony,jamesbond,0,42971,100.0
Reborn + Harmony,jamesbond,0,43629,100.0
Reborn + Harmony,jamesbond,0,44192,200.0
Reborn + Harmony,jamesbond,0,44813,100.0
Reborn + Harmony,jamesbond,0,45462,0.0
Reborn + Harmony,jamesbond,0,45929,100.0
Reborn + Harmony,jamesbond,0,46431,50.0
Reborn + Harmony,jamesbond,0,46965,250.0
Reborn + Harmony,jamesbond,0,47503,50.0
Reborn + Harmony,jamesbond,0,47974,100.0
Reborn + Harmony,jamesbond,0,48509,150.0
Reborn + Harmony,jamesbond,0,49017,0.0
Reborn + Harmony,jamesbond,0,49481,200.0
Reborn + Harmony,jamesbond,0,49977,200.0
Reborn + Harmony,jamesbond,0,50483,200.0
Reborn + Harmony,jamesbond,0,50981,250.0
Reborn + Harmony,jamesbond,0,51667,200.0
Reborn + Harmony,jamesbond,0,52168,200.0
Reborn + Harmony,jamesbond,0,52670,150.0
Reborn + Harmony,jamesbond,0,53362,250.0
Reborn + Harmony,jamesbond,0,53862,200.0
Reborn + Harmony,jamesbond,0,54517,350.0
Reborn + Harmony,jamesbond,0,55010,150.0
Reborn + Harmony,jamesbond,0,55506,100.0
Reborn + Harmony,jamesbond,0,56006,150.0
Reborn + Harmony,jamesbond,0,56476,200.0
Reborn + Harmony,jamesbond,0,56941,50.0
Reborn + Harmony,jamesbond,0,57507,0.0
Reborn + Harmony,jamesbond,0,58343,200.0
Reborn + Harmony,jamesbond,0,58890,150.0
Reborn + Harmony,jamesbond,0,59411,100.0
Reborn + Harmony,jamesbond,0,59971,200.0
Reborn + Harmony,jamesbond,0,60489,150.0
Reborn + Harmony,jamesbond,0,61015,150.0
Reborn + Harmony,jamesbond,0,61570,150.0
Reborn + Harmony,jamesbond,0,62108,150.0
Reborn + Harmony,jamesbond,0,62654,150.0
Reborn + Harmony,jamesbond,0,63123,150.0
Reborn + Harmony,jamesbond,0,63826,250.0
Reborn + Harmony,jamesbond,0,64290,100.0
Reborn + Harmony,jamesbond,0,65112,200.0
Reborn + Harmony,jamesbond,0,65644,200.0
Reborn + Harmony,jamesbond,0,66141,250.0
Reborn + Harmony,jamesbond,0,66605,200.0
Reborn + Harmony,jamesbond,0,67200,150.0
Reborn + Harmony,jamesbond,0,67742,250.0
Reborn + Harmony,jamesbond,0,68239,200.0
Reborn + Harmony,jamesbond,0,68920,200.0
Reborn + Harmony,jamesbond,0,69568,300.0
Reborn + Harmony,jamesbond,0,70253,300.0
Reborn + Harmony,jamesbond,0,70749,250.0
Reborn + Harmony,jamesbond,0,71216,100.0
Reborn + Harmony,jamesbond,0,71938,250.0
Reborn + Harmony,jamesbond,0,72534,200.0
Reborn + Harmony,jamesbond,0,73259,300.0
Reborn + Harmony,jamesbond,0,73758,150.0
Reborn + Harmony,jamesbond,0,74254,150.0
Reborn + Harmony,jamesbond,0,74747,250.0
Reborn + Harmony,jamesbond,0,75405,300.0
Reborn + Harmony,jamesbond,0,76006,150.0
Reborn + Harmony,jamesbond,0,76792,350.0
Reborn + Harmony,jamesbond,0,77318,250.0
Reborn + Harmony,jamesbond,0,77981,300.0
Reborn + Harmony,jamesbond,0,78678,100.0
Reborn + Harmony,jamesbond,0,79211,250.0
Reborn + Harmony,jamesbond,0,79746,250.0
Reborn + Harmony,jamesbond,0,80722,350.0
Reborn + Harmony,jamesbond,0,81505,100.0
Reborn + Harmony,jamesbond,0,82028,250.0
Reborn + Harmony,jamesbond,0,82754,150.0
Reborn + Harmony,jamesbond,0,83411,100.0
Reborn + Harmony,jamesbond,0,84091,250.0
Reborn + Harmony,jamesbond,0,84585,150.0
Reborn + Harmony,jamesbond,0,85373,350.0
Reborn + Harmony,jamesbond,0,85863,200.0
Reborn + Harmony,jamesbond,0,86383,100.0
Reborn + Harmony,jamesbond,0,87047,300.0
Reborn + Harmony,jamesbond,0,87581,250.0
Reborn + Harmony,jamesbond,0,88223,200.0
Reborn + Harmony,jamesbond,0,88717,250.0
Reborn + Harmony,jamesbond,0,89249,250.0
Reborn + Harmony,jamesbond,0,89930,300.0
Reborn + Harmony,jamesbond,0,90421,250.0
Reborn + Harmony,jamesbond,0,91073,300.0
Reborn + Harmony,jamesbond,0,91751,200.0
Reborn + Harmony,jamesbond,0,92722,350.0
Reborn + Harmony,jamesbond,0,93894,300.0
Reborn + Harmony,jamesbond,0,94424,250.0
Reborn + Harmony,jamesbond,0,94957,200.0
Reborn + Harmony,jamesbond,0,95484,250.0
Reborn + Harmony,jamesbond,0,96018,250.0
Reborn + Harmony,jamesbond,0,96704,250.0
Reborn + Harmony,jamesbond,0,97241,150.0
Reborn + Harmony,jamesbond,0,97714,200.0
Reborn + Harmony,jamesbond,0,98394,200.0
Reborn + Harmony,jamesbond,0,98934,250.0
Reborn + Harmony,jamesbond,0,99462,250.0
Reborn + Harmony,kangaroo,0,342,0.0
Reborn + Harmony,kangaroo,0,824,0.0
Reborn + Harmony,kangaroo,0,1358,0.0
Reborn + Harmony,kangaroo,0,1760,200.0
Reborn + Harmony,kangaroo,0,2176,0.0
Reborn + Harmony,kangaroo,0,2601,0.0
Reborn + Harmony,kangaroo,0,3141,0.0
Reborn + Harmony,kangaroo,0,3676,0.0
Reborn + Harmony,kangaroo,0,4217,0.0
Reborn + Harmony,kangaroo,0,4610,0.0
Reborn + Harmony,kangaroo,0,5173,0.0
Reborn + Harmony,kangaroo,0,5656,0.0
Reborn + Harmony,kangaroo,0,5932,0.0
Reborn + Harmony,kangaroo,0,6306,0.0
Reborn + Harmony,kangaroo,0,6733,0.0
Reborn + Harmony,kangaroo,0,7067,0.0
Reborn + Harmony,kangaroo,0,7399,0.0
Reborn + Harmony,kangaroo,0,8118,0.0
Reborn + Harmony,kangaroo,0,8643,200.0
Reborn + Harmony,kangaroo,0,9177,0.0
Reborn + Harmony,kangaroo,0,9574,0.0
Reborn + Harmony,kangaroo,0,9916,0.0
Reborn + Harmony,kangaroo,0,10509,0.0
Reborn + Harmony,kangaroo,0,10970,0.0
Reborn + Harmony,kangaroo,0,11447,200.0
Reborn + Harmony,kangaroo,0,11946,0.0
Reborn + Harmony,kangaroo,0,12431,200.0
Reborn + Harmony,kangaroo,0,13187,200.0
Reborn + Harmony,kangaroo,0,13710,200.0
Reborn + Harmony,kangaroo,0,14162,200.0
Reborn + Harmony,kangaroo,0,14726,0.0
Reborn + Harmony,kangaroo,0,15298,200.0
Reborn + Harmony,kangaroo,0,15765,200.0
Reborn + Harmony,kangaroo,0,16368,200.0
Reborn + Harmony,kangaroo,0,16946,200.0
Reborn + Harmony,kangaroo,0,17463,400.0
Reborn + Harmony,kangaroo,0,17969,0.0
Reborn + Harmony,kangaroo,0,18480,200.0
Reborn + Harmony,kangaroo,0,18993,400.0
Reborn + Harmony,kangaroo,0,19496,0.0
Reborn + Harmony,kangaroo,0,19948,400.0
Reborn + Harmony,kangaroo,0,20396,200.0
Reborn + Harmony,kangaroo,0,20840,200.0
Reborn + Harmony,kangaroo,0,21359,200.0
Reborn + Harmony,kangaroo,0,21803,0.0
Reborn + Harmony,kangaroo,0,22312,200.0
Reborn + Harmony,kangaroo,0,22820,0.0
Reborn + Harmony,kangaroo,0,23268,0.0
Reborn + Harmony,kangaroo,0,23712,0.0
Reborn + Harmony,kangaroo,0,24154,0.0
Reborn + Harmony,kangaroo,0,24598,0.0
Reborn + Harmony,kangaroo,0,25046,0.0
Reborn + Harmony,kangaroo,0,25491,0.0
Reborn + Harmony,kangaroo,0,25939,0.0
Reborn + Harmony,kangaroo,0,26383,0.0
Reborn + Harmony,kangaroo,0,26825,0.0
Reborn + Harmony,kangaroo,0,27270,0.0
Reborn + Harmony,kangaroo,0,27717,0.0
Reborn + Harmony,kangaroo,0,28214,0.0
Reborn + Harmony,kangaroo,0,28660,0.0
Reborn + Harmony,kangaroo,0,29106,0.0
Reborn + Harmony,kangaroo,0,29578,200.0
Reborn + Harmony,kangaroo,0,30026,0.0
Reborn + Harmony,kangaroo,0,30382,200.0
Reborn + Harmony,kangaroo,0,30748,200.0
Reborn + Harmony,kangaroo,0,31083,0.0
Reborn + Harmony,kangaroo,0,31440,0.0
Reborn + Harmony,kangaroo,0,31718,0.0
Reborn + Harmony,kangaroo,0,32000,0.0
Reborn + Harmony,kangaroo,0,32350,200.0
Reborn + Harmony,kangaroo,0,32839,0.0
Reborn + Harmony,kangaroo,0,33243,200.0
Reborn + Harmony,kangaroo,0,33616,200.0
Reborn + Harmony,kangaroo,0,34081,200.0
Reborn + Harmony,kangaroo,0,34664,0.0
Reborn + Harmony,kangaroo,0,35201,0.0
Reborn + Harmony,kangaroo,0,35679,0.0
Reborn + Harmony,kangaroo,0,36083,200.0
Reborn + Harmony,kangaroo,0,36484,400.0
Reborn + Harmony,kangaroo,0,36973,200.0
Reborn + Harmony,kangaroo,0,37486,600.0
Reborn + Harmony,kangaroo,0,37985,600.0
Reborn + Harmony,kangaroo,0,38475,400.0
Reborn + Harmony,kangaroo,0,39017,400.0
Reborn + Harmony,kangaroo,0,39535,600.0
Reborn + Harmony,kangaroo,0,39992,400.0
Reborn + Harmony,kangaroo,0,40469,600.0
Reborn + Harmony,kangaroo,0,40960,600.0
Reborn + Harmony,kangaroo,0,41421,600.0
Reborn + Harmony,kangaroo,0,41927,600.0
Reborn + Harmony,kangaroo,0,42432,800.0
Reborn + Harmony,kangaroo,0,42954,600.0
Reborn + Harmony,kangaroo,0,43458,600.0
Reborn + Harmony,kangaroo,0,44055,600.0
Reborn + Harmony,kangaroo,0,44564,600.0
Reborn + Harmony,kangaroo,0,45075,600.0
Reborn + Harmony,kangaroo,0,45582,600.0
Reborn + Harmony,kangaroo,0,46072,600.0
Reborn + Harmony,kangaroo,0,46557,600.0
Reborn + Harmony,kangaroo,0,47037,600.0
Reborn + Harmony,kangaroo,0,47532,600.0
Reborn + Harmony,kangaroo,0,48023,600.0
Reborn + Harmony,kangaroo,0,48486,600.0
Reborn + Harmony,kangaroo,0,48960,600.0
Reborn + Harmony,kangaroo,0,49435,400.0
Reborn + Harmony,kangaroo,0,49896,600.0
Reborn + Harmony,kangaroo,0,50373,600.0
Reborn + Harmony,kangaroo,0,50856,600.0
Reborn + Harmony,kangaroo,0,51327,600.0
Reborn + Harmony,kangaroo,0,51789,600.0
Reborn + Harmony,kangaroo,0,52254,600.0
Reborn + Harmony,kangaroo,0,52748,600.0
Reborn + Harmony,kangaroo,0,53247,600.0
Reborn + Harmony,kangaroo,0,53741,600.0
Reborn + Harmony,kangaroo,0,54238,600.0
Reborn + Harmony,kangaroo,0,54754,400.0
Reborn + Harmony,kangaroo,0,55275,400.0
Reborn + Harmony,kangaroo,0,55760,600.0
Reborn + Harmony,kangaroo,0,56250,600.0
Reborn + Harmony,kangaroo,0,56746,600.0
Reborn + Harmony,kangaroo,0,57231,600.0
Reborn + Harmony,kangaroo,0,57728,600.0
Reborn + Harmony,kangaroo,0,58182,600.0
Reborn + Harmony,kangaroo,0,58653,600.0
Reborn + Harmony,kangaroo,0,59115,600.0
Reborn + Harmony,kangaroo,0,59592,400.0
Reborn + Harmony,kangaroo,0,60085,600.0
Reborn + Harmony,kangaroo,0,60568,600.0
Reborn + Harmony,kangaroo,0,61062,600.0
Reborn + Harmony,kangaroo,0,61538,600.0
Reborn + Harmony,kangaroo,0,62014,400.0
Reborn + Harmony,kangaroo,0,62476,600.0
Reborn + Harmony,kangaroo,0,62965,600.0
Reborn + Harmony,kangaroo,0,63443,600.0
Reborn + Harmony,kangaroo,0,63914,600.0
Reborn + Harmony,kangaroo,0,64381,400.0
Reborn + Harmony,kangaroo,0,64837,400.0
Reborn + Harmony,kangaroo,0,65305,600.0
Reborn + Harmony,kangaroo,0,65772,600.0
Reborn + Harmony,kangaroo,0,66232,600.0
Reborn + Harmony,kangaroo,0,66700,600.0
Reborn + Harmony,kangaroo,0,67164,600.0
Reborn + Harmony,kangaroo,0,67619,600.0
Reborn + Harmony,kangaroo,0,68081,600.0
Reborn + Harmony,kangaroo,0,68554,600.0
Reborn + Harmony,kangaroo,0,69014,600.0
Reborn + Harmony,kangaroo,0,69475,600.0
Reborn + Harmony,kangaroo,0,69933,600.0
Reborn + Harmony,kangaroo,0,70389,600.0
Reborn + Harmony,kangaroo,0,70846,600.0
Reborn + Harmony,kangaroo,0,71305,600.0
Reborn + Harmony,kangaroo,0,71764,600.0
Reborn + Harmony,kangaroo,0,72224,600.0
Reborn + Harmony,kangaroo,0,72680,600.0
Reborn + Harmony,kangaroo,0,73136,600.0
Reborn + Harmony,kangaroo,0,73590,600.0
Reborn + Harmony,kangaroo,0,74047,600.0
Reborn + Harmony,kangaroo,0,74503,600.0
Reborn + Harmony,kangaroo,0,74955,400.0
Reborn + Harmony,kangaroo,0,75416,600.0
Reborn + Harmony,kangaroo,0,75872,600.0
Reborn + Harmony,kangaroo,0,76325,600.0
Reborn + Harmony,kangaroo,0,76786,600.0
Reborn + Harmony,kangaroo,0,77246,600.0
Reborn + Harmony,kangaroo,0,77700,600.0
Reborn + Harmony,kangaroo,0,78157,600.0
Reborn + Harmony,kangaroo,0,78611,600.0
Reborn + Harmony,kangaroo,0,79067,600.0
Reborn + Harmony,kangaroo,0,79524,600.0
Reborn + Harmony,kangaroo,0,79976,600.0
Reborn + Harmony,kangaroo,0,80433,600.0
Reborn + Harmony,kangaroo,0,80888,600.0
Reborn + Harmony,kangaroo,0,81343,600.0
Reborn + Harmony,kangaroo,0,81796,600.0
Reborn + Harmony,kangaroo,0,82256,600.0
Reborn + Harmony,kangaroo,0,82710,600.0
Reborn + Harmony,kangaroo,0,83168,600.0
Reborn + Harmony,kangaroo,0,83627,600.0
Reborn + Harmony,kangaroo,0,84082,600.0
Reborn + Harmony,kangaroo,0,84542,600.0
Reborn + Harmony,kangaroo,0,84996,600.0
Reborn + Harmony,kangaroo,0,85452,600.0
Reborn + Harmony,kangaroo,0,85904,600.0
Reborn + Harmony,kangaroo,0,86369,600.0
Reborn + Harmony,kangaroo,0,86824,600.0
Reborn + Harmony,kangaroo,0,87289,600.0
Reborn + Harmony,kangaroo,0,87744,600.0
Reborn + Harmony,kangaroo,0,88213,600.0
Reborn + Harmony,kangaroo,0,88668,600.0
Reborn + Harmony,kangaroo,0,89126,600.0
Reborn + Harmony,kangaroo,0,89614,600.0
Reborn + Harmony,kangaroo,0,90085,600.0
Reborn + Harmony,kangaroo,0,90536,600.0
Reborn + Harmony,kangaroo,0,90990,600.0
Reborn + Harmony,kangaroo,0,91459,600.0
Reborn + Harmony,kangaroo,0,91920,600.0
Reborn + Harmony,kangaroo,0,92376,600.0
Reborn + Harmony,kangaroo,0,92837,600.0
Reborn + Harmony,kangaroo,0,93294,600.0
Reborn + Harmony,kangaroo,0,93749,400.0
Reborn + Harmony,kangaroo,0,94204,600.0
Reborn + Harmony,kangaroo,0,94661,400.0
Reborn + Harmony,kangaroo,0,95113,600.0
Reborn + Harmony,kangaroo,0,95565,600.0
Reborn + Harmony,kangaroo,0,96018,600.0
Reborn + Harmony,kangaroo,0,96468,600.0
Reborn + Harmony,kangaroo,0,96922,600.0
Reborn + Harmony,kangaroo,0,97378,600.0
Reborn + Harmony,kangaroo,0,97839,600.0
Reborn + Harmony,kangaroo,0,98297,600.0
Reborn + Harmony,kangaroo,0,98765,600.0
Reborn + Harmony,kangaroo,0,99224,600.0
Reborn + Harmony,kangaroo,0,99677,600.0
Reborn + Harmony,krull,0,1479,3160.0
Reborn + Harmony,krull,0,2649,1690.0
Reborn + Harmony,krull,0,3911,2490.0
Reborn + Harmony,krull,0,5007,1720.0
Reborn + Harmony,krull,0,6113,900.0
Reborn + Harmony,krull,0,7576,2030.0
Reborn + Harmony,krull,0,9028,2650.0
Reborn + Harmony,krull,0,10393,2610.0
Reborn + Harmony,krull,0,12176,3470.0
Reborn + Harmony,krull,0,13637,2250.0
Reborn + Harmony,krull,0,14393,1700.0
Reborn + Harmony,krull,0,15931,2310.0
Reborn + Harmony,krull,0,17173,2070.0
Reborn + Harmony,krull,0,18613,3400.0
Reborn + Harmony,krull,0,20061,3630.0
Reborn + Harmony,krull,0,21473,3640.0
Reborn + Harmony,krull,0,22939,4500.0
Reborn + Harmony,krull,0,24373,4540.0
Reborn + Harmony,krull,0,25645,3660.0
Reborn + Harmony,krull,0,27060,5280.0
Reborn + Harmony,krull,0,28547,5320.0
Reborn + Harmony,krull,0,30005,5120.0
Reborn + Harmony,krull,0,31069,3110.0
Reborn + Harmony,krull,0,32534,4320.0
Reborn + Harmony,krull,0,34091,4020.0
Reborn + Harmony,krull,0,35341,4060.0
Reborn + Harmony,krull,0,36804,5180.0
Reborn + Harmony,krull,0,38413,5050.0
Reborn + Harmony,krull,0,39802,5450.0
Reborn + Harmony,krull,0,41222,6790.0
Reborn + Harmony,krull,0,42405,4860.0
Reborn + Harmony,krull,0,43861,6500.0
Reborn + Harmony,krull,0,45287,6930.0
Reborn + Harmony,krull,0,46780,7470.0
Reborn + Harmony,krull,0,48061,6290.0
Reborn + Harmony,krull,0,49172,4720.0
Reborn + Harmony,krull,0,50636,7620.0
Reborn + Harmony,krull,0,52078,6870.0
Reborn + Harmony,krull,0,53495,7130.0
Reborn + Harmony,krull,0,54975,7510.0
Reborn + Harmony,krull,0,56454,8220.0
Reborn + Harmony,krull,0,57475,4850.0
Reborn + Harmony,krull,0,58885,7220.0
Reborn + Harmony,krull,0,60318,7350.0
Reborn + Harmony,krull,0,61768,7890.0
Reborn + Harmony,krull,0,63195,7340.0
Reborn + Harmony,krull,0,64626,7490.0
Reborn + Harmony,krull,0,66424,8440.0
Reborn + Harmony,krull,0,68428,10080.0
Reborn + Harmony,krull,0,69527,5120.0
Reborn + Harmony,krull,0,71531,10520.0
Reborn + Harmony,krull,0,73432,8840.0
Reborn + Harmony,krull,0,74455,4690.0
Reborn + Harmony,krull,0,75609,3620.0
Reborn + Harmony,krull,0,77122,8060.0
Reborn + Harmony,krull,0,78193,5720.0
Reborn + Harmony,krull,0,79690,8150.0
Reborn + Harmony,krull,0,80762,5410.0
Reborn + Harmony,krull,0,81805,5060.0
Reborn + Harmony,krull,0,83824,10450.0
Reborn + Harmony,krull,0,85078,6460.0
Reborn + Harmony,krull,0,87128,10530.0
Reborn + Harmony,krull,0,89175,8660.0
Reborn + Harmony,krull,0,91165,10050.0
Reborn + Harmony,krull,0,93225,10630.0
Reborn + Harmony,krull,0,95305,11050.0
Reborn + Harmony,krull,0,97349,10790.0
Reborn + Harmony,krull,0,99452,10490.0
Reborn + Harmony,kung_fu_master,0,1383,200.0
Reborn + Harmony,kung_fu_master,0,2414,1000.0
Reborn + Harmony,kung_fu_master,0,3370,700.0
Reborn + Harmony,kung_fu_master,0,4225,200.0
Reborn + Harmony,kung_fu_master,0,5216,600.0
Reborn + Harmony,kung_fu_master,0,6404,1000.0
Reborn + Harmony,kung_fu_master,0,7448,900.0
Reborn + Harmony,kung_fu_master,0,8198,400.0
Reborn + Harmony,kung_fu_master,0,8976,400.0
Reborn + Harmony,kung_fu_master,0,9779,200.0
Reborn + Harmony,kung_fu_master,0,10580,1200.0
Reborn + Harmony,kung_fu_master,0,11283,900.0
Reborn + Harmony,kung_fu_master,0,12427,800.0
Reborn + Harmony,kung_fu_master,0,13376,600.0
Reborn + Harmony,kung_fu_master,0,14662,2300.0
Reborn + Harmony,kung_fu_master,0,17391,8000.0
Reborn + Harmony,kung_fu_master,0,18975,3000.0
Reborn + Harmony,kung_fu_master,0,21438,12100.0
Reborn + Harmony,kung_fu_master,0,25191,27200.0
Reborn + Harmony,kung_fu_master,0,30135,36600.0
Reborn + Harmony,kung_fu_master,0,35563,48400.0
Reborn + Harmony,kung_fu_master,0,39771,35200.0
Reborn + Harmony,kung_fu_master,0,42895,20800.0
Reborn + Harmony,kung_fu_master,0,47658,43600.0
Reborn + Harmony,kung_fu_master,0,50430,20400.0
Reborn + Harmony,kung_fu_master,0,54386,31800.0
Reborn + Harmony,kung_fu_master,0,57052,17000.0
Reborn + Harmony,kung_fu_master,0,59270,15200.0
Reborn + Harmony,kung_fu_master,0,62808,26800.0
Reborn + Harmony,kung_fu_master,0,64707,10600.0
Reborn + Harmony,kung_fu_master,0,66639,12000.0
Reborn + Harmony,kung_fu_master,0,70440,29000.0
Reborn + Harmony,kung_fu_master,0,72446,12200.0
Reborn + Harmony,kung_fu_master,0,77320,43200.0
Reborn + Harmony,kung_fu_master,0,80167,23400.0
Reborn + Harmony,kung_fu_master,0,82669,19200.0
Reborn + Harmony,kung_fu_master,0,85319,19400.0
Reborn + Harmony,kung_fu_master,0,91219,52400.0
Reborn + Harmony,kung_fu_master,0,95026,30400.0
Reborn + Harmony,kung_fu_master,0,97423,15800.0
Reborn + Harmony,ms_pacman,0,490,280.0
Reborn + Harmony,ms_pacman,0,989,240.0
Reborn + Harmony,ms_pacman,0,1489,220.0
Reborn + Harmony,ms_pacman,0,1957,260.0
Reborn + Harmony,ms_pacman,0,2553,270.0
Reborn + Harmony,ms_pacman,0,3028,230.0
Reborn + Harmony,ms_pacman,0,3447,220.0
Reborn + Harmony,ms_pacman,0,3872,200.0
Reborn + Harmony,ms_pacman,0,4342,240.0
Reborn + Harmony,ms_pacman,0,4916,320.0
Reborn + Harmony,ms_pacman,0,5654,660.0
Reborn + Harmony,ms_pacman,0,6206,520.0
Reborn + Harmony,ms_pacman,0,6745,310.0
Reborn + Harmony,ms_pacman,0,7197,210.0
Reborn + Harmony,ms_pacman,0,7622,220.0
Reborn + Harmony,ms_pacman,0,8046,140.0
Reborn + Harmony,ms_pacman,0,8370,170.0
Reborn + Harmony,ms_pacman,0,8722,150.0
Reborn + Harmony,ms_pacman,0,9330,380.0
Reborn + Harmony,ms_pacman,0,9876,400.0
Reborn + Harmony,ms_pacman,0,10333,310.0
Reborn + Harmony,ms_pacman,0,10910,660.0
Reborn + Harmony,ms_pacman,0,11534,350.0
Reborn + Harmony,ms_pacman,0,12029,420.0
Reborn + Harmony,ms_pacman,0,12541,250.0
Reborn + Harmony,ms_pacman,0,13075,320.0
Reborn + Harmony,ms_pacman,0,13599,240.0
Reborn + Harmony,ms_pacman,0,14175,450.0
Reborn + Harmony,ms_pacman,0,14512,140.0
Reborn + Harmony,ms_pacman,0,14874,60.0
Reborn + Harmony,ms_pacman,0,15499,250.0
Reborn + Harmony,ms_pacman,0,15951,110.0
Reborn + Harmony,ms_pacman,0,16376,110.0
Reborn + Harmony,ms_pacman,0,16896,170.0
Reborn + Harmony,ms_pacman,0,17365,120.0
Reborn + Harmony,ms_pacman,0,17914,380.0
Reborn + Harmony,ms_pacman,0,18374,250.0
Reborn + Harmony,ms_pacman,0,18949,620.0
Reborn + Harmony,ms_pacman,0,19411,270.0
Reborn + Harmony,ms_pacman,0,20084,500.0
Reborn + Harmony,ms_pacman,0,20634,300.0
Reborn + Harmony,ms_pacman,0,21081,230.0
Reborn + Harmony,ms_pacman,0,21522,230.0
Reborn + Harmony,ms_pacman,0,21967,230.0
Reborn + Harmony,ms_pacman,0,22676,370.0
Reborn + Harmony,ms_pacman,0,23263,400.0
Reborn + Harmony,ms_pacman,0,23921,690.0
Reborn + Harmony,ms_pacman,0,24466,130.0
Reborn + Harmony,ms_pacman,0,25268,880.0
Reborn + Harmony,ms_pacman,0,25869,410.0
Reborn + Harmony,ms_pacman,0,26341,460.0
Reborn + Harmony,ms_pacman,0,26695,190.0
Reborn + Harmony,ms_pacman,0,27165,310.0
Reborn + Harmony,ms_pacman,0,27984,690.0
Reborn + Harmony,ms_pacman,0,28673,1190.0
Reborn + Harmony,ms_pacman,0,29253,1030.0
Reborn + Harmony,ms_pacman,0,29815,720.0
Reborn + Harmony,ms_pacman,0,30197,220.0
Reborn + Harmony,ms_pacman,0,30837,480.0
Reborn + Harmony,ms_pacman,0,31288,580.0
Reborn + Harmony,ms_pacman,0,31940,750.0
Reborn + Harmony,ms_pacman,0,32714,500.0
Reborn + Harmony,ms_pacman,0,33539,1180.0
Reborn + Harmony,ms_pacman,0,34149,380.0
Reborn + Harmony,ms_pacman,0,34837,630.0
Reborn + Harmony,ms_pacman,0,35438,350.0
Reborn + Harmony,ms_pacman,0,35970,650.0
Reborn + Harmony,ms_pacman,0,36566,1130.0
Reborn + Harmony,ms_pacman,0,36994,260.0
Reborn + Harmony,ms_pacman,0,37775,830.0
Reborn + Harmony,ms_pacman,0,38325,590.0
Reborn + Harmony,ms_pacman,0,38956,680.0
Reborn + Harmony,ms_pacman,0,39465,610.0
Reborn + Harmony,ms_pacman,0,39891,470.0
Reborn + Harmony,ms_pacman,0,40376,630.0
Reborn + Harmony,ms_pacman,0,41120,830.0
Reborn + Harmony,ms_pacman,0,41772,570.0
Reborn + Harmony,ms_pacman,0,42425,620.0
Reborn + Harmony,ms_pacman,0,43067,570.0
Reborn + Harmony,ms_pacman,0,43532,480.0
Reborn + Harmony,ms_pacman,0,44174,810.0
Reborn + Harmony,ms_pacman,0,44595,460.0
Reborn + Harmony,ms_pacman,0,45015,470.0
Reborn + Harmony,ms_pacman,0,45455,480.0
Reborn + Harmony,ms_pacman,0,46002,680.0
Reborn + Harmony,ms_pacman,0,46565,730.0
Reborn + Harmony,ms_pacman,0,47134,750.0
Reborn + Harmony,ms_pacman,0,47900,900.0
Reborn + Harmony,ms_pacman,0,48466,540.0
Reborn + Harmony,ms_pacman,0,49187,850.0
Reborn + Harmony,ms_pacman,0,49800,530.0
Reborn + Harmony,ms_pacman,0,50314,530.0
Reborn + Harmony,ms_pacman,0,50737,380.0
Reborn + Harmony,ms_pacman,0,51362,520.0
Reborn + Harmony,ms_pacman,0,51951,530.0
Reborn + Harmony,ms_pacman,0,52426,680.0
Reborn + Harmony,ms_pacman,0,52988,380.0
Reborn + Harmony,ms_pacman,0,53634,790.0
Reborn + Harmony,ms_pacman,0,54096,590.0
Reborn + Harmony,ms_pacman,0,54929,840.0
Reborn + Harmony,ms_pacman,0,55781,910.0
Reborn + Harmony,ms_pacman,0,56821,760.0
Reborn + Harmony,ms_pacman,0,57315,630.0
Reborn + Harmony,ms_pacman,0,57971,1130.0
Reborn + Harmony,ms_pacman,0,58841,590.0
Reborn + Harmony,ms_pacman,0,59579,630.0
Reborn + Harmony,ms_pacman,0,60233,630.0
Reborn + Harmony,ms_pacman,0,60701,500.0
Reborn + Harmony,ms_pacman,0,61359,670.0
Reborn + Harmony,ms_pacman,0,62082,670.0
Reborn + Harmony,ms_pacman,0,62604,1000.0
Reborn + Harmony,ms_pacman,0,63355,1260.0
Reborn + Harmony,ms_pacman,0,63882,470.0
Reborn + Harmony,ms_pacman,0,64688,950.0
Reborn + Harmony,ms_pacman,0,65097,430.0
Reborn + Harmony,ms_pacman,0,65820,710.0
Reborn + Harmony,ms_pacman,0,66382,530.0
Reborn + Harmony,ms_pacman,0,66872,360.0
Reborn + Harmony,ms_pacman,0,67515,630.0
Reborn + Harmony,ms_pacman,0,68061,1170.0
Reborn + Harmony,ms_pacman,0,68515,570.0
Reborn + Harmony,ms_pacman,0,69478,860.0
Reborn + Harmony,ms_pacman,0,70098,730.0
Reborn + Harmony,ms_pacman,0,70529,470.0
Reborn + Harmony,ms_pacman,0,71143,920.0
Reborn + Harmony,ms_pacman,0,71770,870.0
Reborn + Harmony,ms_pacman,0,72201,530.0
Reborn + Harmony,ms_pacman,0,73493,750.0
Reborn + Harmony,ms_pacman,0,74017,540.0
Reborn + Harmony,ms_pacman,0,74653,1100.0
Reborn + Harmony,ms_pacman,0,75272,720.0
Reborn + Harmony,ms_pacman,0,76230,1650.0
Reborn + Harmony,ms_pacman,0,76783,850.0
Reborn + Harmony,ms_pacman,0,77889,960.0
Reborn + Harmony,ms_pacman,0,78768,830.0
Reborn + Harmony,ms_pacman,0,79505,390.0
Reborn + Harmony,ms_pacman,0,79995,510.0
Reborn + Harmony,ms_pacman,0,80743,1060.0
Reborn + Harmony,ms_pacman,0,81487,700.0
Reborn + Harmony,ms_pacman,0,82161,870.0
Reborn + Harmony,ms_pacman,0,82830,550.0
Reborn + Harmony,ms_pacman,0,83273,370.0
Reborn + Harmony,ms_pacman,0,83991,970.0
Reborn + Harmony,ms_pacman,0,84657,700.0
Reborn + Harmony,ms_pacman,0,85437,870.0
Reborn + Harmony,ms_pacman,0,86105,790.0
Reborn + Harmony,ms_pacman,0,86733,1420.0
Reborn + Harmony,ms_pacman,0,87356,560.0
Reborn + Harmony,ms_pacman,0,88188,1480.0
Reborn + Harmony,ms_pacman,0,88824,1140.0
Reborn + Harmony,ms_pacman,0,89422,650.0
Reborn + Harmony,ms_pacman,0,90167,780.0
Reborn + Harmony,ms_pacman,0,90953,720.0
Reborn + Harmony,ms_pacman,0,91452,550.0
Reborn + Harmony,ms_pacman,0,92030,1310.0
Reborn + Harmony,ms_pacman,0,92838,1650.0
Reborn + Harmony,ms_pacman,0,93544,810.0
Reborn + Harmony,ms_pacman,0,94527,1490.0
Reborn + Harmony,ms_pacman,0,95161,1540.0
Reborn + Harmony,ms_pacman,0,96020,1010.0
Reborn + Harmony,ms_pacman,0,96694,1180.0
Reborn + Harmony,ms_pacman,0,97406,670.0
Reborn + Harmony,ms_pacman,0,98038,1050.0
Reborn + Harmony,ms_pacman,0,98843,1640.0
Reborn + Harmony,ms_pacman,0,99723,1110.0
Reborn + Harmony,pong,0,757,-21.0
Reborn + Harmony,pong,0,1604,-21.0
Reborn + Harmony,pong,0,2441,-20.0
Reborn + Harmony,pong,0,3282,-21.0
Reborn + Harmony,pong,0,4288,-19.0
Reborn + Harmony,pong,0,5211,-20.0
Reborn + Harmony,pong,0,6310,-19.0
Reborn + Harmony,pong,0,7246,-21.0
Reborn + Harmony,pong,0,8115,-20.0
Reborn + Harmony,pong,0,9052,-19.0
Reborn + Harmony,pong,0,9872,-21.0
Reborn + Harmony,pong,0,10893,-19.0
Reborn + Harmony,pong,0,11653,-21.0
Reborn + Harmony,pong,0,12412,-21.0
Reborn + Harmony,pong,0,13171,-21.0
Reborn + Harmony,pong,0,13931,-21.0
Reborn + Harmony,pong,0,14689,-21.0
Reborn + Harmony,pong,0,15453,-21.0
Reborn + Harmony,pong,0,16275,-21.0
Reborn + Harmony,pong,0,17033,-21.0
Reborn + Harmony,pong,0,17792,-21.0
Reborn + Harmony,pong,0,18552,-21.0
Reborn + Harmony,pong,0,19342,-21.0
Reborn + Harmony,pong,0,20268,-20.0
Reborn + Harmony,pong,0,21187,-20.0
Reborn + Harmony,pong,0,22012,-21.0
Reborn + Harmony,pong,0,22833,-21.0
Reborn + Harmony,pong,0,23669,-20.0
Reborn + Harmony,pong,0,24547,-21.0
Reborn + Harmony,pong,0,25368,-21.0
Reborn + Harmony,pong,0,26146,-21.0
Reborn + Harmony,pong,0,27027,-21.0
Reborn + Harmony,pong,0,27946,-20.0
Reborn + Harmony,pong,0,29043,-20.0
Reborn + Harmony,pong,0,30020,-20.0
Reborn + Harmony,pong,0,30960,-21.0
Reborn + Harmony,pong,0,32019,-21.0
Reborn + Harmony,pong,0,33346,-20.0
Reborn + Harmony,pong,0,35012,-17.0
Reborn + Harmony,pong,0,36922,-15.0
Reborn + Harmony,pong,0,39033,-14.0
Reborn + Harmony,pong,0,41112,-20.0
Reborn + Harmony,pong,0,44083,-11.0
Reborn + Harmony,pong,0,46514,-15.0
Reborn + Harmony,pong,0,49495,-12.0
Reborn + Harmony,pong,0,52061,-13.0
Reborn + Harmony,pong,0,55465,-9.0
Reborn + Harmony,pong,0,57922,-13.0
Reborn + Harmony,pong,0,60118,-14.0
Reborn + Harmony,pong,0,62446,-14.0
Reborn + Harmony,pong,0,65272,-13.0
Reborn + Harmony,pong,0,68247,-10.0
Reborn + Harmony,pong,0,71577,-11.0
Reborn + Harmony,pong,0,74372,-9.0
Reborn + Harmony,pong,0,77277,-11.0
Reborn + Harmony,pong,0,80688,-3.0
Reborn + Harmony,pong,0,84407,-8.0
Reborn + Harmony,pong,0,88750,-3.0
Reborn + Harmony,pong,0,92184,-5.0
Reborn + Harmony,pong,0,95789,-2.0
Reborn + Harmony,private_eye,0,2691,100.0
Reborn + Harmony,private_eye,0,5384,100.0
Reborn + Harmony,private_eye,0,8081,-1000.0
Reborn + Harmony,private_eye,0,10776,-900.0
Reborn + Harmony,private_eye,0,13471,4100.0
Reborn + Harmony,private_eye,0,16167,4056.0
Reborn + Harmony,private_eye,0,18864,-252.0
Reborn + Harmony,private_eye,0,21554,-900.0
Reborn + Harmony,private_eye,0,24251,4064.0
Reborn + Harmony,private_eye,0,26942,-344.0
Reborn + Harmony,private_eye,0,29635,4487.0
Reborn + Harmony,private_eye,0,32331,4264.0
Reborn + Harmony,private_eye,0,35025,-900.0
Reborn + Harmony,private_eye,0,37718,4791.0
Reborn + Harmony,private_eye,0,40411,-1000.0
Reborn + Harmony,private_eye,0,43104,4786.0
Reborn + Harmony,private_eye,0,45795,0.0
Reborn + Harmony,private_eye,0,48492,100.0
Reborn + Harmony,private_eye,0,51186,-135.0
Reborn + Harmony,private_eye,0,53878,4176.0
Reborn + Harmony,private_eye,0,56570,100.0
Reborn + Harmony,private_eye,0,59264,-625.0
Reborn + Harmony,private_eye,0,61959,4000.0
Reborn + Harmony,private_eye,0,64651,4000.0
Reborn + Harmony,private_eye,0,67346,4100.0
Reborn + Harmony,private_eye,0,70043,4000.0
Reborn + Harmony,private_eye,0,72738,0.0
Reborn + Harmony,private_eye,0,75429,4500.0
Reborn + Harmony,private_eye,0,78121,4100.0
Reborn + Harmony,private_eye,0,80816,4561.0
Reborn + Harmony,private_eye,0,83509,3073.0
Reborn + Harmony,private_eye,0,86202,4000.0
Reborn + Harmony,private_eye,0,88896,2388.0
Reborn + Harmony,private_eye,0,91589,100.0
Reborn + Harmony,private_eye,0,94283,3817.0
Reborn + Harmony,private_eye,0,96975,3912.0
Reborn + Harmony,private_eye,0,99667,3817.0
Reborn + Harmony,qbert,0,345,200.0
Reborn + Harmony,qbert,0,609,75.0
Reborn + Harmony,qbert,0,933,125.0
Reborn + Harmony,qbert,0,1254,150.0
Reborn + Harmony,qbert,0,1552,25.0
Reborn + Harmony,qbert,0,1852,25.0
Reborn + Harmony,qbert,0,2168,75.0
Reborn + Harmony,qbert,0,2582,200.0
Reborn + Harmony,qbert,0,2880,25.0
Reborn + Harmony,qbert,0,3280,475.0
Reborn + Harmony,qbert,0,3585,50.0
Reborn + Harmony,qbert,0,3902,75.0
Reborn + Harmony,qbert,0,4190,25.0
Reborn + Harmony,qbert,0,4514,225.0
Reborn + Harmony,qbert,0,4778,75.0
Reborn + Harmony,qbert,0,5206,225.0
Reborn + Harmony,qbert,0,5499,100.0
Reborn + Harmony,qbert,0,5795,50.0
Reborn + Harmony,qbert,0,6081,0.0
Reborn + Harmony,qbert,0,6369,25.0
Reborn + Harmony,qbert,0,6673,50.0
Reborn + Harmony,qbert,0,6999,250.0
Reborn + Harmony,qbert,0,7324,125.0
Reborn + Harmony,qbert,0,7622,200.0
Reborn + Harmony,qbert,0,7932,75.0
Reborn + Harmony,qbert,0,8220,100.0
Reborn + Harmony,qbert,0,8553,125.0
Reborn + Harmony,qbert,0,8840,25.0
Reborn + Harmony,qbert,0,9126,25.0
Reborn + Harmony,qbert,0,9435,50.0
Reborn + Harmony,qbert,0,9715,0.0
Reborn + Harmony,qbert,0,10081,200.0
Reborn + Harmony,qbert,0,10425,175.0
Reborn + Harmony,qbert,0,10767,125.0
Reborn + Harmony,qbert,0,11058,125.0
Reborn + Harmony,qbert,0,11450,225.0
Reborn + Harmony,qbert,0,11770,250.0
Reborn + Harmony,qbert,0,12104,150.0
Reborn + Harmony,qbert,0,12437,150.0
Reborn + Harmony,qbert,0,12755,150.0
Reborn + Harmony,qbert,0,13070,300.0
Reborn + Harmony,qbert,0,13409,125.0
Reborn + Harmony,qbert,0,13704,300.0
Reborn + Harmony,qbert,0,14004,350.0
Reborn + Harmony,qbert,0,14300,300.0
Reborn + Harmony,qbert,0,14583,300.0
Reborn + Harmony,qbert,0,14944,250.0
Reborn + Harmony,qbert,0,15292,325.0
Reborn + Harmony,qbert,0,15590,300.0
Reborn + Harmony,qbert,0,15887,325.0
Reborn + Harmony,qbert,0,16185,250.0
Reborn + Harmony,qbert,0,16548,350.0
Reborn + Harmony,qbert,0,16908,250.0
Reborn + Harmony,qbert,0,17271,375.0
Reborn + Harmony,qbert,0,17568,300.0
Reborn + Harmony,qbert,0,17864,350.0
Reborn + Harmony,qbert,0,18147,225.0
Reborn + Harmony,qbert,0,18439,300.0
Reborn + Harmony,qbert,0,18737,250.0
Reborn + Harmony,qbert,0,19037,275.0
Reborn + Harmony,qbert,0,19337,350.0
Reborn + Harmony,qbert,0,19699,350.0
Reborn + Harmony,qbert,0,20019,350.0
Reborn + Harmony,qbert,0,20314,325.0
Reborn + Harmony,qbert,0,20613,275.0
Reborn + Harmony,qbert,0,21007,325.0
Reborn + Harmony,qbert,0,21324,325.0
Reborn + Harmony,qbert,0,21613,250.0
Reborn + Harmony,qbert,0,21934,325.0
Reborn + Harmony,qbert,0,22232,325.0
Reborn + Harmony,qbert,0,22528,250.0
Reborn + Harmony,qbert,0,22849,350.0
Reborn + Harmony,qbert,0,23214,400.0
Reborn + Harmony,qbert,0,23544,350.0
Reborn + Harmony,qbert,0,23850,350.0
Reborn + Harmony,qbert,0,24149,375.0
Reborn + Harmony,qbert,0,24455,350.0
Reborn + Harmony,qbert,0,24759,325.0
Reborn + Harmony,qbert,0,25060,275.0
Reborn + Harmony,qbert,0,25385,350.0
Reborn + Harmony,qbert,0,25683,350.0
Reborn + Harmony,qbert,0,26008,350.0
Reborn + Harmony,qbert,0,26310,350.0
Reborn + Harmony,qbert,0,26608,300.0
Reborn + Harmony,qbert,0,26905,300.0
Reborn + Harmony,qbert,0,27203,275.0
Reborn + Harmony,qbert,0,27502,325.0
Reborn + Harmony,qbert,0,27803,300.0
Reborn + Harmony,qbert,0,28157,350.0
Reborn + Harmony,qbert,0,28458,325.0
Reborn + Harmony,qbert,0,28759,300.0
Reborn + Harmony,qbert,0,29059,300.0
Reborn + Harmony,qbert,0,29370,375.0
Reborn + Harmony,qbert,0,29696,325.0
Reborn + Harmony,qbert,0,29998,275.0
Reborn + Harmony,qbert,0,30301,275.0
Reborn + Harmony,qbert,0,30597,325.0
Reborn + Harmony,qbert,0,30893,325.0
Reborn + Harmony,qbert,0,31222,275.0
Reborn + Harmony,qbert,0,31568,350.0
Reborn + Harmony,qbert,0,31886,375.0
Reborn + Harmony,qbert,0,32186,300.0
Reborn + Harmony,qbert,0,32486,325.0
Reborn + Harmony,qbert,0,32843,325.0
Reborn + Harmony,qbert,0,33180,325.0
Reborn + Harmony,qbert,0,33478,350.0
Reborn + Harmony,qbert,0,33988,850.0
Reborn + Harmony,qbert,0,34304,250.0
Reborn + Harmony,qbert,0,34648,250.0
Reborn + Harmony,qbert,0,35158,775.0
Reborn + Harmony,qbert,0,35537,350.0
Reborn + Harmony,qbert,0,35918,350.0
Reborn + Harmony,qbert,0,36215,300.0
Reborn + Harmony,qbert,0,36637,400.0
Reborn + Harmony,qbert,0,36931,250.0
Reborn + Harmony,qbert,0,37320,375.0
Reborn + Harmony,qbert,0,37827,400.0
Reborn + Harmony,qbert,0,38215,400.0
Reborn + Harmony,qbert,0,38579,375.0
Reborn + Harmony,qbert,0,38874,225.0
Reborn + Harmony,qbert,0,39278,375.0
Reborn + Harmony,qbert,0,39629,350.0
Reborn + Harmony,qbert,0,40111,425.0
Reborn + Harmony,qbert,0,40509,375.0
Reborn + Harmony,qbert,0,40811,325.0
Reborn + Harmony,qbert,0,41225,375.0
Reborn + Harmony,qbert,0,41668,375.0
Reborn + Harmony,qbert,0,42067,400.0
Reborn + Harmony,qbert,0,42441,375.0
Reborn + Harmony,qbert,0,42788,350.0
Reborn + Harmony,qbert,0,43237,425.0
Reborn + Harmony,qbert,0,43538,300.0
Reborn + Harmony,qbert,0,43897,375.0
Reborn + Harmony,qbert,0,44228,375.0
Reborn + Harmony,qbert,0,44654,425.0
Reborn + Harmony,qbert,0,45066,375.0
Reborn + Harmony,qbert,0,45555,350.0
Reborn + Harmony,qbert,0,45986,450.0
Reborn + Harmony,qbert,0,46390,400.0
Reborn + Harmony,qbert,0,46830,425.0
Reborn + Harmony,qbert,0,47219,375.0
Reborn + Harmony,qbert,0,47580,400.0
Reborn + Harmony,qbert,0,47944,425.0
Reborn + Harmony,qbert,0,48302,375.0
Reborn + Harmony,qbert,0,48684,425.0
Reborn + Harmony,qbert,0,49120,400.0
Reborn + Harmony,qbert,0,49489,400.0
Reborn + Harmony,qbert,0,49811,375.0
Reborn + Harmony,qbert,0,50184,400.0
Reborn + Harmony,qbert,0,50543,400.0
Reborn + Harmony,qbert,0,50866,375.0
Reborn + Harmony,qbert,0,51253,425.0
Reborn + Harmony,qbert,0,51661,400.0
Reborn + Harmony,qbert,0,52025,425.0
Reborn + Harmony,qbert,0,52392,400.0
Reborn + Harmony,qbert,0,52762,375.0
Reborn + Harmony,qbert,0,53202,400.0
Reborn + Harmony,qbert,0,53625,400.0
Reborn + Harmony,qbert,0,53997,375.0
Reborn + Harmony,qbert,0,54410,425.0
Reborn + Harmony,qbert,0,54762,375.0
Reborn + Harmony,qbert,0,55169,375.0
Reborn + Harmony,qbert,0,55541,400.0
Reborn + Harmony,qbert,0,55938,425.0
Reborn + Harmony,qbert,0,56328,400.0
Reborn + Harmony,qbert,0,56692,425.0
Reborn + Harmony,qbert,0,57074,400.0
Reborn + Harmony,qbert,0,57511,425.0
Reborn + Harmony,qbert,0,57846,400.0
Reborn + Harmony,qbert,0,58213,400.0
Reborn + Harmony,qbert,0,58593,425.0
Reborn + Harmony,qbert,0,58959,425.0
Reborn + Harmony,qbert,0,59347,425.0
Reborn + Harmony,qbert,0,59710,375.0
Reborn + Harmony,qbert,0,60117,450.0
Reborn + Harmony,qbert,0,60504,425.0
Reborn + Harmony,qbert,0,60884,400.0
Reborn + Harmony,qbert,0,61275,375.0
Reborn + Harmony,qbert,0,61701,425.0
Reborn + Harmony,qbert,0,62128,425.0
Reborn + Harmony,qbert,0,62625,450.0
Reborn + Harmony,qbert,0,63054,400.0
Reborn + Harmony,qbert,0,63538,475.0
Reborn + Harmony,qbert,0,63967,425.0
Reborn + Harmony,qbert,0,64364,400.0
Reborn + Harmony,qbert,0,64797,450.0
Reborn + Harmony,qbert,0,65227,425.0
Reborn + Harmony,qbert,0,65660,425.0
Reborn + Harmony,qbert,0,66077,450.0
Reborn + Harmony,qbert,0,66482,300.0
Reborn + Harmony,qbert,0,66876,475.0
Reborn + Harmony,qbert,0,67422,450.0
Reborn + Harmony,qbert,0,67793,400.0
Reborn + Harmony,qbert,0,68195,425.0
Reborn + Harmony,qbert,0,68570,375.0
Reborn + Harmony,qbert,0,68961,400.0
Reborn + Harmony,qbert,0,69325,450.0
Reborn + Harmony,qbert,0,69732,475.0
Reborn + Harmony,qbert,0,70093,450.0
Reborn + Harmony,qbert,0,70505,450.0
Reborn + Harmony,qbert,0,70936,425.0
Reborn + Harmony,qbert,0,71363,425.0
Reborn + Harmony,qbert,0,71880,400.0
Reborn + Harmony,qbert,0,72284,425.0
Reborn + Harmony,qbert,0,72762,425.0
Reborn + Harmony,qbert,0,73139,450.0
Reborn + Harmony,qbert,0,73513,450.0
Reborn + Harmony,qbert,0,73913,400.0
Reborn + Harmony,qbert,0,74267,400.0
Reborn + Harmony,qbert,0,74788,475.0
Reborn + Harmony,qbert,0,75317,475.0
Reborn + Harmony,qbert,0,75680,400.0
Reborn + Harmony,qbert,0,76087,400.0
Reborn + Harmony,qbert,0,76478,450.0
Reborn + Harmony,qbert,0,76928,425.0
Reborn + Harmony,qbert,0,77366,400.0
Reborn + Harmony,qbert,0,77756,450.0
Reborn + Harmony,qbert,0,78127,350.0
Reborn + Harmony,qbert,0,78479,400.0
Reborn + Harmony,qbert,0,79060,500.0
Reborn + Harmony,qbert,0,79546,300.0
Reborn + Harmony,qbert,0,79960,425.0
Reborn + Harmony,qbert,0,80386,450.0
Reborn + Harmony,qbert,0,80866,425.0
Reborn + Harmony,qbert,0,81211,450.0
Reborn + Harmony,qbert,0,81771,450.0
Reborn + Harmony,qbert,0,82145,450.0
Reborn + Harmony,qbert,0,82612,450.0
Reborn + Harmony,qbert,0,82971,475.0
Reborn + Harmony,qbert,0,83325,475.0
Reborn + Harmony,qbert,0,83681,475.0
Reborn + Harmony,qbert,0,84083,475.0
Reborn + Harmony,qbert,0,84539,475.0
Reborn + Harmony,qbert,0,85058,450.0
Reborn + Harmony,qbert,0,85494,450.0
Reborn + Harmony,qbert,0,85830,300.0
Reborn + Harmony,qbert,0,86252,450.0
Reborn + Harmony,qbert,0,86595,400.0
Reborn + Harmony,qbert,0,87033,475.0
Reborn + Harmony,qbert,0,87451,475.0
Reborn + Harmony,qbert,0,87778,350.0
Reborn + Harmony,qbert,0,88254,450.0
Reborn + Harmony,qbert,0,88689,500.0
Reborn + Harmony,qbert,0,89110,450.0
Reborn + Harmony,qbert,0,89577,475.0
Reborn + Harmony,qbert,0,89944,475.0
Reborn + Harmony,qbert,0,90403,475.0
Reborn + Harmony,qbert,0,90996,975.0
Reborn + Harmony,qbert,0,91420,475.0
Reborn + Harmony,qbert,0,91780,475.0
Reborn + Harmony,qbert,0,92162,450.0
Reborn + Harmony,qbert,0,92762,350.0
Reborn + Harmony,qbert,0,93181,475.0
Reborn + Harmony,qbert,0,93741,500.0
Reborn + Harmony,qbert,0,94140,500.0
Reborn + Harmony,qbert,0,94537,500.0
Reborn + Harmony,qbert,0,94931,500.0
Reborn + Harmony,qbert,0,95376,500.0
Reborn + Harmony,qbert,0,95840,525.0
Reborn + Harmony,qbert,0,96247,475.0
Reborn + Harmony,qbert,0,96701,475.0
Reborn + Harmony,qbert,0,97239,525.0
Reborn + Harmony,qbert,0,97773,525.0
Reborn + Harmony,qbert,0,98141,450.0
Reborn + Harmony,qbert,0,98561,425.0
Reborn + Harmony,qbert,0,98942,400.0
Reborn + Harmony,qbert,0,99368,450.0
Reborn + Harmony,road_runner,0,613,200.0
Reborn + Harmony,road_runner,0,771,0.0
Reborn + Harmony,road_runner,0,844,0.0
Reborn + Harmony,road_runner,0,1010,0.0
Reborn + Harmony,road_runner,0,1181,0.0
Reborn + Harmony,road_runner,0,1481,0.0
Reborn + Harmony,road_runner,0,1581,0.0
Reborn + Harmony,road_runner,0,1858,0.0
Reborn + Harmony,road_runner,0,2057,0.0
Reborn + Harmony,road_runner,0,2272,0.0
Reborn + Harmony,road_runner,0,2377,0.0
Reborn + Harmony,road_runner,0,2548,0.0
Reborn + Harmony,road_runner,0,2619,0.0
Reborn + Harmony,road_runner,0,2792,0.0
Reborn + Harmony,road_runner,0,3067,100.0
Reborn + Harmony,road_runner,0,3224,0.0
Reborn + Harmony,road_runner,0,3361,0.0
Reborn + Harmony,road_runner,0,3499,0.0
Reborn + Harmony,road_runner,0,3588,0.0
Reborn + Harmony,road_runner,0,3747,0.0
Reborn + Harmony,road_runner,0,3870,0.0
Reborn + Harmony,road_runner,0,4001,0.0
Reborn + Harmony,road_runner,0,4206,0.0
Reborn + Harmony,road_runner,0,4397,0.0
Reborn + Harmony,road_runner,0,4468,0.0
Reborn + Harmony,road_runner,0,4816,100.0
Reborn + Harmony,road_runner,0,5000,0.0
Reborn + Harmony,road_runner,0,5130,0.0
Reborn + Harmony,road_runner,0,5392,100.0
Reborn + Harmony,road_runner,0,5642,0.0
Reborn + Harmony,road_runner,0,5735,0.0
Reborn + Harmony,road_runner,0,6192,400.0
Reborn + Harmony,road_runner,0,6507,200.0
Reborn + Harmony,road_runner,0,6877,1200.0
Reborn + Harmony,road_runner,0,7429,1200.0
Reborn + Harmony,road_runner,0,8176,100.0
Reborn + Harmony,road_runner,0,8544,0.0
Reborn + Harmony,road_runner,0,9296,100.0
Reborn + Harmony,road_runner,0,9837,400.0
Reborn + Harmony,road_runner,0,10690,500.0
Reborn + Harmony,road_runner,0,11792,800.0
Reborn + Harmony,road_runner,0,12154,200.0
Reborn + Harmony,road_runner,0,12557,100.0
Reborn + Harmony,road_runner,0,13011,2400.0
Reborn + Harmony,road_runner,0,13783,400.0
Reborn + Harmony,road_runner,0,14297,500.0
Reborn + Harmony,road_runner,0,15264,1700.0
Reborn + Harmony,road_runner,0,16108,900.0
Reborn + Harmony,road_runner,0,16953,1000.0
Reborn + Harmony,road_runner,0,17791,1000.0
Reborn + Harmony,road_runner,0,18628,800.0
Reborn + Harmony,road_runner,0,19465,1000.0
Reborn + Harmony,road_runner,0,20303,1000.0
Reborn + Harmony,road_runner,0,21176,1000.0
Reborn + Harmony,road_runner,0,22012,1000.0
Reborn + Harmony,road_runner,0,22851,900.0
Reborn + Harmony,road_runner,0,23747,1000.0
Reborn + Harmony,road_runner,0,24653,900.0
Reborn + Harmony,road_runner,0,25551,900.0
Reborn + Harmony,road_runner,0,26412,1000.0
Reborn + Harmony,road_runner,0,27247,1000.0
Reborn + Harmony,road_runner,0,28083,1000.0
Reborn + Harmony,road_runner,0,29078,1000.0
Reborn + Harmony,road_runner,0,29958,900.0
Reborn + Harmony,road_runner,0,30793,1000.0
Reborn + Harmony,road_runner,0,31666,900.0
Reborn + Harmony,road_runner,0,32509,1000.0
Reborn + Harmony,road_runner,0,33439,900.0
Reborn + Harmony,road_runner,0,34316,900.0
Reborn + Harmony,road_runner,0,35171,1000.0
Reborn + Harmony,road_runner,0,36039,900.0
Reborn + Harmony,road_runner,0,36912,1000.0
Reborn + Harmony,road_runner,0,37868,900.0
Reborn + Harmony,road_runner,0,38859,1000.0
Reborn + Harmony,road_runner,0,39693,700.0
Reborn + Harmony,road_runner,0,40530,1000.0
Reborn + Harmony,road_runner,0,41461,800.0
Reborn + Harmony,road_runner,0,42296,900.0
Reborn + Harmony,road_runner,0,43132,900.0
Reborn + Harmony,road_runner,0,43967,1000.0
Reborn + Harmony,road_runner,0,44804,800.0
Reborn + Harmony,road_runner,0,45640,900.0
Reborn + Harmony,road_runner,0,46479,800.0
Reborn + Harmony,road_runner,0,47308,900.0
Reborn + Harmony,road_runner,0,48200,1000.0
Reborn + Harmony,road_runner,0,49056,1100.0
Reborn + Harmony,road_runner,0,49968,1000.0
Reborn + Harmony,road_runner,0,50890,1800.0
Reborn + Harmony,road_runner,0,51642,2900.0
Reborn + Harmony,road_runner,0,52017,100.0
Reborn + Harmony,road_runner,0,52358,700.0
Reborn + Harmony,road_runner,0,52900,1000.0
Reborn + Harmony,road_runner,0,53790,3700.0
Reborn + Harmony,road_runner,0,54845,2500.0
Reborn + Harmony,road_runner,0,55438,1800.0
Reborn + Harmony,road_runner,0,55804,1300.0
Reborn + Harmony,road_runner,0,56487,1900.0
Reborn + Harmony,road_runner,0,56872,1800.0
Reborn + Harmony,road_runner,0,57347,3000.0
Reborn + Harmony,road_runner,0,57773,2400.0
Reborn + Harmony,road_runner,0,58197,1100.0
Reborn + Harmony,road_runner,0,58673,1500.0
Reborn + Harmony,road_runner,0,59213,400.0
Reborn + Harmony,road_runner,0,59606,1600.0
Reborn + Harmony,road_runner,0,60085,500.0
Reborn + Harmony,road_runner,0,61150,2100.0
Reborn + Harmony,road_runner,0,61968,2500.0
Reborn + Harmony,road_runner,0,62356,700.0
Reborn + Harmony,road_runner,0,62805,1300.0
Reborn + Harmony,road_runner,0,63212,2400.0
Reborn + Harmony,road_runner,0,64240,4300.0
Reborn + Harmony,road_runner,0,64832,6800.0
Reborn + Harmony,road_runner,0,65336,5500.0
Reborn + Harmony,road_runner,0,65730,3400.0
Reborn + Harmony,road_runner,0,66786,9400.0
Reborn + Harmony,road_runner,0,67295,4800.0
Reborn + Harmony,road_runner,0,68325,7900.0
Reborn + Harmony,road_runner,0,68923,5000.0
Reborn + Harmony,road_runner,0,69669,6900.0
Reborn + Harmony,road_runner,0,70269,3500.0
Reborn + Harmony,road_runner,0,71266,8100.0
Reborn + Harmony,road_runner,0,71718,4200.0
Reborn + Harmony,road_runner,0,72128,2200.0
Reborn + Harmony,road_runner,0,72463,3200.0
Reborn + Harmony,road_runner,0,73497,6300.0
Reborn + Harmony,road_runner,0,74453,15200.0
Reborn + Harmony,road_runner,0,75342,6100.0
Reborn + Harmony,road_runner,0,75764,2200.0
Reborn + Harmony,road_runner,0,76127,2400.0
Reborn + Harmony,road_runner,0,77070,13100.0
Reborn + Harmony,road_runner,0,77721,10200.0
Reborn + Harmony,road_runner,0,78313,7000.0
Reborn + Harmony,road_runner,0,79304,11100.0
Reborn + Harmony,road_runner,0,80253,13800.0
Reborn + Harmony,road_runner,0,81209,11800.0
Reborn + Harmony,road_runner,0,82174,15900.0
Reborn + Harmony,road_runner,0,83178,15800.0
Reborn + Harmony,road_runner,0,84224,12800.0
Reborn + Harmony,road_runner,0,85225,12000.0
Reborn + Harmony,road_runner,0,86307,13800.0
Reborn + Harmony,road_runner,0,87451,12000.0
Reborn + Harmony,road_runner,0,88428,9300.0
Reborn + Harmony,road_runner,0,89442,13500.0
Reborn + Harmony,road_runner,0,90029,9800.0
Reborn + Harmony,road_runner,0,91197,16000.0
Reborn + Harmony,road_runner,0,92177,14700.0
Reborn + Harmony,road_runner,0,93149,14700.0
Reborn + Harmony,road_runner,0,94195,15000.0
Reborn + Harmony,road_runner,0,95158,15800.0
Reborn + Harmony,road_runner,0,96113,15300.0
Reborn + Harmony,road_runner,0,97070,15800.0
Reborn + Harmony,road_runner,0,98190,14700.0
Reborn + Harmony,road_runner,0,99208,16400.0
Reborn + Harmony,seaquest,0,419,20.0
Reborn + Harmony,seaquest,0,758,20.0
Reborn + Harmony,seaquest,0,1328,80.0
Reborn + Harmony,seaquest,0,1878,80.0
Reborn + Harmony,seaquest,0,2378,40.0
Reborn + Harmony,seaquest,0,3006,80.0
Reborn + Harmony,seaquest,0,3301,0.0
Reborn + Harmony,seaquest,0,3694,40.0
Reborn + Harmony,seaquest,0,4088,20.0
Reborn + Harmony,seaquest,0,4531,60.0
Reborn + Harmony,seaquest,0,4891,0.0
Reborn + Harmony,seaquest,0,5478,80.0
Reborn + Harmony,seaquest,0,5975,40.0
Reborn + Harmony,seaquest,0,6426,40.0
Reborn + Harmony,seaquest,0,6889,60.0
Reborn + Harmony,seaquest,0,7440,80.0
Reborn + Harmony,seaquest,0,8295,240.0
Reborn + Harmony,seaquest,0,8682,40.0
Reborn + Harmony,seaquest,0,9053,20.0
Reborn + Harmony,seaquest,0,9422,20.0
Reborn + Harmony,seaquest,0,10319,240.0
Reborn + Harmony,seaquest,0,11250,240.0
Reborn + Harmony,seaquest,0,12194,240.0
Reborn + Harmony,seaquest,0,13003,180.0
Reborn + Harmony,seaquest,0,14055,240.0
Reborn + Harmony,seaquest,0,15095,260.0
Reborn + Harmony,seaquest,0,16055,240.0
Reborn + Harmony,seaquest,0,17217,320.0
Reborn + Harmony,seaquest,0,18295,300.0
Reborn + Harmony,seaquest,0,19429,280.0
Reborn + Harmony,seaquest,0,20219,180.0
Reborn + Harmony,seaquest,0,20928,140.0
Reborn + Harmony,seaquest,0,21617,160.0
Reborn + Harmony,seaquest,0,22507,180.0
Reborn + Harmony,seaquest,0,23394,220.0
Reborn + Harmony,seaquest,0,23885,80.0
Reborn + Harmony,seaquest,0,24838,260.0
Reborn + Harmony,seaquest,0,26158,300.0
Reborn + Harmony,seaquest,0,26866,140.0
Reborn + Harmony,seaquest,0,27331,100.0
Reborn + Harmony,seaquest,0,28551,340.0
Reborn + Harmony,seaquest,0,29806,320.0
Reborn + Harmony,seaquest,0,30565,100.0
Reborn + Harmony,seaquest,0,31501,280.0
Reborn + Harmony,seaquest,0,32088,100.0
Reborn + Harmony,seaquest,0,32796,160.0
Reborn + Harmony,seaquest,0,33439,120.0
Reborn + Harmony,seaquest,0,34150,140.0
Reborn + Harmony,seaquest,0,35259,240.0
Reborn + Harmony,seaquest,0,36118,260.0
Reborn + Harmony,seaquest,0,37080,300.0
Reborn + Harmony,seaquest,0,38007,280.0
Reborn + Harmony,seaquest,0,38743,200.0
Reborn + Harmony,seaquest,0,39634,280.0
Reborn + Harmony,seaquest,0,40525,280.0
Reborn + Harmony,seaquest,0,41551,360.0
Reborn + Harmony,seaquest,0,42638,360.0
Reborn + Harmony,seaquest,0,43470,260.0
Reborn + Harmony,seaquest,0,44126,180.0
Reborn + Harmony,seaquest,0,45050,240.0
Reborn + Harmony,seaquest,0,46114,360.0
Reborn + Harmony,seaquest,0,46630,120.0
Reborn + Harmony,seaquest,0,47421,220.0
Reborn + Harmony,seaquest,0,48284,280.0
Reborn + Harmony,seaquest,0,49896,560.0
Reborn + Harmony,seaquest,0,51007,380.0
Reborn + Harmony,seaquest,0,51889,300.0
Reborn + Harmony,seaquest,0,52732,260.0
Reborn + Harmony,seaquest,0,53684,320.0
Reborn + Harmony,seaquest,0,54868,380.0
Reborn + Harmony,seaquest,0,55810,280.0
Reborn + Harmony,seaquest,0,56510,220.0
Reborn + Harmony,seaquest,0,57480,280.0
Reborn + Harmony,seaquest,0,58400,260.0
Reborn + Harmony,seaquest,0,58968,140.0
Reborn + Harmony,seaquest,0,60194,440.0
Reborn + Harmony,seaquest,0,61071,220.0
Reborn + Harmony,seaquest,0,61988,300.0
Reborn + Harmony,seaquest,0,63344,400.0
Reborn + Harmony,seaquest,0,64166,220.0
Reborn + Harmony,seaquest,0,65377,380.0
Reborn + Harmony,seaquest,0,66176,220.0
Reborn + Harmony,seaquest,0,67066,260.0
Reborn + Harmony,seaquest,0,67713,160.0
Reborn + Harmony,seaquest,0,68519,260.0
Reborn + Harmony,seaquest,0,69247,200.0
Reborn + Harmony,seaquest,0,70275,320.0
Reborn + Harmony,seaquest,0,71203,280.0
Reborn + Harmony,seaquest,0,71827,160.0
Reborn + Harmony,seaquest,0,73250,440.0
Reborn + Harmony,seaquest,0,73787,120.0
Reborn + Harmony,seaquest,0,74630,200.0
Reborn + Harmony,seaquest,0,75253,140.0
Reborn + Harmony,seaquest,0,76321,340.0
Reborn + Harmony,seaquest,0,77205,280.0
Reborn + Harmony,seaquest,0,78169,340.0
Reborn + Harmony,seaquest,0,78928,260.0
Reborn + Harmony,seaquest,0,80180,420.0
Reborn + Harmony,seaquest,0,81145,320.0
Reborn + Harmony,seaquest,0,82277,400.0
Reborn + Harmony,seaquest,0,83435,360.0
Reborn + Harmony,seaquest,0,84952,500.0
Reborn + Harmony,seaquest,0,85978,380.0
Reborn + Harmony,seaquest,0,86910,260.0
Reborn + Harmony,seaquest,0,88019,380.0
Reborn + Harmony,seaquest,0,88622,180.0
Reborn + Harmony,seaquest,0,89981,460.0
Reborn + Harmony,seaquest,0,90720,220.0
Reborn + Harmony,seaquest,0,91780,340.0
Reborn + Harmony,seaquest,0,93206,480.0
Reborn + Harmony,seaquest,0,94217,320.0
Reborn + Harmony,seaquest,0,95068,280.0
Reborn + Harmony,seaquest,0,96140,420.0
Reborn + Harmony,seaquest,0,96944,260.0
Reborn + Harmony,seaquest,0,97807,340.0
Reborn + Harmony,seaquest,0,98447,220.0
Reborn + Harmony,seaquest,0,99065,180.0
Reborn + Harmony,seaquest,0,99704,180.0
Reborn + Harmony,up_n_down,0,481,230.0
Reborn + Harmony,up_n_down,0,865,70.0
Reborn + Harmony,up_n_down,0,1377,150.0
Reborn + Harmony,up_n_down,0,1939,190.0
Reborn + Harmony,up_n_down,0,2392,510.0
Reborn + Harmony,up_n_down,0,2787,470.0
Reborn + Harmony,up_n_down,0,3255,520.0
Reborn + Harmony,up_n_down,0,3893,930.0
Reborn + Harmony,up_n_down,0,4521,1020.0
Reborn + Harmony,up_n_down,0,5223,770.0
Reborn + Harmony,up_n_down,0,5800,990.0
Reborn + Harmony,up_n_down,0,6399,3900.0
Reborn + Harmony,up_n_down,0,6900,1740.0
Reborn + Harmony,up_n_down,0,7588,760.0
Reborn + Harmony,up_n_down,0,8219,1520.0
Reborn + Harmony,up_n_down,0,8763,2070.0
Reborn + Harmony,up_n_down,0,9509,1110.0
Reborn + Harmony,up_n_down,0,10159,1030.0
Reborn + Harmony,up_n_down,0,11229,1700.0
Reborn + Harmony,up_n_down,0,11850,620.0
Reborn + Harmony,up_n_down,0,12599,700.0
Reborn + Harmony,up_n_down,0,13429,1550.0
Reborn + Harmony,up_n_down,0,14749,2650.0
Reborn + Harmony,up_n_down,0,15353,610.0
Reborn + Harmony,up_n_down,0,16059,2070.0
Reborn + Harmony,up_n_down,0,16487,1690.0
Reborn + Harmony,up_n_down,0,16933,2110.0
Reborn + Harmony,up_n_down,0,17494,3580.0
Reborn + Harmony,up_n_down,0,18053,1780.0
Reborn + Harmony,up_n_down,0,18435,870.0
Reborn + Harmony,up_n_down,0,19201,3110.0
Reborn + Harmony,up_n_down,0,19664,1420.0
Reborn + Harmony,up_n_down,0,20317,2450.0
Reborn + Harmony,up_n_down,0,21002,3360.0
Reborn + Harmony,up_n_down,0,21551,2570.0
Reborn + Harmony,up_n_down,0,22113,1480.0
Reborn + Harmony,up_n_down,0,22730,2010.0
Reborn + Harmony,up_n_down,0,23292,3280.0
Reborn + Harmony,up_n_down,0,23901,3010.0
Reborn + Harmony,up_n_down,0,24419,1550.0
Reborn + Harmony,up_n_down,0,24953,2660.0
Reborn + Harmony,up_n_down,0,25532,2490.0
Reborn + Harmony,up_n_down,0,26194,3140.0
Reborn + Harmony,up_n_down,0,26776,1690.0
Reborn + Harmony,up_n_down,0,27321,2670.0
Reborn + Harmony,up_n_down,0,27819,3340.0
Reborn + Harmony,up_n_down,0,28349,2870.0
Reborn + Harmony,up_n_down,0,28930,2590.0
Reborn + Harmony,up_n_down,0,29549,2720.0
Reborn + Harmony,up_n_down,0,30322,4610.0
Reborn + Harmony,up_n_down,0,31231,2710.0
Reborn + Harmony,up_n_down,0,31855,2020.0
Reborn + Harmony,up_n_down,0,32485,3320.0
Reborn + Harmony,up_n_down,0,33274,4420.0
Reborn + Harmony,up_n_down,0,33929,1940.0
Reborn + Harmony,up_n_down,0,34566,1930.0
Reborn + Harmony,up_n_down,0,35067,2040.0
Reborn + Harmony,up_n_down,0,35557,2430.0
Reborn + Harmony,up_n_down,0,36219,2240.0
Reborn + Harmony,up_n_down,0,36855,3930.0
Reborn + Harmony,up_n_down,0,37416,2580.0
Reborn + Harmony,up_n_down,0,38290,2870.0
Reborn + Harmony,up_n_down,0,39092,3240.0
Reborn + Harmony,up_n_down,0,40132,6080.0
Reborn + Harmony,up_n_down,0,42154,7890.0
Reborn + Harmony,up_n_down,0,43447,5540.0
Reborn + Harmony,up_n_down,0,44661,3790.0
Reborn + Harmony,up_n_down,0,45361,2370.0
Reborn + Harmony,up_n_down,0,46113,3600.0
Reborn + Harmony,up_n_down,0,47077,3030.0
Reborn + Harmony,up_n_down,0,48812,6910.0
Reborn + Harmony,up_n_down,0,49657,3260.0
Reborn + Harmony,up_n_down,0,50463,4230.0
Reborn + Harmony,up_n_down,0,51323,2860.0
Reborn + Harmony,up_n_down,0,52071,3800.0
Reborn + Harmony,up_n_down,0,52678,2710.0
Reborn + Harmony,up_n_down,0,53199,3660.0
Reborn + Harmony,up_n_down,0,54031,5450.0
Reborn + Harmony,up_n_down,0,55136,5220.0
Reborn + Harmony,up_n_down,0,61029,45830.0
Reborn + Harmony,up_n_down,0,64548,23990.0
Reborn + Harmony,up_n_down,0,72274,60540.0
Reborn + Harmony,up_n_down,0,97236,242470.0
