Run ID,Arm,Task,Seed,Size,Warmup,Status,Start (YYYY-MM-DD HH:MM),End (YYYY-MM-DD HH:MM),Hours,Final score,HNS,W&B URL,Notes,Command (auto-generated — copy and run)
run_001,baseline,atari100k_breakout,0,size25m,0,Not matched,,,,,,,"Original template status=Queued. No matching result in this sweep: template uses Breakout/size25m; completed runs use Boxing, Up N Down, Frostbite, Road Runner/size12m/seed0. Warmup template commands also specify 110000, unlike our 100000-action budget. Original planned command retained, not executed.",./run_arm.sh baseline 0 atari100k_breakout size25m
run_002,baseline,atari100k_breakout,1,size25m,0,Not matched,,,,,,,"Original template status=Queued. No matching result in this sweep: template uses Breakout/size25m; completed runs use Boxing, Up N Down, Frostbite, Road Runner/size12m/seed0. Warmup template commands also specify 110000, unlike our 100000-action budget. Original planned command retained, not executed.",./run_arm.sh baseline 1 atari100k_breakout size25m
run_003,baseline,atari100k_breakout,2,size25m,0,Not matched,,,,,,,"Original template status=Queued. No matching result in this sweep: template uses Breakout/size25m; completed runs use Boxing, Up N Down, Frostbite, Road Runner/size12m/seed0. Warmup template commands also specify 110000, unlike our 100000-action budget. Original planned command retained, not executed.",./run_arm.sh baseline 2 atari100k_breakout size25m
run_004,htp_empty_projection,atari100k_breakout,0,size25m,0,Not matched,,,,,,,"Original template status=Queued. No matching result in this sweep: template uses Breakout/size25m; completed runs use Boxing, Up N Down, Frostbite, Road Runner/size12m/seed0. Warmup template commands also specify 110000, unlike our 100000-action budget. Original planned command retained, not executed.",./run_arm.sh htp_empty_projection 0 atari100k_breakout size25m
run_005,htp_empty_projection,atari100k_breakout,1,size25m,0,Not matched,,,,,,,"Original template status=Queued. No matching result in this sweep: template uses Breakout/size25m; completed runs use Boxing, Up N Down, Frostbite, Road Runner/size12m/seed0. Warmup template commands also specify 110000, unlike our 100000-action budget. Original planned command retained, not executed.",./run_arm.sh htp_empty_projection 1 atari100k_breakout size25m
run_006,htp_empty_projection,atari100k_breakout,2,size25m,0,Not matched,,,,,,,"Original template status=Queued. No matching result in this sweep: template uses Breakout/size25m; completed runs use Boxing, Up N Down, Frostbite, Road Runner/size12m/seed0. Warmup template commands also specify 110000, unlike our 100000-action budget. Original planned command retained, not executed.",./run_arm.sh htp_empty_projection 2 atari100k_breakout size25m
run_007,htp_full,atari100k_breakout,0,size25m,0,Not matched,,,,,,,"Original template status=Queued. No matching result in this sweep: template uses Breakout/size25m; completed runs use Boxing, Up N Down, Frostbite, Road Runner/size12m/seed0. Warmup template commands also specify 110000, unlike our 100000-action budget. Original planned command retained, not executed.",./run_arm.sh htp_full 0 atari100k_breakout size25m
run_008,htp_full,atari100k_breakout,1,size25m,0,Not matched,,,,,,,"Original template status=Queued. No matching result in this sweep: template uses Breakout/size25m; completed runs use Boxing, Up N Down, Frostbite, Road Runner/size12m/seed0. Warmup template commands also specify 110000, unlike our 100000-action budget. Original planned command retained, not executed.",./run_arm.sh htp_full 1 atari100k_breakout size25m
run_009,htp_full,atari100k_breakout,2,size25m,0,Not matched,,,,,,,"Original template status=Queued. No matching result in this sweep: template uses Breakout/size25m; completed runs use Boxing, Up N Down, Frostbite, Road Runner/size12m/seed0. Warmup template commands also specify 110000, unlike our 100000-action budget. Original planned command retained, not executed.",./run_arm.sh htp_full 2 atari100k_breakout size25m
run_010,htp_recon_only,atari100k_breakout,0,size25m,0,Not matched,,,,,,,"Original template status=Queued. No matching result in this sweep: template uses Breakout/size25m; completed runs use Boxing, Up N Down, Frostbite, Road Runner/size12m/seed0. Warmup template commands also specify 110000, unlike our 100000-action budget. Original planned command retained, not executed.",./run_arm.sh htp_recon_only 0 atari100k_breakout size25m
run_011,htp_recon_only,atari100k_breakout,1,size25m,0,Not matched,,,,,,,"Original template status=Queued. No matching result in this sweep: template uses Breakout/size25m; completed runs use Boxing, Up N Down, Frostbite, Road Runner/size12m/seed0. Warmup template commands also specify 110000, unlike our 100000-action budget. Original planned command retained, not executed.",./run_arm.sh htp_recon_only 1 atari100k_breakout size25m
run_012,htp_recon_only,atari100k_breakout,2,size25m,0,Not matched,,,,,,,"Original template status=Queued. No matching result in this sweep: template uses Breakout/size25m; completed runs use Boxing, Up N Down, Frostbite, Road Runner/size12m/seed0. Warmup template commands also specify 110000, unlike our 100000-action budget. Original planned command retained, not executed.",./run_arm.sh htp_recon_only 2 atari100k_breakout size25m
run_013,htp_pdyn_only,atari100k_breakout,0,size25m,0,Not matched,,,,,,,"Original template status=Queued. No matching result in this sweep: template uses Breakout/size25m; completed runs use Boxing, Up N Down, Frostbite, Road Runner/size12m/seed0. Warmup template commands also specify 110000, unlike our 100000-action budget. Original planned command retained, not executed.",./run_arm.sh htp_pdyn_only 0 atari100k_breakout size25m
run_014,htp_pdyn_only,atari100k_breakout,1,size25m,0,Not matched,,,,,,,"Original template status=Queued. No matching result in this sweep: template uses Breakout/size25m; completed runs use Boxing, Up N Down, Frostbite, Road Runner/size12m/seed0. Warmup template commands also specify 110000, unlike our 100000-action budget. Original planned command retained, not executed.",./run_arm.sh htp_pdyn_only 1 atari100k_breakout size25m
run_015,htp_pdyn_only,atari100k_breakout,2,size25m,0,Not matched,,,,,,,"Original template status=Queued. No matching result in this sweep: template uses Breakout/size25m; completed runs use Boxing, Up N Down, Frostbite, Road Runner/size12m/seed0. Warmup template commands also specify 110000, unlike our 100000-action budget. Original planned command retained, not executed.",./run_arm.sh htp_pdyn_only 2 atari100k_breakout size25m
run_016,htp_separable,atari100k_breakout,0,size25m,0,Not matched,,,,,,,"Original template status=Queued. No matching result in this sweep: template uses Breakout/size25m; completed runs use Boxing, Up N Down, Frostbite, Road Runner/size12m/seed0. Warmup template commands also specify 110000, unlike our 100000-action budget. Original planned command retained, not executed.",./run_arm.sh htp_separable 0 atari100k_breakout size25m
run_017,htp_separable,atari100k_breakout,1,size25m,0,Not matched,,,,,,,"Original template status=Queued. No matching result in this sweep: template uses Breakout/size25m; completed runs use Boxing, Up N Down, Frostbite, Road Runner/size12m/seed0. Warmup template commands also specify 110000, unlike our 100000-action budget. Original planned command retained, not executed.",./run_arm.sh htp_separable 1 atari100k_breakout size25m
run_018,htp_separable,atari100k_breakout,2,size25m,0,Not matched,,,,,,,"Original template status=Queued. No matching result in this sweep: template uses Breakout/size25m; completed runs use Boxing, Up N Down, Frostbite, Road Runner/size12m/seed0. Warmup template commands also specify 110000, unlike our 100000-action budget. Original planned command retained, not executed.",./run_arm.sh htp_separable 2 atari100k_breakout size25m
run_019,htp_joint,atari100k_breakout,0,size25m,0,Not matched,,,,,,,"Original template status=Queued. No matching result in this sweep: template uses Breakout/size25m; completed runs use Boxing, Up N Down, Frostbite, Road Runner/size12m/seed0. Warmup template commands also specify 110000, unlike our 100000-action budget. Original planned command retained, not executed.",./run_arm.sh htp_joint 0 atari100k_breakout size25m
run_020,htp_joint,atari100k_breakout,1,size25m,0,Not matched,,,,,,,"Original template status=Queued. No matching result in this sweep: template uses Breakout/size25m; completed runs use Boxing, Up N Down, Frostbite, Road Runner/size12m/seed0. Warmup template commands also specify 110000, unlike our 100000-action budget. Original planned command retained, not executed.",./run_arm.sh htp_joint 1 atari100k_breakout size25m
run_021,htp_joint,atari100k_breakout,2,size25m,0,Not matched,,,,,,,"Original template status=Queued. No matching result in this sweep: template uses Breakout/size25m; completed runs use Boxing, Up N Down, Frostbite, Road Runner/size12m/seed0. Warmup template commands also specify 110000, unlike our 100000-action budget. Original planned command retained, not executed.",./run_arm.sh htp_joint 2 atari100k_breakout size25m
run_022,htp_reverse_strides,atari100k_breakout,0,size25m,0,Not matched,,,,,,,"Original template status=Queued. No matching result in this sweep: template uses Breakout/size25m; completed runs use Boxing, Up N Down, Frostbite, Road Runner/size12m/seed0. Warmup template commands also specify 110000, unlike our 100000-action budget. Original planned command retained, not executed.",./run_arm.sh htp_reverse_strides 0 atari100k_breakout size25m
run_023,htp_reverse_strides,atari100k_breakout,1,size25m,0,Not matched,,,,,,,"Original template status=Queued. No matching result in this sweep: template uses Breakout/size25m; completed runs use Boxing, Up N Down, Frostbite, Road Runner/size12m/seed0. Warmup template commands also specify 110000, unlike our 100000-action budget. Original planned command retained, not executed.",./run_arm.sh htp_reverse_strides 1 atari100k_breakout size25m
run_024,htp_reverse_strides,atari100k_breakout,2,size25m,0,Not matched,,,,,,,"Original template status=Queued. No matching result in this sweep: template uses Breakout/size25m; completed runs use Boxing, Up N Down, Frostbite, Road Runner/size12m/seed0. Warmup template commands also specify 110000, unlike our 100000-action budget. Original planned command retained, not executed.",./run_arm.sh htp_reverse_strides 2 atari100k_breakout size25m
run_025,htp_slim,atari100k_breakout,0,size25m,0,Not matched,,,,,,,"Original template status=Queued. No matching result in this sweep: template uses Breakout/size25m; completed runs use Boxing, Up N Down, Frostbite, Road Runner/size12m/seed0. Warmup template commands also specify 110000, unlike our 100000-action budget. Original planned command retained, not executed.",./run_arm.sh htp_slim 0 atari100k_breakout size25m
run_026,htp_slim,atari100k_breakout,1,size25m,0,Not matched,,,,,,,"Original template status=Queued. No matching result in this sweep: template uses Breakout/size25m; completed runs use Boxing, Up N Down, Frostbite, Road Runner/size12m/seed0. Warmup template commands also specify 110000, unlike our 100000-action budget. Original planned command retained, not executed.",./run_arm.sh htp_slim 1 atari100k_breakout size25m
run_027,htp_slim,atari100k_breakout,2,size25m,0,Not matched,,,,,,,"Original template status=Queued. No matching result in this sweep: template uses Breakout/size25m; completed runs use Boxing, Up N Down, Frostbite, Road Runner/size12m/seed0. Warmup template commands also specify 110000, unlike our 100000-action budget. Original planned command retained, not executed.",./run_arm.sh htp_slim 2 atari100k_breakout size25m
run_028,htp_slim_vicreg,atari100k_breakout,0,size25m,0,Not matched,,,,,,,"Original template status=Queued. No matching result in this sweep: template uses Breakout/size25m; completed runs use Boxing, Up N Down, Frostbite, Road Runner/size12m/seed0. Warmup template commands also specify 110000, unlike our 100000-action budget. Original planned command retained, not executed.",./run_arm.sh htp_slim_vicreg 0 atari100k_breakout size25m
run_029,htp_slim_vicreg,atari100k_breakout,1,size25m,0,Not matched,,,,,,,"Original template status=Queued. No matching result in this sweep: template uses Breakout/size25m; completed runs use Boxing, Up N Down, Frostbite, Road Runner/size12m/seed0. Warmup template commands also specify 110000, unlike our 100000-action budget. Original planned command retained, not executed.",./run_arm.sh htp_slim_vicreg 1 atari100k_breakout size25m
run_030,htp_slim_vicreg,atari100k_breakout,2,size25m,0,Not matched,,,,,,,"Original template status=Queued. No matching result in this sweep: template uses Breakout/size25m; completed runs use Boxing, Up N Down, Frostbite, Road Runner/size12m/seed0. Warmup template commands also specify 110000, unlike our 100000-action budget. Original planned command retained, not executed.",./run_arm.sh htp_slim_vicreg 2 atari100k_breakout size25m
run_031,htp_slim_postHoc,atari100k_breakout,0,size25m,0,Not matched,,,,,,,"Original template status=Queued. No matching result in this sweep: template uses Breakout/size25m; completed runs use Boxing, Up N Down, Frostbite, Road Runner/size12m/seed0. Warmup template commands also specify 110000, unlike our 100000-action budget. Original planned command retained, not executed.",./run_arm.sh htp_slim_postHoc 0 atari100k_breakout size25m
run_032,htp_slim_postHoc,atari100k_breakout,1,size25m,0,Not matched,,,,,,,"Original template status=Queued. No matching result in this sweep: template uses Breakout/size25m; completed runs use Boxing, Up N Down, Frostbite, Road Runner/size12m/seed0. Warmup template commands also specify 110000, unlike our 100000-action budget. Original planned command retained, not executed.",./run_arm.sh htp_slim_postHoc 1 atari100k_breakout size25m
run_033,htp_slim_postHoc,atari100k_breakout,2,size25m,0,Not matched,,,,,,,"Original template status=Queued. No matching result in this sweep: template uses Breakout/size25m; completed runs use Boxing, Up N Down, Frostbite, Road Runner/size12m/seed0. Warmup template commands also specify 110000, unlike our 100000-action budget. Original planned command retained, not executed.",./run_arm.sh htp_slim_postHoc 2 atari100k_breakout size25m
run_034,htp_full,atari100k_breakout,0,size25m,40000,Not matched,,,,,,,"Original template status=Queued. No matching result in this sweep: template uses Breakout/size25m; completed runs use Boxing, Up N Down, Frostbite, Road Runner/size12m/seed0. Warmup template commands also specify 110000, unlike our 100000-action budget. Original planned command retained, not executed.",./run_warmup_arm.sh htp_full 0 atari100k_breakout 40000 110000 size25m
run_035,htp_full,atari100k_breakout,1,size25m,40000,Not matched,,,,,,,"Original template status=Queued. No matching result in this sweep: template uses Breakout/size25m; completed runs use Boxing, Up N Down, Frostbite, Road Runner/size12m/seed0. Warmup template commands also specify 110000, unlike our 100000-action budget. Original planned command retained, not executed.",./run_warmup_arm.sh htp_full 1 atari100k_breakout 40000 110000 size25m
run_036,htp_full,atari100k_breakout,2,size25m,40000,Not matched,,,,,,,"Original template status=Queued. No matching result in this sweep: template uses Breakout/size25m; completed runs use Boxing, Up N Down, Frostbite, Road Runner/size12m/seed0. Warmup template commands also specify 110000, unlike our 100000-action budget. Original planned command retained, not executed.",./run_warmup_arm.sh htp_full 2 atari100k_breakout 40000 110000 size25m
run_037,htp_empty_projection,atari100k_breakout,0,size25m,40000,Not matched,,,,,,,"Original template status=Queued. No matching result in this sweep: template uses Breakout/size25m; completed runs use Boxing, Up N Down, Frostbite, Road Runner/size12m/seed0. Warmup template commands also specify 110000, unlike our 100000-action budget. Original planned command retained, not executed.",./run_warmup_arm.sh htp_empty_projection 0 atari100k_breakout 40000 110000 size25m
run_038,htp_empty_projection,atari100k_breakout,1,size25m,40000,Not matched,,,,,,,"Original template status=Queued. No matching result in this sweep: template uses Breakout/size25m; completed runs use Boxing, Up N Down, Frostbite, Road Runner/size12m/seed0. Warmup template commands also specify 110000, unlike our 100000-action budget. Original planned command retained, not executed.",./run_warmup_arm.sh htp_empty_projection 1 atari100k_breakout 40000 110000 size25m
run_039,htp_empty_projection,atari100k_breakout,2,size25m,40000,Not matched,,,,,,,"Original template status=Queued. No matching result in this sweep: template uses Breakout/size25m; completed runs use Boxing, Up N Down, Frostbite, Road Runner/size12m/seed0. Warmup template commands also specify 110000, unlike our 100000-action budget. Original planned command retained, not executed.",./run_warmup_arm.sh htp_empty_projection 2 atari100k_breakout 40000 110000 size25m
run_040,htp_separable,atari100k_breakout,0,size25m,40000,Not matched,,,,,,,"Original template status=Queued. No matching result in this sweep: template uses Breakout/size25m; completed runs use Boxing, Up N Down, Frostbite, Road Runner/size12m/seed0. Warmup template commands also specify 110000, unlike our 100000-action budget. Original planned command retained, not executed.",./run_warmup_arm.sh htp_separable 0 atari100k_breakout 40000 110000 size25m
run_041,htp_separable,atari100k_breakout,1,size25m,40000,Not matched,,,,,,,"Original template status=Queued. No matching result in this sweep: template uses Breakout/size25m; completed runs use Boxing, Up N Down, Frostbite, Road Runner/size12m/seed0. Warmup template commands also specify 110000, unlike our 100000-action budget. Original planned command retained, not executed.",./run_warmup_arm.sh htp_separable 1 atari100k_breakout 40000 110000 size25m
run_042,htp_separable,atari100k_breakout,2,size25m,40000,Not matched,,,,,,,"Original template status=Queued. No matching result in this sweep: template uses Breakout/size25m; completed runs use Boxing, Up N Down, Frostbite, Road Runner/size12m/seed0. Warmup template commands also specify 110000, unlike our 100000-action budget. Original planned command retained, not executed.",./run_warmup_arm.sh htp_separable 2 atari100k_breakout 40000 110000 size25m
run_043,baseline,atari100k_boxing,0,size12m,0,Completed,2026-09-18 15:49,2026-09-18 16:42,0.8930080229043961,60.43,5.0275,,Sweep arm=baseline; comparator=full; seed 0; 100K executed actions; 100 final eval episodes; HNS ratio. Hours=successful invocation elapsed (not GPU-hours or training-only). W&B not logged. Command requires original 5ee4f27 + published source.patch; use a fresh logdir. aux_stop_actions=0. Results: https://github.com/MrHeatcliff/New_HTP/tree/main/paper_artifacts/original_corewm_ablations/baseline,python -u -m dreamerv3.main_htp --configs atari100k size12m corewm_paper_protocol corewm_full --task atari100k_boxing --seed 0 --env.atari100k.use_seed True --logdir ./reruns/baseline/boxing/seed_0 --jax.prealloc False --logger.outputs jsonl --logger.filter '.*' --run.log_policy_video False --run.log_every 30 --agent.htp.enabled False --agent.htp.use_proj True --agent.htp.use_recon True --agent.htp.use_pdyn True --agent.htp.grad_to_backbone False --agent.htp.use_vicreg False --agent.loss_scales.htp_rec 1.0 --agent.loss_scales.htp_pdyn 1.0 --run.steps 100000 --run.exact_env_action_budget True --run.action_milestones 10000 20000 30000 40000 50000 60000 70000 80000 90000 100000
run_044,baseline,atari100k_up_n_down,0,size12m,0,Completed,2026-09-18 15:49,2026-09-18 17:00,1.188288400305642,13424.8,1.1551640710406994,,Sweep arm=baseline; comparator=full; seed 0; 100K executed actions; 100 final eval episodes; HNS ratio. Hours=successful invocation elapsed (not GPU-hours or training-only). W&B not logged. Command requires original 5ee4f27 + published source.patch; use a fresh logdir. aux_stop_actions=0. Results: https://github.com/MrHeatcliff/New_HTP/tree/main/paper_artifacts/original_corewm_ablations/baseline,python -u -m dreamerv3.main_htp --configs atari100k size12m corewm_paper_protocol corewm_full --task atari100k_up_n_down --seed 0 --env.atari100k.use_seed True --logdir ./reruns/baseline/up_n_down/seed_0 --jax.prealloc False --logger.outputs jsonl --logger.filter '.*' --run.log_policy_video False --run.log_every 30 --agent.htp.enabled False --agent.htp.use_proj True --agent.htp.use_recon True --agent.htp.use_pdyn True --agent.htp.grad_to_backbone False --agent.htp.use_vicreg False --agent.loss_scales.htp_rec 1.0 --agent.loss_scales.htp_pdyn 1.0 --run.steps 100000 --run.exact_env_action_budget True --run.action_milestones 10000 20000 30000 40000 50000 60000 70000 80000 90000 100000
run_045,baseline,atari100k_frostbite,0,size12m,0,Completed,2026-09-18 16:16,2026-09-18 16:59,0.7214736253023147,1193.4,0.2642463988757466,,Sweep arm=baseline; comparator=full; seed 0; 100K executed actions; 100 final eval episodes; HNS ratio. Hours=successful invocation elapsed (not GPU-hours or training-only). W&B not logged. Command requires original 5ee4f27 + published source.patch; use a fresh logdir. aux_stop_actions=0. Results: https://github.com/MrHeatcliff/New_HTP/tree/main/paper_artifacts/original_corewm_ablations/baseline,python -u -m dreamerv3.main_htp --configs atari100k size12m corewm_paper_protocol corewm_full --task atari100k_frostbite --seed 0 --env.atari100k.use_seed True --logdir ./reruns/baseline/frostbite/seed_0 --jax.prealloc False --logger.outputs jsonl --logger.filter '.*' --run.log_policy_video False --run.log_every 30 --agent.htp.enabled False --agent.htp.use_proj True --agent.htp.use_recon True --agent.htp.use_pdyn True --agent.htp.grad_to_backbone False --agent.htp.use_vicreg False --agent.loss_scales.htp_rec 1.0 --agent.loss_scales.htp_pdyn 1.0 --run.steps 100000 --run.exact_env_action_budget True --run.action_milestones 10000 20000 30000 40000 50000 60000 70000 80000 90000 100000
run_046,baseline,atari100k_road_runner,0,size12m,0,Completed,2026-09-18 16:16,2026-09-18 17:04,0.79270438849926,9214.0,1.1747622391012957,,Sweep arm=baseline; comparator=full; seed 0; 100K executed actions; 100 final eval episodes; HNS ratio. Hours=successful invocation elapsed (not GPU-hours or training-only). W&B not logged. Command requires original 5ee4f27 + published source.patch; use a fresh logdir. aux_stop_actions=0. Results: https://github.com/MrHeatcliff/New_HTP/tree/main/paper_artifacts/original_corewm_ablations/baseline,python -u -m dreamerv3.main_htp --configs atari100k size12m corewm_paper_protocol corewm_full --task atari100k_road_runner --seed 0 --env.atari100k.use_seed True --logdir ./reruns/baseline/road_runner/seed_0 --jax.prealloc False --logger.outputs jsonl --logger.filter '.*' --run.log_policy_video False --run.log_every 30 --agent.htp.enabled False --agent.htp.use_proj True --agent.htp.use_recon True --agent.htp.use_pdyn True --agent.htp.grad_to_backbone False --agent.htp.use_vicreg False --agent.loss_scales.htp_rec 1.0 --agent.loss_scales.htp_pdyn 1.0 --run.steps 100000 --run.exact_env_action_budget True --run.action_milestones 10000 20000 30000 40000 50000 60000 70000 80000 90000 100000
run_047,htp_full,atari100k_boxing,0,size12m,0,Completed,2026-09-18 15:43,2026-09-18 16:16,0.5426224810547299,74.58,6.206666666666667,,Sweep arm=full; comparator=flat; seed 0; 100K executed actions; 100 final eval episodes; HNS ratio. Hours=successful invocation elapsed (not GPU-hours or training-only). W&B not logged. Command requires original 5ee4f27 + published source.patch; use a fresh logdir. aux_stop_actions=0. Results: https://github.com/MrHeatcliff/New_HTP/tree/main/paper_artifacts/original_corewm_ablations/full,python -u -m dreamerv3.main_htp --configs atari100k size12m corewm_paper_protocol corewm_full --task atari100k_boxing --seed 0 --env.atari100k.use_seed True --logdir ./reruns/full/boxing/seed_0 --jax.prealloc False --logger.outputs jsonl --logger.filter '.*' --run.log_policy_video False --run.log_every 30 --agent.htp.enabled True --agent.htp.use_proj True --agent.htp.use_recon True --agent.htp.use_pdyn True --agent.htp.grad_to_backbone False --agent.htp.use_vicreg False --agent.loss_scales.htp_rec 1.0 --agent.loss_scales.htp_pdyn 1.0 --run.steps 100000 --run.exact_env_action_budget True --run.action_milestones 10000 20000 30000 40000 50000 60000 70000 80000 90000 100000
run_048,htp_full,atari100k_up_n_down,0,size12m,0,Completed,2026-09-18 16:16,2026-09-18 17:20,1.0645530585447947,22944.9,2.0082349146042042,,Sweep arm=full; comparator=flat; seed 0; 100K executed actions; 100 final eval episodes; HNS ratio. Hours=successful invocation elapsed (not GPU-hours or training-only). W&B not logged. Command requires original 5ee4f27 + published source.patch; use a fresh logdir. aux_stop_actions=0. Results: https://github.com/MrHeatcliff/New_HTP/tree/main/paper_artifacts/original_corewm_ablations/full,python -u -m dreamerv3.main_htp --configs atari100k size12m corewm_paper_protocol corewm_full --task atari100k_up_n_down --seed 0 --env.atari100k.use_seed True --logdir ./reruns/full/up_n_down/seed_0 --jax.prealloc False --logger.outputs jsonl --logger.filter '.*' --run.log_policy_video False --run.log_every 30 --agent.htp.enabled True --agent.htp.use_proj True --agent.htp.use_recon True --agent.htp.use_pdyn True --agent.htp.grad_to_backbone False --agent.htp.use_vicreg False --agent.loss_scales.htp_rec 1.0 --agent.loss_scales.htp_pdyn 1.0 --run.steps 100000 --run.exact_env_action_budget True --run.action_milestones 10000 20000 30000 40000 50000 60000 70000 80000 90000 100000
run_049,htp_full,atari100k_frostbite,0,size12m,0,Completed,2026-09-18 15:49,2026-09-18 16:51,1.0407179214557012,2779.5,0.6357418901510716,,Sweep arm=full; comparator=flat; seed 0; 100K executed actions; 100 final eval episodes; HNS ratio. Hours=successful invocation elapsed (not GPU-hours or training-only). W&B not logged. Command requires original 5ee4f27 + published source.patch; use a fresh logdir. aux_stop_actions=0. Results: https://github.com/MrHeatcliff/New_HTP/tree/main/paper_artifacts/original_corewm_ablations/full,python -u -m dreamerv3.main_htp --configs atari100k size12m corewm_paper_protocol corewm_full --task atari100k_frostbite --seed 0 --env.atari100k.use_seed True --logdir ./reruns/full/frostbite/seed_0 --jax.prealloc False --logger.outputs jsonl --logger.filter '.*' --run.log_policy_video False --run.log_every 30 --agent.htp.enabled True --agent.htp.use_proj True --agent.htp.use_recon True --agent.htp.use_pdyn True --agent.htp.grad_to_backbone False --agent.htp.use_vicreg False --agent.loss_scales.htp_rec 1.0 --agent.loss_scales.htp_pdyn 1.0 --run.steps 100000 --run.exact_env_action_budget True --run.action_milestones 10000 20000 30000 40000 50000 60000 70000 80000 90000 100000
run_050,htp_full,atari100k_road_runner,0,size12m,0,Completed,2026-09-18 15:49,2026-09-18 16:41,0.8720002557833989,15017.0,1.9155549881917406,,Sweep arm=full; comparator=flat; seed 0; 100K executed actions; 100 final eval episodes; HNS ratio. Hours=successful invocation elapsed (not GPU-hours or training-only). W&B not logged. Command requires original 5ee4f27 + published source.patch; use a fresh logdir. aux_stop_actions=0. Results: https://github.com/MrHeatcliff/New_HTP/tree/main/paper_artifacts/original_corewm_ablations/full,python -u -m dreamerv3.main_htp --configs atari100k size12m corewm_paper_protocol corewm_full --task atari100k_road_runner --seed 0 --env.atari100k.use_seed True --logdir ./reruns/full/road_runner/seed_0 --jax.prealloc False --logger.outputs jsonl --logger.filter '.*' --run.log_policy_video False --run.log_every 30 --agent.htp.enabled True --agent.htp.use_proj True --agent.htp.use_recon True --agent.htp.use_pdyn True --agent.htp.grad_to_backbone False --agent.htp.use_vicreg False --agent.loss_scales.htp_rec 1.0 --agent.loss_scales.htp_pdyn 1.0 --run.steps 100000 --run.exact_env_action_budget True --run.action_milestones 10000 20000 30000 40000 50000 60000 70000 80000 90000 100000
run_051,htp_empty_projection,atari100k_boxing,0,size12m,0,Completed,2026-09-18 15:49,2026-09-18 16:45,0.9441571293274561,73.13,6.085833333333333,,Sweep arm=flat; comparator=baseline; seed 0; 100K executed actions; 100 final eval episodes; HNS ratio. Hours=successful invocation elapsed (not GPU-hours or training-only). W&B not logged. Command requires original 5ee4f27 + published source.patch; use a fresh logdir. aux_stop_actions=0. Results: https://github.com/MrHeatcliff/New_HTP/tree/main/paper_artifacts/original_corewm_ablations/flat,python -u -m dreamerv3.main_htp --configs atari100k size12m corewm_paper_protocol corewm_full --task atari100k_boxing --seed 0 --env.atari100k.use_seed True --logdir ./reruns/flat/boxing/seed_0 --jax.prealloc False --logger.outputs jsonl --logger.filter '.*' --run.log_policy_video False --run.log_every 30 --agent.htp.enabled True --agent.htp.use_proj True --agent.htp.use_recon True --agent.htp.use_pdyn True --agent.htp.grad_to_backbone False --agent.htp.use_vicreg False --agent.loss_scales.htp_rec 0.0 --agent.loss_scales.htp_pdyn 0.0 --run.steps 100000 --run.exact_env_action_budget True --run.action_milestones 10000 20000 30000 40000 50000 60000 70000 80000 90000 100000
run_052,htp_empty_projection,atari100k_up_n_down,0,size12m,0,Completed,2026-09-18 15:49,2026-09-18 16:41,0.8661793269051445,4035.8,0.3138407498342264,,Sweep arm=flat; comparator=baseline; seed 0; 100K executed actions; 100 final eval episodes; HNS ratio. Hours=successful invocation elapsed (not GPU-hours or training-only). W&B not logged. Command requires original 5ee4f27 + published source.patch; use a fresh logdir. aux_stop_actions=0. Results: https://github.com/MrHeatcliff/New_HTP/tree/main/paper_artifacts/original_corewm_ablations/flat,python -u -m dreamerv3.main_htp --configs atari100k size12m corewm_paper_protocol corewm_full --task atari100k_up_n_down --seed 0 --env.atari100k.use_seed True --logdir ./reruns/flat/up_n_down/seed_0 --jax.prealloc False --logger.outputs jsonl --logger.filter '.*' --run.log_policy_video False --run.log_every 30 --agent.htp.enabled True --agent.htp.use_proj True --agent.htp.use_recon True --agent.htp.use_pdyn True --agent.htp.grad_to_backbone False --agent.htp.use_vicreg False --agent.loss_scales.htp_rec 0.0 --agent.loss_scales.htp_pdyn 0.0 --run.steps 100000 --run.exact_env_action_budget True --run.action_milestones 10000 20000 30000 40000 50000 60000 70000 80000 90000 100000
run_053,htp_empty_projection,atari100k_frostbite,0,size12m,0,Completed,2026-09-18 15:49,2026-09-18 16:44,0.9243190440866682,2532.1,0.5777959948471718,,Sweep arm=flat; comparator=baseline; seed 0; 100K executed actions; 100 final eval episodes; HNS ratio. Hours=successful invocation elapsed (not GPU-hours or training-only). W&B not logged. Command requires original 5ee4f27 + published source.patch; use a fresh logdir. aux_stop_actions=0. Results: https://github.com/MrHeatcliff/New_HTP/tree/main/paper_artifacts/original_corewm_ablations/flat,python -u -m dreamerv3.main_htp --configs atari100k size12m corewm_paper_protocol corewm_full --task atari100k_frostbite --seed 0 --env.atari100k.use_seed True --logdir ./reruns/flat/frostbite/seed_0 --jax.prealloc False --logger.outputs jsonl --logger.filter '.*' --run.log_policy_video False --run.log_every 30 --agent.htp.enabled True --agent.htp.use_proj True --agent.htp.use_recon True --agent.htp.use_pdyn True --agent.htp.grad_to_backbone False --agent.htp.use_vicreg False --agent.loss_scales.htp_rec 0.0 --agent.loss_scales.htp_pdyn 0.0 --run.steps 100000 --run.exact_env_action_budget True --run.action_milestones 10000 20000 30000 40000 50000 60000 70000 80000 90000 100000
run_054,htp_empty_projection,atari100k_road_runner,0,size12m,0,Completed,2026-09-18 15:49,2026-09-18 16:43,0.9014653412501017,15831.0,2.019467670900619,,Sweep arm=flat; comparator=baseline; seed 0; 100K executed actions; 100 final eval episodes; HNS ratio. Hours=successful invocation elapsed (not GPU-hours or training-only). W&B not logged. Command requires original 5ee4f27 + published source.patch; use a fresh logdir. aux_stop_actions=0. Results: https://github.com/MrHeatcliff/New_HTP/tree/main/paper_artifacts/original_corewm_ablations/flat,python -u -m dreamerv3.main_htp --configs atari100k size12m corewm_paper_protocol corewm_full --task atari100k_road_runner --seed 0 --env.atari100k.use_seed True --logdir ./reruns/flat/road_runner/seed_0 --jax.prealloc False --logger.outputs jsonl --logger.filter '.*' --run.log_policy_video False --run.log_every 30 --agent.htp.enabled True --agent.htp.use_proj True --agent.htp.use_recon True --agent.htp.use_pdyn True --agent.htp.grad_to_backbone False --agent.htp.use_vicreg False --agent.loss_scales.htp_rec 0.0 --agent.loss_scales.htp_pdyn 0.0 --run.steps 100000 --run.exact_env_action_budget True --run.action_milestones 10000 20000 30000 40000 50000 60000 70000 80000 90000 100000
run_055,htp_recon_only,atari100k_boxing,0,size12m,0,Completed,2026-09-18 15:49,2026-09-18 16:46,0.9578530506955253,27.36,2.2716666666666665,,Sweep arm=rec_only; comparator=flat; seed 0; 100K executed actions; 100 final eval episodes; HNS ratio. Hours=successful invocation elapsed (not GPU-hours or training-only). W&B not logged. Command requires original 5ee4f27 + published source.patch; use a fresh logdir. aux_stop_actions=0. Results: https://github.com/MrHeatcliff/New_HTP/tree/main/paper_artifacts/original_corewm_ablations/rec_only,python -u -m dreamerv3.main_htp --configs atari100k size12m corewm_paper_protocol corewm_full --task atari100k_boxing --seed 0 --env.atari100k.use_seed True --logdir ./reruns/rec_only/boxing/seed_0 --jax.prealloc False --logger.outputs jsonl --logger.filter '.*' --run.log_policy_video False --run.log_every 30 --agent.htp.enabled True --agent.htp.use_proj True --agent.htp.use_recon True --agent.htp.use_pdyn True --agent.htp.grad_to_backbone False --agent.htp.use_vicreg False --agent.loss_scales.htp_rec 1.0 --agent.loss_scales.htp_pdyn 0.0 --run.steps 100000 --run.exact_env_action_budget True --run.action_milestones 10000 20000 30000 40000 50000 60000 70000 80000 90000 100000
run_056,htp_recon_only,atari100k_up_n_down,0,size12m,0,Completed,2026-09-18 15:49,2026-09-18 17:24,1.579884919722875,19740.3,1.7210792308105876,,Sweep arm=rec_only; comparator=flat; seed 0; 100K executed actions; 100 final eval episodes; HNS ratio. Hours=successful invocation elapsed (not GPU-hours or training-only). W&B not logged. Command requires original 5ee4f27 + published source.patch; use a fresh logdir. aux_stop_actions=0. Results: https://github.com/MrHeatcliff/New_HTP/tree/main/paper_artifacts/original_corewm_ablations/rec_only,python -u -m dreamerv3.main_htp --configs atari100k size12m corewm_paper_protocol corewm_full --task atari100k_up_n_down --seed 0 --env.atari100k.use_seed True --logdir ./reruns/rec_only/up_n_down/seed_0 --jax.prealloc False --logger.outputs jsonl --logger.filter '.*' --run.log_policy_video False --run.log_every 30 --agent.htp.enabled True --agent.htp.use_proj True --agent.htp.use_recon True --agent.htp.use_pdyn True --agent.htp.grad_to_backbone False --agent.htp.use_vicreg False --agent.loss_scales.htp_rec 1.0 --agent.loss_scales.htp_pdyn 0.0 --run.steps 100000 --run.exact_env_action_budget True --run.action_milestones 10000 20000 30000 40000 50000 60000 70000 80000 90000 100000
run_057,htp_recon_only,atari100k_frostbite,0,size12m,0,Completed,2026-09-18 15:49,2026-09-18 16:41,0.861061658528116,481.6,0.09752898465862514,,Sweep arm=rec_only; comparator=flat; seed 0; 100K executed actions; 100 final eval episodes; HNS ratio. Hours=successful invocation elapsed (not GPU-hours or training-only). W&B not logged. Command requires original 5ee4f27 + published source.patch; use a fresh logdir. aux_stop_actions=0. Results: https://github.com/MrHeatcliff/New_HTP/tree/main/paper_artifacts/original_corewm_ablations/rec_only,python -u -m dreamerv3.main_htp --configs atari100k size12m corewm_paper_protocol corewm_full --task atari100k_frostbite --seed 0 --env.atari100k.use_seed True --logdir ./reruns/rec_only/frostbite/seed_0 --jax.prealloc False --logger.outputs jsonl --logger.filter '.*' --run.log_policy_video False --run.log_every 30 --agent.htp.enabled True --agent.htp.use_proj True --agent.htp.use_recon True --agent.htp.use_pdyn True --agent.htp.grad_to_backbone False --agent.htp.use_vicreg False --agent.loss_scales.htp_rec 1.0 --agent.loss_scales.htp_pdyn 0.0 --run.steps 100000 --run.exact_env_action_budget True --run.action_milestones 10000 20000 30000 40000 50000 60000 70000 80000 90000 100000
run_058,htp_recon_only,atari100k_road_runner,0,size12m,0,Completed,2026-09-18 15:49,2026-09-18 16:43,0.8953975788752238,15801.0,2.015637965149678,,Sweep arm=rec_only; comparator=flat; seed 0; 100K executed actions; 100 final eval episodes; HNS ratio. Hours=successful invocation elapsed (not GPU-hours or training-only). W&B not logged. Command requires original 5ee4f27 + published source.patch; use a fresh logdir. aux_stop_actions=0. Results: https://github.com/MrHeatcliff/New_HTP/tree/main/paper_artifacts/original_corewm_ablations/rec_only,python -u -m dreamerv3.main_htp --configs atari100k size12m corewm_paper_protocol corewm_full --task atari100k_road_runner --seed 0 --env.atari100k.use_seed True --logdir ./reruns/rec_only/road_runner/seed_0 --jax.prealloc False --logger.outputs jsonl --logger.filter '.*' --run.log_policy_video False --run.log_every 30 --agent.htp.enabled True --agent.htp.use_proj True --agent.htp.use_recon True --agent.htp.use_pdyn True --agent.htp.grad_to_backbone False --agent.htp.use_vicreg False --agent.loss_scales.htp_rec 1.0 --agent.loss_scales.htp_pdyn 0.0 --run.steps 100000 --run.exact_env_action_budget True --run.action_milestones 10000 20000 30000 40000 50000 60000 70000 80000 90000 100000
run_059,htp_pdyn_only,atari100k_boxing,0,size12m,0,Completed,2026-09-18 15:49,2026-09-18 16:47,0.9689167875051499,44.79,3.7241666666666666,,Sweep arm=pdyn_only; comparator=flat; seed 0; 100K executed actions; 100 final eval episodes; HNS ratio. Hours=successful invocation elapsed (not GPU-hours or training-only). W&B not logged. Command requires original 5ee4f27 + published source.patch; use a fresh logdir. aux_stop_actions=0. Results: https://github.com/MrHeatcliff/New_HTP/tree/main/paper_artifacts/original_corewm_ablations/pdyn_only,python -u -m dreamerv3.main_htp --configs atari100k size12m corewm_paper_protocol corewm_full --task atari100k_boxing --seed 0 --env.atari100k.use_seed True --logdir ./reruns/pdyn_only/boxing/seed_0 --jax.prealloc False --logger.outputs jsonl --logger.filter '.*' --run.log_policy_video False --run.log_every 30 --agent.htp.enabled True --agent.htp.use_proj True --agent.htp.use_recon True --agent.htp.use_pdyn True --agent.htp.grad_to_backbone False --agent.htp.use_vicreg False --agent.loss_scales.htp_rec 0.0 --agent.loss_scales.htp_pdyn 1.0 --run.steps 100000 --run.exact_env_action_budget True --run.action_milestones 10000 20000 30000 40000 50000 60000 70000 80000 90000 100000
run_060,htp_pdyn_only,atari100k_up_n_down,0,size12m,0,Completed,2026-09-18 15:49,2026-09-18 17:02,1.221395356522666,3554.9,0.27074857972365096,,Sweep arm=pdyn_only; comparator=flat; seed 0; 100K executed actions; 100 final eval episodes; HNS ratio. Hours=successful invocation elapsed (not GPU-hours or training-only). W&B not logged. Command requires original 5ee4f27 + published source.patch; use a fresh logdir. aux_stop_actions=0. Results: https://github.com/MrHeatcliff/New_HTP/tree/main/paper_artifacts/original_corewm_ablations/pdyn_only,python -u -m dreamerv3.main_htp --configs atari100k size12m corewm_paper_protocol corewm_full --task atari100k_up_n_down --seed 0 --env.atari100k.use_seed True --logdir ./reruns/pdyn_only/up_n_down/seed_0 --jax.prealloc False --logger.outputs jsonl --logger.filter '.*' --run.log_policy_video False --run.log_every 30 --agent.htp.enabled True --agent.htp.use_proj True --agent.htp.use_recon True --agent.htp.use_pdyn True --agent.htp.grad_to_backbone False --agent.htp.use_vicreg False --agent.loss_scales.htp_rec 0.0 --agent.loss_scales.htp_pdyn 1.0 --run.steps 100000 --run.exact_env_action_budget True --run.action_milestones 10000 20000 30000 40000 50000 60000 70000 80000 90000 100000
run_061,htp_pdyn_only,atari100k_frostbite,0,size12m,0,Completed,2026-09-18 15:49,2026-09-18 16:39,0.8351660943693585,255.7,0.04461880782293009,,Sweep arm=pdyn_only; comparator=flat; seed 0; 100K executed actions; 100 final eval episodes; HNS ratio. Hours=successful invocation elapsed (not GPU-hours or training-only). W&B not logged. Command requires original 5ee4f27 + published source.patch; use a fresh logdir. aux_stop_actions=0. Results: https://github.com/MrHeatcliff/New_HTP/tree/main/paper_artifacts/original_corewm_ablations/pdyn_only,python -u -m dreamerv3.main_htp --configs atari100k size12m corewm_paper_protocol corewm_full --task atari100k_frostbite --seed 0 --env.atari100k.use_seed True --logdir ./reruns/pdyn_only/frostbite/seed_0 --jax.prealloc False --logger.outputs jsonl --logger.filter '.*' --run.log_policy_video False --run.log_every 30 --agent.htp.enabled True --agent.htp.use_proj True --agent.htp.use_recon True --agent.htp.use_pdyn True --agent.htp.grad_to_backbone False --agent.htp.use_vicreg False --agent.loss_scales.htp_rec 0.0 --agent.loss_scales.htp_pdyn 1.0 --run.steps 100000 --run.exact_env_action_budget True --run.action_milestones 10000 20000 30000 40000 50000 60000 70000 80000 90000 100000
run_062,htp_pdyn_only,atari100k_road_runner,0,size12m,0,Completed,2026-09-18 15:49,2026-09-18 16:42,0.8847488998042212,14824.0,1.8909172145273505,,Sweep arm=pdyn_only; comparator=flat; seed 0; 100K executed actions; 100 final eval episodes; HNS ratio. Hours=successful invocation elapsed (not GPU-hours or training-only). W&B not logged. Command requires original 5ee4f27 + published source.patch; use a fresh logdir. aux_stop_actions=0. Results: https://github.com/MrHeatcliff/New_HTP/tree/main/paper_artifacts/original_corewm_ablations/pdyn_only,python -u -m dreamerv3.main_htp --configs atari100k size12m corewm_paper_protocol corewm_full --task atari100k_road_runner --seed 0 --env.atari100k.use_seed True --logdir ./reruns/pdyn_only/road_runner/seed_0 --jax.prealloc False --logger.outputs jsonl --logger.filter '.*' --run.log_policy_video False --run.log_every 30 --agent.htp.enabled True --agent.htp.use_proj True --agent.htp.use_recon True --agent.htp.use_pdyn True --agent.htp.grad_to_backbone False --agent.htp.use_vicreg False --agent.loss_scales.htp_rec 0.0 --agent.loss_scales.htp_pdyn 1.0 --run.steps 100000 --run.exact_env_action_budget True --run.action_milestones 10000 20000 30000 40000 50000 60000 70000 80000 90000 100000
run_063,flat_pruned,atari100k_boxing,0,size12m,0,Completed,2026-09-18 15:49,2026-09-18 16:41,0.8709533388747109,75.45,6.279166666666668,,Sweep arm=flat_pruned; comparator=flat; seed 0; 100K executed actions; 100 final eval episodes; HNS ratio. Hours=successful invocation elapsed (not GPU-hours or training-only). W&B not logged. Command requires original 5ee4f27 + published source.patch; use a fresh logdir. aux_stop_actions=0. Results: https://github.com/MrHeatcliff/New_HTP/tree/main/paper_artifacts/original_corewm_ablations/flat_pruned,python -u -m dreamerv3.main_htp --configs atari100k size12m corewm_paper_protocol corewm_full --task atari100k_boxing --seed 0 --env.atari100k.use_seed True --logdir ./reruns/flat_pruned/boxing/seed_0 --jax.prealloc False --logger.outputs jsonl --logger.filter '.*' --run.log_policy_video False --run.log_every 30 --agent.htp.enabled True --agent.htp.use_proj True --agent.htp.use_recon False --agent.htp.use_pdyn False --agent.htp.grad_to_backbone False --agent.htp.use_vicreg False --agent.loss_scales.htp_rec 1.0 --agent.loss_scales.htp_pdyn 1.0 --run.steps 100000 --run.exact_env_action_budget True --run.action_milestones 10000 20000 30000 40000 50000 60000 70000 80000 90000 100000
run_064,flat_pruned,atari100k_up_n_down,0,size12m,0,Completed,2026-09-18 15:49,2026-09-18 16:43,0.9052309725681941,7178.1,0.5954138963063854,,Sweep arm=flat_pruned; comparator=flat; seed 0; 100K executed actions; 100 final eval episodes; HNS ratio. Hours=successful invocation elapsed (not GPU-hours or training-only). W&B not logged. Command requires original 5ee4f27 + published source.patch; use a fresh logdir. aux_stop_actions=0. Results: https://github.com/MrHeatcliff/New_HTP/tree/main/paper_artifacts/original_corewm_ablations/flat_pruned,python -u -m dreamerv3.main_htp --configs atari100k size12m corewm_paper_protocol corewm_full --task atari100k_up_n_down --seed 0 --env.atari100k.use_seed True --logdir ./reruns/flat_pruned/up_n_down/seed_0 --jax.prealloc False --logger.outputs jsonl --logger.filter '.*' --run.log_policy_video False --run.log_every 30 --agent.htp.enabled True --agent.htp.use_proj True --agent.htp.use_recon False --agent.htp.use_pdyn False --agent.htp.grad_to_backbone False --agent.htp.use_vicreg False --agent.loss_scales.htp_rec 1.0 --agent.loss_scales.htp_pdyn 1.0 --run.steps 100000 --run.exact_env_action_budget True --run.action_milestones 10000 20000 30000 40000 50000 60000 70000 80000 90000 100000
run_065,flat_pruned,atari100k_frostbite,0,size12m,0,Completed,2026-09-18 15:49,2026-09-18 16:37,0.8008245493968328,1690.3,0.38063005035718467,,Sweep arm=flat_pruned; comparator=flat; seed 0; 100K executed actions; 100 final eval episodes; HNS ratio. Hours=successful invocation elapsed (not GPU-hours or training-only). W&B not logged. Command requires original 5ee4f27 + published source.patch; use a fresh logdir. aux_stop_actions=0. Results: https://github.com/MrHeatcliff/New_HTP/tree/main/paper_artifacts/original_corewm_ablations/flat_pruned,python -u -m dreamerv3.main_htp --configs atari100k size12m corewm_paper_protocol corewm_full --task atari100k_frostbite --seed 0 --env.atari100k.use_seed True --logdir ./reruns/flat_pruned/frostbite/seed_0 --jax.prealloc False --logger.outputs jsonl --logger.filter '.*' --run.log_policy_video False --run.log_every 30 --agent.htp.enabled True --agent.htp.use_proj True --agent.htp.use_recon False --agent.htp.use_pdyn False --agent.htp.grad_to_backbone False --agent.htp.use_vicreg False --agent.loss_scales.htp_rec 1.0 --agent.loss_scales.htp_pdyn 1.0 --run.steps 100000 --run.exact_env_action_budget True --run.action_milestones 10000 20000 30000 40000 50000 60000 70000 80000 90000 100000
run_066,flat_pruned,atari100k_road_runner,0,size12m,0,Completed,2026-09-18 15:49,2026-09-18 16:39,0.8321009993553161,9146.0,1.1660815727324951,,Sweep arm=flat_pruned; comparator=flat; seed 0; 100K executed actions; 100 final eval episodes; HNS ratio. Hours=successful invocation elapsed (not GPU-hours or training-only). W&B not logged. Command requires original 5ee4f27 + published source.patch; use a fresh logdir. aux_stop_actions=0. Results: https://github.com/MrHeatcliff/New_HTP/tree/main/paper_artifacts/original_corewm_ablations/flat_pruned,python -u -m dreamerv3.main_htp --configs atari100k size12m corewm_paper_protocol corewm_full --task atari100k_road_runner --seed 0 --env.atari100k.use_seed True --logdir ./reruns/flat_pruned/road_runner/seed_0 --jax.prealloc False --logger.outputs jsonl --logger.filter '.*' --run.log_policy_video False --run.log_every 30 --agent.htp.enabled True --agent.htp.use_proj True --agent.htp.use_recon False --agent.htp.use_pdyn False --agent.htp.grad_to_backbone False --agent.htp.use_vicreg False --agent.loss_scales.htp_rec 1.0 --agent.loss_scales.htp_pdyn 1.0 --run.steps 100000 --run.exact_env_action_budget True --run.action_milestones 10000 20000 30000 40000 50000 60000 70000 80000 90000 100000
run_067,rec_pruned,atari100k_boxing,0,size12m,0,Completed,2026-09-18 15:49,2026-09-18 16:45,0.9250469066037073,74.38,6.19,,Sweep arm=rec_pruned; comparator=rec_only; seed 0; 100K executed actions; 100 final eval episodes; HNS ratio. Hours=successful invocation elapsed (not GPU-hours or training-only). W&B not logged. Command requires original 5ee4f27 + published source.patch; use a fresh logdir. aux_stop_actions=0. Results: https://github.com/MrHeatcliff/New_HTP/tree/main/paper_artifacts/original_corewm_ablations/rec_pruned,python -u -m dreamerv3.main_htp --configs atari100k size12m corewm_paper_protocol corewm_full --task atari100k_boxing --seed 0 --env.atari100k.use_seed True --logdir ./reruns/rec_pruned/boxing/seed_0 --jax.prealloc False --logger.outputs jsonl --logger.filter '.*' --run.log_policy_video False --run.log_every 30 --agent.htp.enabled True --agent.htp.use_proj True --agent.htp.use_recon True --agent.htp.use_pdyn False --agent.htp.grad_to_backbone False --agent.htp.use_vicreg False --agent.loss_scales.htp_rec 1.0 --agent.loss_scales.htp_pdyn 1.0 --run.steps 100000 --run.exact_env_action_budget True --run.action_milestones 10000 20000 30000 40000 50000 60000 70000 80000 90000 100000
run_068,rec_pruned,atari100k_up_n_down,0,size12m,0,Completed,2026-09-18 15:49,2026-09-18 17:02,1.2198446946673922,12814.1,1.100440868115916,,Sweep arm=rec_pruned; comparator=rec_only; seed 0; 100K executed actions; 100 final eval episodes; HNS ratio. Hours=successful invocation elapsed (not GPU-hours or training-only). W&B not logged. Command requires original 5ee4f27 + published source.patch; use a fresh logdir. aux_stop_actions=0. Results: https://github.com/MrHeatcliff/New_HTP/tree/main/paper_artifacts/original_corewm_ablations/rec_pruned,python -u -m dreamerv3.main_htp --configs atari100k size12m corewm_paper_protocol corewm_full --task atari100k_up_n_down --seed 0 --env.atari100k.use_seed True --logdir ./reruns/rec_pruned/up_n_down/seed_0 --jax.prealloc False --logger.outputs jsonl --logger.filter '.*' --run.log_policy_video False --run.log_every 30 --agent.htp.enabled True --agent.htp.use_proj True --agent.htp.use_recon True --agent.htp.use_pdyn False --agent.htp.grad_to_backbone False --agent.htp.use_vicreg False --agent.loss_scales.htp_rec 1.0 --agent.loss_scales.htp_pdyn 1.0 --run.steps 100000 --run.exact_env_action_budget True --run.action_milestones 10000 20000 30000 40000 50000 60000 70000 80000 90000 100000
run_069,rec_pruned,atari100k_frostbite,0,size12m,0,Completed,2026-09-18 15:49,2026-09-18 16:39,0.8292752472559611,2789.3,0.6380372408947185,,Sweep arm=rec_pruned; comparator=rec_only; seed 0; 100K executed actions; 100 final eval episodes; HNS ratio. Hours=successful invocation elapsed (not GPU-hours or training-only). W&B not logged. Command requires original 5ee4f27 + published source.patch; use a fresh logdir. aux_stop_actions=0. Results: https://github.com/MrHeatcliff/New_HTP/tree/main/paper_artifacts/original_corewm_ablations/rec_pruned,python -u -m dreamerv3.main_htp --configs atari100k size12m corewm_paper_protocol corewm_full --task atari100k_frostbite --seed 0 --env.atari100k.use_seed True --logdir ./reruns/rec_pruned/frostbite/seed_0 --jax.prealloc False --logger.outputs jsonl --logger.filter '.*' --run.log_policy_video False --run.log_every 30 --agent.htp.enabled True --agent.htp.use_proj True --agent.htp.use_recon True --agent.htp.use_pdyn False --agent.htp.grad_to_backbone False --agent.htp.use_vicreg False --agent.loss_scales.htp_rec 1.0 --agent.loss_scales.htp_pdyn 1.0 --run.steps 100000 --run.exact_env_action_budget True --run.action_milestones 10000 20000 30000 40000 50000 60000 70000 80000 90000 100000
run_070,rec_pruned,atari100k_road_runner,0,size12m,0,Completed,2026-09-18 15:49,2026-09-18 16:39,0.8332492319742838,14586.0,1.8605348822365482,,Sweep arm=rec_pruned; comparator=rec_only; seed 0; 100K executed actions; 100 final eval episodes; HNS ratio. Hours=successful invocation elapsed (not GPU-hours or training-only). W&B not logged. Command requires original 5ee4f27 + published source.patch; use a fresh logdir. aux_stop_actions=0. Results: https://github.com/MrHeatcliff/New_HTP/tree/main/paper_artifacts/original_corewm_ablations/rec_pruned,python -u -m dreamerv3.main_htp --configs atari100k size12m corewm_paper_protocol corewm_full --task atari100k_road_runner --seed 0 --env.atari100k.use_seed True --logdir ./reruns/rec_pruned/road_runner/seed_0 --jax.prealloc False --logger.outputs jsonl --logger.filter '.*' --run.log_policy_video False --run.log_every 30 --agent.htp.enabled True --agent.htp.use_proj True --agent.htp.use_recon True --agent.htp.use_pdyn False --agent.htp.grad_to_backbone False --agent.htp.use_vicreg False --agent.loss_scales.htp_rec 1.0 --agent.loss_scales.htp_pdyn 1.0 --run.steps 100000 --run.exact_env_action_budget True --run.action_milestones 10000 20000 30000 40000 50000 60000 70000 80000 90000 100000
run_071,pdyn_pruned,atari100k_boxing,0,size12m,0,Completed,2026-09-18 15:49,2026-09-18 16:45,0.92782832523187,60.75,5.054166666666666,,Sweep arm=pdyn_pruned; comparator=pdyn_only; seed 0; 100K executed actions; 100 final eval episodes; HNS ratio. Hours=successful invocation elapsed (not GPU-hours or training-only). W&B not logged. Command requires original 5ee4f27 + published source.patch; use a fresh logdir. aux_stop_actions=0. Results: https://github.com/MrHeatcliff/New_HTP/tree/main/paper_artifacts/original_corewm_ablations/pdyn_pruned,python -u -m dreamerv3.main_htp --configs atari100k size12m corewm_paper_protocol corewm_full --task atari100k_boxing --seed 0 --env.atari100k.use_seed True --logdir ./reruns/pdyn_pruned/boxing/seed_0 --jax.prealloc False --logger.outputs jsonl --logger.filter '.*' --run.log_policy_video False --run.log_every 30 --agent.htp.enabled True --agent.htp.use_proj True --agent.htp.use_recon False --agent.htp.use_pdyn True --agent.htp.grad_to_backbone False --agent.htp.use_vicreg False --agent.loss_scales.htp_rec 1.0 --agent.loss_scales.htp_pdyn 1.0 --run.steps 100000 --run.exact_env_action_budget True --run.action_milestones 10000 20000 30000 40000 50000 60000 70000 80000 90000 100000
run_072,pdyn_pruned,atari100k_up_n_down,0,size12m,0,Completed,2026-09-18 15:49,2026-09-18 17:03,1.2243588395251168,9605.8,0.8129536371619562,,Sweep arm=pdyn_pruned; comparator=pdyn_only; seed 0; 100K executed actions; 100 final eval episodes; HNS ratio. Hours=successful invocation elapsed (not GPU-hours or training-only). W&B not logged. Command requires original 5ee4f27 + published source.patch; use a fresh logdir. aux_stop_actions=0. Results: https://github.com/MrHeatcliff/New_HTP/tree/main/paper_artifacts/original_corewm_ablations/pdyn_pruned,python -u -m dreamerv3.main_htp --configs atari100k size12m corewm_paper_protocol corewm_full --task atari100k_up_n_down --seed 0 --env.atari100k.use_seed True --logdir ./reruns/pdyn_pruned/up_n_down/seed_0 --jax.prealloc False --logger.outputs jsonl --logger.filter '.*' --run.log_policy_video False --run.log_every 30 --agent.htp.enabled True --agent.htp.use_proj True --agent.htp.use_recon False --agent.htp.use_pdyn True --agent.htp.grad_to_backbone False --agent.htp.use_vicreg False --agent.loss_scales.htp_rec 1.0 --agent.loss_scales.htp_pdyn 1.0 --run.steps 100000 --run.exact_env_action_budget True --run.action_milestones 10000 20000 30000 40000 50000 60000 70000 80000 90000 100000
run_073,pdyn_pruned,atari100k_frostbite,0,size12m,0,Completed,2026-09-18 15:49,2026-09-18 16:40,0.8451345456971062,1621.3,0.36446890736620213,,Sweep arm=pdyn_pruned; comparator=pdyn_only; seed 0; 100K executed actions; 100 final eval episodes; HNS ratio. Hours=successful invocation elapsed (not GPU-hours or training-only). W&B not logged. Command requires original 5ee4f27 + published source.patch; use a fresh logdir. aux_stop_actions=0. Results: https://github.com/MrHeatcliff/New_HTP/tree/main/paper_artifacts/original_corewm_ablations/pdyn_pruned,python -u -m dreamerv3.main_htp --configs atari100k size12m corewm_paper_protocol corewm_full --task atari100k_frostbite --seed 0 --env.atari100k.use_seed True --logdir ./reruns/pdyn_pruned/frostbite/seed_0 --jax.prealloc False --logger.outputs jsonl --logger.filter '.*' --run.log_policy_video False --run.log_every 30 --agent.htp.enabled True --agent.htp.use_proj True --agent.htp.use_recon False --agent.htp.use_pdyn True --agent.htp.grad_to_backbone False --agent.htp.use_vicreg False --agent.loss_scales.htp_rec 1.0 --agent.loss_scales.htp_pdyn 1.0 --run.steps 100000 --run.exact_env_action_budget True --run.action_milestones 10000 20000 30000 40000 50000 60000 70000 80000 90000 100000
run_074,pdyn_pruned,atari100k_road_runner,0,size12m,0,Completed,2026-09-18 15:49,2026-09-18 16:41,0.8577557267083062,14986.0,1.9115976255824345,,Sweep arm=pdyn_pruned; comparator=pdyn_only; seed 0; 100K executed actions; 100 final eval episodes; HNS ratio. Hours=successful invocation elapsed (not GPU-hours or training-only). W&B not logged. Command requires original 5ee4f27 + published source.patch; use a fresh logdir. aux_stop_actions=0. Results: https://github.com/MrHeatcliff/New_HTP/tree/main/paper_artifacts/original_corewm_ablations/pdyn_pruned,python -u -m dreamerv3.main_htp --configs atari100k size12m corewm_paper_protocol corewm_full --task atari100k_road_runner --seed 0 --env.atari100k.use_seed True --logdir ./reruns/pdyn_pruned/road_runner/seed_0 --jax.prealloc False --logger.outputs jsonl --logger.filter '.*' --run.log_policy_video False --run.log_every 30 --agent.htp.enabled True --agent.htp.use_proj True --agent.htp.use_recon False --agent.htp.use_pdyn True --agent.htp.grad_to_backbone False --agent.htp.use_vicreg False --agent.loss_scales.htp_rec 1.0 --agent.loss_scales.htp_pdyn 1.0 --run.steps 100000 --run.exact_env_action_budget True --run.action_milestones 10000 20000 30000 40000 50000 60000 70000 80000 90000 100000
run_075,htp_joint,atari100k_boxing,0,size12m,0,Completed,2026-09-18 15:49,2026-09-18 16:42,0.875905411110984,76.05,6.329166666666667,,Sweep arm=joint_full; comparator=full; seed 0; 100K executed actions; 100 final eval episodes; HNS ratio. Hours=successful invocation elapsed (not GPU-hours or training-only). W&B not logged. Command requires original 5ee4f27 + published source.patch; use a fresh logdir. aux_stop_actions=0. Results: https://github.com/MrHeatcliff/New_HTP/tree/main/paper_artifacts/original_corewm_ablations/joint_full,python -u -m dreamerv3.main_htp --configs atari100k size12m corewm_paper_protocol corewm_full --task atari100k_boxing --seed 0 --env.atari100k.use_seed True --logdir ./reruns/joint_full/boxing/seed_0 --jax.prealloc False --logger.outputs jsonl --logger.filter '.*' --run.log_policy_video False --run.log_every 30 --agent.htp.enabled True --agent.htp.use_proj True --agent.htp.use_recon True --agent.htp.use_pdyn True --agent.htp.grad_to_backbone True --agent.htp.use_vicreg False --agent.loss_scales.htp_rec 1.0 --agent.loss_scales.htp_pdyn 1.0 --run.steps 100000 --run.exact_env_action_budget True --run.action_milestones 10000 20000 30000 40000 50000 60000 70000 80000 90000 100000
run_076,htp_joint,atari100k_up_n_down,0,size12m,0,Completed,2026-09-18 15:49,2026-09-18 16:55,1.0909520855877135,4731.4,0.37617161597878096,,Sweep arm=joint_full; comparator=full; seed 0; 100K executed actions; 100 final eval episodes; HNS ratio. Hours=successful invocation elapsed (not GPU-hours or training-only). W&B not logged. Command requires original 5ee4f27 + published source.patch; use a fresh logdir. aux_stop_actions=0. Results: https://github.com/MrHeatcliff/New_HTP/tree/main/paper_artifacts/original_corewm_ablations/joint_full,python -u -m dreamerv3.main_htp --configs atari100k size12m corewm_paper_protocol corewm_full --task atari100k_up_n_down --seed 0 --env.atari100k.use_seed True --logdir ./reruns/joint_full/up_n_down/seed_0 --jax.prealloc False --logger.outputs jsonl --logger.filter '.*' --run.log_policy_video False --run.log_every 30 --agent.htp.enabled True --agent.htp.use_proj True --agent.htp.use_recon True --agent.htp.use_pdyn True --agent.htp.grad_to_backbone True --agent.htp.use_vicreg False --agent.loss_scales.htp_rec 1.0 --agent.loss_scales.htp_pdyn 1.0 --run.steps 100000 --run.exact_env_action_budget True --run.action_milestones 10000 20000 30000 40000 50000 60000 70000 80000 90000 100000
run_077,htp_joint,atari100k_frostbite,0,size12m,0,Completed,2026-09-18 16:39,2026-09-18 17:31,0.864478335513009,825.8,0.17814732404262792,,Sweep arm=joint_full; comparator=full; seed 0; 100K executed actions; 100 final eval episodes; HNS ratio. Hours=successful invocation elapsed (not GPU-hours or training-only). W&B not logged. Command requires original 5ee4f27 + published source.patch; use a fresh logdir. aux_stop_actions=0. Results: https://github.com/MrHeatcliff/New_HTP/tree/main/paper_artifacts/original_corewm_ablations/joint_full,python -u -m dreamerv3.main_htp --configs atari100k size12m corewm_paper_protocol corewm_full --task atari100k_frostbite --seed 0 --env.atari100k.use_seed True --logdir ./reruns/joint_full/frostbite/seed_0 --jax.prealloc False --logger.outputs jsonl --logger.filter '.*' --run.log_policy_video False --run.log_every 30 --agent.htp.enabled True --agent.htp.use_proj True --agent.htp.use_recon True --agent.htp.use_pdyn True --agent.htp.grad_to_backbone True --agent.htp.use_vicreg False --agent.loss_scales.htp_rec 1.0 --agent.loss_scales.htp_pdyn 1.0 --run.steps 100000 --run.exact_env_action_budget True --run.action_milestones 10000 20000 30000 40000 50000 60000 70000 80000 90000 100000
run_078,htp_joint,atari100k_road_runner,0,size12m,0,Completed,2026-09-18 16:39,2026-09-18 17:33,0.8939311327536901,15435.0,1.9689155549881918,,Sweep arm=joint_full; comparator=full; seed 0; 100K executed actions; 100 final eval episodes; HNS ratio. Hours=successful invocation elapsed (not GPU-hours or training-only). W&B not logged. Command requires original 5ee4f27 + published source.patch; use a fresh logdir. aux_stop_actions=0. Results: https://github.com/MrHeatcliff/New_HTP/tree/main/paper_artifacts/original_corewm_ablations/joint_full,python -u -m dreamerv3.main_htp --configs atari100k size12m corewm_paper_protocol corewm_full --task atari100k_road_runner --seed 0 --env.atari100k.use_seed True --logdir ./reruns/joint_full/road_runner/seed_0 --jax.prealloc False --logger.outputs jsonl --logger.filter '.*' --run.log_policy_video False --run.log_every 30 --agent.htp.enabled True --agent.htp.use_proj True --agent.htp.use_recon True --agent.htp.use_pdyn True --agent.htp.grad_to_backbone True --agent.htp.use_vicreg False --agent.loss_scales.htp_rec 1.0 --agent.loss_scales.htp_pdyn 1.0 --run.steps 100000 --run.exact_env_action_budget True --run.action_milestones 10000 20000 30000 40000 50000 60000 70000 80000 90000 100000
run_079,joint_flat,atari100k_boxing,0,size12m,0,Completed,2026-09-18 16:39,2026-09-18 17:37,0.9645860549476412,74.77,6.2225,,Sweep arm=joint_flat; comparator=flat; seed 0; 100K executed actions; 100 final eval episodes; HNS ratio. Hours=successful invocation elapsed (not GPU-hours or training-only). W&B not logged. Command requires original 5ee4f27 + published source.patch; use a fresh logdir. aux_stop_actions=0. Results: https://github.com/MrHeatcliff/New_HTP/tree/main/paper_artifacts/original_corewm_ablations/joint_flat,python -u -m dreamerv3.main_htp --configs atari100k size12m corewm_paper_protocol corewm_full --task atari100k_boxing --seed 0 --env.atari100k.use_seed True --logdir ./reruns/joint_flat/boxing/seed_0 --jax.prealloc False --logger.outputs jsonl --logger.filter '.*' --run.log_policy_video False --run.log_every 30 --agent.htp.enabled True --agent.htp.use_proj True --agent.htp.use_recon True --agent.htp.use_pdyn True --agent.htp.grad_to_backbone True --agent.htp.use_vicreg False --agent.loss_scales.htp_rec 0.0 --agent.loss_scales.htp_pdyn 0.0 --run.steps 100000 --run.exact_env_action_budget True --run.action_milestones 10000 20000 30000 40000 50000 60000 70000 80000 90000 100000
run_080,joint_flat,atari100k_up_n_down,0,size12m,0,Completed,2026-09-18 16:39,2026-09-18 17:33,0.9013728289471732,4035.8,0.3138407498342264,,Sweep arm=joint_flat; comparator=flat; seed 0; 100K executed actions; 100 final eval episodes; HNS ratio. Hours=successful invocation elapsed (not GPU-hours or training-only). W&B not logged. Command requires original 5ee4f27 + published source.patch; use a fresh logdir. aux_stop_actions=0. Results: https://github.com/MrHeatcliff/New_HTP/tree/main/paper_artifacts/original_corewm_ablations/joint_flat,python -u -m dreamerv3.main_htp --configs atari100k size12m corewm_paper_protocol corewm_full --task atari100k_up_n_down --seed 0 --env.atari100k.use_seed True --logdir ./reruns/joint_flat/up_n_down/seed_0 --jax.prealloc False --logger.outputs jsonl --logger.filter '.*' --run.log_policy_video False --run.log_every 30 --agent.htp.enabled True --agent.htp.use_proj True --agent.htp.use_recon True --agent.htp.use_pdyn True --agent.htp.grad_to_backbone True --agent.htp.use_vicreg False --agent.loss_scales.htp_rec 0.0 --agent.loss_scales.htp_pdyn 0.0 --run.steps 100000 --run.exact_env_action_budget True --run.action_milestones 10000 20000 30000 40000 50000 60000 70000 80000 90000 100000
run_081,joint_flat,atari100k_frostbite,0,size12m,0,Completed,2026-09-18 16:41,2026-09-18 17:36,0.916026793188519,2532.1,0.5777959948471718,,Sweep arm=joint_flat; comparator=flat; seed 0; 100K executed actions; 100 final eval episodes; HNS ratio. Hours=successful invocation elapsed (not GPU-hours or training-only). W&B not logged. Command requires original 5ee4f27 + published source.patch; use a fresh logdir. aux_stop_actions=0. Results: https://github.com/MrHeatcliff/New_HTP/tree/main/paper_artifacts/original_corewm_ablations/joint_flat,python -u -m dreamerv3.main_htp --configs atari100k size12m corewm_paper_protocol corewm_full --task atari100k_frostbite --seed 0 --env.atari100k.use_seed True --logdir ./reruns/joint_flat/frostbite/seed_0 --jax.prealloc False --logger.outputs jsonl --logger.filter '.*' --run.log_policy_video False --run.log_every 30 --agent.htp.enabled True --agent.htp.use_proj True --agent.htp.use_recon True --agent.htp.use_pdyn True --agent.htp.grad_to_backbone True --agent.htp.use_vicreg False --agent.loss_scales.htp_rec 0.0 --agent.loss_scales.htp_pdyn 0.0 --run.steps 100000 --run.exact_env_action_budget True --run.action_milestones 10000 20000 30000 40000 50000 60000 70000 80000 90000 100000
run_082,joint_flat,atari100k_road_runner,0,size12m,0,Completed,2026-09-18 16:41,2026-09-18 17:35,0.9078467511468463,16504.0,2.1053807365800727,,Sweep arm=joint_flat; comparator=flat; seed 0; 100K executed actions; 100 final eval episodes; HNS ratio. Hours=successful invocation elapsed (not GPU-hours or training-only). W&B not logged. Command requires original 5ee4f27 + published source.patch; use a fresh logdir. aux_stop_actions=0. Results: https://github.com/MrHeatcliff/New_HTP/tree/main/paper_artifacts/original_corewm_ablations/joint_flat,python -u -m dreamerv3.main_htp --configs atari100k size12m corewm_paper_protocol corewm_full --task atari100k_road_runner --seed 0 --env.atari100k.use_seed True --logdir ./reruns/joint_flat/road_runner/seed_0 --jax.prealloc False --logger.outputs jsonl --logger.filter '.*' --run.log_policy_video False --run.log_every 30 --agent.htp.enabled True --agent.htp.use_proj True --agent.htp.use_recon True --agent.htp.use_pdyn True --agent.htp.grad_to_backbone True --agent.htp.use_vicreg False --agent.loss_scales.htp_rec 0.0 --agent.loss_scales.htp_pdyn 0.0 --run.steps 100000 --run.exact_env_action_budget True --run.action_milestones 10000 20000 30000 40000 50000 60000 70000 80000 90000 100000
run_083,joint_rec_only,atari100k_boxing,0,size12m,0,Completed,2026-09-18 16:42,2026-09-18 17:39,0.9537766343355178,73.22,6.093333333333334,,Sweep arm=joint_rec_only; comparator=rec_only; seed 0; 100K executed actions; 100 final eval episodes; HNS ratio. Hours=successful invocation elapsed (not GPU-hours or training-only). W&B not logged. Command requires original 5ee4f27 + published source.patch; use a fresh logdir. aux_stop_actions=0. Results: https://github.com/MrHeatcliff/New_HTP/tree/main/paper_artifacts/original_corewm_ablations/joint_rec_only,python -u -m dreamerv3.main_htp --configs atari100k size12m corewm_paper_protocol corewm_full --task atari100k_boxing --seed 0 --env.atari100k.use_seed True --logdir ./reruns/joint_rec_only/boxing/seed_0 --jax.prealloc False --logger.outputs jsonl --logger.filter '.*' --run.log_policy_video False --run.log_every 30 --agent.htp.enabled True --agent.htp.use_proj True --agent.htp.use_recon True --agent.htp.use_pdyn True --agent.htp.grad_to_backbone True --agent.htp.use_vicreg False --agent.loss_scales.htp_rec 1.0 --agent.loss_scales.htp_pdyn 0.0 --run.steps 100000 --run.exact_env_action_budget True --run.action_milestones 10000 20000 30000 40000 50000 60000 70000 80000 90000 100000
run_084,joint_rec_only,atari100k_up_n_down,0,size12m,0,Completed,2026-09-18 16:42,2026-09-18 18:49,2.1044972185293833,35369.8,3.1215971612394484,,Sweep arm=joint_rec_only; comparator=rec_only; seed 0; 100K executed actions; 100 final eval episodes; HNS ratio. Hours=successful invocation elapsed (not GPU-hours or training-only). W&B not logged. Command requires original 5ee4f27 + published source.patch; use a fresh logdir. aux_stop_actions=0. Results: https://github.com/MrHeatcliff/New_HTP/tree/main/paper_artifacts/original_corewm_ablations/joint_rec_only,python -u -m dreamerv3.main_htp --configs atari100k size12m corewm_paper_protocol corewm_full --task atari100k_up_n_down --seed 0 --env.atari100k.use_seed True --logdir ./reruns/joint_rec_only/up_n_down/seed_0 --jax.prealloc False --logger.outputs jsonl --logger.filter '.*' --run.log_policy_video False --run.log_every 30 --agent.htp.enabled True --agent.htp.use_proj True --agent.htp.use_recon True --agent.htp.use_pdyn True --agent.htp.grad_to_backbone True --agent.htp.use_vicreg False --agent.loss_scales.htp_rec 1.0 --agent.loss_scales.htp_pdyn 0.0 --run.steps 100000 --run.exact_env_action_budget True --run.action_milestones 10000 20000 30000 40000 50000 60000 70000 80000 90000 100000
run_085,joint_rec_only,atari100k_frostbite,0,size12m,0,Completed,2026-09-18 16:43,2026-09-18 17:36,0.883027850455708,2409.6,0.5491041105515868,,Sweep arm=joint_rec_only; comparator=rec_only; seed 0; 100K executed actions; 100 final eval episodes; HNS ratio. Hours=successful invocation elapsed (not GPU-hours or training-only). W&B not logged. Command requires original 5ee4f27 + published source.patch; use a fresh logdir. aux_stop_actions=0. Results: https://github.com/MrHeatcliff/New_HTP/tree/main/paper_artifacts/original_corewm_ablations/joint_rec_only,python -u -m dreamerv3.main_htp --configs atari100k size12m corewm_paper_protocol corewm_full --task atari100k_frostbite --seed 0 --env.atari100k.use_seed True --logdir ./reruns/joint_rec_only/frostbite/seed_0 --jax.prealloc False --logger.outputs jsonl --logger.filter '.*' --run.log_policy_video False --run.log_every 30 --agent.htp.enabled True --agent.htp.use_proj True --agent.htp.use_recon True --agent.htp.use_pdyn True --agent.htp.grad_to_backbone True --agent.htp.use_vicreg False --agent.loss_scales.htp_rec 1.0 --agent.loss_scales.htp_pdyn 0.0 --run.steps 100000 --run.exact_env_action_budget True --run.action_milestones 10000 20000 30000 40000 50000 60000 70000 80000 90000 100000
run_086,joint_rec_only,atari100k_road_runner,0,size12m,0,Completed,2026-09-18 16:43,2026-09-18 17:37,0.9089430552721024,15926.0,2.031595072445267,,Sweep arm=joint_rec_only; comparator=rec_only; seed 0; 100K executed actions; 100 final eval episodes; HNS ratio. Hours=successful invocation elapsed (not GPU-hours or training-only). W&B not logged. Command requires original 5ee4f27 + published source.patch; use a fresh logdir. aux_stop_actions=0. Results: https://github.com/MrHeatcliff/New_HTP/tree/main/paper_artifacts/original_corewm_ablations/joint_rec_only,python -u -m dreamerv3.main_htp --configs atari100k size12m corewm_paper_protocol corewm_full --task atari100k_road_runner --seed 0 --env.atari100k.use_seed True --logdir ./reruns/joint_rec_only/road_runner/seed_0 --jax.prealloc False --logger.outputs jsonl --logger.filter '.*' --run.log_policy_video False --run.log_every 30 --agent.htp.enabled True --agent.htp.use_proj True --agent.htp.use_recon True --agent.htp.use_pdyn True --agent.htp.grad_to_backbone True --agent.htp.use_vicreg False --agent.loss_scales.htp_rec 1.0 --agent.loss_scales.htp_pdyn 0.0 --run.steps 100000 --run.exact_env_action_budget True --run.action_milestones 10000 20000 30000 40000 50000 60000 70000 80000 90000 100000
run_087,joint_pdyn_only,atari100k_boxing,0,size12m,0,Completed,2026-09-18 16:43,2026-09-18 17:36,0.8723924497763316,82.78,6.890000000000001,,Sweep arm=joint_pdyn_only; comparator=pdyn_only; seed 0; 100K executed actions; 100 final eval episodes; HNS ratio. Hours=successful invocation elapsed (not GPU-hours or training-only). W&B not logged. Command requires original 5ee4f27 + published source.patch; use a fresh logdir. aux_stop_actions=0. Results: https://github.com/MrHeatcliff/New_HTP/tree/main/paper_artifacts/original_corewm_ablations/joint_pdyn_only,python -u -m dreamerv3.main_htp --configs atari100k size12m corewm_paper_protocol corewm_full --task atari100k_boxing --seed 0 --env.atari100k.use_seed True --logdir ./reruns/joint_pdyn_only/boxing/seed_0 --jax.prealloc False --logger.outputs jsonl --logger.filter '.*' --run.log_policy_video False --run.log_every 30 --agent.htp.enabled True --agent.htp.use_proj True --agent.htp.use_recon True --agent.htp.use_pdyn True --agent.htp.grad_to_backbone True --agent.htp.use_vicreg False --agent.loss_scales.htp_rec 0.0 --agent.loss_scales.htp_pdyn 1.0 --run.steps 100000 --run.exact_env_action_budget True --run.action_milestones 10000 20000 30000 40000 50000 60000 70000 80000 90000 100000
run_088,joint_pdyn_only,atari100k_up_n_down,0,size12m,0,Completed,2026-09-18 16:43,2026-09-18 19:18,2.582746535672082,194489.7,17.379908242083193,,Sweep arm=joint_pdyn_only; comparator=pdyn_only; seed 0; 100K executed actions; 100 final eval episodes; HNS ratio. Hours=successful invocation elapsed (not GPU-hours or training-only). W&B not logged. Command requires original 5ee4f27 + published source.patch; use a fresh logdir. aux_stop_actions=0. Results: https://github.com/MrHeatcliff/New_HTP/tree/main/paper_artifacts/original_corewm_ablations/joint_pdyn_only,python -u -m dreamerv3.main_htp --configs atari100k size12m corewm_paper_protocol corewm_full --task atari100k_up_n_down --seed 0 --env.atari100k.use_seed True --logdir ./reruns/joint_pdyn_only/up_n_down/seed_0 --jax.prealloc False --logger.outputs jsonl --logger.filter '.*' --run.log_policy_video False --run.log_every 30 --agent.htp.enabled True --agent.htp.use_proj True --agent.htp.use_recon True --agent.htp.use_pdyn True --agent.htp.grad_to_backbone True --agent.htp.use_vicreg False --agent.loss_scales.htp_rec 0.0 --agent.loss_scales.htp_pdyn 1.0 --run.steps 100000 --run.exact_env_action_budget True --run.action_milestones 10000 20000 30000 40000 50000 60000 70000 80000 90000 100000
run_089,joint_pdyn_only,atari100k_frostbite,0,size12m,0,Completed,2026-09-18 16:44,2026-09-18 17:38,0.8902807668182585,3055.2,0.7003161962759106,,Sweep arm=joint_pdyn_only; comparator=pdyn_only; seed 0; 100K executed actions; 100 final eval episodes; HNS ratio. Hours=successful invocation elapsed (not GPU-hours or training-only). W&B not logged. Command requires original 5ee4f27 + published source.patch; use a fresh logdir. aux_stop_actions=0. Results: https://github.com/MrHeatcliff/New_HTP/tree/main/paper_artifacts/original_corewm_ablations/joint_pdyn_only,python -u -m dreamerv3.main_htp --configs atari100k size12m corewm_paper_protocol corewm_full --task atari100k_frostbite --seed 0 --env.atari100k.use_seed True --logdir ./reruns/joint_pdyn_only/frostbite/seed_0 --jax.prealloc False --logger.outputs jsonl --logger.filter '.*' --run.log_policy_video False --run.log_every 30 --agent.htp.enabled True --agent.htp.use_proj True --agent.htp.use_recon True --agent.htp.use_pdyn True --agent.htp.grad_to_backbone True --agent.htp.use_vicreg False --agent.loss_scales.htp_rec 0.0 --agent.loss_scales.htp_pdyn 1.0 --run.steps 100000 --run.exact_env_action_budget True --run.action_milestones 10000 20000 30000 40000 50000 60000 70000 80000 90000 100000
run_090,joint_pdyn_only,atari100k_road_runner,0,size12m,0,Completed,2026-09-18 16:44,2026-09-18 17:37,0.8784651209248436,11966.0,1.526073913320993,,Sweep arm=joint_pdyn_only; comparator=pdyn_only; seed 0; 100K executed actions; 100 final eval episodes; HNS ratio. Hours=successful invocation elapsed (not GPU-hours or training-only). W&B not logged. Command requires original 5ee4f27 + published source.patch; use a fresh logdir. aux_stop_actions=0. Results: https://github.com/MrHeatcliff/New_HTP/tree/main/paper_artifacts/original_corewm_ablations/joint_pdyn_only,python -u -m dreamerv3.main_htp --configs atari100k size12m corewm_paper_protocol corewm_full --task atari100k_road_runner --seed 0 --env.atari100k.use_seed True --logdir ./reruns/joint_pdyn_only/road_runner/seed_0 --jax.prealloc False --logger.outputs jsonl --logger.filter '.*' --run.log_policy_video False --run.log_every 30 --agent.htp.enabled True --agent.htp.use_proj True --agent.htp.use_recon True --agent.htp.use_pdyn True --agent.htp.grad_to_backbone True --agent.htp.use_vicreg False --agent.loss_scales.htp_rec 0.0 --agent.loss_scales.htp_pdyn 1.0 --run.steps 100000 --run.exact_env_action_budget True --run.action_milestones 10000 20000 30000 40000 50000 60000 70000 80000 90000 100000
run_091,htp_separable,atari100k_boxing,0,size12m,0,Completed,2026-09-18 16:45,2026-09-18 17:39,0.8892608199516933,73.36,6.105,,Sweep arm=separable_full; comparator=full; seed 0; 100K executed actions; 100 final eval episodes; HNS ratio. Hours=successful invocation elapsed (not GPU-hours or training-only). W&B not logged. Command requires original 5ee4f27 + published source.patch; use a fresh logdir. aux_stop_actions=0. Results: https://github.com/MrHeatcliff/New_HTP/tree/main/paper_artifacts/original_corewm_ablations/separable_full,python -u -m dreamerv3.main_htp --configs atari100k size12m corewm_paper_protocol corewm_full --task atari100k_boxing --seed 0 --env.atari100k.use_seed True --logdir ./reruns/separable_full/boxing/seed_0 --jax.prealloc False --logger.outputs jsonl --logger.filter '.*' --run.log_policy_video False --run.log_every 30 --agent.htp.enabled True --agent.htp.use_proj True --agent.htp.use_recon True --agent.htp.use_pdyn True --agent.htp.grad_to_backbone False --agent.htp.use_vicreg False --agent.loss_scales.htp_rec 1.0 --agent.loss_scales.htp_pdyn 1.0 --agent.htp.proj.separable True --run.steps 100000 --run.exact_env_action_budget True --run.action_milestones 10000 20000 30000 40000 50000 60000 70000 80000 90000 100000
run_092,htp_separable,atari100k_up_n_down,0,size12m,0,Completed,2026-09-18 16:45,2026-09-18 19:03,2.2973503181669446,175482.6,15.676732557931146,,Sweep arm=separable_full; comparator=full; seed 0; 100K executed actions; 100 final eval episodes; HNS ratio. Hours=successful invocation elapsed (not GPU-hours or training-only). W&B not logged. Command requires original 5ee4f27 + published source.patch; use a fresh logdir. aux_stop_actions=0. Results: https://github.com/MrHeatcliff/New_HTP/tree/main/paper_artifacts/original_corewm_ablations/separable_full,python -u -m dreamerv3.main_htp --configs atari100k size12m corewm_paper_protocol corewm_full --task atari100k_up_n_down --seed 0 --env.atari100k.use_seed True --logdir ./reruns/separable_full/up_n_down/seed_0 --jax.prealloc False --logger.outputs jsonl --logger.filter '.*' --run.log_policy_video False --run.log_every 30 --agent.htp.enabled True --agent.htp.use_proj True --agent.htp.use_recon True --agent.htp.use_pdyn True --agent.htp.grad_to_backbone False --agent.htp.use_vicreg False --agent.loss_scales.htp_rec 1.0 --agent.loss_scales.htp_pdyn 1.0 --agent.htp.proj.separable True --run.steps 100000 --run.exact_env_action_budget True --run.action_milestones 10000 20000 30000 40000 50000 60000 70000 80000 90000 100000
run_093,htp_separable,atari100k_frostbite,0,size12m,0,Completed,2026-09-18 16:51,2026-09-18 17:51,0.998139504260487,421.2,0.08338212905492447,,Sweep arm=separable_full; comparator=full; seed 0; 100K executed actions; 100 final eval episodes; HNS ratio. Hours=successful invocation elapsed (not GPU-hours or training-only). W&B not logged. Command requires original 5ee4f27 + published source.patch; use a fresh logdir. aux_stop_actions=0. Results: https://github.com/MrHeatcliff/New_HTP/tree/main/paper_artifacts/original_corewm_ablations/separable_full,python -u -m dreamerv3.main_htp --configs atari100k size12m corewm_paper_protocol corewm_full --task atari100k_frostbite --seed 0 --env.atari100k.use_seed True --logdir ./reruns/separable_full/frostbite/seed_0 --jax.prealloc False --logger.outputs jsonl --logger.filter '.*' --run.log_policy_video False --run.log_every 30 --agent.htp.enabled True --agent.htp.use_proj True --agent.htp.use_recon True --agent.htp.use_pdyn True --agent.htp.grad_to_backbone False --agent.htp.use_vicreg False --agent.loss_scales.htp_rec 1.0 --agent.loss_scales.htp_pdyn 1.0 --agent.htp.proj.separable True --run.steps 100000 --run.exact_env_action_budget True --run.action_milestones 10000 20000 30000 40000 50000 60000 70000 80000 90000 100000
run_094,htp_separable,atari100k_road_runner,0,size12m,0,Completed,2026-09-18 16:51,2026-09-18 17:46,0.906836773024665,8696.0,1.108635986468373,,Sweep arm=separable_full; comparator=full; seed 0; 100K executed actions; 100 final eval episodes; HNS ratio. Hours=successful invocation elapsed (not GPU-hours or training-only). W&B not logged. Command requires original 5ee4f27 + published source.patch; use a fresh logdir. aux_stop_actions=0. Results: https://github.com/MrHeatcliff/New_HTP/tree/main/paper_artifacts/original_corewm_ablations/separable_full,python -u -m dreamerv3.main_htp --configs atari100k size12m corewm_paper_protocol corewm_full --task atari100k_road_runner --seed 0 --env.atari100k.use_seed True --logdir ./reruns/separable_full/road_runner/seed_0 --jax.prealloc False --logger.outputs jsonl --logger.filter '.*' --run.log_policy_video False --run.log_every 30 --agent.htp.enabled True --agent.htp.use_proj True --agent.htp.use_recon True --agent.htp.use_pdyn True --agent.htp.grad_to_backbone False --agent.htp.use_vicreg False --agent.loss_scales.htp_rec 1.0 --agent.loss_scales.htp_pdyn 1.0 --agent.htp.proj.separable True --run.steps 100000 --run.exact_env_action_budget True --run.action_milestones 10000 20000 30000 40000 50000 60000 70000 80000 90000 100000
run_095,separable_flat,atari100k_boxing,0,size12m,0,Completed,2026-09-18 16:55,2026-09-18 17:54,0.9824774972597758,72.46,6.03,,Sweep arm=separable_flat; comparator=flat; seed 0; 100K executed actions; 100 final eval episodes; HNS ratio. Hours=successful invocation elapsed (not GPU-hours or training-only). W&B not logged. Command requires original 5ee4f27 + published source.patch; use a fresh logdir. aux_stop_actions=0. Results: https://github.com/MrHeatcliff/New_HTP/tree/main/paper_artifacts/original_corewm_ablations/separable_flat,python -u -m dreamerv3.main_htp --configs atari100k size12m corewm_paper_protocol corewm_full --task atari100k_boxing --seed 0 --env.atari100k.use_seed True --logdir ./reruns/separable_flat/boxing/seed_0 --jax.prealloc False --logger.outputs jsonl --logger.filter '.*' --run.log_policy_video False --run.log_every 30 --agent.htp.enabled True --agent.htp.use_proj True --agent.htp.use_recon True --agent.htp.use_pdyn True --agent.htp.grad_to_backbone False --agent.htp.use_vicreg False --agent.loss_scales.htp_rec 0.0 --agent.loss_scales.htp_pdyn 0.0 --agent.htp.proj.separable True --run.steps 100000 --run.exact_env_action_budget True --run.action_milestones 10000 20000 30000 40000 50000 60000 70000 80000 90000 100000
run_096,separable_flat,atari100k_up_n_down,0,size12m,0,Completed,2026-09-18 16:55,2026-09-18 18:38,1.7141473614507252,29695.0,2.613093424613344,,Sweep arm=separable_flat; comparator=flat; seed 0; 100K executed actions; 100 final eval episodes; HNS ratio. Hours=successful invocation elapsed (not GPU-hours or training-only). W&B not logged. Command requires original 5ee4f27 + published source.patch; use a fresh logdir. aux_stop_actions=0. Results: https://github.com/MrHeatcliff/New_HTP/tree/main/paper_artifacts/original_corewm_ablations/separable_flat,python -u -m dreamerv3.main_htp --configs atari100k size12m corewm_paper_protocol corewm_full --task atari100k_up_n_down --seed 0 --env.atari100k.use_seed True --logdir ./reruns/separable_flat/up_n_down/seed_0 --jax.prealloc False --logger.outputs jsonl --logger.filter '.*' --run.log_policy_video False --run.log_every 30 --agent.htp.enabled True --agent.htp.use_proj True --agent.htp.use_recon True --agent.htp.use_pdyn True --agent.htp.grad_to_backbone False --agent.htp.use_vicreg False --agent.loss_scales.htp_rec 0.0 --agent.loss_scales.htp_pdyn 0.0 --agent.htp.proj.separable True --run.steps 100000 --run.exact_env_action_budget True --run.action_milestones 10000 20000 30000 40000 50000 60000 70000 80000 90000 100000
run_097,separable_flat,atari100k_frostbite,0,size12m,0,Completed,2026-09-18 17:00,2026-09-18 17:52,0.8709887808561325,269.1,0.04775734863567163,,Sweep arm=separable_flat; comparator=flat; seed 0; 100K executed actions; 100 final eval episodes; HNS ratio. Hours=successful invocation elapsed (not GPU-hours or training-only). W&B not logged. Command requires original 5ee4f27 + published source.patch; use a fresh logdir. aux_stop_actions=0. Results: https://github.com/MrHeatcliff/New_HTP/tree/main/paper_artifacts/original_corewm_ablations/separable_flat,python -u -m dreamerv3.main_htp --configs atari100k size12m corewm_paper_protocol corewm_full --task atari100k_frostbite --seed 0 --env.atari100k.use_seed True --logdir ./reruns/separable_flat/frostbite/seed_0 --jax.prealloc False --logger.outputs jsonl --logger.filter '.*' --run.log_policy_video False --run.log_every 30 --agent.htp.enabled True --agent.htp.use_proj True --agent.htp.use_recon True --agent.htp.use_pdyn True --agent.htp.grad_to_backbone False --agent.htp.use_vicreg False --agent.loss_scales.htp_rec 0.0 --agent.loss_scales.htp_pdyn 0.0 --agent.htp.proj.separable True --run.steps 100000 --run.exact_env_action_budget True --run.action_milestones 10000 20000 30000 40000 50000 60000 70000 80000 90000 100000
run_098,separable_flat,atari100k_road_runner,0,size12m,0,Completed,2026-09-18 17:00,2026-09-18 17:54,0.9096867489814758,17110.0,2.1827407927490903,,Sweep arm=separable_flat; comparator=flat; seed 0; 100K executed actions; 100 final eval episodes; HNS ratio. Hours=successful invocation elapsed (not GPU-hours or training-only). W&B not logged. Command requires original 5ee4f27 + published source.patch; use a fresh logdir. aux_stop_actions=0. Results: https://github.com/MrHeatcliff/New_HTP/tree/main/paper_artifacts/original_corewm_ablations/separable_flat,python -u -m dreamerv3.main_htp --configs atari100k size12m corewm_paper_protocol corewm_full --task atari100k_road_runner --seed 0 --env.atari100k.use_seed True --logdir ./reruns/separable_flat/road_runner/seed_0 --jax.prealloc False --logger.outputs jsonl --logger.filter '.*' --run.log_policy_video False --run.log_every 30 --agent.htp.enabled True --agent.htp.use_proj True --agent.htp.use_recon True --agent.htp.use_pdyn True --agent.htp.grad_to_backbone False --agent.htp.use_vicreg False --agent.loss_scales.htp_rec 0.0 --agent.loss_scales.htp_pdyn 0.0 --agent.htp.proj.separable True --run.steps 100000 --run.exact_env_action_budget True --run.action_milestones 10000 20000 30000 40000 50000 60000 70000 80000 90000 100000
run_099,htp_reverse_strides,atari100k_boxing,0,size12m,0,Completed,2026-09-18 17:02,2026-09-18 18:01,0.97533041967286,70.8,5.891666666666667,,Sweep arm=reverse; comparator=full; seed 0; 100K executed actions; 100 final eval episodes; HNS ratio. Hours=successful invocation elapsed (not GPU-hours or training-only). W&B not logged. Command requires original 5ee4f27 + published source.patch; use a fresh logdir. aux_stop_actions=0. Results: https://github.com/MrHeatcliff/New_HTP/tree/main/paper_artifacts/original_corewm_ablations/reverse,python -u -m dreamerv3.main_htp --configs atari100k size12m corewm_paper_protocol corewm_full --task atari100k_boxing --seed 0 --env.atari100k.use_seed True --logdir ./reruns/reverse/boxing/seed_0 --jax.prealloc False --logger.outputs jsonl --logger.filter '.*' --run.log_policy_video False --run.log_every 30 --agent.htp.enabled True --agent.htp.use_proj True --agent.htp.use_recon True --agent.htp.use_pdyn True --agent.htp.grad_to_backbone False --agent.htp.use_vicreg False --agent.loss_scales.htp_rec 1.0 --agent.loss_scales.htp_pdyn 1.0 --agent.htp.pdyn.strides 1 2 4 8 16 --agent.htp.pdyn.enforce_coarse_to_fine False --run.steps 100000 --run.exact_env_action_budget True --run.action_milestones 10000 20000 30000 40000 50000 60000 70000 80000 90000 100000
run_100,htp_reverse_strides,atari100k_up_n_down,0,size12m,0,Completed,2026-09-18 17:02,2026-09-18 17:59,0.9406731064452065,9914.6,0.8406243839495331,,Sweep arm=reverse; comparator=full; seed 0; 100K executed actions; 100 final eval episodes; HNS ratio. Hours=successful invocation elapsed (not GPU-hours or training-only). W&B not logged. Command requires original 5ee4f27 + published source.patch; use a fresh logdir. aux_stop_actions=0. Results: https://github.com/MrHeatcliff/New_HTP/tree/main/paper_artifacts/original_corewm_ablations/reverse,python -u -m dreamerv3.main_htp --configs atari100k size12m corewm_paper_protocol corewm_full --task atari100k_up_n_down --seed 0 --env.atari100k.use_seed True --logdir ./reruns/reverse/up_n_down/seed_0 --jax.prealloc False --logger.outputs jsonl --logger.filter '.*' --run.log_policy_video False --run.log_every 30 --agent.htp.enabled True --agent.htp.use_proj True --agent.htp.use_recon True --agent.htp.use_pdyn True --agent.htp.grad_to_backbone False --agent.htp.use_vicreg False --agent.loss_scales.htp_rec 1.0 --agent.loss_scales.htp_pdyn 1.0 --agent.htp.pdyn.strides 1 2 4 8 16 --agent.htp.pdyn.enforce_coarse_to_fine False --run.steps 100000 --run.exact_env_action_budget True --run.action_milestones 10000 20000 30000 40000 50000 60000 70000 80000 90000 100000
run_101,htp_reverse_strides,atari100k_frostbite,0,size12m,0,Completed,2026-09-18 17:02,2026-09-18 17:55,0.881763162944052,2624.0,0.5993207635554515,,Sweep arm=reverse; comparator=full; seed 0; 100K executed actions; 100 final eval episodes; HNS ratio. Hours=successful invocation elapsed (not GPU-hours or training-only). W&B not logged. Command requires original 5ee4f27 + published source.patch; use a fresh logdir. aux_stop_actions=0. Results: https://github.com/MrHeatcliff/New_HTP/tree/main/paper_artifacts/original_corewm_ablations/reverse,python -u -m dreamerv3.main_htp --configs atari100k size12m corewm_paper_protocol corewm_full --task atari100k_frostbite --seed 0 --env.atari100k.use_seed True --logdir ./reruns/reverse/frostbite/seed_0 --jax.prealloc False --logger.outputs jsonl --logger.filter '.*' --run.log_policy_video False --run.log_every 30 --agent.htp.enabled True --agent.htp.use_proj True --agent.htp.use_recon True --agent.htp.use_pdyn True --agent.htp.grad_to_backbone False --agent.htp.use_vicreg False --agent.loss_scales.htp_rec 1.0 --agent.loss_scales.htp_pdyn 1.0 --agent.htp.pdyn.strides 1 2 4 8 16 --agent.htp.pdyn.enforce_coarse_to_fine False --run.steps 100000 --run.exact_env_action_budget True --run.action_milestones 10000 20000 30000 40000 50000 60000 70000 80000 90000 100000
run_102,htp_reverse_strides,atari100k_road_runner,0,size12m,0,Completed,2026-09-18 17:02,2026-09-18 17:57,0.916873249941402,14177.0,1.8083232271653795,,Sweep arm=reverse; comparator=full; seed 0; 100K executed actions; 100 final eval episodes; HNS ratio. Hours=successful invocation elapsed (not GPU-hours or training-only). W&B not logged. Command requires original 5ee4f27 + published source.patch; use a fresh logdir. aux_stop_actions=0. Results: https://github.com/MrHeatcliff/New_HTP/tree/main/paper_artifacts/original_corewm_ablations/reverse,python -u -m dreamerv3.main_htp --configs atari100k size12m corewm_paper_protocol corewm_full --task atari100k_road_runner --seed 0 --env.atari100k.use_seed True --logdir ./reruns/reverse/road_runner/seed_0 --jax.prealloc False --logger.outputs jsonl --logger.filter '.*' --run.log_policy_video False --run.log_every 30 --agent.htp.enabled True --agent.htp.use_proj True --agent.htp.use_recon True --agent.htp.use_pdyn True --agent.htp.grad_to_backbone False --agent.htp.use_vicreg False --agent.loss_scales.htp_rec 1.0 --agent.loss_scales.htp_pdyn 1.0 --agent.htp.pdyn.strides 1 2 4 8 16 --agent.htp.pdyn.enforce_coarse_to_fine False --run.steps 100000 --run.exact_env_action_budget True --run.action_milestones 10000 20000 30000 40000 50000 60000 70000 80000 90000 100000
run_103,all1,atari100k_boxing,0,size12m,0,Completed,2026-09-18 17:03,2026-09-18 17:56,0.8894912864764531,84.96,7.071666666666666,,Sweep arm=all1; comparator=full; seed 0; 100K executed actions; 100 final eval episodes; HNS ratio. Hours=successful invocation elapsed (not GPU-hours or training-only). W&B not logged. Command requires original 5ee4f27 + published source.patch; use a fresh logdir. aux_stop_actions=0. Results: https://github.com/MrHeatcliff/New_HTP/tree/main/paper_artifacts/original_corewm_ablations/all1,python -u -m dreamerv3.main_htp --configs atari100k size12m corewm_paper_protocol corewm_full --task atari100k_boxing --seed 0 --env.atari100k.use_seed True --logdir ./reruns/all1/boxing/seed_0 --jax.prealloc False --logger.outputs jsonl --logger.filter '.*' --run.log_policy_video False --run.log_every 30 --agent.htp.enabled True --agent.htp.use_proj True --agent.htp.use_recon True --agent.htp.use_pdyn True --agent.htp.grad_to_backbone False --agent.htp.use_vicreg False --agent.loss_scales.htp_rec 1.0 --agent.loss_scales.htp_pdyn 1.0 --agent.htp.pdyn.strides 1 1 1 1 1 --agent.htp.pdyn.enforce_coarse_to_fine False --run.steps 100000 --run.exact_env_action_budget True --run.action_milestones 10000 20000 30000 40000 50000 60000 70000 80000 90000 100000
run_104,all1,atari100k_up_n_down,0,size12m,0,Completed,2026-09-18 17:03,2026-09-18 18:43,1.6659726660781438,20576.1,1.795973046111937,,Sweep arm=all1; comparator=full; seed 0; 100K executed actions; 100 final eval episodes; HNS ratio. Hours=successful invocation elapsed (not GPU-hours or training-only). W&B not logged. Command requires original 5ee4f27 + published source.patch; use a fresh logdir. aux_stop_actions=0. Results: https://github.com/MrHeatcliff/New_HTP/tree/main/paper_artifacts/original_corewm_ablations/all1,python -u -m dreamerv3.main_htp --configs atari100k size12m corewm_paper_protocol corewm_full --task atari100k_up_n_down --seed 0 --env.atari100k.use_seed True --logdir ./reruns/all1/up_n_down/seed_0 --jax.prealloc False --logger.outputs jsonl --logger.filter '.*' --run.log_policy_video False --run.log_every 30 --agent.htp.enabled True --agent.htp.use_proj True --agent.htp.use_recon True --agent.htp.use_pdyn True --agent.htp.grad_to_backbone False --agent.htp.use_vicreg False --agent.loss_scales.htp_rec 1.0 --agent.loss_scales.htp_pdyn 1.0 --agent.htp.pdyn.strides 1 1 1 1 1 --agent.htp.pdyn.enforce_coarse_to_fine False --run.steps 100000 --run.exact_env_action_budget True --run.action_milestones 10000 20000 30000 40000 50000 60000 70000 80000 90000 100000
run_105,all1,atari100k_frostbite,0,size12m,0,Completed,2026-09-18 17:04,2026-09-18 17:55,0.8639643292956882,1670.6,0.3760159269235273,,Sweep arm=all1; comparator=full; seed 0; 100K executed actions; 100 final eval episodes; HNS ratio. Hours=successful invocation elapsed (not GPU-hours or training-only). W&B not logged. Command requires original 5ee4f27 + published source.patch; use a fresh logdir. aux_stop_actions=0. Results: https://github.com/MrHeatcliff/New_HTP/tree/main/paper_artifacts/original_corewm_ablations/all1,python -u -m dreamerv3.main_htp --configs atari100k size12m corewm_paper_protocol corewm_full --task atari100k_frostbite --seed 0 --env.atari100k.use_seed True --logdir ./reruns/all1/frostbite/seed_0 --jax.prealloc False --logger.outputs jsonl --logger.filter '.*' --run.log_policy_video False --run.log_every 30 --agent.htp.enabled True --agent.htp.use_proj True --agent.htp.use_recon True --agent.htp.use_pdyn True --agent.htp.grad_to_backbone False --agent.htp.use_vicreg False --agent.loss_scales.htp_rec 1.0 --agent.loss_scales.htp_pdyn 1.0 --agent.htp.pdyn.strides 1 1 1 1 1 --agent.htp.pdyn.enforce_coarse_to_fine False --run.steps 100000 --run.exact_env_action_budget True --run.action_milestones 10000 20000 30000 40000 50000 60000 70000 80000 90000 100000
run_106,all1,atari100k_road_runner,0,size12m,0,Completed,2026-09-18 17:04,2026-09-18 17:57,0.8964268022113376,14847.0,1.893853322269739,,Sweep arm=all1; comparator=full; seed 0; 100K executed actions; 100 final eval episodes; HNS ratio. Hours=successful invocation elapsed (not GPU-hours or training-only). W&B not logged. Command requires original 5ee4f27 + published source.patch; use a fresh logdir. aux_stop_actions=0. Results: https://github.com/MrHeatcliff/New_HTP/tree/main/paper_artifacts/original_corewm_ablations/all1,python -u -m dreamerv3.main_htp --configs atari100k size12m corewm_paper_protocol corewm_full --task atari100k_road_runner --seed 0 --env.atari100k.use_seed True --logdir ./reruns/all1/road_runner/seed_0 --jax.prealloc False --logger.outputs jsonl --logger.filter '.*' --run.log_policy_video False --run.log_every 30 --agent.htp.enabled True --agent.htp.use_proj True --agent.htp.use_recon True --agent.htp.use_pdyn True --agent.htp.grad_to_backbone False --agent.htp.use_vicreg False --agent.loss_scales.htp_rec 1.0 --agent.loss_scales.htp_pdyn 1.0 --agent.htp.pdyn.strides 1 1 1 1 1 --agent.htp.pdyn.enforce_coarse_to_fine False --run.steps 100000 --run.exact_env_action_budget True --run.action_milestones 10000 20000 30000 40000 50000 60000 70000 80000 90000 100000
run_107,all16,atari100k_boxing,0,size12m,0,Completed,2026-09-18 17:20,2026-09-18 18:19,0.9849830488363902,71.94,5.986666666666667,,Sweep arm=all16; comparator=full; seed 0; 100K executed actions; 100 final eval episodes; HNS ratio. Hours=successful invocation elapsed (not GPU-hours or training-only). W&B not logged. Command requires original 5ee4f27 + published source.patch; use a fresh logdir. aux_stop_actions=0. Results: https://github.com/MrHeatcliff/New_HTP/tree/main/paper_artifacts/original_corewm_ablations/all16,python -u -m dreamerv3.main_htp --configs atari100k size12m corewm_paper_protocol corewm_full --task atari100k_boxing --seed 0 --env.atari100k.use_seed True --logdir ./reruns/all16/boxing/seed_0 --jax.prealloc False --logger.outputs jsonl --logger.filter '.*' --run.log_policy_video False --run.log_every 30 --agent.htp.enabled True --agent.htp.use_proj True --agent.htp.use_recon True --agent.htp.use_pdyn True --agent.htp.grad_to_backbone False --agent.htp.use_vicreg False --agent.loss_scales.htp_rec 1.0 --agent.loss_scales.htp_pdyn 1.0 --agent.htp.pdyn.strides 16 16 16 16 16 --agent.htp.pdyn.enforce_coarse_to_fine False --run.steps 100000 --run.exact_env_action_budget True --run.action_milestones 10000 20000 30000 40000 50000 60000 70000 80000 90000 100000
run_108,all16,atari100k_up_n_down,0,size12m,0,Completed,2026-09-18 17:20,2026-09-18 18:42,1.3714074484507244,18829.1,1.639429022025484,,Sweep arm=all16; comparator=full; seed 0; 100K executed actions; 100 final eval episodes; HNS ratio. Hours=successful invocation elapsed (not GPU-hours or training-only). W&B not logged. Command requires original 5ee4f27 + published source.patch; use a fresh logdir. aux_stop_actions=0. Results: https://github.com/MrHeatcliff/New_HTP/tree/main/paper_artifacts/original_corewm_ablations/all16,python -u -m dreamerv3.main_htp --configs atari100k size12m corewm_paper_protocol corewm_full --task atari100k_up_n_down --seed 0 --env.atari100k.use_seed True --logdir ./reruns/all16/up_n_down/seed_0 --jax.prealloc False --logger.outputs jsonl --logger.filter '.*' --run.log_policy_video False --run.log_every 30 --agent.htp.enabled True --agent.htp.use_proj True --agent.htp.use_recon True --agent.htp.use_pdyn True --agent.htp.grad_to_backbone False --agent.htp.use_vicreg False --agent.loss_scales.htp_rec 1.0 --agent.loss_scales.htp_pdyn 1.0 --agent.htp.pdyn.strides 16 16 16 16 16 --agent.htp.pdyn.enforce_coarse_to_fine False --run.steps 100000 --run.exact_env_action_budget True --run.action_milestones 10000 20000 30000 40000 50000 60000 70000 80000 90000 100000
run_109,all16,atari100k_frostbite,0,size12m,0,Completed,2026-09-18 17:24,2026-09-18 18:16,0.8624604254961014,394.0,0.07701135964398642,,Sweep arm=all16; comparator=full; seed 0; 100K executed actions; 100 final eval episodes; HNS ratio. Hours=successful invocation elapsed (not GPU-hours or training-only). W&B not logged. Command requires original 5ee4f27 + published source.patch; use a fresh logdir. aux_stop_actions=0. Results: https://github.com/MrHeatcliff/New_HTP/tree/main/paper_artifacts/original_corewm_ablations/all16,python -u -m dreamerv3.main_htp --configs atari100k size12m corewm_paper_protocol corewm_full --task atari100k_frostbite --seed 0 --env.atari100k.use_seed True --logdir ./reruns/all16/frostbite/seed_0 --jax.prealloc False --logger.outputs jsonl --logger.filter '.*' --run.log_policy_video False --run.log_every 30 --agent.htp.enabled True --agent.htp.use_proj True --agent.htp.use_recon True --agent.htp.use_pdyn True --agent.htp.grad_to_backbone False --agent.htp.use_vicreg False --agent.loss_scales.htp_rec 1.0 --agent.loss_scales.htp_pdyn 1.0 --agent.htp.pdyn.strides 16 16 16 16 16 --agent.htp.pdyn.enforce_coarse_to_fine False --run.steps 100000 --run.exact_env_action_budget True --run.action_milestones 10000 20000 30000 40000 50000 60000 70000 80000 90000 100000
run_110,all16,atari100k_road_runner,0,size12m,0,Completed,2026-09-18 17:24,2026-09-18 18:19,0.913505816327201,13935.0,1.7774302674411182,,Sweep arm=all16; comparator=full; seed 0; 100K executed actions; 100 final eval episodes; HNS ratio. Hours=successful invocation elapsed (not GPU-hours or training-only). W&B not logged. Command requires original 5ee4f27 + published source.patch; use a fresh logdir. aux_stop_actions=0. Results: https://github.com/MrHeatcliff/New_HTP/tree/main/paper_artifacts/original_corewm_ablations/all16,python -u -m dreamerv3.main_htp --configs atari100k size12m corewm_paper_protocol corewm_full --task atari100k_road_runner --seed 0 --env.atari100k.use_seed True --logdir ./reruns/all16/road_runner/seed_0 --jax.prealloc False --logger.outputs jsonl --logger.filter '.*' --run.log_policy_video False --run.log_every 30 --agent.htp.enabled True --agent.htp.use_proj True --agent.htp.use_recon True --agent.htp.use_pdyn True --agent.htp.grad_to_backbone False --agent.htp.use_vicreg False --agent.loss_scales.htp_rec 1.0 --agent.loss_scales.htp_pdyn 1.0 --agent.htp.pdyn.strides 16 16 16 16 16 --agent.htp.pdyn.enforce_coarse_to_fine False --run.steps 100000 --run.exact_env_action_budget True --run.action_milestones 10000 20000 30000 40000 50000 60000 70000 80000 90000 100000
run_111,permuted,atari100k_boxing,0,size12m,0,Completed,2026-09-18 17:33,2026-09-18 18:25,0.8664193068610297,87.29,7.265833333333334,,Sweep arm=permuted; comparator=full; seed 0; 100K executed actions; 100 final eval episodes; HNS ratio. Hours=successful invocation elapsed (not GPU-hours or training-only). W&B not logged. Command requires original 5ee4f27 + published source.patch; use a fresh logdir. aux_stop_actions=0. Results: https://github.com/MrHeatcliff/New_HTP/tree/main/paper_artifacts/original_corewm_ablations/permuted,python -u -m dreamerv3.main_htp --configs atari100k size12m corewm_paper_protocol corewm_full --task atari100k_boxing --seed 0 --env.atari100k.use_seed True --logdir ./reruns/permuted/boxing/seed_0 --jax.prealloc False --logger.outputs jsonl --logger.filter '.*' --run.log_policy_video False --run.log_every 30 --agent.htp.enabled True --agent.htp.use_proj True --agent.htp.use_recon True --agent.htp.use_pdyn True --agent.htp.grad_to_backbone False --agent.htp.use_vicreg False --agent.loss_scales.htp_rec 1.0 --agent.loss_scales.htp_pdyn 1.0 --agent.htp.pdyn.strides 4 16 1 8 2 --agent.htp.pdyn.enforce_coarse_to_fine False --run.steps 100000 --run.exact_env_action_budget True --run.action_milestones 10000 20000 30000 40000 50000 60000 70000 80000 90000 100000
run_112,permuted,atari100k_up_n_down,0,size12m,0,Completed,2026-09-18 17:33,2026-09-18 20:04,2.5139816925260754,230553.8,20.611516335418195,,Sweep arm=permuted; comparator=full; seed 0; 100K executed actions; 100 final eval episodes; HNS ratio. Hours=successful invocation elapsed (not GPU-hours or training-only). W&B not logged. Command requires original 5ee4f27 + published source.patch; use a fresh logdir. aux_stop_actions=0. Results: https://github.com/MrHeatcliff/New_HTP/tree/main/paper_artifacts/original_corewm_ablations/permuted,python -u -m dreamerv3.main_htp --configs atari100k size12m corewm_paper_protocol corewm_full --task atari100k_up_n_down --seed 0 --env.atari100k.use_seed True --logdir ./reruns/permuted/up_n_down/seed_0 --jax.prealloc False --logger.outputs jsonl --logger.filter '.*' --run.log_policy_video False --run.log_every 30 --agent.htp.enabled True --agent.htp.use_proj True --agent.htp.use_recon True --agent.htp.use_pdyn True --agent.htp.grad_to_backbone False --agent.htp.use_vicreg False --agent.loss_scales.htp_rec 1.0 --agent.loss_scales.htp_pdyn 1.0 --agent.htp.pdyn.strides 4 16 1 8 2 --agent.htp.pdyn.enforce_coarse_to_fine False --run.steps 100000 --run.exact_env_action_budget True --run.action_milestones 10000 20000 30000 40000 50000 60000 70000 80000 90000 100000
run_113,permuted,atari100k_frostbite,0,size12m,0,Completed,2026-09-18 17:36,2026-09-18 18:28,0.8703781463040245,1729.6,0.3898348752781356,,Sweep arm=permuted; comparator=full; seed 0; 100K executed actions; 100 final eval episodes; HNS ratio. Hours=successful invocation elapsed (not GPU-hours or training-only). W&B not logged. Command requires original 5ee4f27 + published source.patch; use a fresh logdir. aux_stop_actions=0. Results: https://github.com/MrHeatcliff/New_HTP/tree/main/paper_artifacts/original_corewm_ablations/permuted,python -u -m dreamerv3.main_htp --configs atari100k size12m corewm_paper_protocol corewm_full --task atari100k_frostbite --seed 0 --env.atari100k.use_seed True --logdir ./reruns/permuted/frostbite/seed_0 --jax.prealloc False --logger.outputs jsonl --logger.filter '.*' --run.log_policy_video False --run.log_every 30 --agent.htp.enabled True --agent.htp.use_proj True --agent.htp.use_recon True --agent.htp.use_pdyn True --agent.htp.grad_to_backbone False --agent.htp.use_vicreg False --agent.loss_scales.htp_rec 1.0 --agent.loss_scales.htp_pdyn 1.0 --agent.htp.pdyn.strides 4 16 1 8 2 --agent.htp.pdyn.enforce_coarse_to_fine False --run.steps 100000 --run.exact_env_action_budget True --run.action_milestones 10000 20000 30000 40000 50000 60000 70000 80000 90000 100000
run_114,permuted,atari100k_road_runner,0,size12m,0,Completed,2026-09-18 17:36,2026-09-18 18:30,0.9072051731745402,15397.0,1.9640645943703325,,Sweep arm=permuted; comparator=full; seed 0; 100K executed actions; 100 final eval episodes; HNS ratio. Hours=successful invocation elapsed (not GPU-hours or training-only). W&B not logged. Command requires original 5ee4f27 + published source.patch; use a fresh logdir. aux_stop_actions=0. Results: https://github.com/MrHeatcliff/New_HTP/tree/main/paper_artifacts/original_corewm_ablations/permuted,python -u -m dreamerv3.main_htp --configs atari100k size12m corewm_paper_protocol corewm_full --task atari100k_road_runner --seed 0 --env.atari100k.use_seed True --logdir ./reruns/permuted/road_runner/seed_0 --jax.prealloc False --logger.outputs jsonl --logger.filter '.*' --run.log_policy_video False --run.log_every 30 --agent.htp.enabled True --agent.htp.use_proj True --agent.htp.use_recon True --agent.htp.use_pdyn True --agent.htp.grad_to_backbone False --agent.htp.use_vicreg False --agent.loss_scales.htp_rec 1.0 --agent.loss_scales.htp_pdyn 1.0 --agent.htp.pdyn.strides 4 16 1 8 2 --agent.htp.pdyn.enforce_coarse_to_fine False --run.steps 100000 --run.exact_env_action_budget True --run.action_milestones 10000 20000 30000 40000 50000 60000 70000 80000 90000 100000
run_115,full_validnorm,atari100k_boxing,0,size12m,0,Completed,2026-09-18 17:37,2026-09-18 18:32,0.9096396956178877,73.03,6.077500000000001,,Sweep arm=full_validnorm; comparator=full; seed 0; 100K executed actions; 100 final eval episodes; HNS ratio. Hours=successful invocation elapsed (not GPU-hours or training-only). W&B not logged. Command requires original 5ee4f27 + published source.patch; use a fresh logdir. aux_stop_actions=0. Results: https://github.com/MrHeatcliff/New_HTP/tree/main/paper_artifacts/original_corewm_ablations/full_validnorm,python -u -m dreamerv3.main_htp --configs atari100k size12m corewm_paper_protocol corewm_full --task atari100k_boxing --seed 0 --env.atari100k.use_seed True --logdir ./reruns/full_validnorm/boxing/seed_0 --jax.prealloc False --logger.outputs jsonl --logger.filter '.*' --run.log_policy_video False --run.log_every 30 --agent.htp.enabled True --agent.htp.use_proj True --agent.htp.use_recon True --agent.htp.use_pdyn True --agent.htp.grad_to_backbone False --agent.htp.use_vicreg False --agent.loss_scales.htp_rec 1.0 --agent.loss_scales.htp_pdyn 1.0 --agent.htp.pdyn.normalize_valid True --run.steps 100000 --run.exact_env_action_budget True --run.action_milestones 10000 20000 30000 40000 50000 60000 70000 80000 90000 100000
run_116,full_validnorm,atari100k_up_n_down,0,size12m,0,Completed,2026-09-18 17:37,2026-09-18 18:52,1.2492365456951988,10373.1,0.8817093496299216,,Sweep arm=full_validnorm; comparator=full; seed 0; 100K executed actions; 100 final eval episodes; HNS ratio. Hours=successful invocation elapsed (not GPU-hours or training-only). W&B not logged. Command requires original 5ee4f27 + published source.patch; use a fresh logdir. aux_stop_actions=0. Results: https://github.com/MrHeatcliff/New_HTP/tree/main/paper_artifacts/original_corewm_ablations/full_validnorm,python -u -m dreamerv3.main_htp --configs atari100k size12m corewm_paper_protocol corewm_full --task atari100k_up_n_down --seed 0 --env.atari100k.use_seed True --logdir ./reruns/full_validnorm/up_n_down/seed_0 --jax.prealloc False --logger.outputs jsonl --logger.filter '.*' --run.log_policy_video False --run.log_every 30 --agent.htp.enabled True --agent.htp.use_proj True --agent.htp.use_recon True --agent.htp.use_pdyn True --agent.htp.grad_to_backbone False --agent.htp.use_vicreg False --agent.loss_scales.htp_rec 1.0 --agent.loss_scales.htp_pdyn 1.0 --agent.htp.pdyn.normalize_valid True --run.steps 100000 --run.exact_env_action_budget True --run.action_milestones 10000 20000 30000 40000 50000 60000 70000 80000 90000 100000
run_117,full_validnorm,atari100k_frostbite,0,size12m,0,Completed,2026-09-18 17:37,2026-09-18 18:28,0.8499659370713764,263.9,0.04653940742475699,,Sweep arm=full_validnorm; comparator=full; seed 0; 100K executed actions; 100 final eval episodes; HNS ratio. Hours=successful invocation elapsed (not GPU-hours or training-only). W&B not logged. Command requires original 5ee4f27 + published source.patch; use a fresh logdir. aux_stop_actions=0. Results: https://github.com/MrHeatcliff/New_HTP/tree/main/paper_artifacts/original_corewm_ablations/full_validnorm,python -u -m dreamerv3.main_htp --configs atari100k size12m corewm_paper_protocol corewm_full --task atari100k_frostbite --seed 0 --env.atari100k.use_seed True --logdir ./reruns/full_validnorm/frostbite/seed_0 --jax.prealloc False --logger.outputs jsonl --logger.filter '.*' --run.log_policy_video False --run.log_every 30 --agent.htp.enabled True --agent.htp.use_proj True --agent.htp.use_recon True --agent.htp.use_pdyn True --agent.htp.grad_to_backbone False --agent.htp.use_vicreg False --agent.loss_scales.htp_rec 1.0 --agent.loss_scales.htp_pdyn 1.0 --agent.htp.pdyn.normalize_valid True --run.steps 100000 --run.exact_env_action_budget True --run.action_milestones 10000 20000 30000 40000 50000 60000 70000 80000 90000 100000
run_118,full_validnorm,atari100k_road_runner,0,size12m,0,Completed,2026-09-18 17:37,2026-09-18 18:31,0.899028286602762,14927.0,1.9040658709389162,,Sweep arm=full_validnorm; comparator=full; seed 0; 100K executed actions; 100 final eval episodes; HNS ratio. Hours=successful invocation elapsed (not GPU-hours or training-only). W&B not logged. Command requires original 5ee4f27 + published source.patch; use a fresh logdir. aux_stop_actions=0. Results: https://github.com/MrHeatcliff/New_HTP/tree/main/paper_artifacts/original_corewm_ablations/full_validnorm,python -u -m dreamerv3.main_htp --configs atari100k size12m corewm_paper_protocol corewm_full --task atari100k_road_runner --seed 0 --env.atari100k.use_seed True --logdir ./reruns/full_validnorm/road_runner/seed_0 --jax.prealloc False --logger.outputs jsonl --logger.filter '.*' --run.log_policy_video False --run.log_every 30 --agent.htp.enabled True --agent.htp.use_proj True --agent.htp.use_recon True --agent.htp.use_pdyn True --agent.htp.grad_to_backbone False --agent.htp.use_vicreg False --agent.loss_scales.htp_rec 1.0 --agent.loss_scales.htp_pdyn 1.0 --agent.htp.pdyn.normalize_valid True --run.steps 100000 --run.exact_env_action_budget True --run.action_milestones 10000 20000 30000 40000 50000 60000 70000 80000 90000 100000
run_119,reverse_validnorm,atari100k_boxing,0,size12m,0,Completed,2026-09-18 17:38,2026-09-18 18:37,0.9909986943668789,68.3,5.683333333333334,,Sweep arm=reverse_validnorm; comparator=reverse; seed 0; 100K executed actions; 100 final eval episodes; HNS ratio. Hours=successful invocation elapsed (not GPU-hours or training-only). W&B not logged. Command requires original 5ee4f27 + published source.patch; use a fresh logdir. aux_stop_actions=0. Results: https://github.com/MrHeatcliff/New_HTP/tree/main/paper_artifacts/original_corewm_ablations/reverse_validnorm,python -u -m dreamerv3.main_htp --configs atari100k size12m corewm_paper_protocol corewm_full --task atari100k_boxing --seed 0 --env.atari100k.use_seed True --logdir ./reruns/reverse_validnorm/boxing/seed_0 --jax.prealloc False --logger.outputs jsonl --logger.filter '.*' --run.log_policy_video False --run.log_every 30 --agent.htp.enabled True --agent.htp.use_proj True --agent.htp.use_recon True --agent.htp.use_pdyn True --agent.htp.grad_to_backbone False --agent.htp.use_vicreg False --agent.loss_scales.htp_rec 1.0 --agent.loss_scales.htp_pdyn 1.0 --agent.htp.pdyn.strides 1 2 4 8 16 --agent.htp.pdyn.enforce_coarse_to_fine False --agent.htp.pdyn.normalize_valid True --run.steps 100000 --run.exact_env_action_budget True --run.action_milestones 10000 20000 30000 40000 50000 60000 70000 80000 90000 100000
run_120,reverse_validnorm,atari100k_up_n_down,0,size12m,0,Completed,2026-09-18 17:38,2026-09-18 18:57,1.3132368136114545,21952.5,1.919308589759673,,Sweep arm=reverse_validnorm; comparator=reverse; seed 0; 100K executed actions; 100 final eval episodes; HNS ratio. Hours=successful invocation elapsed (not GPU-hours or training-only). W&B not logged. Command requires original 5ee4f27 + published source.patch; use a fresh logdir. aux_stop_actions=0. Results: https://github.com/MrHeatcliff/New_HTP/tree/main/paper_artifacts/original_corewm_ablations/reverse_validnorm,python -u -m dreamerv3.main_htp --configs atari100k size12m corewm_paper_protocol corewm_full --task atari100k_up_n_down --seed 0 --env.atari100k.use_seed True --logdir ./reruns/reverse_validnorm/up_n_down/seed_0 --jax.prealloc False --logger.outputs jsonl --logger.filter '.*' --run.log_policy_video False --run.log_every 30 --agent.htp.enabled True --agent.htp.use_proj True --agent.htp.use_recon True --agent.htp.use_pdyn True --agent.htp.grad_to_backbone False --agent.htp.use_vicreg False --agent.loss_scales.htp_rec 1.0 --agent.loss_scales.htp_pdyn 1.0 --agent.htp.pdyn.strides 1 2 4 8 16 --agent.htp.pdyn.enforce_coarse_to_fine False --agent.htp.pdyn.normalize_valid True --run.steps 100000 --run.exact_env_action_budget True --run.action_milestones 10000 20000 30000 40000 50000 60000 70000 80000 90000 100000
run_121,reverse_validnorm,atari100k_frostbite,0,size12m,0,Completed,2026-09-18 17:51,2026-09-18 18:41,0.8267755644188987,259.5,0.04550884178475231,,Sweep arm=reverse_validnorm; comparator=reverse; seed 0; 100K executed actions; 100 final eval episodes; HNS ratio. Hours=successful invocation elapsed (not GPU-hours or training-only). W&B not logged. Command requires original 5ee4f27 + published source.patch; use a fresh logdir. aux_stop_actions=0. Results: https://github.com/MrHeatcliff/New_HTP/tree/main/paper_artifacts/original_corewm_ablations/reverse_validnorm,python -u -m dreamerv3.main_htp --configs atari100k size12m corewm_paper_protocol corewm_full --task atari100k_frostbite --seed 0 --env.atari100k.use_seed True --logdir ./reruns/reverse_validnorm/frostbite/seed_0 --jax.prealloc False --logger.outputs jsonl --logger.filter '.*' --run.log_policy_video False --run.log_every 30 --agent.htp.enabled True --agent.htp.use_proj True --agent.htp.use_recon True --agent.htp.use_pdyn True --agent.htp.grad_to_backbone False --agent.htp.use_vicreg False --agent.loss_scales.htp_rec 1.0 --agent.loss_scales.htp_pdyn 1.0 --agent.htp.pdyn.strides 1 2 4 8 16 --agent.htp.pdyn.enforce_coarse_to_fine False --agent.htp.pdyn.normalize_valid True --run.steps 100000 --run.exact_env_action_budget True --run.action_milestones 10000 20000 30000 40000 50000 60000 70000 80000 90000 100000
run_122,reverse_validnorm,atari100k_road_runner,0,size12m,0,Completed,2026-09-18 17:51,2026-09-18 18:44,0.8878045341041353,15635.0,1.9944469266611349,,Sweep arm=reverse_validnorm; comparator=reverse; seed 0; 100K executed actions; 100 final eval episodes; HNS ratio. Hours=successful invocation elapsed (not GPU-hours or training-only). W&B not logged. Command requires original 5ee4f27 + published source.patch; use a fresh logdir. aux_stop_actions=0. Results: https://github.com/MrHeatcliff/New_HTP/tree/main/paper_artifacts/original_corewm_ablations/reverse_validnorm,python -u -m dreamerv3.main_htp --configs atari100k size12m corewm_paper_protocol corewm_full --task atari100k_road_runner --seed 0 --env.atari100k.use_seed True --logdir ./reruns/reverse_validnorm/road_runner/seed_0 --jax.prealloc False --logger.outputs jsonl --logger.filter '.*' --run.log_policy_video False --run.log_every 30 --agent.htp.enabled True --agent.htp.use_proj True --agent.htp.use_recon True --agent.htp.use_pdyn True --agent.htp.grad_to_backbone False --agent.htp.use_vicreg False --agent.loss_scales.htp_rec 1.0 --agent.loss_scales.htp_pdyn 1.0 --agent.htp.pdyn.strides 1 2 4 8 16 --agent.htp.pdyn.enforce_coarse_to_fine False --agent.htp.pdyn.normalize_valid True --run.steps 100000 --run.exact_env_action_budget True --run.action_milestones 10000 20000 30000 40000 50000 60000 70000 80000 90000 100000
run_123,all1_validnorm,atari100k_boxing,0,size12m,0,Completed,2026-09-18 17:57,2026-09-18 18:55,0.9682790663507249,77.02,6.41,,Sweep arm=all1_validnorm; comparator=all1; seed 0; 100K executed actions; 100 final eval episodes; HNS ratio. Hours=successful invocation elapsed (not GPU-hours or training-only). W&B not logged. Command requires original 5ee4f27 + published source.patch; use a fresh logdir. aux_stop_actions=0. Results: https://github.com/MrHeatcliff/New_HTP/tree/main/paper_artifacts/original_corewm_ablations/all1_validnorm,python -u -m dreamerv3.main_htp --configs atari100k size12m corewm_paper_protocol corewm_full --task atari100k_boxing --seed 0 --env.atari100k.use_seed True --logdir ./reruns/all1_validnorm/boxing/seed_0 --jax.prealloc False --logger.outputs jsonl --logger.filter '.*' --run.log_policy_video False --run.log_every 30 --agent.htp.enabled True --agent.htp.use_proj True --agent.htp.use_recon True --agent.htp.use_pdyn True --agent.htp.grad_to_backbone False --agent.htp.use_vicreg False --agent.loss_scales.htp_rec 1.0 --agent.loss_scales.htp_pdyn 1.0 --agent.htp.pdyn.strides 1 1 1 1 1 --agent.htp.pdyn.enforce_coarse_to_fine False --agent.htp.pdyn.normalize_valid True --run.steps 100000 --run.exact_env_action_budget True --run.action_milestones 10000 20000 30000 40000 50000 60000 70000 80000 90000 100000
run_124,all1_validnorm,atari100k_up_n_down,0,size12m,0,Completed,2026-09-18 17:57,2026-09-18 19:32,1.5764398900005552,65304.3,5.803948099428305,,Sweep arm=all1_validnorm; comparator=all1; seed 0; 100K executed actions; 100 final eval episodes; HNS ratio. Hours=successful invocation elapsed (not GPU-hours or training-only). W&B not logged. Command requires original 5ee4f27 + published source.patch; use a fresh logdir. aux_stop_actions=0. Results: https://github.com/MrHeatcliff/New_HTP/tree/main/paper_artifacts/original_corewm_ablations/all1_validnorm,python -u -m dreamerv3.main_htp --configs atari100k size12m corewm_paper_protocol corewm_full --task atari100k_up_n_down --seed 0 --env.atari100k.use_seed True --logdir ./reruns/all1_validnorm/up_n_down/seed_0 --jax.prealloc False --logger.outputs jsonl --logger.filter '.*' --run.log_policy_video False --run.log_every 30 --agent.htp.enabled True --agent.htp.use_proj True --agent.htp.use_recon True --agent.htp.use_pdyn True --agent.htp.grad_to_backbone False --agent.htp.use_vicreg False --agent.loss_scales.htp_rec 1.0 --agent.loss_scales.htp_pdyn 1.0 --agent.htp.pdyn.strides 1 1 1 1 1 --agent.htp.pdyn.enforce_coarse_to_fine False --agent.htp.pdyn.normalize_valid True --run.steps 100000 --run.exact_env_action_budget True --run.action_milestones 10000 20000 30000 40000 50000 60000 70000 80000 90000 100000
run_125,all1_validnorm,atari100k_frostbite,0,size12m,0,Completed,2026-09-18 17:57,2026-09-18 18:55,0.9676319326957067,1651.2,0.37147206932896126,,Sweep arm=all1_validnorm; comparator=all1; seed 0; 100K executed actions; 100 final eval episodes; HNS ratio. Hours=successful invocation elapsed (not GPU-hours or training-only). W&B not logged. Command requires original 5ee4f27 + published source.patch; use a fresh logdir. aux_stop_actions=0. Results: https://github.com/MrHeatcliff/New_HTP/tree/main/paper_artifacts/original_corewm_ablations/all1_validnorm,python -u -m dreamerv3.main_htp --configs atari100k size12m corewm_paper_protocol corewm_full --task atari100k_frostbite --seed 0 --env.atari100k.use_seed True --logdir ./reruns/all1_validnorm/frostbite/seed_0 --jax.prealloc False --logger.outputs jsonl --logger.filter '.*' --run.log_policy_video False --run.log_every 30 --agent.htp.enabled True --agent.htp.use_proj True --agent.htp.use_recon True --agent.htp.use_pdyn True --agent.htp.grad_to_backbone False --agent.htp.use_vicreg False --agent.loss_scales.htp_rec 1.0 --agent.loss_scales.htp_pdyn 1.0 --agent.htp.pdyn.strides 1 1 1 1 1 --agent.htp.pdyn.enforce_coarse_to_fine False --agent.htp.pdyn.normalize_valid True --run.steps 100000 --run.exact_env_action_budget True --run.action_milestones 10000 20000 30000 40000 50000 60000 70000 80000 90000 100000
run_126,all1_validnorm,atari100k_road_runner,0,size12m,0,Completed,2026-09-18 17:57,2026-09-18 18:52,0.9178203408585655,14054.0,1.7926214335865194,,Sweep arm=all1_validnorm; comparator=all1; seed 0; 100K executed actions; 100 final eval episodes; HNS ratio. Hours=successful invocation elapsed (not GPU-hours or training-only). W&B not logged. Command requires original 5ee4f27 + published source.patch; use a fresh logdir. aux_stop_actions=0. Results: https://github.com/MrHeatcliff/New_HTP/tree/main/paper_artifacts/original_corewm_ablations/all1_validnorm,python -u -m dreamerv3.main_htp --configs atari100k size12m corewm_paper_protocol corewm_full --task atari100k_road_runner --seed 0 --env.atari100k.use_seed True --logdir ./reruns/all1_validnorm/road_runner/seed_0 --jax.prealloc False --logger.outputs jsonl --logger.filter '.*' --run.log_policy_video False --run.log_every 30 --agent.htp.enabled True --agent.htp.use_proj True --agent.htp.use_recon True --agent.htp.use_pdyn True --agent.htp.grad_to_backbone False --agent.htp.use_vicreg False --agent.loss_scales.htp_rec 1.0 --agent.loss_scales.htp_pdyn 1.0 --agent.htp.pdyn.strides 1 1 1 1 1 --agent.htp.pdyn.enforce_coarse_to_fine False --agent.htp.pdyn.normalize_valid True --run.steps 100000 --run.exact_env_action_budget True --run.action_milestones 10000 20000 30000 40000 50000 60000 70000 80000 90000 100000
run_127,all16_validnorm,atari100k_boxing,0,size12m,0,Completed,2026-09-18 18:01,2026-09-18 18:53,0.872590223285887,82.39,6.857500000000001,,Sweep arm=all16_validnorm; comparator=all16; seed 0; 100K executed actions; 100 final eval episodes; HNS ratio. Hours=successful invocation elapsed (not GPU-hours or training-only). W&B not logged. Command requires original 5ee4f27 + published source.patch; use a fresh logdir. aux_stop_actions=0. Results: https://github.com/MrHeatcliff/New_HTP/tree/main/paper_artifacts/original_corewm_ablations/all16_validnorm,python -u -m dreamerv3.main_htp --configs atari100k size12m corewm_paper_protocol corewm_full --task atari100k_boxing --seed 0 --env.atari100k.use_seed True --logdir ./reruns/all16_validnorm/boxing/seed_0 --jax.prealloc False --logger.outputs jsonl --logger.filter '.*' --run.log_policy_video False --run.log_every 30 --agent.htp.enabled True --agent.htp.use_proj True --agent.htp.use_recon True --agent.htp.use_pdyn True --agent.htp.grad_to_backbone False --agent.htp.use_vicreg False --agent.loss_scales.htp_rec 1.0 --agent.loss_scales.htp_pdyn 1.0 --agent.htp.pdyn.strides 16 16 16 16 16 --agent.htp.pdyn.enforce_coarse_to_fine False --agent.htp.pdyn.normalize_valid True --run.steps 100000 --run.exact_env_action_budget True --run.action_milestones 10000 20000 30000 40000 50000 60000 70000 80000 90000 100000
run_128,all16_validnorm,atari100k_up_n_down,0,size12m,0,Completed,2026-09-18 18:01,2026-09-18 18:53,0.8646986241473092,4415.3,0.3478467356045807,,Sweep arm=all16_validnorm; comparator=all16; seed 0; 100K executed actions; 100 final eval episodes; HNS ratio. Hours=successful invocation elapsed (not GPU-hours or training-only). W&B not logged. Command requires original 5ee4f27 + published source.patch; use a fresh logdir. aux_stop_actions=0. Results: https://github.com/MrHeatcliff/New_HTP/tree/main/paper_artifacts/original_corewm_ablations/all16_validnorm,python -u -m dreamerv3.main_htp --configs atari100k size12m corewm_paper_protocol corewm_full --task atari100k_up_n_down --seed 0 --env.atari100k.use_seed True --logdir ./reruns/all16_validnorm/up_n_down/seed_0 --jax.prealloc False --logger.outputs jsonl --logger.filter '.*' --run.log_policy_video False --run.log_every 30 --agent.htp.enabled True --agent.htp.use_proj True --agent.htp.use_recon True --agent.htp.use_pdyn True --agent.htp.grad_to_backbone False --agent.htp.use_vicreg False --agent.loss_scales.htp_rec 1.0 --agent.loss_scales.htp_pdyn 1.0 --agent.htp.pdyn.strides 16 16 16 16 16 --agent.htp.pdyn.enforce_coarse_to_fine False --agent.htp.pdyn.normalize_valid True --run.steps 100000 --run.exact_env_action_budget True --run.action_milestones 10000 20000 30000 40000 50000 60000 70000 80000 90000 100000
run_129,all16_validnorm,atari100k_frostbite,0,size12m,0,Completed,2026-09-18 18:19,2026-09-18 19:16,0.9590067791276508,693.4,0.14713666705703243,,Sweep arm=all16_validnorm; comparator=all16; seed 0; 100K executed actions; 100 final eval episodes; HNS ratio. Hours=successful invocation elapsed (not GPU-hours or training-only). W&B not logged. Command requires original 5ee4f27 + published source.patch; use a fresh logdir. aux_stop_actions=0. Results: https://github.com/MrHeatcliff/New_HTP/tree/main/paper_artifacts/original_corewm_ablations/all16_validnorm,python -u -m dreamerv3.main_htp --configs atari100k size12m corewm_paper_protocol corewm_full --task atari100k_frostbite --seed 0 --env.atari100k.use_seed True --logdir ./reruns/all16_validnorm/frostbite/seed_0 --jax.prealloc False --logger.outputs jsonl --logger.filter '.*' --run.log_policy_video False --run.log_every 30 --agent.htp.enabled True --agent.htp.use_proj True --agent.htp.use_recon True --agent.htp.use_pdyn True --agent.htp.grad_to_backbone False --agent.htp.use_vicreg False --agent.loss_scales.htp_rec 1.0 --agent.loss_scales.htp_pdyn 1.0 --agent.htp.pdyn.strides 16 16 16 16 16 --agent.htp.pdyn.enforce_coarse_to_fine False --agent.htp.pdyn.normalize_valid True --run.steps 100000 --run.exact_env_action_budget True --run.action_milestones 10000 20000 30000 40000 50000 60000 70000 80000 90000 100000
run_130,all16_validnorm,atari100k_road_runner,0,size12m,0,Completed,2026-09-18 18:19,2026-09-18 19:13,0.9127241892947091,14038.0,1.790578923852684,,Sweep arm=all16_validnorm; comparator=all16; seed 0; 100K executed actions; 100 final eval episodes; HNS ratio. Hours=successful invocation elapsed (not GPU-hours or training-only). W&B not logged. Command requires original 5ee4f27 + published source.patch; use a fresh logdir. aux_stop_actions=0. Results: https://github.com/MrHeatcliff/New_HTP/tree/main/paper_artifacts/original_corewm_ablations/all16_validnorm,python -u -m dreamerv3.main_htp --configs atari100k size12m corewm_paper_protocol corewm_full --task atari100k_road_runner --seed 0 --env.atari100k.use_seed True --logdir ./reruns/all16_validnorm/road_runner/seed_0 --jax.prealloc False --logger.outputs jsonl --logger.filter '.*' --run.log_policy_video False --run.log_every 30 --agent.htp.enabled True --agent.htp.use_proj True --agent.htp.use_recon True --agent.htp.use_pdyn True --agent.htp.grad_to_backbone False --agent.htp.use_vicreg False --agent.loss_scales.htp_rec 1.0 --agent.loss_scales.htp_pdyn 1.0 --agent.htp.pdyn.strides 16 16 16 16 16 --agent.htp.pdyn.enforce_coarse_to_fine False --agent.htp.pdyn.normalize_valid True --run.steps 100000 --run.exact_env_action_budget True --run.action_milestones 10000 20000 30000 40000 50000 60000 70000 80000 90000 100000
run_131,reset_mask,atari100k_boxing,0,size12m,0,Completed,2026-09-18 18:30,2026-09-18 19:29,0.9771896739138497,72.62,6.043333333333334,,Sweep arm=reset_mask; comparator=full; seed 0; 100K executed actions; 100 final eval episodes; HNS ratio. Hours=successful invocation elapsed (not GPU-hours or training-only). W&B not logged. Command requires original 5ee4f27 + published source.patch; use a fresh logdir. aux_stop_actions=0. Results: https://github.com/MrHeatcliff/New_HTP/tree/main/paper_artifacts/original_corewm_ablations/reset_mask,python -u -m dreamerv3.main_htp --configs atari100k size12m corewm_paper_protocol corewm_full --task atari100k_boxing --seed 0 --env.atari100k.use_seed True --logdir ./reruns/reset_mask/boxing/seed_0 --jax.prealloc False --logger.outputs jsonl --logger.filter '.*' --run.log_policy_video False --run.log_every 30 --agent.htp.enabled True --agent.htp.use_proj True --agent.htp.use_recon True --agent.htp.use_pdyn True --agent.htp.grad_to_backbone False --agent.htp.use_vicreg False --agent.loss_scales.htp_rec 1.0 --agent.loss_scales.htp_pdyn 1.0 --agent.htp.pdyn.mask_resets True --run.steps 100000 --run.exact_env_action_budget True --run.action_milestones 10000 20000 30000 40000 50000 60000 70000 80000 90000 100000
run_132,reset_mask,atari100k_up_n_down,0,size12m,0,Completed,2026-09-18 18:30,2026-09-18 19:38,1.1234502387046814,7575.3,0.6310059320059499,,Sweep arm=reset_mask; comparator=full; seed 0; 100K executed actions; 100 final eval episodes; HNS ratio. Hours=successful invocation elapsed (not GPU-hours or training-only). W&B not logged. Command requires original 5ee4f27 + published source.patch; use a fresh logdir. aux_stop_actions=0. Results: https://github.com/MrHeatcliff/New_HTP/tree/main/paper_artifacts/original_corewm_ablations/reset_mask,python -u -m dreamerv3.main_htp --configs atari100k size12m corewm_paper_protocol corewm_full --task atari100k_up_n_down --seed 0 --env.atari100k.use_seed True --logdir ./reruns/reset_mask/up_n_down/seed_0 --jax.prealloc False --logger.outputs jsonl --logger.filter '.*' --run.log_policy_video False --run.log_every 30 --agent.htp.enabled True --agent.htp.use_proj True --agent.htp.use_recon True --agent.htp.use_pdyn True --agent.htp.grad_to_backbone False --agent.htp.use_vicreg False --agent.loss_scales.htp_rec 1.0 --agent.loss_scales.htp_pdyn 1.0 --agent.htp.pdyn.mask_resets True --run.steps 100000 --run.exact_env_action_budget True --run.action_milestones 10000 20000 30000 40000 50000 60000 70000 80000 90000 100000
run_133,reset_mask,atari100k_frostbite,0,size12m,0,Completed,2026-09-18 18:31,2026-09-18 19:22,0.8528719889455372,382.7,0.07436467970488347,,Sweep arm=reset_mask; comparator=full; seed 0; 100K executed actions; 100 final eval episodes; HNS ratio. Hours=successful invocation elapsed (not GPU-hours or training-only). W&B not logged. Command requires original 5ee4f27 + published source.patch; use a fresh logdir. aux_stop_actions=0. Results: https://github.com/MrHeatcliff/New_HTP/tree/main/paper_artifacts/original_corewm_ablations/reset_mask,python -u -m dreamerv3.main_htp --configs atari100k size12m corewm_paper_protocol corewm_full --task atari100k_frostbite --seed 0 --env.atari100k.use_seed True --logdir ./reruns/reset_mask/frostbite/seed_0 --jax.prealloc False --logger.outputs jsonl --logger.filter '.*' --run.log_policy_video False --run.log_every 30 --agent.htp.enabled True --agent.htp.use_proj True --agent.htp.use_recon True --agent.htp.use_pdyn True --agent.htp.grad_to_backbone False --agent.htp.use_vicreg False --agent.loss_scales.htp_rec 1.0 --agent.loss_scales.htp_pdyn 1.0 --agent.htp.pdyn.mask_resets True --run.steps 100000 --run.exact_env_action_budget True --run.action_milestones 10000 20000 30000 40000 50000 60000 70000 80000 90000 100000
run_134,reset_mask,atari100k_road_runner,0,size12m,0,Completed,2026-09-18 18:31,2026-09-18 19:26,0.9127160736587312,16006.0,2.0418076211144442,,Sweep arm=reset_mask; comparator=full; seed 0; 100K executed actions; 100 final eval episodes; HNS ratio. Hours=successful invocation elapsed (not GPU-hours or training-only). W&B not logged. Command requires original 5ee4f27 + published source.patch; use a fresh logdir. aux_stop_actions=0. Results: https://github.com/MrHeatcliff/New_HTP/tree/main/paper_artifacts/original_corewm_ablations/reset_mask,python -u -m dreamerv3.main_htp --configs atari100k size12m corewm_paper_protocol corewm_full --task atari100k_road_runner --seed 0 --env.atari100k.use_seed True --logdir ./reruns/reset_mask/road_runner/seed_0 --jax.prealloc False --logger.outputs jsonl --logger.filter '.*' --run.log_policy_video False --run.log_every 30 --agent.htp.enabled True --agent.htp.use_proj True --agent.htp.use_recon True --agent.htp.use_pdyn True --agent.htp.grad_to_backbone False --agent.htp.use_vicreg False --agent.loss_scales.htp_rec 1.0 --agent.loss_scales.htp_pdyn 1.0 --agent.htp.pdyn.mask_resets True --run.steps 100000 --run.exact_env_action_budget True --run.action_milestones 10000 20000 30000 40000 50000 60000 70000 80000 90000 100000
run_135,reset_mask_validnorm,atari100k_boxing,0,size12m,0,Completed,2026-09-18 18:38,2026-09-18 19:30,0.8811720020241207,88.8,7.391666666666667,,Sweep arm=reset_mask_validnorm; comparator=full_validnorm; seed 0; 100K executed actions; 100 final eval episodes; HNS ratio. Hours=successful invocation elapsed (not GPU-hours or training-only). W&B not logged. Command requires original 5ee4f27 + published source.patch; use a fresh logdir. aux_stop_actions=0. Results: https://github.com/MrHeatcliff/New_HTP/tree/main/paper_artifacts/original_corewm_ablations/reset_mask_validnorm,python -u -m dreamerv3.main_htp --configs atari100k size12m corewm_paper_protocol corewm_full --task atari100k_boxing --seed 0 --env.atari100k.use_seed True --logdir ./reruns/reset_mask_validnorm/boxing/seed_0 --jax.prealloc False --logger.outputs jsonl --logger.filter '.*' --run.log_policy_video False --run.log_every 30 --agent.htp.enabled True --agent.htp.use_proj True --agent.htp.use_recon True --agent.htp.use_pdyn True --agent.htp.grad_to_backbone False --agent.htp.use_vicreg False --agent.loss_scales.htp_rec 1.0 --agent.loss_scales.htp_pdyn 1.0 --agent.htp.pdyn.mask_resets True --agent.htp.pdyn.normalize_valid True --run.steps 100000 --run.exact_env_action_budget True --run.action_milestones 10000 20000 30000 40000 50000 60000 70000 80000 90000 100000
run_136,reset_mask_validnorm,atari100k_up_n_down,0,size12m,0,Completed,2026-09-18 18:38,2026-09-18 20:52,2.2421452787187364,134450.2,11.999928314127494,,Sweep arm=reset_mask_validnorm; comparator=full_validnorm; seed 0; 100K executed actions; 100 final eval episodes; HNS ratio. Hours=successful invocation elapsed (not GPU-hours or training-only). W&B not logged. Command requires original 5ee4f27 + published source.patch; use a fresh logdir. aux_stop_actions=0. Results: https://github.com/MrHeatcliff/New_HTP/tree/main/paper_artifacts/original_corewm_ablations/reset_mask_validnorm,python -u -m dreamerv3.main_htp --configs atari100k size12m corewm_paper_protocol corewm_full --task atari100k_up_n_down --seed 0 --env.atari100k.use_seed True --logdir ./reruns/reset_mask_validnorm/up_n_down/seed_0 --jax.prealloc False --logger.outputs jsonl --logger.filter '.*' --run.log_policy_video False --run.log_every 30 --agent.htp.enabled True --agent.htp.use_proj True --agent.htp.use_recon True --agent.htp.use_pdyn True --agent.htp.grad_to_backbone False --agent.htp.use_vicreg False --agent.loss_scales.htp_rec 1.0 --agent.loss_scales.htp_pdyn 1.0 --agent.htp.pdyn.mask_resets True --agent.htp.pdyn.normalize_valid True --run.steps 100000 --run.exact_env_action_budget True --run.action_milestones 10000 20000 30000 40000 50000 60000 70000 80000 90000 100000
run_137,reset_mask_validnorm,atari100k_frostbite,0,size12m,0,Completed,2026-09-18 18:42,2026-09-18 19:38,0.9302751854393218,2315.9,0.5271577468087598,,Sweep arm=reset_mask_validnorm; comparator=full_validnorm; seed 0; 100K executed actions; 100 final eval episodes; HNS ratio. Hours=successful invocation elapsed (not GPU-hours or training-only). W&B not logged. Command requires original 5ee4f27 + published source.patch; use a fresh logdir. aux_stop_actions=0. Results: https://github.com/MrHeatcliff/New_HTP/tree/main/paper_artifacts/original_corewm_ablations/reset_mask_validnorm,python -u -m dreamerv3.main_htp --configs atari100k size12m corewm_paper_protocol corewm_full --task atari100k_frostbite --seed 0 --env.atari100k.use_seed True --logdir ./reruns/reset_mask_validnorm/frostbite/seed_0 --jax.prealloc False --logger.outputs jsonl --logger.filter '.*' --run.log_policy_video False --run.log_every 30 --agent.htp.enabled True --agent.htp.use_proj True --agent.htp.use_recon True --agent.htp.use_pdyn True --agent.htp.grad_to_backbone False --agent.htp.use_vicreg False --agent.loss_scales.htp_rec 1.0 --agent.loss_scales.htp_pdyn 1.0 --agent.htp.pdyn.mask_resets True --agent.htp.pdyn.normalize_valid True --run.steps 100000 --run.exact_env_action_budget True --run.action_milestones 10000 20000 30000 40000 50000 60000 70000 80000 90000 100000
run_138,reset_mask_validnorm,atari100k_road_runner,0,size12m,0,Completed,2026-09-18 18:42,2026-09-18 19:36,0.8957730742957857,15020.0,1.9159379587668348,,Sweep arm=reset_mask_validnorm; comparator=full_validnorm; seed 0; 100K executed actions; 100 final eval episodes; HNS ratio. Hours=successful invocation elapsed (not GPU-hours or training-only). W&B not logged. Command requires original 5ee4f27 + published source.patch; use a fresh logdir. aux_stop_actions=0. Results: https://github.com/MrHeatcliff/New_HTP/tree/main/paper_artifacts/original_corewm_ablations/reset_mask_validnorm,python -u -m dreamerv3.main_htp --configs atari100k size12m corewm_paper_protocol corewm_full --task atari100k_road_runner --seed 0 --env.atari100k.use_seed True --logdir ./reruns/reset_mask_validnorm/road_runner/seed_0 --jax.prealloc False --logger.outputs jsonl --logger.filter '.*' --run.log_policy_video False --run.log_every 30 --agent.htp.enabled True --agent.htp.use_proj True --agent.htp.use_recon True --agent.htp.use_pdyn True --agent.htp.grad_to_backbone False --agent.htp.use_vicreg False --agent.loss_scales.htp_rec 1.0 --agent.loss_scales.htp_pdyn 1.0 --agent.htp.pdyn.mask_resets True --agent.htp.pdyn.normalize_valid True --run.steps 100000 --run.exact_env_action_budget True --run.action_milestones 10000 20000 30000 40000 50000 60000 70000 80000 90000 100000
run_139,recon_no_sg,atari100k_boxing,0,size12m,0,Completed,2026-09-18 18:43,2026-09-18 19:38,0.9147645148303774,75.11,6.2508333333333335,,Sweep arm=recon_no_sg; comparator=full; seed 0; 100K executed actions; 100 final eval episodes; HNS ratio. Hours=successful invocation elapsed (not GPU-hours or training-only). W&B not logged. Command requires original 5ee4f27 + published source.patch; use a fresh logdir. aux_stop_actions=0. Results: https://github.com/MrHeatcliff/New_HTP/tree/main/paper_artifacts/original_corewm_ablations/recon_no_sg,python -u -m dreamerv3.main_htp --configs atari100k size12m corewm_paper_protocol corewm_full --task atari100k_boxing --seed 0 --env.atari100k.use_seed True --logdir ./reruns/recon_no_sg/boxing/seed_0 --jax.prealloc False --logger.outputs jsonl --logger.filter '.*' --run.log_policy_video False --run.log_every 30 --agent.htp.enabled True --agent.htp.use_proj True --agent.htp.use_recon True --agent.htp.use_pdyn True --agent.htp.grad_to_backbone False --agent.htp.use_vicreg False --agent.loss_scales.htp_rec 1.0 --agent.loss_scales.htp_pdyn 1.0 --agent.htp.recon.stop_previous False --run.steps 100000 --run.exact_env_action_budget True --run.action_milestones 10000 20000 30000 40000 50000 60000 70000 80000 90000 100000
run_140,recon_no_sg,atari100k_up_n_down,0,size12m,0,Completed,2026-09-18 18:43,2026-09-18 21:13,2.497683056526714,217520.3,19.4436190612735,,Sweep arm=recon_no_sg; comparator=full; seed 0; 100K executed actions; 100 final eval episodes; HNS ratio. Hours=successful invocation elapsed (not GPU-hours or training-only). W&B not logged. Command requires original 5ee4f27 + published source.patch; use a fresh logdir. aux_stop_actions=0. Results: https://github.com/MrHeatcliff/New_HTP/tree/main/paper_artifacts/original_corewm_ablations/recon_no_sg,python -u -m dreamerv3.main_htp --configs atari100k size12m corewm_paper_protocol corewm_full --task atari100k_up_n_down --seed 0 --env.atari100k.use_seed True --logdir ./reruns/recon_no_sg/up_n_down/seed_0 --jax.prealloc False --logger.outputs jsonl --logger.filter '.*' --run.log_policy_video False --run.log_every 30 --agent.htp.enabled True --agent.htp.use_proj True --agent.htp.use_recon True --agent.htp.use_pdyn True --agent.htp.grad_to_backbone False --agent.htp.use_vicreg False --agent.loss_scales.htp_rec 1.0 --agent.loss_scales.htp_pdyn 1.0 --agent.htp.recon.stop_previous False --run.steps 100000 --run.exact_env_action_budget True --run.action_milestones 10000 20000 30000 40000 50000 60000 70000 80000 90000 100000
run_141,recon_no_sg,atari100k_frostbite,0,size12m,0,Completed,2026-09-18 18:44,2026-09-18 19:35,0.8459825534290738,2429.3,0.5537182339852442,,Sweep arm=recon_no_sg; comparator=full; seed 0; 100K executed actions; 100 final eval episodes; HNS ratio. Hours=successful invocation elapsed (not GPU-hours or training-only). W&B not logged. Command requires original 5ee4f27 + published source.patch; use a fresh logdir. aux_stop_actions=0. Results: https://github.com/MrHeatcliff/New_HTP/tree/main/paper_artifacts/original_corewm_ablations/recon_no_sg,python -u -m dreamerv3.main_htp --configs atari100k size12m corewm_paper_protocol corewm_full --task atari100k_frostbite --seed 0 --env.atari100k.use_seed True --logdir ./reruns/recon_no_sg/frostbite/seed_0 --jax.prealloc False --logger.outputs jsonl --logger.filter '.*' --run.log_policy_video False --run.log_every 30 --agent.htp.enabled True --agent.htp.use_proj True --agent.htp.use_recon True --agent.htp.use_pdyn True --agent.htp.grad_to_backbone False --agent.htp.use_vicreg False --agent.loss_scales.htp_rec 1.0 --agent.loss_scales.htp_pdyn 1.0 --agent.htp.recon.stop_previous False --run.steps 100000 --run.exact_env_action_budget True --run.action_milestones 10000 20000 30000 40000 50000 60000 70000 80000 90000 100000
run_142,recon_no_sg,atari100k_road_runner,0,size12m,0,Completed,2026-09-18 18:44,2026-09-18 19:37,0.8695147939523061,8695.0,1.1085083296100082,,Sweep arm=recon_no_sg; comparator=full; seed 0; 100K executed actions; 100 final eval episodes; HNS ratio. Hours=successful invocation elapsed (not GPU-hours or training-only). W&B not logged. Command requires original 5ee4f27 + published source.patch; use a fresh logdir. aux_stop_actions=0. Results: https://github.com/MrHeatcliff/New_HTP/tree/main/paper_artifacts/original_corewm_ablations/recon_no_sg,python -u -m dreamerv3.main_htp --configs atari100k size12m corewm_paper_protocol corewm_full --task atari100k_road_runner --seed 0 --env.atari100k.use_seed True --logdir ./reruns/recon_no_sg/road_runner/seed_0 --jax.prealloc False --logger.outputs jsonl --logger.filter '.*' --run.log_policy_video False --run.log_every 30 --agent.htp.enabled True --agent.htp.use_proj True --agent.htp.use_recon True --agent.htp.use_pdyn True --agent.htp.grad_to_backbone False --agent.htp.use_vicreg False --agent.loss_scales.htp_rec 1.0 --agent.loss_scales.htp_pdyn 1.0 --agent.htp.recon.stop_previous False --run.steps 100000 --run.exact_env_action_budget True --run.action_milestones 10000 20000 30000 40000 50000 60000 70000 80000 90000 100000
run_143,recon_final_only,atari100k_boxing,0,size12m,0,Completed,2026-09-18 18:49,2026-09-18 19:42,0.8839289526144664,84.06,6.996666666666667,,Sweep arm=recon_final_only; comparator=recon_no_sg; seed 0; 100K executed actions; 100 final eval episodes; HNS ratio. Hours=successful invocation elapsed (not GPU-hours or training-only). W&B not logged. Command requires original 5ee4f27 + published source.patch; use a fresh logdir. aux_stop_actions=0. Results: https://github.com/MrHeatcliff/New_HTP/tree/main/paper_artifacts/original_corewm_ablations/recon_final_only,python -u -m dreamerv3.main_htp --configs atari100k size12m corewm_paper_protocol corewm_full --task atari100k_boxing --seed 0 --env.atari100k.use_seed True --logdir ./reruns/recon_final_only/boxing/seed_0 --jax.prealloc False --logger.outputs jsonl --logger.filter '.*' --run.log_policy_video False --run.log_every 30 --agent.htp.enabled True --agent.htp.use_proj True --agent.htp.use_recon True --agent.htp.use_pdyn True --agent.htp.grad_to_backbone False --agent.htp.use_vicreg False --agent.loss_scales.htp_rec 1.0 --agent.loss_scales.htp_pdyn 1.0 --agent.htp.recon.stop_previous False --agent.htp.recon.final_only True --run.steps 100000 --run.exact_env_action_budget True --run.action_milestones 10000 20000 30000 40000 50000 60000 70000 80000 90000 100000
run_144,recon_final_only,atari100k_up_n_down,0,size12m,0,Completed,2026-09-18 18:49,2026-09-18 20:14,1.4288668506013023,16214.4,1.4051327084714778,,Sweep arm=recon_final_only; comparator=recon_no_sg; seed 0; 100K executed actions; 100 final eval episodes; HNS ratio. Hours=successful invocation elapsed (not GPU-hours or training-only). W&B not logged. Command requires original 5ee4f27 + published source.patch; use a fresh logdir. aux_stop_actions=0. Results: https://github.com/MrHeatcliff/New_HTP/tree/main/paper_artifacts/original_corewm_ablations/recon_final_only,python -u -m dreamerv3.main_htp --configs atari100k size12m corewm_paper_protocol corewm_full --task atari100k_up_n_down --seed 0 --env.atari100k.use_seed True --logdir ./reruns/recon_final_only/up_n_down/seed_0 --jax.prealloc False --logger.outputs jsonl --logger.filter '.*' --run.log_policy_video False --run.log_every 30 --agent.htp.enabled True --agent.htp.use_proj True --agent.htp.use_recon True --agent.htp.use_pdyn True --agent.htp.grad_to_backbone False --agent.htp.use_vicreg False --agent.loss_scales.htp_rec 1.0 --agent.loss_scales.htp_pdyn 1.0 --agent.htp.recon.stop_previous False --agent.htp.recon.final_only True --run.steps 100000 --run.exact_env_action_budget True --run.action_milestones 10000 20000 30000 40000 50000 60000 70000 80000 90000 100000
run_145,recon_final_only,atari100k_frostbite,0,size12m,0,Completed,2026-09-18 18:52,2026-09-18 19:44,0.8614255373345481,338.6,0.0640356013584729,,Sweep arm=recon_final_only; comparator=recon_no_sg; seed 0; 100K executed actions; 100 final eval episodes; HNS ratio. Hours=successful invocation elapsed (not GPU-hours or training-only). W&B not logged. Command requires original 5ee4f27 + published source.patch; use a fresh logdir. aux_stop_actions=0. Results: https://github.com/MrHeatcliff/New_HTP/tree/main/paper_artifacts/original_corewm_ablations/recon_final_only,python -u -m dreamerv3.main_htp --configs atari100k size12m corewm_paper_protocol corewm_full --task atari100k_frostbite --seed 0 --env.atari100k.use_seed True --logdir ./reruns/recon_final_only/frostbite/seed_0 --jax.prealloc False --logger.outputs jsonl --logger.filter '.*' --run.log_policy_video False --run.log_every 30 --agent.htp.enabled True --agent.htp.use_proj True --agent.htp.use_recon True --agent.htp.use_pdyn True --agent.htp.grad_to_backbone False --agent.htp.use_vicreg False --agent.loss_scales.htp_rec 1.0 --agent.loss_scales.htp_pdyn 1.0 --agent.htp.recon.stop_previous False --agent.htp.recon.final_only True --run.steps 100000 --run.exact_env_action_budget True --run.action_milestones 10000 20000 30000 40000 50000 60000 70000 80000 90000 100000
run_146,recon_final_only,atari100k_road_runner,0,size12m,0,Completed,2026-09-18 18:52,2026-09-18 19:47,0.9080841326713562,15931.0,2.0322333567370907,,Sweep arm=recon_final_only; comparator=recon_no_sg; seed 0; 100K executed actions; 100 final eval episodes; HNS ratio. Hours=successful invocation elapsed (not GPU-hours or training-only). W&B not logged. Command requires original 5ee4f27 + published source.patch; use a fresh logdir. aux_stop_actions=0. Results: https://github.com/MrHeatcliff/New_HTP/tree/main/paper_artifacts/original_corewm_ablations/recon_final_only,python -u -m dreamerv3.main_htp --configs atari100k size12m corewm_paper_protocol corewm_full --task atari100k_road_runner --seed 0 --env.atari100k.use_seed True --logdir ./reruns/recon_final_only/road_runner/seed_0 --jax.prealloc False --logger.outputs jsonl --logger.filter '.*' --run.log_policy_video False --run.log_every 30 --agent.htp.enabled True --agent.htp.use_proj True --agent.htp.use_recon True --agent.htp.use_pdyn True --agent.htp.grad_to_backbone False --agent.htp.use_vicreg False --agent.loss_scales.htp_rec 1.0 --agent.loss_scales.htp_pdyn 1.0 --agent.htp.recon.stop_previous False --agent.htp.recon.final_only True --run.steps 100000 --run.exact_env_action_budget True --run.action_milestones 10000 20000 30000 40000 50000 60000 70000 80000 90000 100000
run_147,pdyn_no_sg,atari100k_boxing,0,size12m,0,Completed,2026-09-18 18:53,2026-09-18 19:45,0.8669086154301961,86.88,7.2316666666666665,,Sweep arm=pdyn_no_sg; comparator=full; seed 0; 100K executed actions; 100 final eval episodes; HNS ratio. Hours=successful invocation elapsed (not GPU-hours or training-only). W&B not logged. Command requires original 5ee4f27 + published source.patch; use a fresh logdir. aux_stop_actions=0. Results: https://github.com/MrHeatcliff/New_HTP/tree/main/paper_artifacts/original_corewm_ablations/pdyn_no_sg,python -u -m dreamerv3.main_htp --configs atari100k size12m corewm_paper_protocol corewm_full --task atari100k_boxing --seed 0 --env.atari100k.use_seed True --logdir ./reruns/pdyn_no_sg/boxing/seed_0 --jax.prealloc False --logger.outputs jsonl --logger.filter '.*' --run.log_policy_video False --run.log_every 30 --agent.htp.enabled True --agent.htp.use_proj True --agent.htp.use_recon True --agent.htp.use_pdyn True --agent.htp.grad_to_backbone False --agent.htp.use_vicreg False --agent.loss_scales.htp_rec 1.0 --agent.loss_scales.htp_pdyn 1.0 --agent.htp.pdyn.isolate_previous False --run.steps 100000 --run.exact_env_action_budget True --run.action_milestones 10000 20000 30000 40000 50000 60000 70000 80000 90000 100000
run_148,pdyn_no_sg,atari100k_up_n_down,0,size12m,0,Completed,2026-09-18 18:53,2026-09-18 21:24,2.5086991335286033,71525.6,6.361422247710533,,Sweep arm=pdyn_no_sg; comparator=full; seed 0; 100K executed actions; 100 final eval episodes; HNS ratio. Hours=successful invocation elapsed (not GPU-hours or training-only). W&B not logged. Command requires original 5ee4f27 + published source.patch; use a fresh logdir. aux_stop_actions=0. Results: https://github.com/MrHeatcliff/New_HTP/tree/main/paper_artifacts/original_corewm_ablations/pdyn_no_sg,python -u -m dreamerv3.main_htp --configs atari100k size12m corewm_paper_protocol corewm_full --task atari100k_up_n_down --seed 0 --env.atari100k.use_seed True --logdir ./reruns/pdyn_no_sg/up_n_down/seed_0 --jax.prealloc False --logger.outputs jsonl --logger.filter '.*' --run.log_policy_video False --run.log_every 30 --agent.htp.enabled True --agent.htp.use_proj True --agent.htp.use_recon True --agent.htp.use_pdyn True --agent.htp.grad_to_backbone False --agent.htp.use_vicreg False --agent.loss_scales.htp_rec 1.0 --agent.loss_scales.htp_pdyn 1.0 --agent.htp.pdyn.isolate_previous False --run.steps 100000 --run.exact_env_action_budget True --run.action_milestones 10000 20000 30000 40000 50000 60000 70000 80000 90000 100000
run_149,pdyn_no_sg,atari100k_frostbite,0,size12m,0,Completed,2026-09-18 18:55,2026-09-18 19:51,0.9178780674934387,1544.3,0.3464340086661201,,Sweep arm=pdyn_no_sg; comparator=full; seed 0; 100K executed actions; 100 final eval episodes; HNS ratio. Hours=successful invocation elapsed (not GPU-hours or training-only). W&B not logged. Command requires original 5ee4f27 + published source.patch; use a fresh logdir. aux_stop_actions=0. Results: https://github.com/MrHeatcliff/New_HTP/tree/main/paper_artifacts/original_corewm_ablations/pdyn_no_sg,python -u -m dreamerv3.main_htp --configs atari100k size12m corewm_paper_protocol corewm_full --task atari100k_frostbite --seed 0 --env.atari100k.use_seed True --logdir ./reruns/pdyn_no_sg/frostbite/seed_0 --jax.prealloc False --logger.outputs jsonl --logger.filter '.*' --run.log_policy_video False --run.log_every 30 --agent.htp.enabled True --agent.htp.use_proj True --agent.htp.use_recon True --agent.htp.use_pdyn True --agent.htp.grad_to_backbone False --agent.htp.use_vicreg False --agent.loss_scales.htp_rec 1.0 --agent.loss_scales.htp_pdyn 1.0 --agent.htp.pdyn.isolate_previous False --run.steps 100000 --run.exact_env_action_budget True --run.action_milestones 10000 20000 30000 40000 50000 60000 70000 80000 90000 100000
run_150,pdyn_no_sg,atari100k_road_runner,0,size12m,0,Completed,2026-09-18 18:55,2026-09-18 20:11,1.2672790641917122,15660.0,1.9976383481202529,,Sweep arm=pdyn_no_sg; comparator=full; seed 0; 100K executed actions; 100 final eval episodes; HNS ratio. Hours=successful invocation elapsed (not GPU-hours or training-only). W&B not logged. Command requires original 5ee4f27 + published source.patch; use a fresh logdir. aux_stop_actions=0. Results: https://github.com/MrHeatcliff/New_HTP/tree/main/paper_artifacts/original_corewm_ablations/pdyn_no_sg,python -u -m dreamerv3.main_htp --configs atari100k size12m corewm_paper_protocol corewm_full --task atari100k_road_runner --seed 0 --env.atari100k.use_seed True --logdir ./reruns/pdyn_no_sg/road_runner/seed_0 --jax.prealloc False --logger.outputs jsonl --logger.filter '.*' --run.log_policy_video False --run.log_every 30 --agent.htp.enabled True --agent.htp.use_proj True --agent.htp.use_recon True --agent.htp.use_pdyn True --agent.htp.grad_to_backbone False --agent.htp.use_vicreg False --agent.loss_scales.htp_rec 1.0 --agent.loss_scales.htp_pdyn 1.0 --agent.htp.pdyn.isolate_previous False --run.steps 100000 --run.exact_env_action_budget True --run.action_milestones 10000 20000 30000 40000 50000 60000 70000 80000 90000 100000
run_151,online_target,atari100k_boxing,0,size12m,0,Completed,2026-09-18 18:57,2026-09-18 19:50,0.8843275793393452,83.18,6.923333333333335,,Sweep arm=online_target; comparator=full; seed 0; 100K executed actions; 100 final eval episodes; HNS ratio. Hours=successful invocation elapsed (not GPU-hours or training-only). W&B not logged. Command requires original 5ee4f27 + published source.patch; use a fresh logdir. aux_stop_actions=0. Results: https://github.com/MrHeatcliff/New_HTP/tree/main/paper_artifacts/original_corewm_ablations/online_target,python -u -m dreamerv3.main_htp --configs atari100k size12m corewm_paper_protocol corewm_full --task atari100k_boxing --seed 0 --env.atari100k.use_seed True --logdir ./reruns/online_target/boxing/seed_0 --jax.prealloc False --logger.outputs jsonl --logger.filter '.*' --run.log_policy_video False --run.log_every 30 --agent.htp.enabled True --agent.htp.use_proj True --agent.htp.use_recon True --agent.htp.use_pdyn True --agent.htp.grad_to_backbone False --agent.htp.use_vicreg False --agent.loss_scales.htp_rec 1.0 --agent.loss_scales.htp_pdyn 1.0 --agent.htp.ablation_online_target True --run.steps 100000 --run.exact_env_action_budget True --run.action_milestones 10000 20000 30000 40000 50000 60000 70000 80000 90000 100000
run_152,online_target,atari100k_up_n_down,0,size12m,0,Completed,2026-09-18 18:57,2026-09-18 20:12,1.259562569393052,9937.1,0.8426405491137834,,Sweep arm=online_target; comparator=full; seed 0; 100K executed actions; 100 final eval episodes; HNS ratio. Hours=successful invocation elapsed (not GPU-hours or training-only). W&B not logged. Command requires original 5ee4f27 + published source.patch; use a fresh logdir. aux_stop_actions=0. Results: https://github.com/MrHeatcliff/New_HTP/tree/main/paper_artifacts/original_corewm_ablations/online_target,python -u -m dreamerv3.main_htp --configs atari100k size12m corewm_paper_protocol corewm_full --task atari100k_up_n_down --seed 0 --env.atari100k.use_seed True --logdir ./reruns/online_target/up_n_down/seed_0 --jax.prealloc False --logger.outputs jsonl --logger.filter '.*' --run.log_policy_video False --run.log_every 30 --agent.htp.enabled True --agent.htp.use_proj True --agent.htp.use_recon True --agent.htp.use_pdyn True --agent.htp.grad_to_backbone False --agent.htp.use_vicreg False --agent.loss_scales.htp_rec 1.0 --agent.loss_scales.htp_pdyn 1.0 --agent.htp.ablation_online_target True --run.steps 100000 --run.exact_env_action_budget True --run.action_milestones 10000 20000 30000 40000 50000 60000 70000 80000 90000 100000
run_153,online_target,atari100k_frostbite,0,size12m,0,Completed,2026-09-18 19:03,2026-09-18 19:56,0.8788890110784107,1402.9,0.3133153765077878,,Sweep arm=online_target; comparator=full; seed 0; 100K executed actions; 100 final eval episodes; HNS ratio. Hours=successful invocation elapsed (not GPU-hours or training-only). W&B not logged. Command requires original 5ee4f27 + published source.patch; use a fresh logdir. aux_stop_actions=0. Results: https://github.com/MrHeatcliff/New_HTP/tree/main/paper_artifacts/original_corewm_ablations/online_target,python -u -m dreamerv3.main_htp --configs atari100k size12m corewm_paper_protocol corewm_full --task atari100k_frostbite --seed 0 --env.atari100k.use_seed True --logdir ./reruns/online_target/frostbite/seed_0 --jax.prealloc False --logger.outputs jsonl --logger.filter '.*' --run.log_policy_video False --run.log_every 30 --agent.htp.enabled True --agent.htp.use_proj True --agent.htp.use_recon True --agent.htp.use_pdyn True --agent.htp.grad_to_backbone False --agent.htp.use_vicreg False --agent.loss_scales.htp_rec 1.0 --agent.loss_scales.htp_pdyn 1.0 --agent.htp.ablation_online_target True --run.steps 100000 --run.exact_env_action_budget True --run.action_milestones 10000 20000 30000 40000 50000 60000 70000 80000 90000 100000
run_154,online_target,atari100k_road_runner,0,size12m,0,Completed,2026-09-18 19:03,2026-09-18 19:57,0.900803670419587,18306.0,2.3354183953532903,,Sweep arm=online_target; comparator=full; seed 0; 100K executed actions; 100 final eval episodes; HNS ratio. Hours=successful invocation elapsed (not GPU-hours or training-only). W&B not logged. Command requires original 5ee4f27 + published source.patch; use a fresh logdir. aux_stop_actions=0. Results: https://github.com/MrHeatcliff/New_HTP/tree/main/paper_artifacts/original_corewm_ablations/online_target,python -u -m dreamerv3.main_htp --configs atari100k size12m corewm_paper_protocol corewm_full --task atari100k_road_runner --seed 0 --env.atari100k.use_seed True --logdir ./reruns/online_target/road_runner/seed_0 --jax.prealloc False --logger.outputs jsonl --logger.filter '.*' --run.log_policy_video False --run.log_every 30 --agent.htp.enabled True --agent.htp.use_proj True --agent.htp.use_recon True --agent.htp.use_pdyn True --agent.htp.grad_to_backbone False --agent.htp.use_vicreg False --agent.loss_scales.htp_rec 1.0 --agent.loss_scales.htp_pdyn 1.0 --agent.htp.ablation_online_target True --run.steps 100000 --run.exact_env_action_budget True --run.action_milestones 10000 20000 30000 40000 50000 60000 70000 80000 90000 100000
run_155,no_actions,atari100k_boxing,0,size12m,0,Completed,2026-09-18 19:16,2026-09-18 20:15,0.9780673174725638,76.64,6.378333333333334,,Sweep arm=no_actions; comparator=full; seed 0; 100K executed actions; 100 final eval episodes; HNS ratio. Hours=successful invocation elapsed (not GPU-hours or training-only). W&B not logged. Command requires original 5ee4f27 + published source.patch; use a fresh logdir. aux_stop_actions=0. Results: https://github.com/MrHeatcliff/New_HTP/tree/main/paper_artifacts/original_corewm_ablations/no_actions,python -u -m dreamerv3.main_htp --configs atari100k size12m corewm_paper_protocol corewm_full --task atari100k_boxing --seed 0 --env.atari100k.use_seed True --logdir ./reruns/no_actions/boxing/seed_0 --jax.prealloc False --logger.outputs jsonl --logger.filter '.*' --run.log_policy_video False --run.log_every 30 --agent.htp.enabled True --agent.htp.use_proj True --agent.htp.use_recon True --agent.htp.use_pdyn True --agent.htp.grad_to_backbone False --agent.htp.use_vicreg False --agent.loss_scales.htp_rec 1.0 --agent.loss_scales.htp_pdyn 1.0 --agent.htp.pdyn.zero_actions True --run.steps 100000 --run.exact_env_action_budget True --run.action_milestones 10000 20000 30000 40000 50000 60000 70000 80000 90000 100000
run_156,no_actions,atari100k_up_n_down,0,size12m,0,Completed,2026-09-18 19:16,2026-09-18 22:01,2.7470690976911123,231326.0,20.680711123855264,,Sweep arm=no_actions; comparator=full; seed 0; 100K executed actions; 100 final eval episodes; HNS ratio. Hours=successful invocation elapsed (not GPU-hours or training-only). W&B not logged. Command requires original 5ee4f27 + published source.patch; use a fresh logdir. aux_stop_actions=0. Results: https://github.com/MrHeatcliff/New_HTP/tree/main/paper_artifacts/original_corewm_ablations/no_actions,python -u -m dreamerv3.main_htp --configs atari100k size12m corewm_paper_protocol corewm_full --task atari100k_up_n_down --seed 0 --env.atari100k.use_seed True --logdir ./reruns/no_actions/up_n_down/seed_0 --jax.prealloc False --logger.outputs jsonl --logger.filter '.*' --run.log_policy_video False --run.log_every 30 --agent.htp.enabled True --agent.htp.use_proj True --agent.htp.use_recon True --agent.htp.use_pdyn True --agent.htp.grad_to_backbone False --agent.htp.use_vicreg False --agent.loss_scales.htp_rec 1.0 --agent.loss_scales.htp_pdyn 1.0 --agent.htp.pdyn.zero_actions True --run.steps 100000 --run.exact_env_action_budget True --run.action_milestones 10000 20000 30000 40000 50000 60000 70000 80000 90000 100000
run_157,no_actions,atari100k_frostbite,0,size12m,0,Completed,2026-09-18 19:18,2026-09-18 20:09,0.8442857173416349,265.7,0.04696100245930437,,Sweep arm=no_actions; comparator=full; seed 0; 100K executed actions; 100 final eval episodes; HNS ratio. Hours=successful invocation elapsed (not GPU-hours or training-only). W&B not logged. Command requires original 5ee4f27 + published source.patch; use a fresh logdir. aux_stop_actions=0. Results: https://github.com/MrHeatcliff/New_HTP/tree/main/paper_artifacts/original_corewm_ablations/no_actions,python -u -m dreamerv3.main_htp --configs atari100k size12m corewm_paper_protocol corewm_full --task atari100k_frostbite --seed 0 --env.atari100k.use_seed True --logdir ./reruns/no_actions/frostbite/seed_0 --jax.prealloc False --logger.outputs jsonl --logger.filter '.*' --run.log_policy_video False --run.log_every 30 --agent.htp.enabled True --agent.htp.use_proj True --agent.htp.use_recon True --agent.htp.use_pdyn True --agent.htp.grad_to_backbone False --agent.htp.use_vicreg False --agent.loss_scales.htp_rec 1.0 --agent.loss_scales.htp_pdyn 1.0 --agent.htp.pdyn.zero_actions True --run.steps 100000 --run.exact_env_action_budget True --run.action_milestones 10000 20000 30000 40000 50000 60000 70000 80000 90000 100000
run_158,no_actions,atari100k_road_runner,0,size12m,0,Completed,2026-09-18 19:18,2026-09-18 20:12,0.9000728488630718,14144.0,1.8041105508393438,,Sweep arm=no_actions; comparator=full; seed 0; 100K executed actions; 100 final eval episodes; HNS ratio. Hours=successful invocation elapsed (not GPU-hours or training-only). W&B not logged. Command requires original 5ee4f27 + published source.patch; use a fresh logdir. aux_stop_actions=0. Results: https://github.com/MrHeatcliff/New_HTP/tree/main/paper_artifacts/original_corewm_ablations/no_actions,python -u -m dreamerv3.main_htp --configs atari100k size12m corewm_paper_protocol corewm_full --task atari100k_road_runner --seed 0 --env.atari100k.use_seed True --logdir ./reruns/no_actions/road_runner/seed_0 --jax.prealloc False --logger.outputs jsonl --logger.filter '.*' --run.log_policy_video False --run.log_every 30 --agent.htp.enabled True --agent.htp.use_proj True --agent.htp.use_recon True --agent.htp.use_pdyn True --agent.htp.grad_to_backbone False --agent.htp.use_vicreg False --agent.loss_scales.htp_rec 1.0 --agent.loss_scales.htp_pdyn 1.0 --agent.htp.pdyn.zero_actions True --run.steps 100000 --run.exact_env_action_budget True --run.action_milestones 10000 20000 30000 40000 50000 60000 70000 80000 90000 100000
run_159,ema_slow,atari100k_boxing,0,size12m,0,Completed,2026-09-18 19:26,2026-09-18 20:18,0.8751090596781836,80.66,6.713333333333334,,Sweep arm=ema_slow; comparator=full; seed 0; 100K executed actions; 100 final eval episodes; HNS ratio. Hours=successful invocation elapsed (not GPU-hours or training-only). W&B not logged. Command requires original 5ee4f27 + published source.patch; use a fresh logdir. aux_stop_actions=0. Results: https://github.com/MrHeatcliff/New_HTP/tree/main/paper_artifacts/original_corewm_ablations/ema_slow,python -u -m dreamerv3.main_htp --configs atari100k size12m corewm_paper_protocol corewm_full --task atari100k_boxing --seed 0 --env.atari100k.use_seed True --logdir ./reruns/ema_slow/boxing/seed_0 --jax.prealloc False --logger.outputs jsonl --logger.filter '.*' --run.log_policy_video False --run.log_every 30 --agent.htp.enabled True --agent.htp.use_proj True --agent.htp.use_recon True --agent.htp.use_pdyn True --agent.htp.grad_to_backbone False --agent.htp.use_vicreg False --agent.loss_scales.htp_rec 1.0 --agent.loss_scales.htp_pdyn 1.0 --agent.slowhtp.rate 0.005 --run.steps 100000 --run.exact_env_action_budget True --run.action_milestones 10000 20000 30000 40000 50000 60000 70000 80000 90000 100000
run_160,ema_slow,atari100k_up_n_down,0,size12m,0,Completed,2026-09-18 19:26,2026-09-18 20:52,1.4404625089963277,41690.3,3.6879603577125035,,Sweep arm=ema_slow; comparator=full; seed 0; 100K executed actions; 100 final eval episodes; HNS ratio. Hours=successful invocation elapsed (not GPU-hours or training-only). W&B not logged. Command requires original 5ee4f27 + published source.patch; use a fresh logdir. aux_stop_actions=0. Results: https://github.com/MrHeatcliff/New_HTP/tree/main/paper_artifacts/original_corewm_ablations/ema_slow,python -u -m dreamerv3.main_htp --configs atari100k size12m corewm_paper_protocol corewm_full --task atari100k_up_n_down --seed 0 --env.atari100k.use_seed True --logdir ./reruns/ema_slow/up_n_down/seed_0 --jax.prealloc False --logger.outputs jsonl --logger.filter '.*' --run.log_policy_video False --run.log_every 30 --agent.htp.enabled True --agent.htp.use_proj True --agent.htp.use_recon True --agent.htp.use_pdyn True --agent.htp.grad_to_backbone False --agent.htp.use_vicreg False --agent.loss_scales.htp_rec 1.0 --agent.loss_scales.htp_pdyn 1.0 --agent.slowhtp.rate 0.005 --run.steps 100000 --run.exact_env_action_budget True --run.action_milestones 10000 20000 30000 40000 50000 60000 70000 80000 90000 100000
run_161,ema_slow,atari100k_frostbite,0,size12m,0,Completed,2026-09-18 19:32,2026-09-18 20:24,0.8684114980035358,897.7,0.19498770347815902,,Sweep arm=ema_slow; comparator=full; seed 0; 100K executed actions; 100 final eval episodes; HNS ratio. Hours=successful invocation elapsed (not GPU-hours or training-only). W&B not logged. Command requires original 5ee4f27 + published source.patch; use a fresh logdir. aux_stop_actions=0. Results: https://github.com/MrHeatcliff/New_HTP/tree/main/paper_artifacts/original_corewm_ablations/ema_slow,python -u -m dreamerv3.main_htp --configs atari100k size12m corewm_paper_protocol corewm_full --task atari100k_frostbite --seed 0 --env.atari100k.use_seed True --logdir ./reruns/ema_slow/frostbite/seed_0 --jax.prealloc False --logger.outputs jsonl --logger.filter '.*' --run.log_policy_video False --run.log_every 30 --agent.htp.enabled True --agent.htp.use_proj True --agent.htp.use_recon True --agent.htp.use_pdyn True --agent.htp.grad_to_backbone False --agent.htp.use_vicreg False --agent.loss_scales.htp_rec 1.0 --agent.loss_scales.htp_pdyn 1.0 --agent.slowhtp.rate 0.005 --run.steps 100000 --run.exact_env_action_budget True --run.action_milestones 10000 20000 30000 40000 50000 60000 70000 80000 90000 100000
run_162,ema_slow,atari100k_road_runner,0,size12m,0,Completed,2026-09-18 19:32,2026-09-18 20:26,0.9076402578751246,12557.0,1.6015191166145402,,Sweep arm=ema_slow; comparator=full; seed 0; 100K executed actions; 100 final eval episodes; HNS ratio. Hours=successful invocation elapsed (not GPU-hours or training-only). W&B not logged. Command requires original 5ee4f27 + published source.patch; use a fresh logdir. aux_stop_actions=0. Results: https://github.com/MrHeatcliff/New_HTP/tree/main/paper_artifacts/original_corewm_ablations/ema_slow,python -u -m dreamerv3.main_htp --configs atari100k size12m corewm_paper_protocol corewm_full --task atari100k_road_runner --seed 0 --env.atari100k.use_seed True --logdir ./reruns/ema_slow/road_runner/seed_0 --jax.prealloc False --logger.outputs jsonl --logger.filter '.*' --run.log_policy_video False --run.log_every 30 --agent.htp.enabled True --agent.htp.use_proj True --agent.htp.use_recon True --agent.htp.use_pdyn True --agent.htp.grad_to_backbone False --agent.htp.use_vicreg False --agent.loss_scales.htp_rec 1.0 --agent.loss_scales.htp_pdyn 1.0 --agent.slowhtp.rate 0.005 --run.steps 100000 --run.exact_env_action_budget True --run.action_milestones 10000 20000 30000 40000 50000 60000 70000 80000 90000 100000
run_163,ema_fast,atari100k_boxing,0,size12m,0,Completed,2026-09-18 19:37,2026-09-18 20:27,0.845385674238205,85.98,7.156666666666667,,Sweep arm=ema_fast; comparator=full; seed 0; 100K executed actions; 100 final eval episodes; HNS ratio. Hours=successful invocation elapsed (not GPU-hours or training-only). W&B not logged. Command requires original 5ee4f27 + published source.patch; use a fresh logdir. aux_stop_actions=0. Results: https://github.com/MrHeatcliff/New_HTP/tree/main/paper_artifacts/original_corewm_ablations/ema_fast,python -u -m dreamerv3.main_htp --configs atari100k size12m corewm_paper_protocol corewm_full --task atari100k_boxing --seed 0 --env.atari100k.use_seed True --logdir ./reruns/ema_fast/boxing/seed_0 --jax.prealloc False --logger.outputs jsonl --logger.filter '.*' --run.log_policy_video False --run.log_every 30 --agent.htp.enabled True --agent.htp.use_proj True --agent.htp.use_recon True --agent.htp.use_pdyn True --agent.htp.grad_to_backbone False --agent.htp.use_vicreg False --agent.loss_scales.htp_rec 1.0 --agent.loss_scales.htp_pdyn 1.0 --agent.slowhtp.rate 0.1 --run.steps 100000 --run.exact_env_action_budget True --run.action_milestones 10000 20000 30000 40000 50000 60000 70000 80000 90000 100000
run_164,ema_fast,atari100k_up_n_down,0,size12m,0,Completed,2026-09-18 19:37,2026-09-18 22:13,2.6024598387877145,97046.7,8.648300148748184,,Sweep arm=ema_fast; comparator=full; seed 0; 100K executed actions; 100 final eval episodes; HNS ratio. Hours=successful invocation elapsed (not GPU-hours or training-only). W&B not logged. Command requires original 5ee4f27 + published source.patch; use a fresh logdir. aux_stop_actions=0. Results: https://github.com/MrHeatcliff/New_HTP/tree/main/paper_artifacts/original_corewm_ablations/ema_fast,python -u -m dreamerv3.main_htp --configs atari100k size12m corewm_paper_protocol corewm_full --task atari100k_up_n_down --seed 0 --env.atari100k.use_seed True --logdir ./reruns/ema_fast/up_n_down/seed_0 --jax.prealloc False --logger.outputs jsonl --logger.filter '.*' --run.log_policy_video False --run.log_every 30 --agent.htp.enabled True --agent.htp.use_proj True --agent.htp.use_recon True --agent.htp.use_pdyn True --agent.htp.grad_to_backbone False --agent.htp.use_vicreg False --agent.loss_scales.htp_rec 1.0 --agent.loss_scales.htp_pdyn 1.0 --agent.slowhtp.rate 0.1 --run.steps 100000 --run.exact_env_action_budget True --run.action_milestones 10000 20000 30000 40000 50000 60000 70000 80000 90000 100000
run_165,ema_fast,atari100k_frostbite,0,size12m,0,Completed,2026-09-18 19:38,2026-09-18 20:28,0.8432939161856969,224.5,0.037311160557442324,,Sweep arm=ema_fast; comparator=full; seed 0; 100K executed actions; 100 final eval episodes; HNS ratio. Hours=successful invocation elapsed (not GPU-hours or training-only). W&B not logged. Command requires original 5ee4f27 + published source.patch; use a fresh logdir. aux_stop_actions=0. Results: https://github.com/MrHeatcliff/New_HTP/tree/main/paper_artifacts/original_corewm_ablations/ema_fast,python -u -m dreamerv3.main_htp --configs atari100k size12m corewm_paper_protocol corewm_full --task atari100k_frostbite --seed 0 --env.atari100k.use_seed True --logdir ./reruns/ema_fast/frostbite/seed_0 --jax.prealloc False --logger.outputs jsonl --logger.filter '.*' --run.log_policy_video False --run.log_every 30 --agent.htp.enabled True --agent.htp.use_proj True --agent.htp.use_recon True --agent.htp.use_pdyn True --agent.htp.grad_to_backbone False --agent.htp.use_vicreg False --agent.loss_scales.htp_rec 1.0 --agent.loss_scales.htp_pdyn 1.0 --agent.slowhtp.rate 0.1 --run.steps 100000 --run.exact_env_action_budget True --run.action_milestones 10000 20000 30000 40000 50000 60000 70000 80000 90000 100000
run_166,ema_fast,atari100k_road_runner,0,size12m,0,Completed,2026-09-18 19:38,2026-09-18 20:31,0.8833653643396165,8932.0,1.138763005042446,,Sweep arm=ema_fast; comparator=full; seed 0; 100K executed actions; 100 final eval episodes; HNS ratio. Hours=successful invocation elapsed (not GPU-hours or training-only). W&B not logged. Command requires original 5ee4f27 + published source.patch; use a fresh logdir. aux_stop_actions=0. Results: https://github.com/MrHeatcliff/New_HTP/tree/main/paper_artifacts/original_corewm_ablations/ema_fast,python -u -m dreamerv3.main_htp --configs atari100k size12m corewm_paper_protocol corewm_full --task atari100k_road_runner --seed 0 --env.atari100k.use_seed True --logdir ./reruns/ema_fast/road_runner/seed_0 --jax.prealloc False --logger.outputs jsonl --logger.filter '.*' --run.log_policy_video False --run.log_every 30 --agent.htp.enabled True --agent.htp.use_proj True --agent.htp.use_recon True --agent.htp.use_pdyn True --agent.htp.grad_to_backbone False --agent.htp.use_vicreg False --agent.loss_scales.htp_rec 1.0 --agent.loss_scales.htp_pdyn 1.0 --agent.slowhtp.rate 0.1 --run.steps 100000 --run.exact_env_action_budget True --run.action_milestones 10000 20000 30000 40000 50000 60000 70000 80000 90000 100000
run_167,rec_weak,atari100k_boxing,0,size12m,0,Completed,2026-09-18 19:38,2026-09-18 20:34,0.9282434850931167,69.62,5.793333333333334,,Sweep arm=rec_weak; comparator=full; seed 0; 100K executed actions; 100 final eval episodes; HNS ratio. Hours=successful invocation elapsed (not GPU-hours or training-only). W&B not logged. Command requires original 5ee4f27 + published source.patch; use a fresh logdir. aux_stop_actions=0. Results: https://github.com/MrHeatcliff/New_HTP/tree/main/paper_artifacts/original_corewm_ablations/rec_weak,python -u -m dreamerv3.main_htp --configs atari100k size12m corewm_paper_protocol corewm_full --task atari100k_boxing --seed 0 --env.atari100k.use_seed True --logdir ./reruns/rec_weak/boxing/seed_0 --jax.prealloc False --logger.outputs jsonl --logger.filter '.*' --run.log_policy_video False --run.log_every 30 --agent.htp.enabled True --agent.htp.use_proj True --agent.htp.use_recon True --agent.htp.use_pdyn True --agent.htp.grad_to_backbone False --agent.htp.use_vicreg False --agent.loss_scales.htp_rec 0.1 --agent.loss_scales.htp_pdyn 1.0 --run.steps 100000 --run.exact_env_action_budget True --run.action_milestones 10000 20000 30000 40000 50000 60000 70000 80000 90000 100000
run_168,rec_weak,atari100k_up_n_down,0,size12m,0,Completed,2026-09-18 19:38,2026-09-18 21:57,2.3181413857142132,74954.0,6.668632054337891,,Sweep arm=rec_weak; comparator=full; seed 0; 100K executed actions; 100 final eval episodes; HNS ratio. Hours=successful invocation elapsed (not GPU-hours or training-only). W&B not logged. Command requires original 5ee4f27 + published source.patch; use a fresh logdir. aux_stop_actions=0. Results: https://github.com/MrHeatcliff/New_HTP/tree/main/paper_artifacts/original_corewm_ablations/rec_weak,python -u -m dreamerv3.main_htp --configs atari100k size12m corewm_paper_protocol corewm_full --task atari100k_up_n_down --seed 0 --env.atari100k.use_seed True --logdir ./reruns/rec_weak/up_n_down/seed_0 --jax.prealloc False --logger.outputs jsonl --logger.filter '.*' --run.log_policy_video False --run.log_every 30 --agent.htp.enabled True --agent.htp.use_proj True --agent.htp.use_recon True --agent.htp.use_pdyn True --agent.htp.grad_to_backbone False --agent.htp.use_vicreg False --agent.loss_scales.htp_rec 0.1 --agent.loss_scales.htp_pdyn 1.0 --run.steps 100000 --run.exact_env_action_budget True --run.action_milestones 10000 20000 30000 40000 50000 60000 70000 80000 90000 100000
run_169,rec_weak,atari100k_frostbite,0,size12m,0,Completed,2026-09-18 19:47,2026-09-18 20:40,0.8838359570503235,2739.8,0.6264433774446657,,Sweep arm=rec_weak; comparator=full; seed 0; 100K executed actions; 100 final eval episodes; HNS ratio. Hours=successful invocation elapsed (not GPU-hours or training-only). W&B not logged. Command requires original 5ee4f27 + published source.patch; use a fresh logdir. aux_stop_actions=0. Results: https://github.com/MrHeatcliff/New_HTP/tree/main/paper_artifacts/original_corewm_ablations/rec_weak,python -u -m dreamerv3.main_htp --configs atari100k size12m corewm_paper_protocol corewm_full --task atari100k_frostbite --seed 0 --env.atari100k.use_seed True --logdir ./reruns/rec_weak/frostbite/seed_0 --jax.prealloc False --logger.outputs jsonl --logger.filter '.*' --run.log_policy_video False --run.log_every 30 --agent.htp.enabled True --agent.htp.use_proj True --agent.htp.use_recon True --agent.htp.use_pdyn True --agent.htp.grad_to_backbone False --agent.htp.use_vicreg False --agent.loss_scales.htp_rec 0.1 --agent.loss_scales.htp_pdyn 1.0 --run.steps 100000 --run.exact_env_action_budget True --run.action_milestones 10000 20000 30000 40000 50000 60000 70000 80000 90000 100000
run_170,rec_weak,atari100k_road_runner,0,size12m,0,Completed,2026-09-18 19:47,2026-09-18 20:41,0.9068334919876523,15096.0,1.9256398800025532,,Sweep arm=rec_weak; comparator=full; seed 0; 100K executed actions; 100 final eval episodes; HNS ratio. Hours=successful invocation elapsed (not GPU-hours or training-only). W&B not logged. Command requires original 5ee4f27 + published source.patch; use a fresh logdir. aux_stop_actions=0. Results: https://github.com/MrHeatcliff/New_HTP/tree/main/paper_artifacts/original_corewm_ablations/rec_weak,python -u -m dreamerv3.main_htp --configs atari100k size12m corewm_paper_protocol corewm_full --task atari100k_road_runner --seed 0 --env.atari100k.use_seed True --logdir ./reruns/rec_weak/road_runner/seed_0 --jax.prealloc False --logger.outputs jsonl --logger.filter '.*' --run.log_policy_video False --run.log_every 30 --agent.htp.enabled True --agent.htp.use_proj True --agent.htp.use_recon True --agent.htp.use_pdyn True --agent.htp.grad_to_backbone False --agent.htp.use_vicreg False --agent.loss_scales.htp_rec 0.1 --agent.loss_scales.htp_pdyn 1.0 --run.steps 100000 --run.exact_env_action_budget True --run.action_milestones 10000 20000 30000 40000 50000 60000 70000 80000 90000 100000
run_171,rec_strong,atari100k_boxing,0,size12m,0,Completed,2026-09-18 19:57,2026-09-18 20:56,0.9770712970362769,76.21,6.3425,,Sweep arm=rec_strong; comparator=full; seed 0; 100K executed actions; 100 final eval episodes; HNS ratio. Hours=successful invocation elapsed (not GPU-hours or training-only). W&B not logged. Command requires original 5ee4f27 + published source.patch; use a fresh logdir. aux_stop_actions=0. Results: https://github.com/MrHeatcliff/New_HTP/tree/main/paper_artifacts/original_corewm_ablations/rec_strong,python -u -m dreamerv3.main_htp --configs atari100k size12m corewm_paper_protocol corewm_full --task atari100k_boxing --seed 0 --env.atari100k.use_seed True --logdir ./reruns/rec_strong/boxing/seed_0 --jax.prealloc False --logger.outputs jsonl --logger.filter '.*' --run.log_policy_video False --run.log_every 30 --agent.htp.enabled True --agent.htp.use_proj True --agent.htp.use_recon True --agent.htp.use_pdyn True --agent.htp.grad_to_backbone False --agent.htp.use_vicreg False --agent.loss_scales.htp_rec 10.0 --agent.loss_scales.htp_pdyn 1.0 --run.steps 100000 --run.exact_env_action_budget True --run.action_milestones 10000 20000 30000 40000 50000 60000 70000 80000 90000 100000
run_172,rec_strong,atari100k_up_n_down,0,size12m,0,Completed,2026-09-18 19:57,2026-09-18 22:17,2.3299947192933823,130102.8,11.61036936145809,,Sweep arm=rec_strong; comparator=full; seed 0; 100K executed actions; 100 final eval episodes; HNS ratio. Hours=successful invocation elapsed (not GPU-hours or training-only). W&B not logged. Command requires original 5ee4f27 + published source.patch; use a fresh logdir. aux_stop_actions=0. Results: https://github.com/MrHeatcliff/New_HTP/tree/main/paper_artifacts/original_corewm_ablations/rec_strong,python -u -m dreamerv3.main_htp --configs atari100k size12m corewm_paper_protocol corewm_full --task atari100k_up_n_down --seed 0 --env.atari100k.use_seed True --logdir ./reruns/rec_strong/up_n_down/seed_0 --jax.prealloc False --logger.outputs jsonl --logger.filter '.*' --run.log_policy_video False --run.log_every 30 --agent.htp.enabled True --agent.htp.use_proj True --agent.htp.use_recon True --agent.htp.use_pdyn True --agent.htp.grad_to_backbone False --agent.htp.use_vicreg False --agent.loss_scales.htp_rec 10.0 --agent.loss_scales.htp_pdyn 1.0 --run.steps 100000 --run.exact_env_action_budget True --run.action_milestones 10000 20000 30000 40000 50000 60000 70000 80000 90000 100000
run_173,rec_strong,atari100k_frostbite,0,size12m,0,Completed,2026-09-18 20:04,2026-09-18 20:55,0.8613990872436099,376.1,0.07281883124487645,,Sweep arm=rec_strong; comparator=full; seed 0; 100K executed actions; 100 final eval episodes; HNS ratio. Hours=successful invocation elapsed (not GPU-hours or training-only). W&B not logged. Command requires original 5ee4f27 + published source.patch; use a fresh logdir. aux_stop_actions=0. Results: https://github.com/MrHeatcliff/New_HTP/tree/main/paper_artifacts/original_corewm_ablations/rec_strong,python -u -m dreamerv3.main_htp --configs atari100k size12m corewm_paper_protocol corewm_full --task atari100k_frostbite --seed 0 --env.atari100k.use_seed True --logdir ./reruns/rec_strong/frostbite/seed_0 --jax.prealloc False --logger.outputs jsonl --logger.filter '.*' --run.log_policy_video False --run.log_every 30 --agent.htp.enabled True --agent.htp.use_proj True --agent.htp.use_recon True --agent.htp.use_pdyn True --agent.htp.grad_to_backbone False --agent.htp.use_vicreg False --agent.loss_scales.htp_rec 10.0 --agent.loss_scales.htp_pdyn 1.0 --run.steps 100000 --run.exact_env_action_budget True --run.action_milestones 10000 20000 30000 40000 50000 60000 70000 80000 90000 100000
run_174,rec_strong,atari100k_road_runner,0,size12m,0,Completed,2026-09-18 20:04,2026-09-18 20:58,0.909533625708686,16710.0,2.131678049403204,,Sweep arm=rec_strong; comparator=full; seed 0; 100K executed actions; 100 final eval episodes; HNS ratio. Hours=successful invocation elapsed (not GPU-hours or training-only). W&B not logged. Command requires original 5ee4f27 + published source.patch; use a fresh logdir. aux_stop_actions=0. Results: https://github.com/MrHeatcliff/New_HTP/tree/main/paper_artifacts/original_corewm_ablations/rec_strong,python -u -m dreamerv3.main_htp --configs atari100k size12m corewm_paper_protocol corewm_full --task atari100k_road_runner --seed 0 --env.atari100k.use_seed True --logdir ./reruns/rec_strong/road_runner/seed_0 --jax.prealloc False --logger.outputs jsonl --logger.filter '.*' --run.log_policy_video False --run.log_every 30 --agent.htp.enabled True --agent.htp.use_proj True --agent.htp.use_recon True --agent.htp.use_pdyn True --agent.htp.grad_to_backbone False --agent.htp.use_vicreg False --agent.loss_scales.htp_rec 10.0 --agent.loss_scales.htp_pdyn 1.0 --run.steps 100000 --run.exact_env_action_budget True --run.action_milestones 10000 20000 30000 40000 50000 60000 70000 80000 90000 100000
run_175,pdyn_weak,atari100k_boxing,0,size12m,0,Completed,2026-09-18 20:11,2026-09-18 21:04,0.8718125179078844,81.15,6.754166666666667,,Sweep arm=pdyn_weak; comparator=full; seed 0; 100K executed actions; 100 final eval episodes; HNS ratio. Hours=successful invocation elapsed (not GPU-hours or training-only). W&B not logged. Command requires original 5ee4f27 + published source.patch; use a fresh logdir. aux_stop_actions=0. Results: https://github.com/MrHeatcliff/New_HTP/tree/main/paper_artifacts/original_corewm_ablations/pdyn_weak,python -u -m dreamerv3.main_htp --configs atari100k size12m corewm_paper_protocol corewm_full --task atari100k_boxing --seed 0 --env.atari100k.use_seed True --logdir ./reruns/pdyn_weak/boxing/seed_0 --jax.prealloc False --logger.outputs jsonl --logger.filter '.*' --run.log_policy_video False --run.log_every 30 --agent.htp.enabled True --agent.htp.use_proj True --agent.htp.use_recon True --agent.htp.use_pdyn True --agent.htp.grad_to_backbone False --agent.htp.use_vicreg False --agent.loss_scales.htp_rec 1.0 --agent.loss_scales.htp_pdyn 0.1 --run.steps 100000 --run.exact_env_action_budget True --run.action_milestones 10000 20000 30000 40000 50000 60000 70000 80000 90000 100000
run_176,pdyn_weak,atari100k_up_n_down,0,size12m,0,Completed,2026-09-18 20:11,2026-09-18 21:38,1.4492038546005885,40395.7,3.571954694528575,,Sweep arm=pdyn_weak; comparator=full; seed 0; 100K executed actions; 100 final eval episodes; HNS ratio. Hours=successful invocation elapsed (not GPU-hours or training-only). W&B not logged. Command requires original 5ee4f27 + published source.patch; use a fresh logdir. aux_stop_actions=0. Results: https://github.com/MrHeatcliff/New_HTP/tree/main/paper_artifacts/original_corewm_ablations/pdyn_weak,python -u -m dreamerv3.main_htp --configs atari100k size12m corewm_paper_protocol corewm_full --task atari100k_up_n_down --seed 0 --env.atari100k.use_seed True --logdir ./reruns/pdyn_weak/up_n_down/seed_0 --jax.prealloc False --logger.outputs jsonl --logger.filter '.*' --run.log_policy_video False --run.log_every 30 --agent.htp.enabled True --agent.htp.use_proj True --agent.htp.use_recon True --agent.htp.use_pdyn True --agent.htp.grad_to_backbone False --agent.htp.use_vicreg False --agent.loss_scales.htp_rec 1.0 --agent.loss_scales.htp_pdyn 0.1 --run.steps 100000 --run.exact_env_action_budget True --run.action_milestones 10000 20000 30000 40000 50000 60000 70000 80000 90000 100000
run_177,pdyn_weak,atari100k_frostbite,0,size12m,0,Completed,2026-09-18 20:12,2026-09-18 21:04,0.8618237658341725,324.4,0.060709684974821404,,Sweep arm=pdyn_weak; comparator=full; seed 0; 100K executed actions; 100 final eval episodes; HNS ratio. Hours=successful invocation elapsed (not GPU-hours or training-only). W&B not logged. Command requires original 5ee4f27 + published source.patch; use a fresh logdir. aux_stop_actions=0. Results: https://github.com/MrHeatcliff/New_HTP/tree/main/paper_artifacts/original_corewm_ablations/pdyn_weak,python -u -m dreamerv3.main_htp --configs atari100k size12m corewm_paper_protocol corewm_full --task atari100k_frostbite --seed 0 --env.atari100k.use_seed True --logdir ./reruns/pdyn_weak/frostbite/seed_0 --jax.prealloc False --logger.outputs jsonl --logger.filter '.*' --run.log_policy_video False --run.log_every 30 --agent.htp.enabled True --agent.htp.use_proj True --agent.htp.use_recon True --agent.htp.use_pdyn True --agent.htp.grad_to_backbone False --agent.htp.use_vicreg False --agent.loss_scales.htp_rec 1.0 --agent.loss_scales.htp_pdyn 0.1 --run.steps 100000 --run.exact_env_action_budget True --run.action_milestones 10000 20000 30000 40000 50000 60000 70000 80000 90000 100000
run_178,pdyn_weak,atari100k_road_runner,0,size12m,0,Completed,2026-09-18 20:12,2026-09-18 21:08,0.9209301251835293,8291.0,1.0569349588306631,,Sweep arm=pdyn_weak; comparator=full; seed 0; 100K executed actions; 100 final eval episodes; HNS ratio. Hours=successful invocation elapsed (not GPU-hours or training-only). W&B not logged. Command requires original 5ee4f27 + published source.patch; use a fresh logdir. aux_stop_actions=0. Results: https://github.com/MrHeatcliff/New_HTP/tree/main/paper_artifacts/original_corewm_ablations/pdyn_weak,python -u -m dreamerv3.main_htp --configs atari100k size12m corewm_paper_protocol corewm_full --task atari100k_road_runner --seed 0 --env.atari100k.use_seed True --logdir ./reruns/pdyn_weak/road_runner/seed_0 --jax.prealloc False --logger.outputs jsonl --logger.filter '.*' --run.log_policy_video False --run.log_every 30 --agent.htp.enabled True --agent.htp.use_proj True --agent.htp.use_recon True --agent.htp.use_pdyn True --agent.htp.grad_to_backbone False --agent.htp.use_vicreg False --agent.loss_scales.htp_rec 1.0 --agent.loss_scales.htp_pdyn 0.1 --run.steps 100000 --run.exact_env_action_budget True --run.action_milestones 10000 20000 30000 40000 50000 60000 70000 80000 90000 100000
run_179,pdyn_strong,atari100k_boxing,0,size12m,0,Completed,2026-09-18 20:12,2026-09-18 21:06,0.8935791822936799,73.76,6.1383333333333345,,Sweep arm=pdyn_strong; comparator=full; seed 0; 100K executed actions; 100 final eval episodes; HNS ratio. Hours=successful invocation elapsed (not GPU-hours or training-only). W&B not logged. Command requires original 5ee4f27 + published source.patch; use a fresh logdir. aux_stop_actions=0. Results: https://github.com/MrHeatcliff/New_HTP/tree/main/paper_artifacts/original_corewm_ablations/pdyn_strong,python -u -m dreamerv3.main_htp --configs atari100k size12m corewm_paper_protocol corewm_full --task atari100k_boxing --seed 0 --env.atari100k.use_seed True --logdir ./reruns/pdyn_strong/boxing/seed_0 --jax.prealloc False --logger.outputs jsonl --logger.filter '.*' --run.log_policy_video False --run.log_every 30 --agent.htp.enabled True --agent.htp.use_proj True --agent.htp.use_recon True --agent.htp.use_pdyn True --agent.htp.grad_to_backbone False --agent.htp.use_vicreg False --agent.loss_scales.htp_rec 1.0 --agent.loss_scales.htp_pdyn 10.0 --run.steps 100000 --run.exact_env_action_budget True --run.action_milestones 10000 20000 30000 40000 50000 60000 70000 80000 90000 100000
run_180,pdyn_strong,atari100k_up_n_down,0,size12m,0,Completed,2026-09-18 20:12,2026-09-18 21:26,1.2208852451377445,9450.8,0.7990644993637878,,Sweep arm=pdyn_strong; comparator=full; seed 0; 100K executed actions; 100 final eval episodes; HNS ratio. Hours=successful invocation elapsed (not GPU-hours or training-only). W&B not logged. Command requires original 5ee4f27 + published source.patch; use a fresh logdir. aux_stop_actions=0. Results: https://github.com/MrHeatcliff/New_HTP/tree/main/paper_artifacts/original_corewm_ablations/pdyn_strong,python -u -m dreamerv3.main_htp --configs atari100k size12m corewm_paper_protocol corewm_full --task atari100k_up_n_down --seed 0 --env.atari100k.use_seed True --logdir ./reruns/pdyn_strong/up_n_down/seed_0 --jax.prealloc False --logger.outputs jsonl --logger.filter '.*' --run.log_policy_video False --run.log_every 30 --agent.htp.enabled True --agent.htp.use_proj True --agent.htp.use_recon True --agent.htp.use_pdyn True --agent.htp.grad_to_backbone False --agent.htp.use_vicreg False --agent.loss_scales.htp_rec 1.0 --agent.loss_scales.htp_pdyn 10.0 --run.steps 100000 --run.exact_env_action_budget True --run.action_milestones 10000 20000 30000 40000 50000 60000 70000 80000 90000 100000
run_181,pdyn_strong,atari100k_frostbite,0,size12m,0,Completed,2026-09-18 20:14,2026-09-18 21:09,0.9057351110378901,1193.4,0.2642463988757466,,Sweep arm=pdyn_strong; comparator=full; seed 0; 100K executed actions; 100 final eval episodes; HNS ratio. Hours=successful invocation elapsed (not GPU-hours or training-only). W&B not logged. Command requires original 5ee4f27 + published source.patch; use a fresh logdir. aux_stop_actions=0. Results: https://github.com/MrHeatcliff/New_HTP/tree/main/paper_artifacts/original_corewm_ablations/pdyn_strong,python -u -m dreamerv3.main_htp --configs atari100k size12m corewm_paper_protocol corewm_full --task atari100k_frostbite --seed 0 --env.atari100k.use_seed True --logdir ./reruns/pdyn_strong/frostbite/seed_0 --jax.prealloc False --logger.outputs jsonl --logger.filter '.*' --run.log_policy_video False --run.log_every 30 --agent.htp.enabled True --agent.htp.use_proj True --agent.htp.use_recon True --agent.htp.use_pdyn True --agent.htp.grad_to_backbone False --agent.htp.use_vicreg False --agent.loss_scales.htp_rec 1.0 --agent.loss_scales.htp_pdyn 10.0 --run.steps 100000 --run.exact_env_action_budget True --run.action_milestones 10000 20000 30000 40000 50000 60000 70000 80000 90000 100000
run_182,pdyn_strong,atari100k_road_runner,0,size12m,0,Completed,2026-09-18 20:14,2026-09-18 21:09,0.9147366019090016,15569.0,1.9860215740090637,,Sweep arm=pdyn_strong; comparator=full; seed 0; 100K executed actions; 100 final eval episodes; HNS ratio. Hours=successful invocation elapsed (not GPU-hours or training-only). W&B not logged. Command requires original 5ee4f27 + published source.patch; use a fresh logdir. aux_stop_actions=0. Results: https://github.com/MrHeatcliff/New_HTP/tree/main/paper_artifacts/original_corewm_ablations/pdyn_strong,python -u -m dreamerv3.main_htp --configs atari100k size12m corewm_paper_protocol corewm_full --task atari100k_road_runner --seed 0 --env.atari100k.use_seed True --logdir ./reruns/pdyn_strong/road_runner/seed_0 --jax.prealloc False --logger.outputs jsonl --logger.filter '.*' --run.log_policy_video False --run.log_every 30 --agent.htp.enabled True --agent.htp.use_proj True --agent.htp.use_recon True --agent.htp.use_pdyn True --agent.htp.grad_to_backbone False --agent.htp.use_vicreg False --agent.loss_scales.htp_rec 1.0 --agent.loss_scales.htp_pdyn 10.0 --run.steps 100000 --run.exact_env_action_budget True --run.action_milestones 10000 20000 30000 40000 50000 60000 70000 80000 90000 100000
run_183,wide_trunk,atari100k_boxing,0,size12m,0,Completed,2026-09-18 20:26,2026-09-18 21:29,1.0476138269239001,60.24,5.011666666666667,,Sweep arm=wide_trunk; comparator=full; seed 0; 100K executed actions; 100 final eval episodes; HNS ratio. Hours=successful invocation elapsed (not GPU-hours or training-only). W&B not logged. Command requires original 5ee4f27 + published source.patch; use a fresh logdir. aux_stop_actions=0. Results: https://github.com/MrHeatcliff/New_HTP/tree/main/paper_artifacts/original_corewm_ablations/wide_trunk,python -u -m dreamerv3.main_htp --configs atari100k size12m corewm_paper_protocol corewm_full --task atari100k_boxing --seed 0 --env.atari100k.use_seed True --logdir ./reruns/wide_trunk/boxing/seed_0 --jax.prealloc False --logger.outputs jsonl --logger.filter '.*' --run.log_policy_video False --run.log_every 30 --agent.htp.enabled True --agent.htp.use_proj True --agent.htp.use_recon True --agent.htp.use_pdyn True --agent.htp.grad_to_backbone False --agent.htp.use_vicreg False --agent.loss_scales.htp_rec 1.0 --agent.loss_scales.htp_pdyn 1.0 --agent.htp.proj.hidden 2048 --run.steps 100000 --run.exact_env_action_budget True --run.action_milestones 10000 20000 30000 40000 50000 60000 70000 80000 90000 100000
run_184,wide_trunk,atari100k_up_n_down,0,size12m,0,Completed,2026-09-18 20:26,2026-09-18 22:09,1.7165677273935742,39669.7,3.506899765228767,,Sweep arm=wide_trunk; comparator=full; seed 0; 100K executed actions; 100 final eval episodes; HNS ratio. Hours=successful invocation elapsed (not GPU-hours or training-only). W&B not logged. Command requires original 5ee4f27 + published source.patch; use a fresh logdir. aux_stop_actions=0. Results: https://github.com/MrHeatcliff/New_HTP/tree/main/paper_artifacts/original_corewm_ablations/wide_trunk,python -u -m dreamerv3.main_htp --configs atari100k size12m corewm_paper_protocol corewm_full --task atari100k_up_n_down --seed 0 --env.atari100k.use_seed True --logdir ./reruns/wide_trunk/up_n_down/seed_0 --jax.prealloc False --logger.outputs jsonl --logger.filter '.*' --run.log_policy_video False --run.log_every 30 --agent.htp.enabled True --agent.htp.use_proj True --agent.htp.use_recon True --agent.htp.use_pdyn True --agent.htp.grad_to_backbone False --agent.htp.use_vicreg False --agent.loss_scales.htp_rec 1.0 --agent.loss_scales.htp_pdyn 1.0 --agent.htp.proj.hidden 2048 --run.steps 100000 --run.exact_env_action_budget True --run.action_milestones 10000 20000 30000 40000 50000 60000 70000 80000 90000 100000
run_185,wide_trunk,atari100k_frostbite,0,size12m,0,Completed,2026-09-18 20:31,2026-09-18 21:30,0.9914130813545651,1928.4,0.43639770464925637,,Sweep arm=wide_trunk; comparator=full; seed 0; 100K executed actions; 100 final eval episodes; HNS ratio. Hours=successful invocation elapsed (not GPU-hours or training-only). W&B not logged. Command requires original 5ee4f27 + published source.patch; use a fresh logdir. aux_stop_actions=0. Results: https://github.com/MrHeatcliff/New_HTP/tree/main/paper_artifacts/original_corewm_ablations/wide_trunk,python -u -m dreamerv3.main_htp --configs atari100k size12m corewm_paper_protocol corewm_full --task atari100k_frostbite --seed 0 --env.atari100k.use_seed True --logdir ./reruns/wide_trunk/frostbite/seed_0 --jax.prealloc False --logger.outputs jsonl --logger.filter '.*' --run.log_policy_video False --run.log_every 30 --agent.htp.enabled True --agent.htp.use_proj True --agent.htp.use_recon True --agent.htp.use_pdyn True --agent.htp.grad_to_backbone False --agent.htp.use_vicreg False --agent.loss_scales.htp_rec 1.0 --agent.loss_scales.htp_pdyn 1.0 --agent.htp.proj.hidden 2048 --run.steps 100000 --run.exact_env_action_budget True --run.action_milestones 10000 20000 30000 40000 50000 60000 70000 80000 90000 100000
run_186,wide_trunk,atari100k_road_runner,0,size12m,0,Completed,2026-09-18 20:31,2026-09-18 21:32,1.018366453382704,7382.0,0.9408948745771366,,Sweep arm=wide_trunk; comparator=full; seed 0; 100K executed actions; 100 final eval episodes; HNS ratio. Hours=successful invocation elapsed (not GPU-hours or training-only). W&B not logged. Command requires original 5ee4f27 + published source.patch; use a fresh logdir. aux_stop_actions=0. Results: https://github.com/MrHeatcliff/New_HTP/tree/main/paper_artifacts/original_corewm_ablations/wide_trunk,python -u -m dreamerv3.main_htp --configs atari100k size12m corewm_paper_protocol corewm_full --task atari100k_road_runner --seed 0 --env.atari100k.use_seed True --logdir ./reruns/wide_trunk/road_runner/seed_0 --jax.prealloc False --logger.outputs jsonl --logger.filter '.*' --run.log_policy_video False --run.log_every 30 --agent.htp.enabled True --agent.htp.use_proj True --agent.htp.use_recon True --agent.htp.use_pdyn True --agent.htp.grad_to_backbone False --agent.htp.use_vicreg False --agent.loss_scales.htp_rec 1.0 --agent.loss_scales.htp_pdyn 1.0 --agent.htp.proj.hidden 2048 --run.steps 100000 --run.exact_env_action_budget True --run.action_milestones 10000 20000 30000 40000 50000 60000 70000 80000 90000 100000
run_187,compact_code,atari100k_boxing,0,size12m,0,Completed,2026-09-18 20:41,2026-09-18 21:38,0.9476082881291708,44.97,3.7391666666666663,,Sweep arm=compact_code; comparator=full; seed 0; 100K executed actions; 100 final eval episodes; HNS ratio. Hours=successful invocation elapsed (not GPU-hours or training-only). W&B not logged. Command requires original 5ee4f27 + published source.patch; use a fresh logdir. aux_stop_actions=0. Results: https://github.com/MrHeatcliff/New_HTP/tree/main/paper_artifacts/original_corewm_ablations/compact_code,python -u -m dreamerv3.main_htp --configs atari100k size12m corewm_paper_protocol corewm_full --task atari100k_boxing --seed 0 --env.atari100k.use_seed True --logdir ./reruns/compact_code/boxing/seed_0 --jax.prealloc False --logger.outputs jsonl --logger.filter '.*' --run.log_policy_video False --run.log_every 30 --agent.htp.enabled True --agent.htp.use_proj True --agent.htp.use_recon True --agent.htp.use_pdyn True --agent.htp.grad_to_backbone False --agent.htp.use_vicreg False --agent.loss_scales.htp_rec 1.0 --agent.loss_scales.htp_pdyn 1.0 --agent.htp.proj.dims 32 64 128 256 512 --agent.htp.pdyn.dims 32 64 128 256 512 --run.steps 100000 --run.exact_env_action_budget True --run.action_milestones 10000 20000 30000 40000 50000 60000 70000 80000 90000 100000
run_188,compact_code,atari100k_up_n_down,0,size12m,0,Completed,2026-09-18 20:41,2026-09-18 22:26,1.744987390173806,48283.3,4.278741554508145,,Sweep arm=compact_code; comparator=full; seed 0; 100K executed actions; 100 final eval episodes; HNS ratio. Hours=successful invocation elapsed (not GPU-hours or training-only). W&B not logged. Command requires original 5ee4f27 + published source.patch; use a fresh logdir. aux_stop_actions=0. Results: https://github.com/MrHeatcliff/New_HTP/tree/main/paper_artifacts/original_corewm_ablations/compact_code,python -u -m dreamerv3.main_htp --configs atari100k size12m corewm_paper_protocol corewm_full --task atari100k_up_n_down --seed 0 --env.atari100k.use_seed True --logdir ./reruns/compact_code/up_n_down/seed_0 --jax.prealloc False --logger.outputs jsonl --logger.filter '.*' --run.log_policy_video False --run.log_every 30 --agent.htp.enabled True --agent.htp.use_proj True --agent.htp.use_recon True --agent.htp.use_pdyn True --agent.htp.grad_to_backbone False --agent.htp.use_vicreg False --agent.loss_scales.htp_rec 1.0 --agent.loss_scales.htp_pdyn 1.0 --agent.htp.proj.dims 32 64 128 256 512 --agent.htp.pdyn.dims 32 64 128 256 512 --run.steps 100000 --run.exact_env_action_budget True --run.action_milestones 10000 20000 30000 40000 50000 60000 70000 80000 90000 100000
run_189,compact_code,atari100k_frostbite,0,size12m,0,Completed,2026-09-18 20:52,2026-09-18 21:41,0.8148440557718277,250.7,0.04344771050474294,,Sweep arm=compact_code; comparator=full; seed 0; 100K executed actions; 100 final eval episodes; HNS ratio. Hours=successful invocation elapsed (not GPU-hours or training-only). W&B not logged. Command requires original 5ee4f27 + published source.patch; use a fresh logdir. aux_stop_actions=0. Results: https://github.com/MrHeatcliff/New_HTP/tree/main/paper_artifacts/original_corewm_ablations/compact_code,python -u -m dreamerv3.main_htp --configs atari100k size12m corewm_paper_protocol corewm_full --task atari100k_frostbite --seed 0 --env.atari100k.use_seed True --logdir ./reruns/compact_code/frostbite/seed_0 --jax.prealloc False --logger.outputs jsonl --logger.filter '.*' --run.log_policy_video False --run.log_every 30 --agent.htp.enabled True --agent.htp.use_proj True --agent.htp.use_recon True --agent.htp.use_pdyn True --agent.htp.grad_to_backbone False --agent.htp.use_vicreg False --agent.loss_scales.htp_rec 1.0 --agent.loss_scales.htp_pdyn 1.0 --agent.htp.proj.dims 32 64 128 256 512 --agent.htp.pdyn.dims 32 64 128 256 512 --run.steps 100000 --run.exact_env_action_budget True --run.action_milestones 10000 20000 30000 40000 50000 60000 70000 80000 90000 100000
run_190,compact_code,atari100k_road_runner,0,size12m,0,Completed,2026-09-18 20:52,2026-09-18 21:44,0.8601169881555769,16376.0,2.089040658709389,,Sweep arm=compact_code; comparator=full; seed 0; 100K executed actions; 100 final eval episodes; HNS ratio. Hours=successful invocation elapsed (not GPU-hours or training-only). W&B not logged. Command requires original 5ee4f27 + published source.patch; use a fresh logdir. aux_stop_actions=0. Results: https://github.com/MrHeatcliff/New_HTP/tree/main/paper_artifacts/original_corewm_ablations/compact_code,python -u -m dreamerv3.main_htp --configs atari100k size12m corewm_paper_protocol corewm_full --task atari100k_road_runner --seed 0 --env.atari100k.use_seed True --logdir ./reruns/compact_code/road_runner/seed_0 --jax.prealloc False --logger.outputs jsonl --logger.filter '.*' --run.log_policy_video False --run.log_every 30 --agent.htp.enabled True --agent.htp.use_proj True --agent.htp.use_recon True --agent.htp.use_pdyn True --agent.htp.grad_to_backbone False --agent.htp.use_vicreg False --agent.loss_scales.htp_rec 1.0 --agent.loss_scales.htp_pdyn 1.0 --agent.htp.proj.dims 32 64 128 256 512 --agent.htp.pdyn.dims 32 64 128 256 512 --run.steps 100000 --run.exact_env_action_budget True --run.action_milestones 10000 20000 30000 40000 50000 60000 70000 80000 90000 100000
run_191,level1_short,atari100k_boxing,0,size12m,0,Completed,2026-09-18 20:52,2026-09-18 21:42,0.8267270987563663,87.62,7.293333333333334,,Sweep arm=level1_short; comparator=all1; seed 0; 100K executed actions; 100 final eval episodes; HNS ratio. Hours=successful invocation elapsed (not GPU-hours or training-only). W&B not logged. Command requires original 5ee4f27 + published source.patch; use a fresh logdir. aux_stop_actions=0. Results: https://github.com/MrHeatcliff/New_HTP/tree/main/paper_artifacts/original_corewm_ablations/level1_short,python -u -m dreamerv3.main_htp --configs atari100k size12m corewm_paper_protocol corewm_full --task atari100k_boxing --seed 0 --env.atari100k.use_seed True --logdir ./reruns/level1_short/boxing/seed_0 --jax.prealloc False --logger.outputs jsonl --logger.filter '.*' --run.log_policy_video False --run.log_every 30 --agent.htp.enabled True --agent.htp.use_proj True --agent.htp.use_recon True --agent.htp.use_pdyn True --agent.htp.grad_to_backbone False --agent.htp.use_vicreg False --agent.loss_scales.htp_rec 1.0 --agent.loss_scales.htp_pdyn 1.0 --agent.htp.proj.dims 2048 --agent.htp.pdyn.dims 2048 --agent.htp.pdyn.strides 1 --run.steps 100000 --run.exact_env_action_budget True --run.action_milestones 10000 20000 30000 40000 50000 60000 70000 80000 90000 100000
run_192,level1_short,atari100k_up_n_down,0,size12m,0,Completed,2026-09-18 20:52,2026-09-18 22:47,1.905198764204979,53135.1,4.713498449793006,,Sweep arm=level1_short; comparator=all1; seed 0; 100K executed actions; 100 final eval episodes; HNS ratio. Hours=successful invocation elapsed (not GPU-hours or training-only). W&B not logged. Command requires original 5ee4f27 + published source.patch; use a fresh logdir. aux_stop_actions=0. Results: https://github.com/MrHeatcliff/New_HTP/tree/main/paper_artifacts/original_corewm_ablations/level1_short,python -u -m dreamerv3.main_htp --configs atari100k size12m corewm_paper_protocol corewm_full --task atari100k_up_n_down --seed 0 --env.atari100k.use_seed True --logdir ./reruns/level1_short/up_n_down/seed_0 --jax.prealloc False --logger.outputs jsonl --logger.filter '.*' --run.log_policy_video False --run.log_every 30 --agent.htp.enabled True --agent.htp.use_proj True --agent.htp.use_recon True --agent.htp.use_pdyn True --agent.htp.grad_to_backbone False --agent.htp.use_vicreg False --agent.loss_scales.htp_rec 1.0 --agent.loss_scales.htp_pdyn 1.0 --agent.htp.proj.dims 2048 --agent.htp.pdyn.dims 2048 --agent.htp.pdyn.strides 1 --run.steps 100000 --run.exact_env_action_budget True --run.action_milestones 10000 20000 30000 40000 50000 60000 70000 80000 90000 100000
run_193,level1_short,atari100k_frostbite,0,size12m,0,Completed,2026-09-18 20:58,2026-09-18 21:45,0.7805486898289786,273.9,0.04888160206113128,,Sweep arm=level1_short; comparator=all1; seed 0; 100K executed actions; 100 final eval episodes; HNS ratio. Hours=successful invocation elapsed (not GPU-hours or training-only). W&B not logged. Command requires original 5ee4f27 + published source.patch; use a fresh logdir. aux_stop_actions=0. Results: https://github.com/MrHeatcliff/New_HTP/tree/main/paper_artifacts/original_corewm_ablations/level1_short,python -u -m dreamerv3.main_htp --configs atari100k size12m corewm_paper_protocol corewm_full --task atari100k_frostbite --seed 0 --env.atari100k.use_seed True --logdir ./reruns/level1_short/frostbite/seed_0 --jax.prealloc False --logger.outputs jsonl --logger.filter '.*' --run.log_policy_video False --run.log_every 30 --agent.htp.enabled True --agent.htp.use_proj True --agent.htp.use_recon True --agent.htp.use_pdyn True --agent.htp.grad_to_backbone False --agent.htp.use_vicreg False --agent.loss_scales.htp_rec 1.0 --agent.loss_scales.htp_pdyn 1.0 --agent.htp.proj.dims 2048 --agent.htp.pdyn.dims 2048 --agent.htp.pdyn.strides 1 --run.steps 100000 --run.exact_env_action_budget True --run.action_milestones 10000 20000 30000 40000 50000 60000 70000 80000 90000 100000
run_194,level1_short,atari100k_road_runner,0,size12m,0,Completed,2026-09-18 20:58,2026-09-18 21:47,0.813552057147026,13292.0,1.6953469075126062,,Sweep arm=level1_short; comparator=all1; seed 0; 100K executed actions; 100 final eval episodes; HNS ratio. Hours=successful invocation elapsed (not GPU-hours or training-only). W&B not logged. Command requires original 5ee4f27 + published source.patch; use a fresh logdir. aux_stop_actions=0. Results: https://github.com/MrHeatcliff/New_HTP/tree/main/paper_artifacts/original_corewm_ablations/level1_short,python -u -m dreamerv3.main_htp --configs atari100k size12m corewm_paper_protocol corewm_full --task atari100k_road_runner --seed 0 --env.atari100k.use_seed True --logdir ./reruns/level1_short/road_runner/seed_0 --jax.prealloc False --logger.outputs jsonl --logger.filter '.*' --run.log_policy_video False --run.log_every 30 --agent.htp.enabled True --agent.htp.use_proj True --agent.htp.use_recon True --agent.htp.use_pdyn True --agent.htp.grad_to_backbone False --agent.htp.use_vicreg False --agent.loss_scales.htp_rec 1.0 --agent.loss_scales.htp_pdyn 1.0 --agent.htp.proj.dims 2048 --agent.htp.pdyn.dims 2048 --agent.htp.pdyn.strides 1 --run.steps 100000 --run.exact_env_action_budget True --run.action_milestones 10000 20000 30000 40000 50000 60000 70000 80000 90000 100000
run_195,level1_long,atari100k_boxing,0,size12m,0,Completed,2026-09-18 21:08,2026-09-18 21:57,0.8171714543633991,83.18,6.923333333333335,,Sweep arm=level1_long; comparator=all16; seed 0; 100K executed actions; 100 final eval episodes; HNS ratio. Hours=successful invocation elapsed (not GPU-hours or training-only). W&B not logged. Command requires original 5ee4f27 + published source.patch; use a fresh logdir. aux_stop_actions=0. Results: https://github.com/MrHeatcliff/New_HTP/tree/main/paper_artifacts/original_corewm_ablations/level1_long,python -u -m dreamerv3.main_htp --configs atari100k size12m corewm_paper_protocol corewm_full --task atari100k_boxing --seed 0 --env.atari100k.use_seed True --logdir ./reruns/level1_long/boxing/seed_0 --jax.prealloc False --logger.outputs jsonl --logger.filter '.*' --run.log_policy_video False --run.log_every 30 --agent.htp.enabled True --agent.htp.use_proj True --agent.htp.use_recon True --agent.htp.use_pdyn True --agent.htp.grad_to_backbone False --agent.htp.use_vicreg False --agent.loss_scales.htp_rec 1.0 --agent.loss_scales.htp_pdyn 1.0 --agent.htp.proj.dims 2048 --agent.htp.pdyn.dims 2048 --agent.htp.pdyn.strides 16 --run.steps 100000 --run.exact_env_action_budget True --run.action_milestones 10000 20000 30000 40000 50000 60000 70000 80000 90000 100000
run_196,level1_long,atari100k_up_n_down,0,size12m,0,Completed,2026-09-18 21:08,2026-09-18 21:57,0.8293046211534076,4383.0,0.34495241850212366,,Sweep arm=level1_long; comparator=all16; seed 0; 100K executed actions; 100 final eval episodes; HNS ratio. Hours=successful invocation elapsed (not GPU-hours or training-only). W&B not logged. Command requires original 5ee4f27 + published source.patch; use a fresh logdir. aux_stop_actions=0. Results: https://github.com/MrHeatcliff/New_HTP/tree/main/paper_artifacts/original_corewm_ablations/level1_long,python -u -m dreamerv3.main_htp --configs atari100k size12m corewm_paper_protocol corewm_full --task atari100k_up_n_down --seed 0 --env.atari100k.use_seed True --logdir ./reruns/level1_long/up_n_down/seed_0 --jax.prealloc False --logger.outputs jsonl --logger.filter '.*' --run.log_policy_video False --run.log_every 30 --agent.htp.enabled True --agent.htp.use_proj True --agent.htp.use_recon True --agent.htp.use_pdyn True --agent.htp.grad_to_backbone False --agent.htp.use_vicreg False --agent.loss_scales.htp_rec 1.0 --agent.loss_scales.htp_pdyn 1.0 --agent.htp.proj.dims 2048 --agent.htp.pdyn.dims 2048 --agent.htp.pdyn.strides 16 --run.steps 100000 --run.exact_env_action_budget True --run.action_milestones 10000 20000 30000 40000 50000 60000 70000 80000 90000 100000
run_197,level1_long,atari100k_frostbite,0,size12m,0,Completed,2026-09-18 21:09,2026-09-18 21:59,0.8299755756060282,2589.5,0.5912401920599603,,Sweep arm=level1_long; comparator=all16; seed 0; 100K executed actions; 100 final eval episodes; HNS ratio. Hours=successful invocation elapsed (not GPU-hours or training-only). W&B not logged. Command requires original 5ee4f27 + published source.patch; use a fresh logdir. aux_stop_actions=0. Results: https://github.com/MrHeatcliff/New_HTP/tree/main/paper_artifacts/original_corewm_ablations/level1_long,python -u -m dreamerv3.main_htp --configs atari100k size12m corewm_paper_protocol corewm_full --task atari100k_frostbite --seed 0 --env.atari100k.use_seed True --logdir ./reruns/level1_long/frostbite/seed_0 --jax.prealloc False --logger.outputs jsonl --logger.filter '.*' --run.log_policy_video False --run.log_every 30 --agent.htp.enabled True --agent.htp.use_proj True --agent.htp.use_recon True --agent.htp.use_pdyn True --agent.htp.grad_to_backbone False --agent.htp.use_vicreg False --agent.loss_scales.htp_rec 1.0 --agent.loss_scales.htp_pdyn 1.0 --agent.htp.proj.dims 2048 --agent.htp.pdyn.dims 2048 --agent.htp.pdyn.strides 16 --run.steps 100000 --run.exact_env_action_budget True --run.action_milestones 10000 20000 30000 40000 50000 60000 70000 80000 90000 100000
run_198,level1_long,atari100k_road_runner,0,size12m,0,Completed,2026-09-18 21:09,2026-09-18 21:59,0.8324259944756826,15379.0,1.9617667709197677,,Sweep arm=level1_long; comparator=all16; seed 0; 100K executed actions; 100 final eval episodes; HNS ratio. Hours=successful invocation elapsed (not GPU-hours or training-only). W&B not logged. Command requires original 5ee4f27 + published source.patch; use a fresh logdir. aux_stop_actions=0. Results: https://github.com/MrHeatcliff/New_HTP/tree/main/paper_artifacts/original_corewm_ablations/level1_long,python -u -m dreamerv3.main_htp --configs atari100k size12m corewm_paper_protocol corewm_full --task atari100k_road_runner --seed 0 --env.atari100k.use_seed True --logdir ./reruns/level1_long/road_runner/seed_0 --jax.prealloc False --logger.outputs jsonl --logger.filter '.*' --run.log_policy_video False --run.log_every 30 --agent.htp.enabled True --agent.htp.use_proj True --agent.htp.use_recon True --agent.htp.use_pdyn True --agent.htp.grad_to_backbone False --agent.htp.use_vicreg False --agent.loss_scales.htp_rec 1.0 --agent.loss_scales.htp_pdyn 1.0 --agent.htp.proj.dims 2048 --agent.htp.pdyn.dims 2048 --agent.htp.pdyn.strides 16 --run.steps 100000 --run.exact_env_action_budget True --run.action_milestones 10000 20000 30000 40000 50000 60000 70000 80000 90000 100000
run_199,level3,atari100k_boxing,0,size12m,0,Completed,2026-09-18 21:13,2026-09-18 22:02,0.8163231747017966,85.24,7.095,,Sweep arm=level3; comparator=full; seed 0; 100K executed actions; 100 final eval episodes; HNS ratio. Hours=successful invocation elapsed (not GPU-hours or training-only). W&B not logged. Command requires original 5ee4f27 + published source.patch; use a fresh logdir. aux_stop_actions=0. Results: https://github.com/MrHeatcliff/New_HTP/tree/main/paper_artifacts/original_corewm_ablations/level3,python -u -m dreamerv3.main_htp --configs atari100k size12m corewm_paper_protocol corewm_full --task atari100k_boxing --seed 0 --env.atari100k.use_seed True --logdir ./reruns/level3/boxing/seed_0 --jax.prealloc False --logger.outputs jsonl --logger.filter '.*' --run.log_policy_video False --run.log_every 30 --agent.htp.enabled True --agent.htp.use_proj True --agent.htp.use_recon True --agent.htp.use_pdyn True --agent.htp.grad_to_backbone False --agent.htp.use_vicreg False --agent.loss_scales.htp_rec 1.0 --agent.loss_scales.htp_pdyn 1.0 --agent.htp.proj.dims 128 512 2048 --agent.htp.pdyn.dims 128 512 2048 --agent.htp.pdyn.strides 16 4 1 --run.steps 100000 --run.exact_env_action_budget True --run.action_milestones 10000 20000 30000 40000 50000 60000 70000 80000 90000 100000
run_200,level3,atari100k_up_n_down,0,size12m,0,Completed,2026-09-18 21:13,2026-09-18 22:28,1.2639785919586817,41688.7,3.6878169859674896,,Sweep arm=level3; comparator=full; seed 0; 100K executed actions; 100 final eval episodes; HNS ratio. Hours=successful invocation elapsed (not GPU-hours or training-only). W&B not logged. Command requires original 5ee4f27 + published source.patch; use a fresh logdir. aux_stop_actions=0. Results: https://github.com/MrHeatcliff/New_HTP/tree/main/paper_artifacts/original_corewm_ablations/level3,python -u -m dreamerv3.main_htp --configs atari100k size12m corewm_paper_protocol corewm_full --task atari100k_up_n_down --seed 0 --env.atari100k.use_seed True --logdir ./reruns/level3/up_n_down/seed_0 --jax.prealloc False --logger.outputs jsonl --logger.filter '.*' --run.log_policy_video False --run.log_every 30 --agent.htp.enabled True --agent.htp.use_proj True --agent.htp.use_recon True --agent.htp.use_pdyn True --agent.htp.grad_to_backbone False --agent.htp.use_vicreg False --agent.loss_scales.htp_rec 1.0 --agent.loss_scales.htp_pdyn 1.0 --agent.htp.proj.dims 128 512 2048 --agent.htp.pdyn.dims 128 512 2048 --agent.htp.pdyn.strides 16 4 1 --run.steps 100000 --run.exact_env_action_budget True --run.action_milestones 10000 20000 30000 40000 50000 60000 70000 80000 90000 100000
run_201,level3,atari100k_frostbite,0,size12m,0,Completed,2026-09-18 21:24,2026-09-18 22:16,0.8752433198690415,1812.0,0.4091345590818597,,Sweep arm=level3; comparator=full; seed 0; 100K executed actions; 100 final eval episodes; HNS ratio. Hours=successful invocation elapsed (not GPU-hours or training-only). W&B not logged. Command requires original 5ee4f27 + published source.patch; use a fresh logdir. aux_stop_actions=0. Results: https://github.com/MrHeatcliff/New_HTP/tree/main/paper_artifacts/original_corewm_ablations/level3,python -u -m dreamerv3.main_htp --configs atari100k size12m corewm_paper_protocol corewm_full --task atari100k_frostbite --seed 0 --env.atari100k.use_seed True --logdir ./reruns/level3/frostbite/seed_0 --jax.prealloc False --logger.outputs jsonl --logger.filter '.*' --run.log_policy_video False --run.log_every 30 --agent.htp.enabled True --agent.htp.use_proj True --agent.htp.use_recon True --agent.htp.use_pdyn True --agent.htp.grad_to_backbone False --agent.htp.use_vicreg False --agent.loss_scales.htp_rec 1.0 --agent.loss_scales.htp_pdyn 1.0 --agent.htp.proj.dims 128 512 2048 --agent.htp.pdyn.dims 128 512 2048 --agent.htp.pdyn.strides 16 4 1 --run.steps 100000 --run.exact_env_action_budget True --run.action_milestones 10000 20000 30000 40000 50000 60000 70000 80000 90000 100000
run_202,level3,atari100k_road_runner,0,size12m,0,Completed,2026-09-18 21:24,2026-09-18 22:16,0.8704583084583283,16476.0,2.1018063445458606,,Sweep arm=level3; comparator=full; seed 0; 100K executed actions; 100 final eval episodes; HNS ratio. Hours=successful invocation elapsed (not GPU-hours or training-only). W&B not logged. Command requires original 5ee4f27 + published source.patch; use a fresh logdir. aux_stop_actions=0. Results: https://github.com/MrHeatcliff/New_HTP/tree/main/paper_artifacts/original_corewm_ablations/level3,python -u -m dreamerv3.main_htp --configs atari100k size12m corewm_paper_protocol corewm_full --task atari100k_road_runner --seed 0 --env.atari100k.use_seed True --logdir ./reruns/level3/road_runner/seed_0 --jax.prealloc False --logger.outputs jsonl --logger.filter '.*' --run.log_policy_video False --run.log_every 30 --agent.htp.enabled True --agent.htp.use_proj True --agent.htp.use_recon True --agent.htp.use_pdyn True --agent.htp.grad_to_backbone False --agent.htp.use_vicreg False --agent.loss_scales.htp_rec 1.0 --agent.loss_scales.htp_pdyn 1.0 --agent.htp.proj.dims 128 512 2048 --agent.htp.pdyn.dims 128 512 2048 --agent.htp.pdyn.strides 16 4 1 --run.steps 100000 --run.exact_env_action_budget True --run.action_milestones 10000 20000 30000 40000 50000 60000 70000 80000 90000 100000
run_203,htp_slim,atari100k_boxing,0,size12m,0,Completed,2026-09-18 21:26,2026-09-18 22:18,0.8765441220336491,71.78,5.973333333333334,,Sweep arm=slim; comparator=slim_zero; seed 0; 100K executed actions; 100 final eval episodes; HNS ratio. Hours=successful invocation elapsed (not GPU-hours or training-only). W&B not logged. Command requires original 5ee4f27 + published source.patch; use a fresh logdir. aux_stop_actions=0. Results: https://github.com/MrHeatcliff/New_HTP/tree/main/paper_artifacts/original_corewm_ablations/slim,python -u -m dreamerv3.main_htp --configs atari100k size12m corewm_paper_protocol corewm_full --task atari100k_boxing --seed 0 --env.atari100k.use_seed True --logdir ./reruns/slim/boxing/seed_0 --jax.prealloc False --logger.outputs jsonl --logger.filter '.*' --run.log_policy_video False --run.log_every 30 --agent.htp.enabled True --agent.htp.use_proj False --agent.htp.use_recon False --agent.htp.use_pdyn True --agent.htp.grad_to_backbone True --agent.htp.use_vicreg False --agent.loss_scales.htp_rec 1.0 --agent.loss_scales.htp_pdyn 1.0 --agent.htp.pdyn.dims 128 256 512 1024 2560 --run.steps 100000 --run.exact_env_action_budget True --run.action_milestones 10000 20000 30000 40000 50000 60000 70000 80000 90000 100000
run_204,htp_slim,atari100k_up_n_down,0,size12m,0,Completed,2026-09-18 21:26,2026-09-18 23:25,1.989128847916921,26559.8,2.3321564902596816,,Sweep arm=slim; comparator=slim_zero; seed 0; 100K executed actions; 100 final eval episodes; HNS ratio. Hours=successful invocation elapsed (not GPU-hours or training-only). W&B not logged. Command requires original 5ee4f27 + published source.patch; use a fresh logdir. aux_stop_actions=0. Results: https://github.com/MrHeatcliff/New_HTP/tree/main/paper_artifacts/original_corewm_ablations/slim,python -u -m dreamerv3.main_htp --configs atari100k size12m corewm_paper_protocol corewm_full --task atari100k_up_n_down --seed 0 --env.atari100k.use_seed True --logdir ./reruns/slim/up_n_down/seed_0 --jax.prealloc False --logger.outputs jsonl --logger.filter '.*' --run.log_policy_video False --run.log_every 30 --agent.htp.enabled True --agent.htp.use_proj False --agent.htp.use_recon False --agent.htp.use_pdyn True --agent.htp.grad_to_backbone True --agent.htp.use_vicreg False --agent.loss_scales.htp_rec 1.0 --agent.loss_scales.htp_pdyn 1.0 --agent.htp.pdyn.dims 128 256 512 1024 2560 --run.steps 100000 --run.exact_env_action_budget True --run.action_milestones 10000 20000 30000 40000 50000 60000 70000 80000 90000 100000
run_205,htp_slim,atari100k_frostbite,0,size12m,0,Completed,2026-09-18 21:32,2026-09-18 22:17,0.7585653211673101,1783.3,0.40241246047546547,,Sweep arm=slim; comparator=slim_zero; seed 0; 100K executed actions; 100 final eval episodes; HNS ratio. Hours=successful invocation elapsed (not GPU-hours or training-only). W&B not logged. Command requires original 5ee4f27 + published source.patch; use a fresh logdir. aux_stop_actions=0. Results: https://github.com/MrHeatcliff/New_HTP/tree/main/paper_artifacts/original_corewm_ablations/slim,python -u -m dreamerv3.main_htp --configs atari100k size12m corewm_paper_protocol corewm_full --task atari100k_frostbite --seed 0 --env.atari100k.use_seed True --logdir ./reruns/slim/frostbite/seed_0 --jax.prealloc False --logger.outputs jsonl --logger.filter '.*' --run.log_policy_video False --run.log_every 30 --agent.htp.enabled True --agent.htp.use_proj False --agent.htp.use_recon False --agent.htp.use_pdyn True --agent.htp.grad_to_backbone True --agent.htp.use_vicreg False --agent.loss_scales.htp_rec 1.0 --agent.loss_scales.htp_pdyn 1.0 --agent.htp.pdyn.dims 128 256 512 1024 2560 --run.steps 100000 --run.exact_env_action_budget True --run.action_milestones 10000 20000 30000 40000 50000 60000 70000 80000 90000 100000
run_206,htp_slim,atari100k_road_runner,0,size12m,0,Completed,2026-09-18 21:32,2026-09-18 22:20,0.8022201918231117,8412.0,1.0723814386927937,,Sweep arm=slim; comparator=slim_zero; seed 0; 100K executed actions; 100 final eval episodes; HNS ratio. Hours=successful invocation elapsed (not GPU-hours or training-only). W&B not logged. Command requires original 5ee4f27 + published source.patch; use a fresh logdir. aux_stop_actions=0. Results: https://github.com/MrHeatcliff/New_HTP/tree/main/paper_artifacts/original_corewm_ablations/slim,python -u -m dreamerv3.main_htp --configs atari100k size12m corewm_paper_protocol corewm_full --task atari100k_road_runner --seed 0 --env.atari100k.use_seed True --logdir ./reruns/slim/road_runner/seed_0 --jax.prealloc False --logger.outputs jsonl --logger.filter '.*' --run.log_policy_video False --run.log_every 30 --agent.htp.enabled True --agent.htp.use_proj False --agent.htp.use_recon False --agent.htp.use_pdyn True --agent.htp.grad_to_backbone True --agent.htp.use_vicreg False --agent.loss_scales.htp_rec 1.0 --agent.loss_scales.htp_pdyn 1.0 --agent.htp.pdyn.dims 128 256 512 1024 2560 --run.steps 100000 --run.exact_env_action_budget True --run.action_milestones 10000 20000 30000 40000 50000 60000 70000 80000 90000 100000
run_207,slim_zero,atari100k_boxing,0,size12m,0,Completed,2026-09-18 21:38,2026-09-18 22:31,0.8752169605096182,71.41,5.9425,,Sweep arm=slim_zero; comparator=baseline; seed 0; 100K executed actions; 100 final eval episodes; HNS ratio. Hours=successful invocation elapsed (not GPU-hours or training-only). W&B not logged. Command requires original 5ee4f27 + published source.patch; use a fresh logdir. aux_stop_actions=0. Results: https://github.com/MrHeatcliff/New_HTP/tree/main/paper_artifacts/original_corewm_ablations/slim_zero,python -u -m dreamerv3.main_htp --configs atari100k size12m corewm_paper_protocol corewm_full --task atari100k_boxing --seed 0 --env.atari100k.use_seed True --logdir ./reruns/slim_zero/boxing/seed_0 --jax.prealloc False --logger.outputs jsonl --logger.filter '.*' --run.log_policy_video False --run.log_every 30 --agent.htp.enabled True --agent.htp.use_proj False --agent.htp.use_recon False --agent.htp.use_pdyn True --agent.htp.grad_to_backbone True --agent.htp.use_vicreg False --agent.loss_scales.htp_rec 1.0 --agent.loss_scales.htp_pdyn 0.0 --agent.htp.pdyn.dims 128 256 512 1024 2560 --run.steps 100000 --run.exact_env_action_budget True --run.action_milestones 10000 20000 30000 40000 50000 60000 70000 80000 90000 100000
run_208,slim_zero,atari100k_up_n_down,0,size12m,0,Completed,2026-09-18 21:38,2026-09-19 00:17,2.638386993540658,155390.2,13.876306026989731,,Sweep arm=slim_zero; comparator=baseline; seed 0; 100K executed actions; 100 final eval episodes; HNS ratio. Hours=successful invocation elapsed (not GPU-hours or training-only). W&B not logged. Command requires original 5ee4f27 + published source.patch; use a fresh logdir. aux_stop_actions=0. Results: https://github.com/MrHeatcliff/New_HTP/tree/main/paper_artifacts/original_corewm_ablations/slim_zero,python -u -m dreamerv3.main_htp --configs atari100k size12m corewm_paper_protocol corewm_full --task atari100k_up_n_down --seed 0 --env.atari100k.use_seed True --logdir ./reruns/slim_zero/up_n_down/seed_0 --jax.prealloc False --logger.outputs jsonl --logger.filter '.*' --run.log_policy_video False --run.log_every 30 --agent.htp.enabled True --agent.htp.use_proj False --agent.htp.use_recon False --agent.htp.use_pdyn True --agent.htp.grad_to_backbone True --agent.htp.use_vicreg False --agent.loss_scales.htp_rec 1.0 --agent.loss_scales.htp_pdyn 0.0 --agent.htp.pdyn.dims 128 256 512 1024 2560 --run.steps 100000 --run.exact_env_action_budget True --run.action_milestones 10000 20000 30000 40000 50000 60000 70000 80000 90000 100000
run_209,slim_zero,atari100k_frostbite,0,size12m,0,Completed,2026-09-18 21:44,2026-09-18 22:30,0.7710030086172952,2486.8,0.5671858531443964,,Sweep arm=slim_zero; comparator=baseline; seed 0; 100K executed actions; 100 final eval episodes; HNS ratio. Hours=successful invocation elapsed (not GPU-hours or training-only). W&B not logged. Command requires original 5ee4f27 + published source.patch; use a fresh logdir. aux_stop_actions=0. Results: https://github.com/MrHeatcliff/New_HTP/tree/main/paper_artifacts/original_corewm_ablations/slim_zero,python -u -m dreamerv3.main_htp --configs atari100k size12m corewm_paper_protocol corewm_full --task atari100k_frostbite --seed 0 --env.atari100k.use_seed True --logdir ./reruns/slim_zero/frostbite/seed_0 --jax.prealloc False --logger.outputs jsonl --logger.filter '.*' --run.log_policy_video False --run.log_every 30 --agent.htp.enabled True --agent.htp.use_proj False --agent.htp.use_recon False --agent.htp.use_pdyn True --agent.htp.grad_to_backbone True --agent.htp.use_vicreg False --agent.loss_scales.htp_rec 1.0 --agent.loss_scales.htp_pdyn 0.0 --agent.htp.pdyn.dims 128 256 512 1024 2560 --run.steps 100000 --run.exact_env_action_budget True --run.action_milestones 10000 20000 30000 40000 50000 60000 70000 80000 90000 100000
run_210,slim_zero,atari100k_road_runner,0,size12m,0,Completed,2026-09-18 21:44,2026-09-18 22:31,0.7799830879767736,7491.0,0.9548094721388907,,Sweep arm=slim_zero; comparator=baseline; seed 0; 100K executed actions; 100 final eval episodes; HNS ratio. Hours=successful invocation elapsed (not GPU-hours or training-only). W&B not logged. Command requires original 5ee4f27 + published source.patch; use a fresh logdir. aux_stop_actions=0. Results: https://github.com/MrHeatcliff/New_HTP/tree/main/paper_artifacts/original_corewm_ablations/slim_zero,python -u -m dreamerv3.main_htp --configs atari100k size12m corewm_paper_protocol corewm_full --task atari100k_road_runner --seed 0 --env.atari100k.use_seed True --logdir ./reruns/slim_zero/road_runner/seed_0 --jax.prealloc False --logger.outputs jsonl --logger.filter '.*' --run.log_policy_video False --run.log_every 30 --agent.htp.enabled True --agent.htp.use_proj False --agent.htp.use_recon False --agent.htp.use_pdyn True --agent.htp.grad_to_backbone True --agent.htp.use_vicreg False --agent.loss_scales.htp_rec 1.0 --agent.loss_scales.htp_pdyn 0.0 --agent.htp.pdyn.dims 128 256 512 1024 2560 --run.steps 100000 --run.exact_env_action_budget True --run.action_milestones 10000 20000 30000 40000 50000 60000 70000 80000 90000 100000
run_211,htp_slim_postHoc,atari100k_boxing,0,size12m,0,Completed,2026-09-18 21:47,2026-09-18 22:40,0.8811689533127679,67.82,5.6433333333333335,,Sweep arm=slim_posthoc; comparator=slim_zero; seed 0; 100K executed actions; 100 final eval episodes; HNS ratio. Hours=successful invocation elapsed (not GPU-hours or training-only). W&B not logged. Command requires original 5ee4f27 + published source.patch; use a fresh logdir. aux_stop_actions=0. Results: https://github.com/MrHeatcliff/New_HTP/tree/main/paper_artifacts/original_corewm_ablations/slim_posthoc,python -u -m dreamerv3.main_htp --configs atari100k size12m corewm_paper_protocol corewm_full --task atari100k_boxing --seed 0 --env.atari100k.use_seed True --logdir ./reruns/slim_posthoc/boxing/seed_0 --jax.prealloc False --logger.outputs jsonl --logger.filter '.*' --run.log_policy_video False --run.log_every 30 --agent.htp.enabled True --agent.htp.use_proj False --agent.htp.use_recon False --agent.htp.use_pdyn True --agent.htp.grad_to_backbone False --agent.htp.use_vicreg False --agent.loss_scales.htp_rec 1.0 --agent.loss_scales.htp_pdyn 1.0 --agent.htp.pdyn.dims 128 256 512 1024 2560 --run.steps 100000 --run.exact_env_action_budget True --run.action_milestones 10000 20000 30000 40000 50000 60000 70000 80000 90000 100000
run_212,htp_slim_postHoc,atari100k_up_n_down,0,size12m,0,Completed,2026-09-18 21:47,2026-09-19 00:10,2.3772690729962456,155390.2,13.876306026989731,,Sweep arm=slim_posthoc; comparator=slim_zero; seed 0; 100K executed actions; 100 final eval episodes; HNS ratio. Hours=successful invocation elapsed (not GPU-hours or training-only). W&B not logged. Command requires original 5ee4f27 + published source.patch; use a fresh logdir. aux_stop_actions=0. Results: https://github.com/MrHeatcliff/New_HTP/tree/main/paper_artifacts/original_corewm_ablations/slim_posthoc,python -u -m dreamerv3.main_htp --configs atari100k size12m corewm_paper_protocol corewm_full --task atari100k_up_n_down --seed 0 --env.atari100k.use_seed True --logdir ./reruns/slim_posthoc/up_n_down/seed_0 --jax.prealloc False --logger.outputs jsonl --logger.filter '.*' --run.log_policy_video False --run.log_every 30 --agent.htp.enabled True --agent.htp.use_proj False --agent.htp.use_recon False --agent.htp.use_pdyn True --agent.htp.grad_to_backbone False --agent.htp.use_vicreg False --agent.loss_scales.htp_rec 1.0 --agent.loss_scales.htp_pdyn 1.0 --agent.htp.pdyn.dims 128 256 512 1024 2560 --run.steps 100000 --run.exact_env_action_budget True --run.action_milestones 10000 20000 30000 40000 50000 60000 70000 80000 90000 100000
run_213,htp_slim_postHoc,atari100k_frostbite,0,size12m,0,Completed,2026-09-18 21:57,2026-09-18 22:42,0.7430126737886005,297.8,0.05447944724206582,,Sweep arm=slim_posthoc; comparator=slim_zero; seed 0; 100K executed actions; 100 final eval episodes; HNS ratio. Hours=successful invocation elapsed (not GPU-hours or training-only). W&B not logged. Command requires original 5ee4f27 + published source.patch; use a fresh logdir. aux_stop_actions=0. Results: https://github.com/MrHeatcliff/New_HTP/tree/main/paper_artifacts/original_corewm_ablations/slim_posthoc,python -u -m dreamerv3.main_htp --configs atari100k size12m corewm_paper_protocol corewm_full --task atari100k_frostbite --seed 0 --env.atari100k.use_seed True --logdir ./reruns/slim_posthoc/frostbite/seed_0 --jax.prealloc False --logger.outputs jsonl --logger.filter '.*' --run.log_policy_video False --run.log_every 30 --agent.htp.enabled True --agent.htp.use_proj False --agent.htp.use_recon False --agent.htp.use_pdyn True --agent.htp.grad_to_backbone False --agent.htp.use_vicreg False --agent.loss_scales.htp_rec 1.0 --agent.loss_scales.htp_pdyn 1.0 --agent.htp.pdyn.dims 128 256 512 1024 2560 --run.steps 100000 --run.exact_env_action_budget True --run.action_milestones 10000 20000 30000 40000 50000 60000 70000 80000 90000 100000
run_214,htp_slim_postHoc,atari100k_road_runner,0,size12m,0,Completed,2026-09-18 21:57,2026-09-18 22:44,0.7827521343363656,14836.0,1.892449096827727,,Sweep arm=slim_posthoc; comparator=slim_zero; seed 0; 100K executed actions; 100 final eval episodes; HNS ratio. Hours=successful invocation elapsed (not GPU-hours or training-only). W&B not logged. Command requires original 5ee4f27 + published source.patch; use a fresh logdir. aux_stop_actions=0. Results: https://github.com/MrHeatcliff/New_HTP/tree/main/paper_artifacts/original_corewm_ablations/slim_posthoc,python -u -m dreamerv3.main_htp --configs atari100k size12m corewm_paper_protocol corewm_full --task atari100k_road_runner --seed 0 --env.atari100k.use_seed True --logdir ./reruns/slim_posthoc/road_runner/seed_0 --jax.prealloc False --logger.outputs jsonl --logger.filter '.*' --run.log_policy_video False --run.log_every 30 --agent.htp.enabled True --agent.htp.use_proj False --agent.htp.use_recon False --agent.htp.use_pdyn True --agent.htp.grad_to_backbone False --agent.htp.use_vicreg False --agent.loss_scales.htp_rec 1.0 --agent.loss_scales.htp_pdyn 1.0 --agent.htp.pdyn.dims 128 256 512 1024 2560 --run.steps 100000 --run.exact_env_action_budget True --run.action_milestones 10000 20000 30000 40000 50000 60000 70000 80000 90000 100000
run_215,htp_slim_vicreg,atari100k_boxing,0,size12m,0,Completed,2026-09-18 21:57,2026-09-18 22:50,0.8795025867223739,63.08,5.248333333333333,,Sweep arm=slim_variance; comparator=slim; seed 0; 100K executed actions; 100 final eval episodes; HNS ratio. Hours=successful invocation elapsed (not GPU-hours or training-only). W&B not logged. Command requires original 5ee4f27 + published source.patch; use a fresh logdir. aux_stop_actions=0. Results: https://github.com/MrHeatcliff/New_HTP/tree/main/paper_artifacts/original_corewm_ablations/slim_variance,python -u -m dreamerv3.main_htp --configs atari100k size12m corewm_paper_protocol corewm_full --task atari100k_boxing --seed 0 --env.atari100k.use_seed True --logdir ./reruns/slim_variance/boxing/seed_0 --jax.prealloc False --logger.outputs jsonl --logger.filter '.*' --run.log_policy_video False --run.log_every 30 --agent.htp.enabled True --agent.htp.use_proj False --agent.htp.use_recon False --agent.htp.use_pdyn True --agent.htp.grad_to_backbone True --agent.htp.use_vicreg True --agent.loss_scales.htp_rec 1.0 --agent.loss_scales.htp_pdyn 1.0 --agent.htp.pdyn.dims 128 256 512 1024 2560 --run.steps 100000 --run.exact_env_action_budget True --run.action_milestones 10000 20000 30000 40000 50000 60000 70000 80000 90000 100000
run_216,htp_slim_vicreg,atari100k_up_n_down,0,size12m,0,Completed,2026-09-18 21:57,2026-09-19 00:33,2.598085838092698,205885.7,18.401073495940786,,Sweep arm=slim_variance; comparator=slim; seed 0; 100K executed actions; 100 final eval episodes; HNS ratio. Hours=successful invocation elapsed (not GPU-hours or training-only). W&B not logged. Command requires original 5ee4f27 + published source.patch; use a fresh logdir. aux_stop_actions=0. Results: https://github.com/MrHeatcliff/New_HTP/tree/main/paper_artifacts/original_corewm_ablations/slim_variance,python -u -m dreamerv3.main_htp --configs atari100k size12m corewm_paper_protocol corewm_full --task atari100k_up_n_down --seed 0 --env.atari100k.use_seed True --logdir ./reruns/slim_variance/up_n_down/seed_0 --jax.prealloc False --logger.outputs jsonl --logger.filter '.*' --run.log_policy_video False --run.log_every 30 --agent.htp.enabled True --agent.htp.use_proj False --agent.htp.use_recon False --agent.htp.use_pdyn True --agent.htp.grad_to_backbone True --agent.htp.use_vicreg True --agent.loss_scales.htp_rec 1.0 --agent.loss_scales.htp_pdyn 1.0 --agent.htp.pdyn.dims 128 256 512 1024 2560 --run.steps 100000 --run.exact_env_action_budget True --run.action_milestones 10000 20000 30000 40000 50000 60000 70000 80000 90000 100000
run_217,htp_slim_vicreg,atari100k_frostbite,0,size12m,0,Completed,2026-09-18 21:59,2026-09-18 22:44,0.7525699990987778,329.2,0.06183393840028106,,Sweep arm=slim_variance; comparator=slim; seed 0; 100K executed actions; 100 final eval episodes; HNS ratio. Hours=successful invocation elapsed (not GPU-hours or training-only). W&B not logged. Command requires original 5ee4f27 + published source.patch; use a fresh logdir. aux_stop_actions=0. Results: https://github.com/MrHeatcliff/New_HTP/tree/main/paper_artifacts/original_corewm_ablations/slim_variance,python -u -m dreamerv3.main_htp --configs atari100k size12m corewm_paper_protocol corewm_full --task atari100k_frostbite --seed 0 --env.atari100k.use_seed True --logdir ./reruns/slim_variance/frostbite/seed_0 --jax.prealloc False --logger.outputs jsonl --logger.filter '.*' --run.log_policy_video False --run.log_every 30 --agent.htp.enabled True --agent.htp.use_proj False --agent.htp.use_recon False --agent.htp.use_pdyn True --agent.htp.grad_to_backbone True --agent.htp.use_vicreg True --agent.loss_scales.htp_rec 1.0 --agent.loss_scales.htp_pdyn 1.0 --agent.htp.pdyn.dims 128 256 512 1024 2560 --run.steps 100000 --run.exact_env_action_budget True --run.action_milestones 10000 20000 30000 40000 50000 60000 70000 80000 90000 100000
run_218,htp_slim_vicreg,atari100k_road_runner,0,size12m,0,Completed,2026-09-18 21:59,2026-09-18 22:46,0.7813398530748156,14480.0,1.8470032552498883,,Sweep arm=slim_variance; comparator=slim; seed 0; 100K executed actions; 100 final eval episodes; HNS ratio. Hours=successful invocation elapsed (not GPU-hours or training-only). W&B not logged. Command requires original 5ee4f27 + published source.patch; use a fresh logdir. aux_stop_actions=0. Results: https://github.com/MrHeatcliff/New_HTP/tree/main/paper_artifacts/original_corewm_ablations/slim_variance,python -u -m dreamerv3.main_htp --configs atari100k size12m corewm_paper_protocol corewm_full --task atari100k_road_runner --seed 0 --env.atari100k.use_seed True --logdir ./reruns/slim_variance/road_runner/seed_0 --jax.prealloc False --logger.outputs jsonl --logger.filter '.*' --run.log_policy_video False --run.log_every 30 --agent.htp.enabled True --agent.htp.use_proj False --agent.htp.use_recon False --agent.htp.use_pdyn True --agent.htp.grad_to_backbone True --agent.htp.use_vicreg True --agent.loss_scales.htp_rec 1.0 --agent.loss_scales.htp_pdyn 1.0 --agent.htp.pdyn.dims 128 256 512 1024 2560 --run.steps 100000 --run.exact_env_action_budget True --run.action_milestones 10000 20000 30000 40000 50000 60000 70000 80000 90000 100000
run_219,slim_variance_only,atari100k_boxing,0,size12m,0,Completed,2026-09-18 22:01,2026-09-18 22:55,0.897965588900778,75.94,6.32,,Sweep arm=slim_variance_only; comparator=slim_zero; seed 0; 100K executed actions; 100 final eval episodes; HNS ratio. Hours=successful invocation elapsed (not GPU-hours or training-only). W&B not logged. Command requires original 5ee4f27 + published source.patch; use a fresh logdir. aux_stop_actions=0. Results: https://github.com/MrHeatcliff/New_HTP/tree/main/paper_artifacts/original_corewm_ablations/slim_variance_only,python -u -m dreamerv3.main_htp --configs atari100k size12m corewm_paper_protocol corewm_full --task atari100k_boxing --seed 0 --env.atari100k.use_seed True --logdir ./reruns/slim_variance_only/boxing/seed_0 --jax.prealloc False --logger.outputs jsonl --logger.filter '.*' --run.log_policy_video False --run.log_every 30 --agent.htp.enabled True --agent.htp.use_proj False --agent.htp.use_recon False --agent.htp.use_pdyn True --agent.htp.grad_to_backbone True --agent.htp.use_vicreg True --agent.loss_scales.htp_rec 1.0 --agent.loss_scales.htp_pdyn 0.0 --agent.htp.pdyn.dims 128 256 512 1024 2560 --run.steps 100000 --run.exact_env_action_budget True --run.action_milestones 10000 20000 30000 40000 50000 60000 70000 80000 90000 100000
run_220,slim_variance_only,atari100k_up_n_down,0,size12m,0,Completed,2026-09-18 22:01,2026-09-19 00:07,2.0966239362955092,87508.8,7.793634294521407,,Sweep arm=slim_variance_only; comparator=slim_zero; seed 0; 100K executed actions; 100 final eval episodes; HNS ratio. Hours=successful invocation elapsed (not GPU-hours or training-only). W&B not logged. Command requires original 5ee4f27 + published source.patch; use a fresh logdir. aux_stop_actions=0. Results: https://github.com/MrHeatcliff/New_HTP/tree/main/paper_artifacts/original_corewm_ablations/slim_variance_only,python -u -m dreamerv3.main_htp --configs atari100k size12m corewm_paper_protocol corewm_full --task atari100k_up_n_down --seed 0 --env.atari100k.use_seed True --logdir ./reruns/slim_variance_only/up_n_down/seed_0 --jax.prealloc False --logger.outputs jsonl --logger.filter '.*' --run.log_policy_video False --run.log_every 30 --agent.htp.enabled True --agent.htp.use_proj False --agent.htp.use_recon False --agent.htp.use_pdyn True --agent.htp.grad_to_backbone True --agent.htp.use_vicreg True --agent.loss_scales.htp_rec 1.0 --agent.loss_scales.htp_pdyn 0.0 --agent.htp.pdyn.dims 128 256 512 1024 2560 --run.steps 100000 --run.exact_env_action_budget True --run.action_milestones 10000 20000 30000 40000 50000 60000 70000 80000 90000 100000
run_221,slim_variance_only,atari100k_frostbite,0,size12m,0,Completed,2026-09-18 22:09,2026-09-18 22:57,0.7966100966268116,1892.5,0.42798922590467264,,Sweep arm=slim_variance_only; comparator=slim_zero; seed 0; 100K executed actions; 100 final eval episodes; HNS ratio. Hours=successful invocation elapsed (not GPU-hours or training-only). W&B not logged. Command requires original 5ee4f27 + published source.patch; use a fresh logdir. aux_stop_actions=0. Results: https://github.com/MrHeatcliff/New_HTP/tree/main/paper_artifacts/original_corewm_ablations/slim_variance_only,python -u -m dreamerv3.main_htp --configs atari100k size12m corewm_paper_protocol corewm_full --task atari100k_frostbite --seed 0 --env.atari100k.use_seed True --logdir ./reruns/slim_variance_only/frostbite/seed_0 --jax.prealloc False --logger.outputs jsonl --logger.filter '.*' --run.log_policy_video False --run.log_every 30 --agent.htp.enabled True --agent.htp.use_proj False --agent.htp.use_recon False --agent.htp.use_pdyn True --agent.htp.grad_to_backbone True --agent.htp.use_vicreg True --agent.loss_scales.htp_rec 1.0 --agent.loss_scales.htp_pdyn 0.0 --agent.htp.pdyn.dims 128 256 512 1024 2560 --run.steps 100000 --run.exact_env_action_budget True --run.action_milestones 10000 20000 30000 40000 50000 60000 70000 80000 90000 100000
run_222,slim_variance_only,atari100k_road_runner,0,size12m,0,Completed,2026-09-18 22:09,2026-09-18 23:00,0.846765247186025,8994.0,1.1466777302610582,,Sweep arm=slim_variance_only; comparator=slim_zero; seed 0; 100K executed actions; 100 final eval episodes; HNS ratio. Hours=successful invocation elapsed (not GPU-hours or training-only). W&B not logged. Command requires original 5ee4f27 + published source.patch; use a fresh logdir. aux_stop_actions=0. Results: https://github.com/MrHeatcliff/New_HTP/tree/main/paper_artifacts/original_corewm_ablations/slim_variance_only,python -u -m dreamerv3.main_htp --configs atari100k size12m corewm_paper_protocol corewm_full --task atari100k_road_runner --seed 0 --env.atari100k.use_seed True --logdir ./reruns/slim_variance_only/road_runner/seed_0 --jax.prealloc False --logger.outputs jsonl --logger.filter '.*' --run.log_policy_video False --run.log_every 30 --agent.htp.enabled True --agent.htp.use_proj False --agent.htp.use_recon False --agent.htp.use_pdyn True --agent.htp.grad_to_backbone True --agent.htp.use_vicreg True --agent.loss_scales.htp_rec 1.0 --agent.loss_scales.htp_pdyn 0.0 --agent.htp.pdyn.dims 128 256 512 1024 2560 --run.steps 100000 --run.exact_env_action_budget True --run.action_milestones 10000 20000 30000 40000 50000 60000 70000 80000 90000 100000
run_223,htp_full,atari100k_boxing,0,size12m,40000,Completed,2026-09-18 22:13,2026-09-18 23:04,0.8584232101837794,75.88,6.315,,Sweep arm=warmup_40000; comparator=full; seed 0; 100K executed actions; 100 final eval episodes; HNS ratio. Hours=successful invocation elapsed (not GPU-hours or training-only). W&B not logged. Command requires original 5ee4f27 + published source.patch; use a fresh logdir. aux_stop_actions=0. Results: https://github.com/MrHeatcliff/New_HTP/tree/main/paper_artifacts/original_corewm_ablations/warmup_40000,python -u -m dreamerv3.main_htp --configs atari100k size12m corewm_paper_protocol corewm_full --task atari100k_boxing --seed 0 --env.atari100k.use_seed True --logdir ./reruns/warmup_40000/boxing/seed_0 --jax.prealloc False --logger.outputs jsonl --logger.filter '.*' --run.log_policy_video False --run.log_every 30 --agent.htp.enabled True --agent.htp.use_proj True --agent.htp.use_recon True --agent.htp.use_pdyn True --agent.htp.grad_to_backbone False --agent.htp.use_vicreg False --agent.loss_scales.htp_rec 1.0 --agent.loss_scales.htp_pdyn 1.0 --agent.htp.ablation_warmup_actions 40000 --run.steps 100000 --run.exact_env_action_budget True --run.action_milestones 10000 20000 30000 40000 50000 60000 70000 80000 90000 100000
run_224,htp_full,atari100k_up_n_down,0,size12m,40000,Completed,2026-09-18 22:13,2026-09-18 23:06,0.8948967214425405,3611.4,0.2758113944694349,,Sweep arm=warmup_40000; comparator=full; seed 0; 100K executed actions; 100 final eval episodes; HNS ratio. Hours=successful invocation elapsed (not GPU-hours or training-only). W&B not logged. Command requires original 5ee4f27 + published source.patch; use a fresh logdir. aux_stop_actions=0. Results: https://github.com/MrHeatcliff/New_HTP/tree/main/paper_artifacts/original_corewm_ablations/warmup_40000,python -u -m dreamerv3.main_htp --configs atari100k size12m corewm_paper_protocol corewm_full --task atari100k_up_n_down --seed 0 --env.atari100k.use_seed True --logdir ./reruns/warmup_40000/up_n_down/seed_0 --jax.prealloc False --logger.outputs jsonl --logger.filter '.*' --run.log_policy_video False --run.log_every 30 --agent.htp.enabled True --agent.htp.use_proj True --agent.htp.use_recon True --agent.htp.use_pdyn True --agent.htp.grad_to_backbone False --agent.htp.use_vicreg False --agent.loss_scales.htp_rec 1.0 --agent.loss_scales.htp_pdyn 1.0 --agent.htp.ablation_warmup_actions 40000 --run.steps 100000 --run.exact_env_action_budget True --run.action_milestones 10000 20000 30000 40000 50000 60000 70000 80000 90000 100000
run_225,htp_full,atari100k_frostbite,0,size12m,40000,Completed,2026-09-18 22:16,2026-09-18 23:12,0.9252811572286818,1820.8,0.41119569036186904,,Sweep arm=warmup_40000; comparator=full; seed 0; 100K executed actions; 100 final eval episodes; HNS ratio. Hours=successful invocation elapsed (not GPU-hours or training-only). W&B not logged. Command requires original 5ee4f27 + published source.patch; use a fresh logdir. aux_stop_actions=0. Results: https://github.com/MrHeatcliff/New_HTP/tree/main/paper_artifacts/original_corewm_ablations/warmup_40000,python -u -m dreamerv3.main_htp --configs atari100k size12m corewm_paper_protocol corewm_full --task atari100k_frostbite --seed 0 --env.atari100k.use_seed True --logdir ./reruns/warmup_40000/frostbite/seed_0 --jax.prealloc False --logger.outputs jsonl --logger.filter '.*' --run.log_policy_video False --run.log_every 30 --agent.htp.enabled True --agent.htp.use_proj True --agent.htp.use_recon True --agent.htp.use_pdyn True --agent.htp.grad_to_backbone False --agent.htp.use_vicreg False --agent.loss_scales.htp_rec 1.0 --agent.loss_scales.htp_pdyn 1.0 --agent.htp.ablation_warmup_actions 40000 --run.steps 100000 --run.exact_env_action_budget True --run.action_milestones 10000 20000 30000 40000 50000 60000 70000 80000 90000 100000
run_226,htp_full,atari100k_road_runner,0,size12m,40000,Completed,2026-09-18 22:16,2026-09-18 23:09,0.8835159132877985,15855.0,2.022531435501372,,Sweep arm=warmup_40000; comparator=full; seed 0; 100K executed actions; 100 final eval episodes; HNS ratio. Hours=successful invocation elapsed (not GPU-hours or training-only). W&B not logged. Command requires original 5ee4f27 + published source.patch; use a fresh logdir. aux_stop_actions=0. Results: https://github.com/MrHeatcliff/New_HTP/tree/main/paper_artifacts/original_corewm_ablations/warmup_40000,python -u -m dreamerv3.main_htp --configs atari100k size12m corewm_paper_protocol corewm_full --task atari100k_road_runner --seed 0 --env.atari100k.use_seed True --logdir ./reruns/warmup_40000/road_runner/seed_0 --jax.prealloc False --logger.outputs jsonl --logger.filter '.*' --run.log_policy_video False --run.log_every 30 --agent.htp.enabled True --agent.htp.use_proj True --agent.htp.use_recon True --agent.htp.use_pdyn True --agent.htp.grad_to_backbone False --agent.htp.use_vicreg False --agent.loss_scales.htp_rec 1.0 --agent.loss_scales.htp_pdyn 1.0 --agent.htp.ablation_warmup_actions 40000 --run.steps 100000 --run.exact_env_action_budget True --run.action_milestones 10000 20000 30000 40000 50000 60000 70000 80000 90000 100000
run_227,early_60000,atari100k_boxing,0,size12m,0,Completed,2026-09-18 22:17,2026-09-18 23:11,0.8920971792936325,73.62,6.126666666666668,,Sweep arm=early_60000; comparator=warmup_40000; seed 0; 100K executed actions; 100 final eval episodes; HNS ratio. Hours=successful invocation elapsed (not GPU-hours or training-only). W&B not logged. Command requires original 5ee4f27 + published source.patch; use a fresh logdir. aux_stop_actions=60000. Results: https://github.com/MrHeatcliff/New_HTP/tree/main/paper_artifacts/original_corewm_ablations/early_60000,python -u -m dreamerv3.main_htp --configs atari100k size12m corewm_paper_protocol corewm_full --task atari100k_boxing --seed 0 --env.atari100k.use_seed True --logdir ./reruns/early_60000/boxing/seed_0 --jax.prealloc False --logger.outputs jsonl --logger.filter '.*' --run.log_policy_video False --run.log_every 30 --agent.htp.enabled True --agent.htp.use_proj True --agent.htp.use_recon True --agent.htp.use_pdyn True --agent.htp.grad_to_backbone False --agent.htp.use_vicreg False --agent.loss_scales.htp_rec 1.0 --agent.loss_scales.htp_pdyn 1.0 --agent.htp.ablation_stop_actions 60000 --run.steps 100000 --run.exact_env_action_budget True --run.action_milestones 10000 20000 30000 40000 50000 60000 70000 80000 90000 100000
run_228,early_60000,atari100k_up_n_down,0,size12m,0,Completed,2026-09-18 22:17,2026-09-19 00:03,1.7651065193944506,13703.2,1.1801107546730227,,Sweep arm=early_60000; comparator=warmup_40000; seed 0; 100K executed actions; 100 final eval episodes; HNS ratio. Hours=successful invocation elapsed (not GPU-hours or training-only). W&B not logged. Command requires original 5ee4f27 + published source.patch; use a fresh logdir. aux_stop_actions=60000. Results: https://github.com/MrHeatcliff/New_HTP/tree/main/paper_artifacts/original_corewm_ablations/early_60000,python -u -m dreamerv3.main_htp --configs atari100k size12m corewm_paper_protocol corewm_full --task atari100k_up_n_down --seed 0 --env.atari100k.use_seed True --logdir ./reruns/early_60000/up_n_down/seed_0 --jax.prealloc False --logger.outputs jsonl --logger.filter '.*' --run.log_policy_video False --run.log_every 30 --agent.htp.enabled True --agent.htp.use_proj True --agent.htp.use_recon True --agent.htp.use_pdyn True --agent.htp.grad_to_backbone False --agent.htp.use_vicreg False --agent.loss_scales.htp_rec 1.0 --agent.loss_scales.htp_pdyn 1.0 --agent.htp.ablation_stop_actions 60000 --run.steps 100000 --run.exact_env_action_budget True --run.action_milestones 10000 20000 30000 40000 50000 60000 70000 80000 90000 100000
run_229,early_60000,atari100k_frostbite,0,size12m,0,Completed,2026-09-18 22:20,2026-09-18 23:13,0.8905029724041621,1189.2,0.2632626771284694,,Sweep arm=early_60000; comparator=warmup_40000; seed 0; 100K executed actions; 100 final eval episodes; HNS ratio. Hours=successful invocation elapsed (not GPU-hours or training-only). W&B not logged. Command requires original 5ee4f27 + published source.patch; use a fresh logdir. aux_stop_actions=60000. Results: https://github.com/MrHeatcliff/New_HTP/tree/main/paper_artifacts/original_corewm_ablations/early_60000,python -u -m dreamerv3.main_htp --configs atari100k size12m corewm_paper_protocol corewm_full --task atari100k_frostbite --seed 0 --env.atari100k.use_seed True --logdir ./reruns/early_60000/frostbite/seed_0 --jax.prealloc False --logger.outputs jsonl --logger.filter '.*' --run.log_policy_video False --run.log_every 30 --agent.htp.enabled True --agent.htp.use_proj True --agent.htp.use_recon True --agent.htp.use_pdyn True --agent.htp.grad_to_backbone False --agent.htp.use_vicreg False --agent.loss_scales.htp_rec 1.0 --agent.loss_scales.htp_pdyn 1.0 --agent.htp.ablation_stop_actions 60000 --run.steps 100000 --run.exact_env_action_budget True --run.action_milestones 10000 20000 30000 40000 50000 60000 70000 80000 90000 100000
run_230,early_60000,atari100k_road_runner,0,size12m,0,Completed,2026-09-18 22:20,2026-09-18 23:16,0.9426946485704846,17445.0,2.22550584030127,,Sweep arm=early_60000; comparator=warmup_40000; seed 0; 100K executed actions; 100 final eval episodes; HNS ratio. Hours=successful invocation elapsed (not GPU-hours or training-only). W&B not logged. Command requires original 5ee4f27 + published source.patch; use a fresh logdir. aux_stop_actions=60000. Results: https://github.com/MrHeatcliff/New_HTP/tree/main/paper_artifacts/original_corewm_ablations/early_60000,python -u -m dreamerv3.main_htp --configs atari100k size12m corewm_paper_protocol corewm_full --task atari100k_road_runner --seed 0 --env.atari100k.use_seed True --logdir ./reruns/early_60000/road_runner/seed_0 --jax.prealloc False --logger.outputs jsonl --logger.filter '.*' --run.log_policy_video False --run.log_every 30 --agent.htp.enabled True --agent.htp.use_proj True --agent.htp.use_recon True --agent.htp.use_pdyn True --agent.htp.grad_to_backbone False --agent.htp.use_vicreg False --agent.loss_scales.htp_rec 1.0 --agent.loss_scales.htp_pdyn 1.0 --agent.htp.ablation_stop_actions 60000 --run.steps 100000 --run.exact_env_action_budget True --run.action_milestones 10000 20000 30000 40000 50000 60000 70000 80000 90000 100000
run_231,htp_full,atari100k_boxing,0,size12m,60000,Completed,2026-09-18 22:26,2026-09-18 23:18,0.8786351639032364,88.93,7.402500000000001,,Sweep arm=warmup_60000; comparator=full; seed 0; 100K executed actions; 100 final eval episodes; HNS ratio. Hours=successful invocation elapsed (not GPU-hours or training-only). W&B not logged. Command requires original 5ee4f27 + published source.patch; use a fresh logdir. aux_stop_actions=0. Results: https://github.com/MrHeatcliff/New_HTP/tree/main/paper_artifacts/original_corewm_ablations/warmup_60000,python -u -m dreamerv3.main_htp --configs atari100k size12m corewm_paper_protocol corewm_full --task atari100k_boxing --seed 0 --env.atari100k.use_seed True --logdir ./reruns/warmup_60000/boxing/seed_0 --jax.prealloc False --logger.outputs jsonl --logger.filter '.*' --run.log_policy_video False --run.log_every 30 --agent.htp.enabled True --agent.htp.use_proj True --agent.htp.use_recon True --agent.htp.use_pdyn True --agent.htp.grad_to_backbone False --agent.htp.use_vicreg False --agent.loss_scales.htp_rec 1.0 --agent.loss_scales.htp_pdyn 1.0 --agent.htp.ablation_warmup_actions 60000 --run.steps 100000 --run.exact_env_action_budget True --run.action_milestones 10000 20000 30000 40000 50000 60000 70000 80000 90000 100000
run_232,htp_full,atari100k_up_n_down,0,size12m,60000,Completed,2026-09-18 22:26,2026-09-18 23:21,0.9284225182400809,7719.9,0.6439631534615315,,Sweep arm=warmup_60000; comparator=full; seed 0; 100K executed actions; 100 final eval episodes; HNS ratio. Hours=successful invocation elapsed (not GPU-hours or training-only). W&B not logged. Command requires original 5ee4f27 + published source.patch; use a fresh logdir. aux_stop_actions=0. Results: https://github.com/MrHeatcliff/New_HTP/tree/main/paper_artifacts/original_corewm_ablations/warmup_60000,python -u -m dreamerv3.main_htp --configs atari100k size12m corewm_paper_protocol corewm_full --task atari100k_up_n_down --seed 0 --env.atari100k.use_seed True --logdir ./reruns/warmup_60000/up_n_down/seed_0 --jax.prealloc False --logger.outputs jsonl --logger.filter '.*' --run.log_policy_video False --run.log_every 30 --agent.htp.enabled True --agent.htp.use_proj True --agent.htp.use_recon True --agent.htp.use_pdyn True --agent.htp.grad_to_backbone False --agent.htp.use_vicreg False --agent.loss_scales.htp_rec 1.0 --agent.loss_scales.htp_pdyn 1.0 --agent.htp.ablation_warmup_actions 60000 --run.steps 100000 --run.exact_env_action_budget True --run.action_milestones 10000 20000 30000 40000 50000 60000 70000 80000 90000 100000
run_233,htp_full,atari100k_frostbite,0,size12m,60000,Completed,2026-09-18 22:28,2026-09-18 23:23,0.9014039795266258,2006.9,0.4547839325447945,,Sweep arm=warmup_60000; comparator=full; seed 0; 100K executed actions; 100 final eval episodes; HNS ratio. Hours=successful invocation elapsed (not GPU-hours or training-only). W&B not logged. Command requires original 5ee4f27 + published source.patch; use a fresh logdir. aux_stop_actions=0. Results: https://github.com/MrHeatcliff/New_HTP/tree/main/paper_artifacts/original_corewm_ablations/warmup_60000,python -u -m dreamerv3.main_htp --configs atari100k size12m corewm_paper_protocol corewm_full --task atari100k_frostbite --seed 0 --env.atari100k.use_seed True --logdir ./reruns/warmup_60000/frostbite/seed_0 --jax.prealloc False --logger.outputs jsonl --logger.filter '.*' --run.log_policy_video False --run.log_every 30 --agent.htp.enabled True --agent.htp.use_proj True --agent.htp.use_recon True --agent.htp.use_pdyn True --agent.htp.grad_to_backbone False --agent.htp.use_vicreg False --agent.loss_scales.htp_rec 1.0 --agent.loss_scales.htp_pdyn 1.0 --agent.htp.ablation_warmup_actions 60000 --run.steps 100000 --run.exact_env_action_budget True --run.action_milestones 10000 20000 30000 40000 50000 60000 70000 80000 90000 100000
run_234,htp_full,atari100k_road_runner,0,size12m,60000,Completed,2026-09-18 22:28,2026-09-18 23:23,0.9097098679674996,15906.0,2.0290419352779727,,Sweep arm=warmup_60000; comparator=full; seed 0; 100K executed actions; 100 final eval episodes; HNS ratio. Hours=successful invocation elapsed (not GPU-hours or training-only). W&B not logged. Command requires original 5ee4f27 + published source.patch; use a fresh logdir. aux_stop_actions=0. Results: https://github.com/MrHeatcliff/New_HTP/tree/main/paper_artifacts/original_corewm_ablations/warmup_60000,python -u -m dreamerv3.main_htp --configs atari100k size12m corewm_paper_protocol corewm_full --task atari100k_road_runner --seed 0 --env.atari100k.use_seed True --logdir ./reruns/warmup_60000/road_runner/seed_0 --jax.prealloc False --logger.outputs jsonl --logger.filter '.*' --run.log_policy_video False --run.log_every 30 --agent.htp.enabled True --agent.htp.use_proj True --agent.htp.use_recon True --agent.htp.use_pdyn True --agent.htp.grad_to_backbone False --agent.htp.use_vicreg False --agent.loss_scales.htp_rec 1.0 --agent.loss_scales.htp_pdyn 1.0 --agent.htp.ablation_warmup_actions 60000 --run.steps 100000 --run.exact_env_action_budget True --run.action_milestones 10000 20000 30000 40000 50000 60000 70000 80000 90000 100000
run_235,early_40000,atari100k_boxing,0,size12m,0,Completed,2026-09-18 22:31,2026-09-18 23:24,0.8969122273392147,84.25,7.0125,,Sweep arm=early_40000; comparator=warmup_60000; seed 0; 100K executed actions; 100 final eval episodes; HNS ratio. Hours=successful invocation elapsed (not GPU-hours or training-only). W&B not logged. Command requires original 5ee4f27 + published source.patch; use a fresh logdir. aux_stop_actions=40000. Results: https://github.com/MrHeatcliff/New_HTP/tree/main/paper_artifacts/original_corewm_ablations/early_40000,python -u -m dreamerv3.main_htp --configs atari100k size12m corewm_paper_protocol corewm_full --task atari100k_boxing --seed 0 --env.atari100k.use_seed True --logdir ./reruns/early_40000/boxing/seed_0 --jax.prealloc False --logger.outputs jsonl --logger.filter '.*' --run.log_policy_video False --run.log_every 30 --agent.htp.enabled True --agent.htp.use_proj True --agent.htp.use_recon True --agent.htp.use_pdyn True --agent.htp.grad_to_backbone False --agent.htp.use_vicreg False --agent.loss_scales.htp_rec 1.0 --agent.loss_scales.htp_pdyn 1.0 --agent.htp.ablation_stop_actions 40000 --run.steps 100000 --run.exact_env_action_budget True --run.action_milestones 10000 20000 30000 40000 50000 60000 70000 80000 90000 100000
run_236,early_40000,atari100k_up_n_down,0,size12m,0,Completed,2026-09-18 22:31,2026-09-19 00:00,1.4880064239766864,19787.4,1.7252997365544183,,Sweep arm=early_40000; comparator=warmup_60000; seed 0; 100K executed actions; 100 final eval episodes; HNS ratio. Hours=successful invocation elapsed (not GPU-hours or training-only). W&B not logged. Command requires original 5ee4f27 + published source.patch; use a fresh logdir. aux_stop_actions=40000. Results: https://github.com/MrHeatcliff/New_HTP/tree/main/paper_artifacts/original_corewm_ablations/early_40000,python -u -m dreamerv3.main_htp --configs atari100k size12m corewm_paper_protocol corewm_full --task atari100k_up_n_down --seed 0 --env.atari100k.use_seed True --logdir ./reruns/early_40000/up_n_down/seed_0 --jax.prealloc False --logger.outputs jsonl --logger.filter '.*' --run.log_policy_video False --run.log_every 30 --agent.htp.enabled True --agent.htp.use_proj True --agent.htp.use_recon True --agent.htp.use_pdyn True --agent.htp.grad_to_backbone False --agent.htp.use_vicreg False --agent.loss_scales.htp_rec 1.0 --agent.loss_scales.htp_pdyn 1.0 --agent.htp.ablation_stop_actions 40000 --run.steps 100000 --run.exact_env_action_budget True --run.action_milestones 10000 20000 30000 40000 50000 60000 70000 80000 90000 100000
run_237,early_40000,atari100k_frostbite,0,size12m,0,Completed,2026-09-18 22:44,2026-09-18 23:38,0.902527990606096,2865.6,0.6559081859702541,,Sweep arm=early_40000; comparator=warmup_60000; seed 0; 100K executed actions; 100 final eval episodes; HNS ratio. Hours=successful invocation elapsed (not GPU-hours or training-only). W&B not logged. Command requires original 5ee4f27 + published source.patch; use a fresh logdir. aux_stop_actions=40000. Results: https://github.com/MrHeatcliff/New_HTP/tree/main/paper_artifacts/original_corewm_ablations/early_40000,python -u -m dreamerv3.main_htp --configs atari100k size12m corewm_paper_protocol corewm_full --task atari100k_frostbite --seed 0 --env.atari100k.use_seed True --logdir ./reruns/early_40000/frostbite/seed_0 --jax.prealloc False --logger.outputs jsonl --logger.filter '.*' --run.log_policy_video False --run.log_every 30 --agent.htp.enabled True --agent.htp.use_proj True --agent.htp.use_recon True --agent.htp.use_pdyn True --agent.htp.grad_to_backbone False --agent.htp.use_vicreg False --agent.loss_scales.htp_rec 1.0 --agent.loss_scales.htp_pdyn 1.0 --agent.htp.ablation_stop_actions 40000 --run.steps 100000 --run.exact_env_action_budget True --run.action_milestones 10000 20000 30000 40000 50000 60000 70000 80000 90000 100000
run_238,early_40000,atari100k_road_runner,0,size12m,0,Completed,2026-09-18 22:44,2026-09-18 23:39,0.913022038605478,16591.0,2.116486883257803,,Sweep arm=early_40000; comparator=warmup_60000; seed 0; 100K executed actions; 100 final eval episodes; HNS ratio. Hours=successful invocation elapsed (not GPU-hours or training-only). W&B not logged. Command requires original 5ee4f27 + published source.patch; use a fresh logdir. aux_stop_actions=40000. Results: https://github.com/MrHeatcliff/New_HTP/tree/main/paper_artifacts/original_corewm_ablations/early_40000,python -u -m dreamerv3.main_htp --configs atari100k size12m corewm_paper_protocol corewm_full --task atari100k_road_runner --seed 0 --env.atari100k.use_seed True --logdir ./reruns/early_40000/road_runner/seed_0 --jax.prealloc False --logger.outputs jsonl --logger.filter '.*' --run.log_policy_video False --run.log_every 30 --agent.htp.enabled True --agent.htp.use_proj True --agent.htp.use_recon True --agent.htp.use_pdyn True --agent.htp.grad_to_backbone False --agent.htp.use_vicreg False --agent.loss_scales.htp_rec 1.0 --agent.loss_scales.htp_pdyn 1.0 --agent.htp.ablation_stop_actions 40000 --run.steps 100000 --run.exact_env_action_budget True --run.action_milestones 10000 20000 30000 40000 50000 60000 70000 80000 90000 100000
run_239,htp_full,atari100k_boxing,0,size12m,80000,Completed,2026-09-18 22:46,2026-09-18 23:40,0.8983305804597007,86.72,7.218333333333334,,Sweep arm=warmup_80000; comparator=full; seed 0; 100K executed actions; 100 final eval episodes; HNS ratio. Hours=successful invocation elapsed (not GPU-hours or training-only). W&B not logged. Command requires original 5ee4f27 + published source.patch; use a fresh logdir. aux_stop_actions=0. Results: https://github.com/MrHeatcliff/New_HTP/tree/main/paper_artifacts/original_corewm_ablations/warmup_80000,python -u -m dreamerv3.main_htp --configs atari100k size12m corewm_paper_protocol corewm_full --task atari100k_boxing --seed 0 --env.atari100k.use_seed True --logdir ./reruns/warmup_80000/boxing/seed_0 --jax.prealloc False --logger.outputs jsonl --logger.filter '.*' --run.log_policy_video False --run.log_every 30 --agent.htp.enabled True --agent.htp.use_proj True --agent.htp.use_recon True --agent.htp.use_pdyn True --agent.htp.grad_to_backbone False --agent.htp.use_vicreg False --agent.loss_scales.htp_rec 1.0 --agent.loss_scales.htp_pdyn 1.0 --agent.htp.ablation_warmup_actions 80000 --run.steps 100000 --run.exact_env_action_budget True --run.action_milestones 10000 20000 30000 40000 50000 60000 70000 80000 90000 100000
run_240,htp_full,atari100k_up_n_down,0,size12m,80000,Completed,2026-09-18 22:46,2026-09-18 23:40,0.894609487189187,4295.4,0.33710281546264265,,Sweep arm=warmup_80000; comparator=full; seed 0; 100K executed actions; 100 final eval episodes; HNS ratio. Hours=successful invocation elapsed (not GPU-hours or training-only). W&B not logged. Command requires original 5ee4f27 + published source.patch; use a fresh logdir. aux_stop_actions=0. Results: https://github.com/MrHeatcliff/New_HTP/tree/main/paper_artifacts/original_corewm_ablations/warmup_80000,python -u -m dreamerv3.main_htp --configs atari100k size12m corewm_paper_protocol corewm_full --task atari100k_up_n_down --seed 0 --env.atari100k.use_seed True --logdir ./reruns/warmup_80000/up_n_down/seed_0 --jax.prealloc False --logger.outputs jsonl --logger.filter '.*' --run.log_policy_video False --run.log_every 30 --agent.htp.enabled True --agent.htp.use_proj True --agent.htp.use_recon True --agent.htp.use_pdyn True --agent.htp.grad_to_backbone False --agent.htp.use_vicreg False --agent.loss_scales.htp_rec 1.0 --agent.loss_scales.htp_pdyn 1.0 --agent.htp.ablation_warmup_actions 80000 --run.steps 100000 --run.exact_env_action_budget True --run.action_milestones 10000 20000 30000 40000 50000 60000 70000 80000 90000 100000
run_241,htp_full,atari100k_frostbite,0,size12m,80000,Completed,2026-09-18 22:47,2026-09-18 23:40,0.8833015927341249,1657.2,0.3728773861107858,,Sweep arm=warmup_80000; comparator=full; seed 0; 100K executed actions; 100 final eval episodes; HNS ratio. Hours=successful invocation elapsed (not GPU-hours or training-only). W&B not logged. Command requires original 5ee4f27 + published source.patch; use a fresh logdir. aux_stop_actions=0. Results: https://github.com/MrHeatcliff/New_HTP/tree/main/paper_artifacts/original_corewm_ablations/warmup_80000,python -u -m dreamerv3.main_htp --configs atari100k size12m corewm_paper_protocol corewm_full --task atari100k_frostbite --seed 0 --env.atari100k.use_seed True --logdir ./reruns/warmup_80000/frostbite/seed_0 --jax.prealloc False --logger.outputs jsonl --logger.filter '.*' --run.log_policy_video False --run.log_every 30 --agent.htp.enabled True --agent.htp.use_proj True --agent.htp.use_recon True --agent.htp.use_pdyn True --agent.htp.grad_to_backbone False --agent.htp.use_vicreg False --agent.loss_scales.htp_rec 1.0 --agent.loss_scales.htp_pdyn 1.0 --agent.htp.ablation_warmup_actions 80000 --run.steps 100000 --run.exact_env_action_budget True --run.action_milestones 10000 20000 30000 40000 50000 60000 70000 80000 90000 100000
run_242,htp_full,atari100k_road_runner,0,size12m,80000,Completed,2026-09-18 22:47,2026-09-18 23:42,0.9269141874710719,15218.0,1.9412140167230485,,Sweep arm=warmup_80000; comparator=full; seed 0; 100K executed actions; 100 final eval episodes; HNS ratio. Hours=successful invocation elapsed (not GPU-hours or training-only). W&B not logged. Command requires original 5ee4f27 + published source.patch; use a fresh logdir. aux_stop_actions=0. Results: https://github.com/MrHeatcliff/New_HTP/tree/main/paper_artifacts/original_corewm_ablations/warmup_80000,python -u -m dreamerv3.main_htp --configs atari100k size12m corewm_paper_protocol corewm_full --task atari100k_road_runner --seed 0 --env.atari100k.use_seed True --logdir ./reruns/warmup_80000/road_runner/seed_0 --jax.prealloc False --logger.outputs jsonl --logger.filter '.*' --run.log_policy_video False --run.log_every 30 --agent.htp.enabled True --agent.htp.use_proj True --agent.htp.use_recon True --agent.htp.use_pdyn True --agent.htp.grad_to_backbone False --agent.htp.use_vicreg False --agent.loss_scales.htp_rec 1.0 --agent.loss_scales.htp_pdyn 1.0 --agent.htp.ablation_warmup_actions 80000 --run.steps 100000 --run.exact_env_action_budget True --run.action_milestones 10000 20000 30000 40000 50000 60000 70000 80000 90000 100000
run_243,early_20000,atari100k_boxing,0,size12m,0,Completed,2026-09-18 23:00,2026-09-18 23:55,0.9112201423777474,74.57,6.2058333333333335,,Sweep arm=early_20000; comparator=warmup_80000; seed 0; 100K executed actions; 100 final eval episodes; HNS ratio. Hours=successful invocation elapsed (not GPU-hours or training-only). W&B not logged. Command requires original 5ee4f27 + published source.patch; use a fresh logdir. aux_stop_actions=20000. Results: https://github.com/MrHeatcliff/New_HTP/tree/main/paper_artifacts/original_corewm_ablations/early_20000,python -u -m dreamerv3.main_htp --configs atari100k size12m corewm_paper_protocol corewm_full --task atari100k_boxing --seed 0 --env.atari100k.use_seed True --logdir ./reruns/early_20000/boxing/seed_0 --jax.prealloc False --logger.outputs jsonl --logger.filter '.*' --run.log_policy_video False --run.log_every 30 --agent.htp.enabled True --agent.htp.use_proj True --agent.htp.use_recon True --agent.htp.use_pdyn True --agent.htp.grad_to_backbone False --agent.htp.use_vicreg False --agent.loss_scales.htp_rec 1.0 --agent.loss_scales.htp_pdyn 1.0 --agent.htp.ablation_stop_actions 20000 --run.steps 100000 --run.exact_env_action_budget True --run.action_milestones 10000 20000 30000 40000 50000 60000 70000 80000 90000 100000
run_244,early_20000,atari100k_up_n_down,0,size12m,0,Completed,2026-09-18 23:00,2026-09-19 01:14,2.227936194009251,87732.6,7.81368841735515,,Sweep arm=early_20000; comparator=warmup_80000; seed 0; 100K executed actions; 100 final eval episodes; HNS ratio. Hours=successful invocation elapsed (not GPU-hours or training-only). W&B not logged. Command requires original 5ee4f27 + published source.patch; use a fresh logdir. aux_stop_actions=20000. Results: https://github.com/MrHeatcliff/New_HTP/tree/main/paper_artifacts/original_corewm_ablations/early_20000,python -u -m dreamerv3.main_htp --configs atari100k size12m corewm_paper_protocol corewm_full --task atari100k_up_n_down --seed 0 --env.atari100k.use_seed True --logdir ./reruns/early_20000/up_n_down/seed_0 --jax.prealloc False --logger.outputs jsonl --logger.filter '.*' --run.log_policy_video False --run.log_every 30 --agent.htp.enabled True --agent.htp.use_proj True --agent.htp.use_recon True --agent.htp.use_pdyn True --agent.htp.grad_to_backbone False --agent.htp.use_vicreg False --agent.loss_scales.htp_rec 1.0 --agent.loss_scales.htp_pdyn 1.0 --agent.htp.ablation_stop_actions 20000 --run.steps 100000 --run.exact_env_action_budget True --run.action_milestones 10000 20000 30000 40000 50000 60000 70000 80000 90000 100000
run_245,early_20000,atari100k_frostbite,0,size12m,0,Completed,2026-09-18 23:06,2026-09-18 23:56,0.824429380496343,253.6,0.04412694694929148,,Sweep arm=early_20000; comparator=warmup_80000; seed 0; 100K executed actions; 100 final eval episodes; HNS ratio. Hours=successful invocation elapsed (not GPU-hours or training-only). W&B not logged. Command requires original 5ee4f27 + published source.patch; use a fresh logdir. aux_stop_actions=20000. Results: https://github.com/MrHeatcliff/New_HTP/tree/main/paper_artifacts/original_corewm_ablations/early_20000,python -u -m dreamerv3.main_htp --configs atari100k size12m corewm_paper_protocol corewm_full --task atari100k_frostbite --seed 0 --env.atari100k.use_seed True --logdir ./reruns/early_20000/frostbite/seed_0 --jax.prealloc False --logger.outputs jsonl --logger.filter '.*' --run.log_policy_video False --run.log_every 30 --agent.htp.enabled True --agent.htp.use_proj True --agent.htp.use_recon True --agent.htp.use_pdyn True --agent.htp.grad_to_backbone False --agent.htp.use_vicreg False --agent.loss_scales.htp_rec 1.0 --agent.loss_scales.htp_pdyn 1.0 --agent.htp.ablation_stop_actions 20000 --run.steps 100000 --run.exact_env_action_budget True --run.action_milestones 10000 20000 30000 40000 50000 60000 70000 80000 90000 100000
run_246,early_20000,atari100k_road_runner,0,size12m,0,Completed,2026-09-18 23:06,2026-09-19 00:00,0.8958291977643966,13605.0,1.735303504180762,,Sweep arm=early_20000; comparator=warmup_80000; seed 0; 100K executed actions; 100 final eval episodes; HNS ratio. Hours=successful invocation elapsed (not GPU-hours or training-only). W&B not logged. Command requires original 5ee4f27 + published source.patch; use a fresh logdir. aux_stop_actions=20000. Results: https://github.com/MrHeatcliff/New_HTP/tree/main/paper_artifacts/original_corewm_ablations/early_20000,python -u -m dreamerv3.main_htp --configs atari100k size12m corewm_paper_protocol corewm_full --task atari100k_road_runner --seed 0 --env.atari100k.use_seed True --logdir ./reruns/early_20000/road_runner/seed_0 --jax.prealloc False --logger.outputs jsonl --logger.filter '.*' --run.log_policy_video False --run.log_every 30 --agent.htp.enabled True --agent.htp.use_proj True --agent.htp.use_recon True --agent.htp.use_pdyn True --agent.htp.grad_to_backbone False --agent.htp.use_vicreg False --agent.loss_scales.htp_rec 1.0 --agent.loss_scales.htp_pdyn 1.0 --agent.htp.ablation_stop_actions 20000 --run.steps 100000 --run.exact_env_action_budget True --run.action_milestones 10000 20000 30000 40000 50000 60000 70000 80000 90000 100000
run_247,raw_readout_full,atari100k_boxing,0,size12m,0,Completed,2026-09-18 23:12,2026-09-19 00:09,0.9552249577972624,59.27,4.930833333333333,,Sweep arm=raw_readout_full; comparator=full; seed 0; 100K executed actions; 100 final eval episodes; HNS ratio. Hours=successful invocation elapsed (not GPU-hours or training-only). W&B not logged. Command requires original 5ee4f27 + published source.patch; use a fresh logdir. aux_stop_actions=0. Results: https://github.com/MrHeatcliff/New_HTP/tree/main/paper_artifacts/original_corewm_ablations/raw_readout_full,python -u -m dreamerv3.main_htp --configs atari100k size12m corewm_paper_protocol corewm_full --task atari100k_boxing --seed 0 --env.atari100k.use_seed True --logdir ./reruns/raw_readout_full/boxing/seed_0 --jax.prealloc False --logger.outputs jsonl --logger.filter '.*' --run.log_policy_video False --run.log_every 30 --agent.htp.enabled True --agent.htp.use_proj True --agent.htp.use_recon True --agent.htp.use_pdyn True --agent.htp.grad_to_backbone False --agent.htp.use_vicreg False --agent.loss_scales.htp_rec 1.0 --agent.loss_scales.htp_pdyn 1.0 --agent.htp.ablation_raw_readout True --run.steps 100000 --run.exact_env_action_budget True --run.action_milestones 10000 20000 30000 40000 50000 60000 70000 80000 90000 100000
run_248,raw_readout_full,atari100k_up_n_down,0,size12m,0,Completed,2026-09-18 23:12,2026-09-19 00:12,1.0094124227099948,5274.8,0.4248642448789405,,Sweep arm=raw_readout_full; comparator=full; seed 0; 100K executed actions; 100 final eval episodes; HNS ratio. Hours=successful invocation elapsed (not GPU-hours or training-only). W&B not logged. Command requires original 5ee4f27 + published source.patch; use a fresh logdir. aux_stop_actions=0. Results: https://github.com/MrHeatcliff/New_HTP/tree/main/paper_artifacts/original_corewm_ablations/raw_readout_full,python -u -m dreamerv3.main_htp --configs atari100k size12m corewm_paper_protocol corewm_full --task atari100k_up_n_down --seed 0 --env.atari100k.use_seed True --logdir ./reruns/raw_readout_full/up_n_down/seed_0 --jax.prealloc False --logger.outputs jsonl --logger.filter '.*' --run.log_policy_video False --run.log_every 30 --agent.htp.enabled True --agent.htp.use_proj True --agent.htp.use_recon True --agent.htp.use_pdyn True --agent.htp.grad_to_backbone False --agent.htp.use_vicreg False --agent.loss_scales.htp_rec 1.0 --agent.loss_scales.htp_pdyn 1.0 --agent.htp.ablation_raw_readout True --run.steps 100000 --run.exact_env_action_budget True --run.action_milestones 10000 20000 30000 40000 50000 60000 70000 80000 90000 100000
run_249,raw_readout_full,atari100k_frostbite,0,size12m,0,Completed,2026-09-18 23:16,2026-09-19 00:05,0.802065483795272,265.1,0.04682047078112192,,Sweep arm=raw_readout_full; comparator=full; seed 0; 100K executed actions; 100 final eval episodes; HNS ratio. Hours=successful invocation elapsed (not GPU-hours or training-only). W&B not logged. Command requires original 5ee4f27 + published source.patch; use a fresh logdir. aux_stop_actions=0. Results: https://github.com/MrHeatcliff/New_HTP/tree/main/paper_artifacts/original_corewm_ablations/raw_readout_full,python -u -m dreamerv3.main_htp --configs atari100k size12m corewm_paper_protocol corewm_full --task atari100k_frostbite --seed 0 --env.atari100k.use_seed True --logdir ./reruns/raw_readout_full/frostbite/seed_0 --jax.prealloc False --logger.outputs jsonl --logger.filter '.*' --run.log_policy_video False --run.log_every 30 --agent.htp.enabled True --agent.htp.use_proj True --agent.htp.use_recon True --agent.htp.use_pdyn True --agent.htp.grad_to_backbone False --agent.htp.use_vicreg False --agent.loss_scales.htp_rec 1.0 --agent.loss_scales.htp_pdyn 1.0 --agent.htp.ablation_raw_readout True --run.steps 100000 --run.exact_env_action_budget True --run.action_milestones 10000 20000 30000 40000 50000 60000 70000 80000 90000 100000
run_250,raw_readout_full,atari100k_road_runner,0,size12m,0,Completed,2026-09-18 23:16,2026-09-19 00:08,0.8668098429176543,8492.0,1.082593987361971,,Sweep arm=raw_readout_full; comparator=full; seed 0; 100K executed actions; 100 final eval episodes; HNS ratio. Hours=successful invocation elapsed (not GPU-hours or training-only). W&B not logged. Command requires original 5ee4f27 + published source.patch; use a fresh logdir. aux_stop_actions=0. Results: https://github.com/MrHeatcliff/New_HTP/tree/main/paper_artifacts/original_corewm_ablations/raw_readout_full,python -u -m dreamerv3.main_htp --configs atari100k size12m corewm_paper_protocol corewm_full --task atari100k_road_runner --seed 0 --env.atari100k.use_seed True --logdir ./reruns/raw_readout_full/road_runner/seed_0 --jax.prealloc False --logger.outputs jsonl --logger.filter '.*' --run.log_policy_video False --run.log_every 30 --agent.htp.enabled True --agent.htp.use_proj True --agent.htp.use_recon True --agent.htp.use_pdyn True --agent.htp.grad_to_backbone False --agent.htp.use_vicreg False --agent.loss_scales.htp_rec 1.0 --agent.loss_scales.htp_pdyn 1.0 --agent.htp.ablation_raw_readout True --run.steps 100000 --run.exact_env_action_budget True --run.action_milestones 10000 20000 30000 40000 50000 60000 70000 80000 90000 100000
run_251,raw_readout_flat,atari100k_boxing,0,size12m,0,Completed,2026-09-18 23:21,2026-09-19 00:12,0.8406887537903256,82.68,6.881666666666668,,Sweep arm=raw_readout_flat; comparator=flat; seed 0; 100K executed actions; 100 final eval episodes; HNS ratio. Hours=successful invocation elapsed (not GPU-hours or training-only). W&B not logged. Command requires original 5ee4f27 + published source.patch; use a fresh logdir. aux_stop_actions=0. Results: https://github.com/MrHeatcliff/New_HTP/tree/main/paper_artifacts/original_corewm_ablations/raw_readout_flat,python -u -m dreamerv3.main_htp --configs atari100k size12m corewm_paper_protocol corewm_full --task atari100k_boxing --seed 0 --env.atari100k.use_seed True --logdir ./reruns/raw_readout_flat/boxing/seed_0 --jax.prealloc False --logger.outputs jsonl --logger.filter '.*' --run.log_policy_video False --run.log_every 30 --agent.htp.enabled True --agent.htp.use_proj True --agent.htp.use_recon True --agent.htp.use_pdyn True --agent.htp.grad_to_backbone False --agent.htp.use_vicreg False --agent.loss_scales.htp_rec 0.0 --agent.loss_scales.htp_pdyn 0.0 --agent.htp.ablation_raw_readout True --run.steps 100000 --run.exact_env_action_budget True --run.action_milestones 10000 20000 30000 40000 50000 60000 70000 80000 90000 100000
run_252,raw_readout_flat,atari100k_up_n_down,0,size12m,0,Completed,2026-09-18 23:21,2026-09-19 00:13,0.8536523441473644,4208.4,0.3293069768275416,,Sweep arm=raw_readout_flat; comparator=flat; seed 0; 100K executed actions; 100 final eval episodes; HNS ratio. Hours=successful invocation elapsed (not GPU-hours or training-only). W&B not logged. Command requires original 5ee4f27 + published source.patch; use a fresh logdir. aux_stop_actions=0. Results: https://github.com/MrHeatcliff/New_HTP/tree/main/paper_artifacts/original_corewm_ablations/raw_readout_flat,python -u -m dreamerv3.main_htp --configs atari100k size12m corewm_paper_protocol corewm_full --task atari100k_up_n_down --seed 0 --env.atari100k.use_seed True --logdir ./reruns/raw_readout_flat/up_n_down/seed_0 --jax.prealloc False --logger.outputs jsonl --logger.filter '.*' --run.log_policy_video False --run.log_every 30 --agent.htp.enabled True --agent.htp.use_proj True --agent.htp.use_recon True --agent.htp.use_pdyn True --agent.htp.grad_to_backbone False --agent.htp.use_vicreg False --agent.loss_scales.htp_rec 0.0 --agent.loss_scales.htp_pdyn 0.0 --agent.htp.ablation_raw_readout True --run.steps 100000 --run.exact_env_action_budget True --run.action_milestones 10000 20000 30000 40000 50000 60000 70000 80000 90000 100000
run_253,raw_readout_flat,atari100k_frostbite,0,size12m,0,Completed,2026-09-18 23:23,2026-09-19 00:11,0.7944995167520311,257.9,0.045134090642932424,,Sweep arm=raw_readout_flat; comparator=flat; seed 0; 100K executed actions; 100 final eval episodes; HNS ratio. Hours=successful invocation elapsed (not GPU-hours or training-only). W&B not logged. Command requires original 5ee4f27 + published source.patch; use a fresh logdir. aux_stop_actions=0. Results: https://github.com/MrHeatcliff/New_HTP/tree/main/paper_artifacts/original_corewm_ablations/raw_readout_flat,python -u -m dreamerv3.main_htp --configs atari100k size12m corewm_paper_protocol corewm_full --task atari100k_frostbite --seed 0 --env.atari100k.use_seed True --logdir ./reruns/raw_readout_flat/frostbite/seed_0 --jax.prealloc False --logger.outputs jsonl --logger.filter '.*' --run.log_policy_video False --run.log_every 30 --agent.htp.enabled True --agent.htp.use_proj True --agent.htp.use_recon True --agent.htp.use_pdyn True --agent.htp.grad_to_backbone False --agent.htp.use_vicreg False --agent.loss_scales.htp_rec 0.0 --agent.loss_scales.htp_pdyn 0.0 --agent.htp.ablation_raw_readout True --run.steps 100000 --run.exact_env_action_budget True --run.action_milestones 10000 20000 30000 40000 50000 60000 70000 80000 90000 100000
run_254,raw_readout_flat,atari100k_road_runner,0,size12m,0,Completed,2026-09-18 23:23,2026-09-19 00:13,0.8404066114955479,14029.0,1.7894300121274016,,Sweep arm=raw_readout_flat; comparator=flat; seed 0; 100K executed actions; 100 final eval episodes; HNS ratio. Hours=successful invocation elapsed (not GPU-hours or training-only). W&B not logged. Command requires original 5ee4f27 + published source.patch; use a fresh logdir. aux_stop_actions=0. Results: https://github.com/MrHeatcliff/New_HTP/tree/main/paper_artifacts/original_corewm_ablations/raw_readout_flat,python -u -m dreamerv3.main_htp --configs atari100k size12m corewm_paper_protocol corewm_full --task atari100k_road_runner --seed 0 --env.atari100k.use_seed True --logdir ./reruns/raw_readout_flat/road_runner/seed_0 --jax.prealloc False --logger.outputs jsonl --logger.filter '.*' --run.log_policy_video False --run.log_every 30 --agent.htp.enabled True --agent.htp.use_proj True --agent.htp.use_recon True --agent.htp.use_pdyn True --agent.htp.grad_to_backbone False --agent.htp.use_vicreg False --agent.loss_scales.htp_rec 0.0 --agent.loss_scales.htp_pdyn 0.0 --agent.htp.ablation_raw_readout True --run.steps 100000 --run.exact_env_action_budget True --run.action_milestones 10000 20000 30000 40000 50000 60000 70000 80000 90000 100000
